asset_id,category,coarse_label,dataset_name,drive_url,duration_seconds,expected_target,file_exists,file_ext,file_name,fps,frame_count,frame_hashes,height,incident_id,incident_id_status,input_type,label,lighting,lighting_source,local_path,media_readable,metadata_review_status,planned_use,sample_group,sha256,source_dataset,source_path,source_video_path,split,video_sha256,viewpoint,viewpoint_source,visible_target,visible_target_source,width
aihub_train_00003906_bb_1_170214_vehicle_124_052,car_vs_car,car_vs_car,,,10.0,car_vs_car,,,,15.0,150,6928ae6d75f4b094|4b46b4b59b5b42ac|d8611ab1ce1f0b7a|887978918e3d7a72|d8691e95e83d2a56,1080,aihub_source_suffix:124_052,source_filename_suffix_validated_by_exact_duplicates,,,night,cv_first_middle_last_majority,storage/vision/datasets/classification/raw_videos/차대차/aihub_train_00003906_bb_1_170214_vehicle_124_052.mp4,True,auto_enriched_needs_human_review,,,d86531e434ce8c30df73737ebeedf987725112b62c1213288e642312c3893257,,,/workspace/SKN27-FINAL-3Team/storage/vision/datasets/classification/raw_videos/차대차/aihub_train_00003906_bb_1_170214_vehicle_124_052.mp4,train,d86531e434ce8c30df73737ebeedf987725112b62c1213288e642312c3893257,blackbox_unspecified,filename_capture_code:bb,car,dataset_coarse_label,1920
aihub_train_00003873_bb_1_161027_vehicle_30_097,car_vs_car,car_vs_car,,,10.0,car_vs_car,,,,15.0,150,2b2b29c9c2f7f4a0|2b2f0dcac2f3f02c|272f0bced4f360a4|2f2b0bc6d4f360b4|2f0b175ac1c536f4,1080,aihub_source_suffix:30_097,source_filename_suffix_validated_by_exact_duplicates,,,day,cv_first_middle_last_majority,storage/vision/datasets/classification/raw_videos/차대차/aihub_train_00003873_bb_1_161027_vehicle_30_097.mp4,True,auto_enriched_needs_human_review,,,e7995c38c91089202df25f57b244865ae197f5ab117ad3ff8a27cdb71fa294bf,,,/workspace/SKN27-FINAL-3Team/storage/vision/datasets/classification/raw_videos/차대차/aihub_train_00003873_bb_1_161027_vehicle_30_097.mp4,val,e7995c38c91089202df25f57b244865ae197f5ab117ad3ff8a27cdb71fa294bf,blackbox_unspecified,filename_capture_code:bb,car,dataset_coarse_label,1920
aihub_train_00005996_bb_1_140412_vehicle_30_379,car_vs_car,car_vs_car,,,10.0,car_vs_car,,,,15.0,150,3131c5b5a9a3edd0|8f81e165984ef19e|9b93e2709c07f03e|9b92e2388cc3f13e|9b92e2388cc3f13e,1080,aihub_source_suffix:30_379,source_filename_suffix_validated_by_exact_duplicates,,,day,cv_first_middle_last_majority,storage/vision/datasets/classification/raw_videos/차대차/aihub_train_00005996_bb_1_140412_vehicle_30_379.mp4,True,auto_enriched_needs_human_review,,,3ed7d8450461dc82253311c6d05b14cc558ab31595353ae52bf5a9bc457d569f,,,/workspace/SKN27-FINAL-3Team/storage/vision/datasets/classification/raw_videos/차대차/aihub_train_00005996_bb_1_140412_vehicle_30_379.mp4,train,3ed7d8450461dc82253311c6d05b14cc558ab31595353ae52bf5a9bc457d569f,blackbox_unspecified,filename_capture_code:bb,car,dataset_coarse_label,1920
aihub_train_00004729_bb_1_140509_vehicle_236_22178,car_vs_car,car_vs_car,,,10.0,car_vs_car,,,,15.0,150,817f074a3e3cf590|6b68c01e36b6b672|6a6e9cd29712f590|027bacc89594f7a6|027bacc8d594f7a4,1080,aihub_source_suffix:236_22178,source_filename_suffix_validated_by_exact_duplicates,,,low_light,cv_first_middle_last_majority,storage/vision/datasets/classification/raw_videos/차대차/aihub_train_00004729_bb_1_140509_vehicle_236_22178.mp4,True,auto_enriched_needs_human_review,,,6647e53bb6e3d8a35cefada2bba194843ef1d9f55417a1d24ce14fb0b773d56a,,,/workspace/SKN27-FINAL-3Team/storage/vision/datasets/classification/raw_videos/차대차/aihub_train_00004729_bb_1_140509_vehicle_236_22178.mp4,train,6647e53bb6e3d8a35cefada2bba194843ef1d9f55417a1d24ce14fb0b773d56a,blackbox_unspecified,filename_capture_code:bb,car,dataset_coarse_label,1920
aihub_train_00004958_bb_1_170520_vehicle_41_131,car_vs_car,car_vs_car,,,10.0,car_vs_car,,,,15.0,150,324a4f1b5a6b4f1c|2a7ecb1a93e42cf0|2c52db8eb5252cda|32cacd969535ac4e|22dadd84d7333a4a,1080,aihub_source_suffix:41_131,source_filename_suffix_validated_by_exact_duplicates,,,night,cv_first_middle_last_majority,storage/vision/datasets/classification/raw_videos/차대차/aihub_train_00004958_bb_1_170520_vehicle_41_131.mp4,True,auto_enriched_needs_human_review,,,a512af63f0ec9e5a982d841fa0f245e5f4bd4e8682b4c521507b7880766421b7,,,/workspace/SKN27-FINAL-3Team/storage/vision/datasets/classification/raw_videos/차대차/aihub_train_00004958_bb_1_170520_vehicle_41_131.mp4,test,a512af63f0ec9e5a982d841fa0f245e5f4bd4e8682b4c521507b7880766421b7,blackbox_unspecified,filename_capture_code:bb,car,dataset_coarse_label,1920
aihub_train_00004129_bb_1_181222_vehicle_117_053,car_vs_car,car_vs_car,,,10.0,car_vs_car,,,,15.0,150,37b7cdcde9a0c0c0|9991c7c78706c7c6|3332ec4c67b2e84e|99986766b39c6664|99986766b39c6664,1080,aihub_source_suffix:117_053,source_filename_suffix_validated_by_exact_duplicates,,,low_light,cv_first_middle_last_majority,storage/vision/datasets/classification/raw_videos/차대차/aihub_train_00004129_bb_1_181222_vehicle_117_053.mp4,True,auto_enriched_needs_human_review,,,f99fbb2669c09e717126a6cd99a8542d6fc623ca952b157e6693be461cb48f07,,,/workspace/SKN27-FINAL-3Team/storage/vision/datasets/classification/raw_videos/차대차/aihub_train_00004129_bb_1_181222_vehicle_117_053.mp4,train,f99fbb2669c09e717126a6cd99a8542d6fc623ca952b157e6693be461cb48f07,blackbox_unspecified,filename_capture_code:bb,car,dataset_coarse_label,1920
aihub_train_00003767_bb_1_160120_vehicle_208_32978,car_vs_car,car_vs_car,,,10.0,car_vs_car,,,,15.0,150,9992e64e66f4591a|292866f4e6d2db32|b9242676e2dadb90|991266c6667cd98e|99b1a6c66e5ad990,1080,aihub_source_suffix:208_32978,source_filename_suffix_validated_by_exact_duplicates,,,low_light,cv_first_middle_last_majority,storage/vision/datasets/classification/raw_videos/차대차/aihub_train_00003767_bb_1_160120_vehicle_208_32978.mp4,True,auto_enriched_needs_human_review,,,7b7097912b73e53d320fda914da88b8939d3df125562d4f3f562718cebdfe81e,,,/workspace/SKN27-FINAL-3Team/storage/vision/datasets/classification/raw_videos/차대차/aihub_train_00003767_bb_1_160120_vehicle_208_32978.mp4,train,7b7097912b73e53d320fda914da88b8939d3df125562d4f3f562718cebdfe81e,blackbox_unspecified,filename_capture_code:bb,car,dataset_coarse_label,1920
aihub_train_00005158_bb_1_190505_vehicle_131_077,car_vs_car,car_vs_car,,,10.0,car_vs_car,,,,15.0,150,23f0594e46d3bb16|79f8594e17d79030|f178494c1fd79630|b1725d485ed7b230|e968731a4ed6c24e,1080,aihub_source_suffix:131_077,source_filename_suffix_validated_by_exact_duplicates,,,day,cv_first_middle_last_majority,storage/vision/datasets/classification/raw_videos/차대차/aihub_train_00005158_bb_1_190505_vehicle_131_077.mp4,True,auto_enriched_needs_human_review,,,c0b6dc28da5964b842f7b4f2d3f3c412fcb03a2b618f10c93c8bd62b7df1180a,,,/workspace/SKN27-FINAL-3Team/storage/vision/datasets/classification/raw_videos/차대차/aihub_train_00005158_bb_1_190505_vehicle_131_077.mp4,train,c0b6dc28da5964b842f7b4f2d3f3c412fcb03a2b618f10c93c8bd62b7df1180a,blackbox_unspecified,filename_capture_code:bb,car,dataset_coarse_label,1920
aihub_train_00005653_bb_3_160228_vehicle_246_30442,car_vs_car,car_vs_car,,,10.0,car_vs_car,,,,15.0,150,878c7872d2ce7878|8f867878d2d27878|87a47878d2d67878|8f8c7872d2dc7470|87867878d2d67478,1080,aihub_source_suffix:246_30442,source_filename_suffix_validated_by_exact_duplicates,,,low_light,cv_first_middle_last_majority,storage/vision/datasets/classification/raw_videos/차대차/aihub_train_00005653_bb_3_160228_vehicle_246_30442.mp4,True,auto_enriched_needs_human_review,,,f127661e2eeb0a8ecd0aee5d83ad561060a7d8af6b4ac4ceb4a2665ed205e53b,,,/workspace/SKN27-FINAL-3Team/storage/vision/datasets/classification/raw_videos/차대차/aihub_train_00005653_bb_3_160228_vehicle_246_30442.mp4,val,f127661e2eeb0a8ecd0aee5d83ad561060a7d8af6b4ac4ceb4a2665ed205e53b,blackbox_unspecified,filename_capture_code:bb,car,dataset_coarse_label,1920
aihub_train_00005421_bb_1_220128_vehicle_29_361,car_vs_car,car_vs_car,,,10.0,car_vs_car,,,,15.0,150,3330ded8cc4cccce|3322ded8d8c8da4e|2326d6d8d8cada4e|2524f6dadacac86c|3192db6d6ce6c24c,1080,aihub_source_suffix:29_361,source_filename_suffix_validated_by_exact_duplicates,,,low_light,cv_first_middle_last_majority,storage/vision/datasets/classification/raw_videos/차대차/aihub_train_00005421_bb_1_220128_vehicle_29_361.mp4,True,auto_enriched_needs_human_review,,,1f3cd65f75c7e0bfe952880e55e0a5d51bc50a3ad510d83265b79dd84af988d3,,,/workspace/SKN27-FINAL-3Team/storage/vision/datasets/classification/raw_videos/차대차/aihub_train_00005421_bb_1_220128_vehicle_29_361.mp4,train,1f3cd65f75c7e0bfe952880e55e0a5d51bc50a3ad510d83265b79dd84af988d3,blackbox_unspecified,filename_capture_code:bb,car,dataset_coarse_label,1920
aihub_train_00005267_bb_1_200813_vehicle_222_21143,car_vs_car,car_vs_car,,,10.0,car_vs_car,,,,15.0,150,2b2a3c7ce8c494de|2b83847e7c5c9c1e|2b81847e7a78b45e|2382b66e68cc9c7e|a1205e5ed4d41e7e,1080,aihub_source_suffix:222_21143,source_filename_suffix_validated_by_exact_duplicates,,,low_light,cv_first_middle_last_majority,storage/vision/datasets/classification/raw_videos/차대차/aihub_train_00005267_bb_1_200813_vehicle_222_21143.mp4,True,auto_enriched_needs_human_review,,,049ec9f3f36e14d73257d4cb3c2bb7e5faf30fe12ba59c7d3b1e2ee826db9723,,,/workspace/SKN27-FINAL-3Team/storage/vision/datasets/classification/raw_videos/차대차/aihub_train_00005267_bb_1_200813_vehicle_222_21143.mp4,train,049ec9f3f36e14d73257d4cb3c2bb7e5faf30fe12ba59c7d3b1e2ee826db9723,blackbox_unspecified,filename_capture_code:bb,car,dataset_coarse_label,1920
aihub_train_00004838_bb_1_160118_vehicle_248_21835,car_vs_car,car_vs_car,,,10.0,car_vs_car,,,,15.0,150,a1a0ca4a7e76d69c|a3a2d0587c76d696|2120e2fe1e9e9e96|2322f0d81e1edeb6|2322f0da1c9cdeb6,1080,aihub_source_suffix:248_21835,source_filename_suffix_validated_by_exact_duplicates,,,low_light,cv_first_middle_last_majority,storage/vision/datasets/classification/raw_videos/차대차/aihub_train_00004838_bb_1_160118_vehicle_248_21835.mp4,True,auto_enriched_needs_human_review,,,3626f2080db7c9b25ad2b81e4daf9505246434a29769a24e8850a8ed85ae4582,,,/workspace/SKN27-FINAL-3Team/storage/vision/datasets/classification/raw_videos/차대차/aihub_train_00004838_bb_1_160118_vehicle_248_21835.mp4,test,3626f2080db7c9b25ad2b81e4daf9505246434a29769a24e8850a8ed85ae4582,blackbox_unspecified,filename_capture_code:bb,car,dataset_coarse_label,1920
aihub_train_00004469_bb_1_220117_vehicle_118_094,car_vs_car,car_vs_car,,,10.0,car_vs_car,,,,15.0,150,818131327fcece3e|818133327786ee7e|81833b3277ac6c7c|8180e732739e6fa6|836acb24cd96d596,1080,aihub_source_suffix:118_094,source_filename_suffix_validated_by_exact_duplicates,,,day,cv_first_middle_last_majority,storage/vision/datasets/classification/raw_videos/차대차/aihub_train_00004469_bb_1_220117_vehicle_118_094.mp4,True,auto_enriched_needs_human_review,,,b31991e5f05a4af36eed5601cdd00592eb78acb11e32397631d951982adbf42f,,,/workspace/SKN27-FINAL-3Team/storage/vision/datasets/classification/raw_videos/차대차/aihub_train_00004469_bb_1_220117_vehicle_118_094.mp4,test,b31991e5f05a4af36eed5601cdd00592eb78acb11e32397631d951982adbf42f,blackbox_unspecified,filename_capture_code:bb,car,dataset_coarse_label,1920
aihub_train_00004471_bb_1_220121_vehicle_236_25382,car_vs_car,car_vs_car,,,10.0,car_vs_car,,,,15.0,150,090f3670afd05e3e|010f3eb0355bceb6|8b0a322d6fe23f8a|97139a0b6f6ee908|97939a0b6f6ae908,926,aihub_source_suffix:236_25382,source_filename_suffix_validated_by_exact_duplicates,,,day,cv_first_middle_last_majority,storage/vision/datasets/classification/raw_videos/차대차/aihub_train_00004471_bb_1_220121_vehicle_236_25382.mp4,True,auto_enriched_needs_human_review,,,09f339d8c448a940db59e61c3caaf8611e2d2751352d3396ad435c667d47bf95,,,/workspace/SKN27-FINAL-3Team/storage/vision/datasets/classification/raw_videos/차대차/aihub_train_00004471_bb_1_220121_vehicle_236_25382.mp4,train,09f339d8c448a940db59e61c3caaf8611e2d2751352d3396ad435c667d47bf95,blackbox_unspecified,filename_capture_code:bb,car,dataset_coarse_label,1920
aihub_train_00005242_bb_1_200429_vehicle_41_164,car_vs_car,car_vs_car,,,10.0,car_vs_car,,,,15.0,150,9b93e6760c4c7478|9b93e67c004ef668|9991f2760e6cf066|93927664c83aee6c|81a4f47c0ae27a7e,1080,aihub_source_suffix:41_164,source_filename_suffix_validated_by_exact_duplicates,,,day,cv_first_middle_last_majority,storage/vision/datasets/classification/raw_videos/차대차/aihub_train_00005242_bb_1_200429_vehicle_41_164.mp4,True,auto_enriched_needs_human_review,,,d38ed1a8862aa539cdf2a7363430622c1eedad046bb2598fc4e9629da9ea6791,,,/workspace/SKN27-FINAL-3Team/storage/vision/datasets/classification/raw_videos/차대차/aihub_train_00005242_bb_1_200429_vehicle_41_164.mp4,val,d38ed1a8862aa539cdf2a7363430622c1eedad046bb2598fc4e9629da9ea6791,blackbox_unspecified,filename_capture_code:bb,car,dataset_coarse_label,1920
aihub_train_00003947_bb_1_170528_vehicle_204_22044,car_vs_car,car_vs_car,,,10.0,car_vs_car,,,,15.0,150,0f8ba5367cce5a90|879ded62ea4c5c90|9bc7a1ab786aee00|818fe3237c7a4e4c|838de32e7a4e1d92,410,aihub_source_suffix:204_22044,source_filename_suffix_validated_by_exact_duplicates,,,low_light,cv_first_middle_last_majority,storage/vision/datasets/classification/raw_videos/차대차/aihub_train_00003947_bb_1_170528_vehicle_204_22044.mp4,True,auto_enriched_needs_human_review,,,b8807b1a3564da1ead66fa0d42676baad8a685ddadbb64445946356c6b414958,,,/workspace/SKN27-FINAL-3Team/storage/vision/datasets/classification/raw_videos/차대차/aihub_train_00003947_bb_1_170528_vehicle_204_22044.mp4,train,b8807b1a3564da1ead66fa0d42676baad8a685ddadbb64445946356c6b414958,blackbox_unspecified,filename_capture_code:bb,car,dataset_coarse_label,640
aihub_train_00004054_bb_1_180420_vehicle_223_20168,car_vs_car,car_vs_car,,,10.0,car_vs_car,,,,15.0,150,2be88d84f436787a|0b2acdc47494767e|2a1acdc6f5a662d8|091a9fc4f5b44adc|291acde4d78472d6,1080,aihub_source_suffix:223_20168,source_filename_suffix_validated_by_exact_duplicates,,,low_light,cv_first_middle_last_majority,storage/vision/datasets/classification/raw_videos/차대차/aihub_train_00004054_bb_1_180420_vehicle_223_20168.mp4,True,auto_enriched_needs_human_review,,,45943048e83342e0e09c712c892a83937b708105ac029cdcd8a2d5aa14d9a075,,,/workspace/SKN27-FINAL-3Team/storage/vision/datasets/classification/raw_videos/차대차/aihub_train_00004054_bb_1_180420_vehicle_223_20168.mp4,train,45943048e83342e0e09c712c892a83937b708105ac029cdcd8a2d5aa14d9a075,blackbox_unspecified,filename_capture_code:bb,car,dataset_coarse_label,1920
aihub_train_00006010_bb_1_140619_vehicle_29_070,car_vs_car,car_vs_car,,,10.0,car_vs_car,,,,15.0,150,0925745e9b2abc6e|1b2b2c3c9b823e7c|2d45922cba751b7a|33538ab49d77094e|3353cab49d77094a,1080,aihub_source_suffix:29_070,source_filename_suffix_validated_by_exact_duplicates,,,day,cv_first_middle_last_majority,storage/vision/datasets/classification/raw_videos/차대차/aihub_train_00006010_bb_1_140619_vehicle_29_070.mp4,True,auto_enriched_needs_human_review,,,8b393a782685daddf58470d89b05445b0f6113e5778b4daf47630f04fe75a6cf,,,/workspace/SKN27-FINAL-3Team/storage/vision/datasets/classification/raw_videos/차대차/aihub_train_00006010_bb_1_140619_vehicle_29_070.mp4,train,8b393a782685daddf58470d89b05445b0f6113e5778b4daf47630f04fe75a6cf,blackbox_unspecified,filename_capture_code:bb,car,dataset_coarse_label,1920
aihub_train_00005373_bb_1_210831_vehicle_232_22109,car_vs_car,car_vs_car,,,10.0,car_vs_car,,,,15.0,150,b24ec933a46f99a4|98666799e0671f98|c07e3fc1c03f1fc0|8a77ec93a06c97b0|8c5728d78c72d78c,1080,aihub_source_suffix:232_22109,source_filename_suffix_validated_by_exact_duplicates,,,night,cv_first_middle_last_majority,storage/vision/datasets/classification/raw_videos/차대차/aihub_train_00005373_bb_1_210831_vehicle_232_22109.mp4,True,auto_enriched_needs_human_review,,,01255a75cdeecfb4452e843db94346eae4e26ed5fec2ce61ff01a424e8f0b873,,,/workspace/SKN27-FINAL-3Team/storage/vision/datasets/classification/raw_videos/차대차/aihub_train_00005373_bb_1_210831_vehicle_232_22109.mp4,train,01255a75cdeecfb4452e843db94346eae4e26ed5fec2ce61ff01a424e8f0b873,blackbox_unspecified,filename_capture_code:bb,car,dataset_coarse_label,1920
aihub_train_00003638_bb_1_140603_vehicle_209_32155,car_vs_car,car_vs_car,,,10.0,car_vs_car,,,,15.0,150,3b3b28ece4c4d652|3b3a6cb9b4c4c592|2b2722949adada7c|2323b0dcd8dcccb6|31393acecec4c6b2,1080,aihub_source_suffix:209_32155,source_filename_suffix_validated_by_exact_duplicates,,,night,cv_first_middle_last_majority,storage/vision/datasets/classification/raw_videos/차대차/aihub_train_00003638_bb_1_140603_vehicle_209_32155.mp4,True,auto_enriched_needs_human_review,,,4721965a70d1a06de73d565df1029d8639626db739f2d603388494e52fe77cca,,,/workspace/SKN27-FINAL-3Team/storage/vision/datasets/classification/raw_videos/차대차/aihub_train_00003638_bb_1_140603_vehicle_209_32155.mp4,train,4721965a70d1a06de73d565df1029d8639626db739f2d603388494e52fe77cca,blackbox_unspecified,filename_capture_code:bb,car,dataset_coarse_label,1920
aihub_train_00006133_bb_1_150824_vehicle_185_093,car_vs_car,car_vs_car,,,10.0,car_vs_car,,,,15.0,150,397524e5e4cb1bb0|1935266fe2531ab6|99a1a76766b55982|99bda6e564499934|9d7fa2e3601b1ba0,272,aihub_source_suffix:185_093,source_filename_suffix_validated_by_exact_duplicates,,,day,cv_first_middle_last_majority,storage/vision/datasets/classification/raw_videos/차대차/aihub_train_00006133_bb_1_150824_vehicle_185_093.mp4,True,auto_enriched_needs_human_review,,,23aa917f585196471d820eefcb794a2be0ed36f57e1670ae07a65606d758d91c,,,/workspace/SKN27-FINAL-3Team/storage/vision/datasets/classification/raw_videos/차대차/aihub_train_00006133_bb_1_150824_vehicle_185_093.mp4,train,23aa917f585196471d820eefcb794a2be0ed36f57e1670ae07a65606d758d91c,blackbox_unspecified,filename_capture_code:bb,car,dataset_coarse_label,480
aihub_train_00004559_bb_3_150504_vehicle_119_087,car_vs_car,car_vs_car,,,10.0,car_vs_car,,,,15.0,150,0f63378e71785ab0|0f63379e7970d032|0f63378e71786ab0|0f63378c7178d8b2|0f63378c7178d8b2,1080,aihub_source_suffix:119_087,source_filename_suffix_validated_by_exact_duplicates,,,day,cv_first_middle_last_majority,storage/vision/datasets/classification/raw_videos/차대차/aihub_train_00004559_bb_3_150504_vehicle_119_087.mp4,True,auto_enriched_needs_human_review,,,eea71099c985bc0bc2a4bb4ce839e0e282a0d84168b135a05d077a4b69d474a0,,,/workspace/SKN27-FINAL-3Team/storage/vision/datasets/classification/raw_videos/차대차/aihub_train_00004559_bb_3_150504_vehicle_119_087.mp4,train,eea71099c985bc0bc2a4bb4ce839e0e282a0d84168b135a05d077a4b69d474a0,blackbox_unspecified,filename_capture_code:bb,car,dataset_coarse_label,1920
aihub_train_00004247_bb_1_191114_vehicle_244_32006,car_vs_car,car_vs_car,,,10.0,car_vs_car,,,,15.0,150,89a07a5ed4a4f45e|0ba0745edad0747e|89807e7ed694f468|81a07e5ed894f678|8ba07e5ed894746a,1080,aihub_source_suffix:244_32006,source_filename_suffix_validated_by_exact_duplicates,,,low_light,cv_first_middle_last_majority,storage/vision/datasets/classification/raw_videos/차대차/aihub_train_00004247_bb_1_191114_vehicle_244_32006.mp4,True,auto_enriched_needs_human_review,,,9391ee24b6b39c0996e91c00d08729c9fcbb8146472f8dbf3a900b5c933beb18,,,/workspace/SKN27-FINAL-3Team/storage/vision/datasets/classification/raw_videos/차대차/aihub_train_00004247_bb_1_191114_vehicle_244_32006.mp4,test,9391ee24b6b39c0996e91c00d08729c9fcbb8146472f8dbf3a900b5c933beb18,blackbox_unspecified,filename_capture_code:bb,car,dataset_coarse_label,1920
aihub_train_00006198_bb_1_160225_vehicle_29_210,car_vs_car,car_vs_car,,,10.0,car_vs_car,,,,15.0,150,b789e9e26b0c1f0a|07055378fda8abd4|b7a38e48243c3fcc|2b0b12da0e3f3dc6|2ba1121e4e3dbdc6,1080,aihub_source_suffix:29_210,source_filename_suffix_validated_by_exact_duplicates,,,day,cv_first_middle_last_majority,storage/vision/datasets/classification/raw_videos/차대차/aihub_train_00006198_bb_1_160225_vehicle_29_210.mp4,True,auto_enriched_needs_human_review,,,b5f59fc8fcdf2626d2526a833fe6abd320e5484f6fc7e1ec7110d5a6efb908c1,,,/workspace/SKN27-FINAL-3Team/storage/vision/datasets/classification/raw_videos/차대차/aihub_train_00006198_bb_1_160225_vehicle_29_210.mp4,train,b5f59fc8fcdf2626d2526a833fe6abd320e5484f6fc7e1ec7110d5a6efb908c1,blackbox_unspecified,filename_capture_code:bb,car,dataset_coarse_label,1920
aihub_train_00005543_bb_3_120523_vehicle_142_102,car_vs_car,car_vs_car,,,10.0,car_vs_car,,,,15.0,150,812b6bcadfa464cc|812b6aca9fb5e12c|812b6a6a9a9ee5ac|812a6e6b9b38f5a4|812a6e6a9a9ef52c,1080,aihub_source_suffix:142_102,source_filename_suffix_validated_by_exact_duplicates,,,day,cv_first_middle_last_majority,storage/vision/datasets/classification/raw_videos/차대차/aihub_train_00005543_bb_3_120523_vehicle_142_102.mp4,True,auto_enriched_needs_human_review,,,03e1396147060287d115637047cf1124d7f09256b0c9627b6f1d9fcdfc84613a,,,/workspace/SKN27-FINAL-3Team/storage/vision/datasets/classification/raw_videos/차대차/aihub_train_00005543_bb_3_120523_vehicle_142_102.mp4,val,03e1396147060287d115637047cf1124d7f09256b0c9627b6f1d9fcdfc84613a,blackbox_unspecified,filename_capture_code:bb,car,dataset_coarse_label,1920
aihub_train_00004058_bb_1_180503_vehicle_218_32277,car_vs_car,car_vs_car,,,10.0,car_vs_car,,,,15.0,150,987c679331398d66|9ececd3072e13266|28d2fd2cd32f18d2|8670718e799b2e78|8678718e799a2e78,1080,aihub_source_suffix:218_32277,source_filename_suffix_validated_by_exact_duplicates,,,night,cv_first_middle_last_majority,storage/vision/datasets/classification/raw_videos/차대차/aihub_train_00004058_bb_1_180503_vehicle_218_32277.mp4,True,auto_enriched_needs_human_review,,,b1f7c3932b7a50496524bf20a52a65544690d1f2f6c7d14cb1188a6561a9865a,,,/workspace/SKN27-FINAL-3Team/storage/vision/datasets/classification/raw_videos/차대차/aihub_train_00004058_bb_1_180503_vehicle_218_32277.mp4,train,b1f7c3932b7a50496524bf20a52a65544690d1f2f6c7d14cb1188a6561a9865a,blackbox_unspecified,filename_capture_code:bb,car,dataset_coarse_label,1920
aihub_train_00005704_bb_3_170531_vehicle_111_100,car_vs_car,car_vs_car,,,10.0,car_vs_car,,,,15.0,150,2b2938d6cf9d226c|28ced6d38d2a6ad4|232878d7b78c6a56|230878d797cc7ac6|23884cd7b0ed4af6,1080,aihub_source_suffix:111_100,source_filename_suffix_validated_by_exact_duplicates,,,day,cv_first_middle_last_majority,storage/vision/datasets/classification/raw_videos/차대차/aihub_train_00005704_bb_3_170531_vehicle_111_100.mp4,True,auto_enriched_needs_human_review,,,eeb9703449cf6649b9c27b2da54e05372e4224700f78a83d9cd244ffc08265cf,,,/workspace/SKN27-FINAL-3Team/storage/vision/datasets/classification/raw_videos/차대차/aihub_train_00005704_bb_3_170531_vehicle_111_100.mp4,test,eeb9703449cf6649b9c27b2da54e05372e4224700f78a83d9cd244ffc08265cf,blackbox_unspecified,filename_capture_code:bb,car,dataset_coarse_label,1920
aihub_train_00005729_bb_3_171107_vehicle_144_078,car_vs_car,car_vs_car,,,10.0,car_vs_car,,,,15.0,150,b5b5b50564387c78|bdb5b50c2c347878|b5b5b52c2c307a78|ababb52c2c386a5a|adada1a9785a5a58,1080,aihub_source_suffix:144_078,source_filename_suffix_validated_by_exact_duplicates,,,day,cv_first_middle_last_majority,storage/vision/datasets/classification/raw_videos/차대차/aihub_train_00005729_bb_3_171107_vehicle_144_078.mp4,True,auto_enriched_needs_human_review,,,57e1088d80039921c851a8ce1536cfafb9d70eb28616b4bcfef7be9720497a70,,,/workspace/SKN27-FINAL-3Team/storage/vision/datasets/classification/raw_videos/차대차/aihub_train_00005729_bb_3_171107_vehicle_144_078.mp4,train,57e1088d80039921c851a8ce1536cfafb9d70eb28616b4bcfef7be9720497a70,blackbox_unspecified,filename_capture_code:bb,car,dataset_coarse_label,1920
aihub_train_00005757_bb_3_180520_vehicle_123_115,car_vs_car,car_vs_car,,,10.0,car_vs_car,,,,15.0,150,858581e0e8e87fbe|88a9ad61e92bada6|bac86d1932ce6d98|324ecd1932f24f3c|9f1a727068cad26e,1080,aihub_source_suffix:123_115,source_filename_suffix_validated_by_exact_duplicates,,,low_light,cv_first_middle_last_majority,storage/vision/datasets/classification/raw_videos/차대차/aihub_train_00005757_bb_3_180520_vehicle_123_115.mp4,True,auto_enriched_needs_human_review,,,77894f33e2608782bafd4ee96f24ed358694d25a189979fe769dbfa33b7dcb57,,,/workspace/SKN27-FINAL-3Team/storage/vision/datasets/classification/raw_videos/차대차/aihub_train_00005757_bb_3_180520_vehicle_123_115.mp4,train,77894f33e2608782bafd4ee96f24ed358694d25a189979fe769dbfa33b7dcb57,blackbox_unspecified,filename_capture_code:bb,car,dataset_coarse_label,1920
aihub_train_00004793_bb_1_150622_vehicle_191_119,car_vs_car,car_vs_car,,,10.0,car_vs_car,,,,15.0,150,83b9676a5ad43586|a32957dab795018e|23f9df1e748121a6|03d9763c938b21f6|03d9763c938b21f6,1080,aihub_source_suffix:191_119,source_filename_suffix_validated_by_exact_duplicates,,,day,cv_first_middle_last_majority,storage/vision/datasets/classification/raw_videos/차대차/aihub_train_00004793_bb_1_150622_vehicle_191_119.mp4,True,auto_enriched_needs_human_review,,,72aacebe71dce922fd4102d4f20fca97aab8689f48f7f468cc1674d5905f5d8a,,,/workspace/SKN27-FINAL-3Team/storage/vision/datasets/classification/raw_videos/차대차/aihub_train_00004793_bb_1_150622_vehicle_191_119.mp4,train,72aacebe71dce922fd4102d4f20fca97aab8689f48f7f468cc1674d5905f5d8a,blackbox_unspecified,filename_capture_code:bb,car,dataset_coarse_label,1920
aihub_train_00004399_bb_1_210629_vehicle_126_053,car_vs_car,car_vs_car,,,10.0,car_vs_car,,,,15.0,150,8d8de2713c8f5398|1b2da4d65b1ba7a0|111f2f69495957aa|9997a66169b95784|9b97a66169f95700,1080,aihub_source_suffix:126_053,source_filename_suffix_validated_by_exact_duplicates,,,low_light,cv_first_middle_last_majority,storage/vision/datasets/classification/raw_videos/차대차/aihub_train_00004399_bb_1_210629_vehicle_126_053.mp4,True,auto_enriched_needs_human_review,,,cc9c0a913082ebe33a8b3f080ab80aaa15b06179cb6828c5e6271f14f02b6118,,,/workspace/SKN27-FINAL-3Team/storage/vision/datasets/classification/raw_videos/차대차/aihub_train_00004399_bb_1_210629_vehicle_126_053.mp4,train,cc9c0a913082ebe33a8b3f080ab80aaa15b06179cb6828c5e6271f14f02b6118,blackbox_unspecified,filename_capture_code:bb,car,dataset_coarse_label,1920
aihub_train_00004024_bb_1_171222_vehicle_142_123,car_vs_car,car_vs_car,,,10.0,car_vs_car,,,,15.0,150,1030c5ccee6f3f32|11b0ce8aca6f3736|39bcc796d293132c|8dec68d2d2d39724|0d6af2d6d4d5a524,1080,aihub_source_suffix:142_123,source_filename_suffix_validated_by_exact_duplicates,,,night,cv_first_middle_last_majority,storage/vision/datasets/classification/raw_videos/차대차/aihub_train_00004024_bb_1_171222_vehicle_142_123.mp4,True,auto_enriched_needs_human_review,,,5da59e31d2c891915a14d0f35e0237d472aba79be0a06fe5fa324a9a83900f7a,,,/workspace/SKN27-FINAL-3Team/storage/vision/datasets/classification/raw_videos/차대차/aihub_train_00004024_bb_1_171222_vehicle_142_123.mp4,val,5da59e31d2c891915a14d0f35e0237d472aba79be0a06fe5fa324a9a83900f7a,blackbox_unspecified,filename_capture_code:bb,car,dataset_coarse_label,1920
aihub_train_00004616_cc_3_160316_vehicle_210_47971,car_vs_car,car_vs_car,,,10.0,car_vs_car,,,,15.0,150,80d4d7627b285e7c|80d4d74a7b0c5e3e|80d4dd6a7d2c566c|80d4dd6a7f245e4c|80d6dd4a79ac5e46,1080,aihub_source_suffix:210_47971,source_filename_suffix_validated_by_exact_duplicates,,,low_light,cv_first_middle_last_majority,storage/vision/datasets/classification/raw_videos/차대차/aihub_train_00004616_cc_3_160316_vehicle_210_47971.mp4,True,auto_enriched_needs_human_review,,,2d25984844820d61859d2e7cbaf8a1e6007e20a70830583eac24e85d6ac403d8,,,/workspace/SKN27-FINAL-3Team/storage/vision/datasets/classification/raw_videos/차대차/aihub_train_00004616_cc_3_160316_vehicle_210_47971.mp4,val,2d25984844820d61859d2e7cbaf8a1e6007e20a70830583eac24e85d6ac403d8,cctv_fixed,filename_capture_code:cc,car,dataset_coarse_label,1920
aihub_train_00004910_bb_1_161124_vehicle_234_21564,car_vs_car,car_vs_car,,,10.0,car_vs_car,,,,15.0,150,810a7c74d6d47e74|a1a0567e5c8cf476|0b28d4765cd8f476|0982f4765ed8f474|090af4765cd876f4,1080,aihub_source_suffix:234_21564,source_filename_suffix_validated_by_exact_duplicates,,,low_light,cv_first_middle_last_majority,storage/vision/datasets/classification/raw_videos/차대차/aihub_train_00004910_bb_1_161124_vehicle_234_21564.mp4,True,auto_enriched_needs_human_review,,,bc06532c9c23a9fc69d671533a91938d1332278acbab84bb9de6732deb7baf17,,,/workspace/SKN27-FINAL-3Team/storage/vision/datasets/classification/raw_videos/차대차/aihub_train_00004910_bb_1_161124_vehicle_234_21564.mp4,train,bc06532c9c23a9fc69d671533a91938d1332278acbab84bb9de6732deb7baf17,blackbox_unspecified,filename_capture_code:bb,car,dataset_coarse_label,1920
aihub_train_00005291_bb_1_210103_vehicle_119_250,car_vs_car,car_vs_car,,,10.0,car_vs_car,,,,15.0,150,2136379732d396cc|212467a7b733b24e|0a7a63272d6db0f8|b2c8cd36ccc7a2d8|a33031329adf8e5e,1080,aihub_source_suffix:119_250,source_filename_suffix_validated_by_exact_duplicates,,,night,cv_first_middle_last_majority,storage/vision/datasets/classification/raw_videos/차대차/aihub_train_00005291_bb_1_210103_vehicle_119_250.mp4,True,auto_enriched_needs_human_review,,,928927631e91a13eb50bf56a4f88933b6b007c25af3f5668771023e7857a3e5e,,,/workspace/SKN27-FINAL-3Team/storage/vision/datasets/classification/raw_videos/차대차/aihub_train_00005291_bb_1_210103_vehicle_119_250.mp4,val,928927631e91a13eb50bf56a4f88933b6b007c25af3f5668771023e7857a3e5e,blackbox_unspecified,filename_capture_code:bb,car,dataset_coarse_label,1920
aihub_train_00003936_bb_1_170507_vehicle_236_32875,car_vs_car,car_vs_car,,,10.0,car_vs_car,,,,15.0,150,2d20d2dd9ad8dcd2|332accd396b4ccca|232acadad296f4cc|2b2ac8d8d6b6e4cc|2b2ac8d8d6b6e4cc,1080,aihub_source_suffix:236_32875,source_filename_suffix_validated_by_exact_duplicates,,,night,cv_first_middle_last_majority,storage/vision/datasets/classification/raw_videos/차대차/aihub_train_00003936_bb_1_170507_vehicle_236_32875.mp4,True,auto_enriched_needs_human_review,,,4952f17d63ffc0e7c31dabb68a9583682ea061639595095ec04ef7c9413f2705,,,/workspace/SKN27-FINAL-3Team/storage/vision/datasets/classification/raw_videos/차대차/aihub_train_00003936_bb_1_170507_vehicle_236_32875.mp4,train,4952f17d63ffc0e7c31dabb68a9583682ea061639595095ec04ef7c9413f2705,blackbox_unspecified,filename_capture_code:bb,car,dataset_coarse_label,1920
aihub_train_00006309_bb_1_161205_vehicle_46_390,car_vs_car,car_vs_car,,,10.0,car_vs_car,,,,15.0,150,36cd34f2d9cad908|2d6d25252d26ed3c|36ccb2e81936cd36|32d9664c65599b3a|30db644cf5699b38,1080,aihub_source_suffix:46_390,source_filename_suffix_validated_by_exact_duplicates,,,night,cv_first_middle_last_majority,storage/vision/datasets/classification/raw_videos/차대차/aihub_train_00006309_bb_1_161205_vehicle_46_390.mp4,True,auto_enriched_needs_human_review,,,79ae74eaddec9b27af280ab77978bcc7f893ad72e5fbb36ac3e8b38277d4a06b,,,/workspace/SKN27-FINAL-3Team/storage/vision/datasets/classification/raw_videos/차대차/aihub_train_00006309_bb_1_161205_vehicle_46_390.mp4,train,79ae74eaddec9b27af280ab77978bcc7f893ad72e5fbb36ac3e8b38277d4a06b,blackbox_unspecified,filename_capture_code:bb,car,dataset_coarse_label,1920
aihub_train_00004191_bb_1_190602_vehicle_116_087,car_vs_car,car_vs_car,,,10.0,car_vs_car,,,,15.0,150,2b074cd4d7b3ab88|030b6868ff979f48|0b0fa4685b9f2c7c|272d4a5cd727ad18|03133adcf5ab2b2c,1080,aihub_source_suffix:116_087,source_filename_suffix_validated_by_exact_duplicates,,,day,cv_first_middle_last_majority,storage/vision/datasets/classification/raw_videos/차대차/aihub_train_00004191_bb_1_190602_vehicle_116_087.mp4,True,auto_enriched_needs_human_review,,,eeaccaac06aa13a4de933508dd131205447bbac1d3e289d95915b307fc0fa755,,,/workspace/SKN27-FINAL-3Team/storage/vision/datasets/classification/raw_videos/차대차/aihub_train_00004191_bb_1_190602_vehicle_116_087.mp4,train,eeaccaac06aa13a4de933508dd131205447bbac1d3e289d95915b307fc0fa755,blackbox_unspecified,filename_capture_code:bb,car,dataset_coarse_label,1920
aihub_train_00005750_bb_3_180418_vehicle_196_056,car_vs_car,car_vs_car,,,10.0,car_vs_car,,,,15.0,150,c2d0b93a8b4ebd92|e0f0b93a595c5536|f2f2a138d94c35b2|a2d27d32915cfd12|10d0d53abb1abdb2,1080,aihub_source_suffix:196_056,source_filename_suffix_validated_by_exact_duplicates,,,low_light,cv_first_middle_last_majority,storage/vision/datasets/classification/raw_videos/차대차/aihub_train_00005750_bb_3_180418_vehicle_196_056.mp4,True,auto_enriched_needs_human_review,,,391de1b87e0c4a018d6337ec063b2d1a48e425fd58569586e3d90dfd8eced20d,,,/workspace/SKN27-FINAL-3Team/storage/vision/datasets/classification/raw_videos/차대차/aihub_train_00005750_bb_3_180418_vehicle_196_056.mp4,test,391de1b87e0c4a018d6337ec063b2d1a48e425fd58569586e3d90dfd8eced20d,blackbox_unspecified,filename_capture_code:bb,car,dataset_coarse_label,1920
aihub_train_00004940_bb_1_170313_vehicle_202_20510,car_vs_car,car_vs_car,,,10.0,car_vs_car,,,,15.0,150,3cd8c79d3836c32c|98c86659999e6766|98c86799986c6f36|b2d86ccd93324e6c|2ad8d56b3294cb66,1080,aihub_source_suffix:202_20510,source_filename_suffix_validated_by_exact_duplicates,,,night,cv_first_middle_last_majority,storage/vision/datasets/classification/raw_videos/차대차/aihub_train_00004940_bb_1_170313_vehicle_202_20510.mp4,True,auto_enriched_needs_human_review,,,1ba23bf0ad6658033a64de569b45c6630f25c717911ee36e5e0ba79e6931a026,,,/workspace/SKN27-FINAL-3Team/storage/vision/datasets/classification/raw_videos/차대차/aihub_train_00004940_bb_1_170313_vehicle_202_20510.mp4,train,1ba23bf0ad6658033a64de569b45c6630f25c717911ee36e5e0ba79e6931a026,blackbox_unspecified,filename_capture_code:bb,car,dataset_coarse_label,1920
aihub_train_00003552_bb_1_000512_vehicle_30_418,car_vs_car,car_vs_car,,,10.0,car_vs_car,,,,15.0,150,892fe6f00fda423c|89a9f7ec2f02c23c|91b76ee90f9ec014|8b8b326e67806dda|8b8b326e67806dda,1080,aihub_source_suffix:30_418,source_filename_suffix_validated_by_exact_duplicates,,,day,cv_first_middle_last_majority,storage/vision/datasets/classification/raw_videos/차대차/aihub_train_00003552_bb_1_000512_vehicle_30_418.mp4,True,auto_enriched_needs_human_review,,,e3e7da4e3b30abcde35b09ff8190491292cffa34071a7f98adee64a51b2e73e7,,,/workspace/SKN27-FINAL-3Team/storage/vision/datasets/classification/raw_videos/차대차/aihub_train_00003552_bb_1_000512_vehicle_30_418.mp4,val,e3e7da4e3b30abcde35b09ff8190491292cffa34071a7f98adee64a51b2e73e7,blackbox_unspecified,filename_capture_code:bb,car,dataset_coarse_label,1920
aihub_train_00005229_bb_1_200227_vehicle_120_058,car_vs_car,car_vs_car,,,10.0,car_vs_car,,,,15.0,150,bd3ddcc485a1f8c0|3939ccc6cf3d1a0a|3139694ece51b32e|cdcd1a3232e7c54c|878fe0f8f81b0764,1080,aihub_source_suffix:120_058,source_filename_suffix_validated_by_exact_duplicates,,,low_light,cv_first_middle_last_majority,storage/vision/datasets/classification/raw_videos/차대차/aihub_train_00005229_bb_1_200227_vehicle_120_058.mp4,True,auto_enriched_needs_human_review,,,660003c85525154dccddacd628113189e7afc8dcbae0b094d62754c80a4e8ac5,,,/workspace/SKN27-FINAL-3Team/storage/vision/datasets/classification/raw_videos/차대차/aihub_train_00005229_bb_1_200227_vehicle_120_058.mp4,train,660003c85525154dccddacd628113189e7afc8dcbae0b094d62754c80a4e8ac5,blackbox_unspecified,filename_capture_code:bb,car,dataset_coarse_label,1920
aihub_train_00003666_bb_1_150102_vehicle_233_30181,car_vs_car,car_vs_car,,,10.0,car_vs_car,,,,15.0,150,81806c6e7a5a5e7e|a1a06e5e5ad47656|81887a7eded43474|81807a7ed6d4b47c|81807a7ed6d4b47c,1080,aihub_source_suffix:233_30181,source_filename_suffix_validated_by_exact_duplicates,,,low_light,cv_first_middle_last_majority,storage/vision/datasets/classification/raw_videos/차대차/aihub_train_00003666_bb_1_150102_vehicle_233_30181.mp4,True,auto_enriched_needs_human_review,,,d25f13e3ca0401ceac1b17de821b65a80793b1d96ec2fef3b0f5b43d9bafc485,,,/workspace/SKN27-FINAL-3Team/storage/vision/datasets/classification/raw_videos/차대차/aihub_train_00003666_bb_1_150102_vehicle_233_30181.mp4,train,d25f13e3ca0401ceac1b17de821b65a80793b1d96ec2fef3b0f5b43d9bafc485,blackbox_unspecified,filename_capture_code:bb,car,dataset_coarse_label,1920
aihub_train_00003798_bb_1_160417_vehicle_194_057,car_vs_car,car_vs_car,,,10.0,car_vs_car,,,,15.0,150,6a7a9785e42d25d8|6a5a9785c465f558|2764cec4fca892d6|2676cec4ecb892d2|2676cec4ecb892d2,1080,aihub_source_suffix:194_057,source_filename_suffix_validated_by_exact_duplicates,,,low_light,cv_first_middle_last_majority,storage/vision/datasets/classification/raw_videos/차대차/aihub_train_00003798_bb_1_160417_vehicle_194_057.mp4,True,auto_enriched_needs_human_review,,,86b9dbc98f0572c46272f07e207202c9a9e45e82a1d8940bcfb41cb09c2f9039,,,/workspace/SKN27-FINAL-3Team/storage/vision/datasets/classification/raw_videos/차대차/aihub_train_00003798_bb_1_160417_vehicle_194_057.mp4,train,86b9dbc98f0572c46272f07e207202c9a9e45e82a1d8940bcfb41cb09c2f9039,blackbox_unspecified,filename_capture_code:bb,car,dataset_coarse_label,1920
aihub_train_00004174_bb_1_190410_vehicle_250_23606,car_vs_car,car_vs_car,,,10.0,car_vs_car,,,,15.0,150,5b5294b52d4b7a54|18e6b91c679866ec|2cd338c73cc736c8|8662b938678e51fc|8662fb18678651fc,926,aihub_source_suffix:250_23606,source_filename_suffix_validated_by_exact_duplicates,,,night,cv_first_middle_last_majority,storage/vision/datasets/classification/raw_videos/차대차/aihub_train_00004174_bb_1_190410_vehicle_250_23606.mp4,True,auto_enriched_needs_human_review,,,a5ccf10fa62befc1e990a16d2ac6effacbc1c941724b54e747d41087ef877a7d,,,/workspace/SKN27-FINAL-3Team/storage/vision/datasets/classification/raw_videos/차대차/aihub_train_00004174_bb_1_190410_vehicle_250_23606.mp4,train,a5ccf10fa62befc1e990a16d2ac6effacbc1c941724b54e747d41087ef877a7d,blackbox_unspecified,filename_capture_code:bb,car,dataset_coarse_label,1920
aihub_train_00005021_bb_1_180127_vehicle_227_30307,car_vs_car,car_vs_car,,,10.0,car_vs_car,,,,15.0,150,812b66c0fc367f8c|ab2be6c4d0347e0e|2b2a6ec4d034fcce|a30a6ec0d47c7cce|a12a4fc0d2767c9e,1080,aihub_source_suffix:227_30307,source_filename_suffix_validated_by_exact_duplicates,,,low_light,cv_first_middle_last_majority,storage/vision/datasets/classification/raw_videos/차대차/aihub_train_00005021_bb_1_180127_vehicle_227_30307.mp4,True,auto_enriched_needs_human_review,,,dbb6e491833081794bccdededf320e8d90a996006e8198b4bfbd15210dc3ebd8,,,/workspace/SKN27-FINAL-3Team/storage/vision/datasets/classification/raw_videos/차대차/aihub_train_00005021_bb_1_180127_vehicle_227_30307.mp4,train,dbb6e491833081794bccdededf320e8d90a996006e8198b4bfbd15210dc3ebd8,blackbox_unspecified,filename_capture_code:bb,car,dataset_coarse_label,1920
aihub_train_00004867_bb_1_160507_vehicle_126_153,car_vs_car,car_vs_car,,,10.0,car_vs_car,,,,15.0,150,2f0b2f2383d6d0f4|0f0f074796dce0ea|2d1f0f2783d6c0e6|0f0f075bc3d0dae8|4f0f071bb1d2f072,1080,aihub_source_suffix:126_153,source_filename_suffix_validated_by_exact_duplicates,,,day,cv_first_middle_last_majority,storage/vision/datasets/classification/raw_videos/차대차/aihub_train_00004867_bb_1_160507_vehicle_126_153.mp4,True,auto_enriched_needs_human_review,,,0d032c40b50932a0e80616796e77d589937972f6a1f02e2eabcd6643e96153a9,,,/workspace/SKN27-FINAL-3Team/storage/vision/datasets/classification/raw_videos/차대차/aihub_train_00004867_bb_1_160507_vehicle_126_153.mp4,train,0d032c40b50932a0e80616796e77d589937972f6a1f02e2eabcd6643e96153a9,blackbox_unspecified,filename_capture_code:bb,car,dataset_coarse_label,1920
aihub_train_00004753_bb_1_141006_vehicle_230_31812,car_vs_car,car_vs_car,,,10.0,car_vs_car,,,,15.0,150,8f3c9ec672d26078|87989fc660f67078|8f989ec27076687c|878cd6e2785c7896|878cc6e270de7836,1080,aihub_source_suffix:230_31812,source_filename_suffix_validated_by_exact_duplicates,,,night,cv_first_middle_last_majority,storage/vision/datasets/classification/raw_videos/차대차/aihub_train_00004753_bb_1_141006_vehicle_230_31812.mp4,True,auto_enriched_needs_human_review,,,e84d79aa80f0183e342f3ac8748674f1bc128f537c562e4116539806fef07221,,,/workspace/SKN27-FINAL-3Team/storage/vision/datasets/classification/raw_videos/차대차/aihub_train_00004753_bb_1_141006_vehicle_230_31812.mp4,val,e84d79aa80f0183e342f3ac8748674f1bc128f537c562e4116539806fef07221,blackbox_unspecified,filename_capture_code:bb,car,dataset_coarse_label,1920
aihub_train_00004347_bb_1_201027_vehicle_118_147,car_vs_car,car_vs_car,,,10.0,car_vs_car,,,,15.0,150,6363ebe3e1a524c4|6361797b67a5a482|6b6e37071693b0b2|2b6c6723331bda92|236c6f633b19d292,1080,aihub_source_suffix:118_147,source_filename_suffix_validated_by_exact_duplicates,,,day,cv_first_middle_last_majority,storage/vision/datasets/classification/raw_videos/차대차/aihub_train_00004347_bb_1_201027_vehicle_118_147.mp4,True,auto_enriched_needs_human_review,,,941867658d3df81a0fa109f887ae9bcf2d44d1c4115b05f1b8667c2cf1e649d1,,,/workspace/SKN27-FINAL-3Team/storage/vision/datasets/classification/raw_videos/차대차/aihub_train_00004347_bb_1_201027_vehicle_118_147.mp4,test,941867658d3df81a0fa109f887ae9bcf2d44d1c4115b05f1b8667c2cf1e649d1,blackbox_unspecified,filename_capture_code:bb,car,dataset_coarse_label,1920
aihub_train_00005952_bb_1_130417_vehicle_253_21913,car_vs_car,car_vs_car,,,10.0,car_vs_car,,,,15.0,150,2f26c6c4f0d0da5e|27265ad8ccccdc5a|2530d8decccadec8|3b32d8686cced668|0f8cd8d2f27a7846,1080,aihub_source_suffix:253_21913,source_filename_suffix_validated_by_exact_duplicates,,,night,cv_first_middle_last_majority,storage/vision/datasets/classification/raw_videos/차대차/aihub_train_00005952_bb_1_130417_vehicle_253_21913.mp4,True,auto_enriched_needs_human_review,,,e7be507b37c3bca379ce6210f7a9c58c47cf052a96c03682e7731a4f413ad2dd,,,/workspace/SKN27-FINAL-3Team/storage/vision/datasets/classification/raw_videos/차대차/aihub_train_00005952_bb_1_130417_vehicle_253_21913.mp4,train,e7be507b37c3bca379ce6210f7a9c58c47cf052a96c03682e7731a4f413ad2dd,blackbox_unspecified,filename_capture_code:bb,car,dataset_coarse_label,1920
aihub_train_00006316_bb_1_170107_vehicle_36_120,car_vs_car,car_vs_car,,,10.0,car_vs_car,,,,15.0,150,9b3b6b68519696a4|adab4b4a5594d654|8920d7a368f70df2|83a0fe9f83f49b02|9380e4bfffe49014,1080,aihub_source_suffix:36_120,source_filename_suffix_validated_by_exact_duplicates,,,day,cv_first_middle_last_majority,storage/vision/datasets/classification/raw_videos/차대차/aihub_train_00006316_bb_1_170107_vehicle_36_120.mp4,True,auto_enriched_needs_human_review,,,12e4186c13b5a31710231c8aafdc0c808abb9b0aaf93cb3e905715a8eca9a868,,,/workspace/SKN27-FINAL-3Team/storage/vision/datasets/classification/raw_videos/차대차/aihub_train_00006316_bb_1_170107_vehicle_36_120.mp4,train,12e4186c13b5a31710231c8aafdc0c808abb9b0aaf93cb3e905715a8eca9a868,blackbox_unspecified,filename_capture_code:bb,car,dataset_coarse_label,1920
aihub_train_00003972_bb_1_170728_vehicle_224_22983,car_vs_car,car_vs_car,,,10.0,car_vs_car,,,,15.0,150,22363f1bb8c0c79e|2aca7a7ce5939988|2b2b6bc796e06878|2b2b4bc7866879b2|2b2b4bc7866879b2,926,aihub_source_suffix:224_22983,source_filename_suffix_validated_by_exact_duplicates,,,low_light,cv_first_middle_last_majority,storage/vision/datasets/classification/raw_videos/차대차/aihub_train_00003972_bb_1_170728_vehicle_224_22983.mp4,True,auto_enriched_needs_human_review,,,c8429dc8a666bd6db8470ffd86642de1d9e4e5c542ad1c416ef42c34b4d88d06,,,/workspace/SKN27-FINAL-3Team/storage/vision/datasets/classification/raw_videos/차대차/aihub_train_00003972_bb_1_170728_vehicle_224_22983.mp4,train,c8429dc8a666bd6db8470ffd86642de1d9e4e5c542ad1c416ef42c34b4d88d06,blackbox_unspecified,filename_capture_code:bb,car,dataset_coarse_label,1920
aihub_train_00003918_bb_1_170310_vehicle_116_095,car_vs_car,car_vs_car,,,10.0,car_vs_car,,,,15.0,150,0ac6f13a78d5978a|1998ab1264c7bf3a|823e3f826718edc6|b04e1bbccd3237c8|b2dc310edf30cb26,1080,aihub_source_suffix:116_095,source_filename_suffix_validated_by_exact_duplicates,,,night,cv_first_middle_last_majority,storage/vision/datasets/classification/raw_videos/차대차/aihub_train_00003918_bb_1_170310_vehicle_116_095.mp4,True,auto_enriched_needs_human_review,,,8c9ea12f7bfe150b7e0de1a5dc6240ad19f0f0db705344844fbf6c7c90b970d7,,,/workspace/SKN27-FINAL-3Team/storage/vision/datasets/classification/raw_videos/차대차/aihub_train_00003918_bb_1_170310_vehicle_116_095.mp4,train,8c9ea12f7bfe150b7e0de1a5dc6240ad19f0f0db705344844fbf6c7c90b970d7,blackbox_unspecified,filename_capture_code:bb,car,dataset_coarse_label,1920
aihub_train_00004170_bb_1_190331_vehicle_05_023,car_vs_car,car_vs_car,,,10.0,car_vs_car,,,,15.0,150,bf93c3aa747e4500|afbfcde464405198|1f1f4fe2f4c4c504|230345ccde9c7d3c|230751ccdcbcf570,1080,aihub_source_suffix:05_023,source_filename_suffix_validated_by_exact_duplicates,,,day,cv_first_middle_last_majority,storage/vision/datasets/classification/raw_videos/차대차/aihub_train_00004170_bb_1_190331_vehicle_05_023.mp4,True,auto_enriched_needs_human_review,,,bf6058b6f6cb12e0115445d4428eee19579c954605b26b919b359fb4958e4dba,,,/workspace/SKN27-FINAL-3Team/storage/vision/datasets/classification/raw_videos/차대차/aihub_train_00004170_bb_1_190331_vehicle_05_023.mp4,test,bf6058b6f6cb12e0115445d4428eee19579c954605b26b919b359fb4958e4dba,blackbox_unspecified,filename_capture_code:bb,car,dataset_coarse_label,1920
aihub_train_00006075_bb_1_150307_vehicle_235_21931,car_vs_car,car_vs_car,,,10.0,car_vs_car,,,,15.0,150,819036de6ee44e3e|818636787e7ec5c8|81886d3a76765ed4|81809d3a7c7c76e6|8180dd3a7c7c76c6,1080,aihub_source_suffix:235_21931,source_filename_suffix_validated_by_exact_duplicates,,,low_light,cv_first_middle_last_majority,storage/vision/datasets/classification/raw_videos/차대차/aihub_train_00006075_bb_1_150307_vehicle_235_21931.mp4,True,auto_enriched_needs_human_review,,,74f4dec5ebaff4d32009a9810f81518a0e6d39a2211d06f8b62947ce5129bc4a,,,/workspace/SKN27-FINAL-3Team/storage/vision/datasets/classification/raw_videos/차대차/aihub_train_00006075_bb_1_150307_vehicle_235_21931.mp4,train,74f4dec5ebaff4d32009a9810f81518a0e6d39a2211d06f8b62947ce5129bc4a,blackbox_unspecified,filename_capture_code:bb,car,dataset_coarse_label,1920
aihub_train_00003655_bb_1_140908_vehicle_141_171,car_vs_car,car_vs_car,,,10.0,car_vs_car,,,,15.0,150,090dcf953ad2e732|91b5ffd16ae2030a|890bcb692ad6cd2e|890bcb692ad6cd2e|818bcb512abad5ae,1080,aihub_source_suffix:141_171,source_filename_suffix_validated_by_exact_duplicates,,,day,cv_first_middle_last_majority,storage/vision/datasets/classification/raw_videos/차대차/aihub_train_00003655_bb_1_140908_vehicle_141_171.mp4,True,auto_enriched_needs_human_review,,,052cd4f7b52bd8ecae213518527db332247e78c5ecfb6f2e8bde7d865db9a51b,,,/workspace/SKN27-FINAL-3Team/storage/vision/datasets/classification/raw_videos/차대차/aihub_train_00003655_bb_1_140908_vehicle_141_171.mp4,test,052cd4f7b52bd8ecae213518527db332247e78c5ecfb6f2e8bde7d865db9a51b,blackbox_unspecified,filename_capture_code:bb,car,dataset_coarse_label,1920
aihub_train_00004601_bb_3_200305_vehicle_243_47864,car_vs_car,car_vs_car,,,10.0,car_vs_car,,,,15.0,150,3248ddb72b4ad694|2a84d56b7a78e8f0|294cd5b64a5b364e|29c8d5b74a5b344e|2948d5b74a5f344e,1080,aihub_source_suffix:243_47864,source_filename_suffix_validated_by_exact_duplicates,,,night,cv_first_middle_last_majority,storage/vision/datasets/classification/raw_videos/차대차/aihub_train_00004601_bb_3_200305_vehicle_243_47864.mp4,True,auto_enriched_needs_human_review,,,2f0dbaff06c3dbf54ccb713370034b6fb2a3013af06a9cd1d29db87fafad6eec,,,/workspace/SKN27-FINAL-3Team/storage/vision/datasets/classification/raw_videos/차대차/aihub_train_00004601_bb_3_200305_vehicle_243_47864.mp4,train,2f0dbaff06c3dbf54ccb713370034b6fb2a3013af06a9cd1d29db87fafad6eec,blackbox_unspecified,filename_capture_code:bb,car,dataset_coarse_label,1920
aihub_train_00005074_bb_1_180727_vehicle_123_057,car_vs_car,car_vs_car,,,10.0,car_vs_car,,,,15.0,150,827c699bc27d9986|827c6d9bc27d9186|827c6d9bc27d9186|827c7d83c27d819e|827c799fc27d8186,1080,aihub_source_suffix:123_057,source_filename_suffix_validated_by_exact_duplicates,,,night,cv_first_middle_last_majority,storage/vision/datasets/classification/raw_videos/차대차/aihub_train_00005074_bb_1_180727_vehicle_123_057.mp4,True,auto_enriched_needs_human_review,,,bbcf56fb7cfc654cd83383e1ecf2a6f336319a6398f1b75f13f168bfc17cef61,,,/workspace/SKN27-FINAL-3Team/storage/vision/datasets/classification/raw_videos/차대차/aihub_train_00005074_bb_1_180727_vehicle_123_057.mp4,train,bbcf56fb7cfc654cd83383e1ecf2a6f336319a6398f1b75f13f168bfc17cef61,blackbox_unspecified,filename_capture_code:bb,car,dataset_coarse_label,1920
aihub_train_00005031_bb_1_180228_vehicle_125_081,car_vs_car,car_vs_car,,,10.0,car_vs_car,,,,15.0,150,15517dca8abab784|1f4175485abab5a6|2f2975505a56f5a4|2b235b58d4d4f5a4|950e7375511c7d70,1080,aihub_source_suffix:125_081,source_filename_suffix_validated_by_exact_duplicates,,,day,cv_first_middle_last_majority,storage/vision/datasets/classification/raw_videos/차대차/aihub_train_00005031_bb_1_180228_vehicle_125_081.mp4,True,auto_enriched_needs_human_review,,,1b537ff8cd4d7a6fd9163f465644b9b44e680342a6efa9d5d01821dfd7898fc0,,,/workspace/SKN27-FINAL-3Team/storage/vision/datasets/classification/raw_videos/차대차/aihub_train_00005031_bb_1_180228_vehicle_125_081.mp4,train,1b537ff8cd4d7a6fd9163f465644b9b44e680342a6efa9d5d01821dfd7898fc0,blackbox_unspecified,filename_capture_code:bb,car,dataset_coarse_label,1920
aihub_train_00004876_bb_1_160612_vehicle_235_32975,car_vs_car,car_vs_car,,,10.0,car_vs_car,,,,15.0,150,0f0ed2f0f0d4cc6e|81803e7e7e581e76|8181885e7e7e5e74|81a1a11e3e1e5e7e|8fa870d4d6d32b2a,1080,aihub_source_suffix:235_32975,source_filename_suffix_validated_by_exact_duplicates,,,low_light,cv_first_middle_last_majority,storage/vision/datasets/classification/raw_videos/차대차/aihub_train_00004876_bb_1_160612_vehicle_235_32975.mp4,True,auto_enriched_needs_human_review,,,8bd08d634afa15e590d618164564a4ce495ef5367e14b80d90e48b52f632c406,,,/workspace/SKN27-FINAL-3Team/storage/vision/datasets/classification/raw_videos/차대차/aihub_train_00004876_bb_1_160612_vehicle_235_32975.mp4,test,8bd08d634afa15e590d618164564a4ce495ef5367e14b80d90e48b52f632c406,blackbox_unspecified,filename_capture_code:bb,car,dataset_coarse_label,1920
aihub_train_00005261_bb_1_200725_vehicle_48_246,car_vs_car,car_vs_car,,,10.0,car_vs_car,,,,15.0,150,8980f5e07c785f96|2980c2667cd8df3e|81827b60765e5cf6|818278607e5efce6|818278607e5efce6,1080,aihub_source_suffix:48_246,source_filename_suffix_validated_by_exact_duplicates,,,low_light,cv_first_middle_last_majority,storage/vision/datasets/classification/raw_videos/차대차/aihub_train_00005261_bb_1_200725_vehicle_48_246.mp4,True,auto_enriched_needs_human_review,,,af67d0a67f11f34c5b2cf4033171c39a72ea0f69368dcf866a220359eab799d6,,,/workspace/SKN27-FINAL-3Team/storage/vision/datasets/classification/raw_videos/차대차/aihub_train_00005261_bb_1_200725_vehicle_48_246.mp4,train,af67d0a67f11f34c5b2cf4033171c39a72ea0f69368dcf866a220359eab799d6,blackbox_unspecified,filename_capture_code:bb,car,dataset_coarse_label,1920
aihub_train_00004088_bb_1_180828_vehicle_194_079,car_vs_car,car_vs_car,,,10.0,car_vs_car,,,,15.0,150,898de4f09d8a1f6c|8b87ece8f9929168|8383286cbfbb9760|81836c6c9f92b7e2|83816c6e9f92b5e4,1080,aihub_source_suffix:194_079,source_filename_suffix_validated_by_exact_duplicates,,,day,cv_first_middle_last_majority,storage/vision/datasets/classification/raw_videos/차대차/aihub_train_00004088_bb_1_180828_vehicle_194_079.mp4,True,auto_enriched_needs_human_review,,,8a4bcd6e747999e2c925e735fa376858ee81b52859064fd32624199ec3cf5c1b,,,/workspace/SKN27-FINAL-3Team/storage/vision/datasets/classification/raw_videos/차대차/aihub_train_00004088_bb_1_180828_vehicle_194_079.mp4,train,8a4bcd6e747999e2c925e735fa376858ee81b52859064fd32624199ec3cf5c1b,blackbox_unspecified,filename_capture_code:bb,car,dataset_coarse_label,1920
aihub_train_00004306_bb_1_200614_vehicle_05_003,car_vs_car,car_vs_car,,,10.0,car_vs_car,,,,15.0,150,2324fd24be87acb4|0320ff24b6a7e8f8|0b207724b2adf4f6|21247f20bca7f4f4|21247f28bc87f4f4,1080,aihub_source_suffix:05_003,source_filename_suffix_validated_by_exact_duplicates,,,day,cv_first_middle_last_majority,storage/vision/datasets/classification/raw_videos/차대차/aihub_train_00004306_bb_1_200614_vehicle_05_003.mp4,True,auto_enriched_needs_human_review,,,518bd929e740048a7f5fc4985a11b4aa522474a5319970dec03fa2ababffee51,,,/workspace/SKN27-FINAL-3Team/storage/vision/datasets/classification/raw_videos/차대차/aihub_train_00004306_bb_1_200614_vehicle_05_003.mp4,train,518bd929e740048a7f5fc4985a11b4aa522474a5319970dec03fa2ababffee51,blackbox_unspecified,filename_capture_code:bb,car,dataset_coarse_label,1920
aihub_train_00005064_bb_1_180702_vehicle_199_039,car_vs_car,car_vs_car,,,10.0,car_vs_car,,,,15.0,150,0189e2e1f37b37c4|2b0b82c3e3d1b5ce|a1ab1e4a5795b586|a3ab6e4a5bd39604|a3ab6a4a5bd39704,1080,aihub_source_suffix:199_039,source_filename_suffix_validated_by_exact_duplicates,,,day,cv_first_middle_last_majority,storage/vision/datasets/classification/raw_videos/차대차/aihub_train_00005064_bb_1_180702_vehicle_199_039.mp4,True,auto_enriched_needs_human_review,,,dbca76a88f41f7146f780c6f33e71db587129080704c18634c7be6f8a861ad89,,,/workspace/SKN27-FINAL-3Team/storage/vision/datasets/classification/raw_videos/차대차/aihub_train_00005064_bb_1_180702_vehicle_199_039.mp4,train,dbca76a88f41f7146f780c6f33e71db587129080704c18634c7be6f8a861ad89,blackbox_unspecified,filename_capture_code:bb,car,dataset_coarse_label,1920
aihub_train_00005693_bb_3_170327_vehicle_31_118,car_vs_car,car_vs_car,,,10.0,car_vs_car,,,,15.0,150,b84927fcfe2701d0|9e7871864e73a25a|981939ccce66e64e|985939989939f9cc|9c7d3786033388de,1080,aihub_source_suffix:31_118,source_filename_suffix_validated_by_exact_duplicates,,,night,cv_first_middle_last_majority,storage/vision/datasets/classification/raw_videos/차대차/aihub_train_00005693_bb_3_170327_vehicle_31_118.mp4,True,auto_enriched_needs_human_review,,,0abc0462d3fcd4d67ab835f6a5b2cf9bd9bb7bc9da85d1e0ac2190125955c5b7,,,/workspace/SKN27-FINAL-3Team/storage/vision/datasets/classification/raw_videos/차대차/aihub_train_00005693_bb_3_170327_vehicle_31_118.mp4,train,0abc0462d3fcd4d67ab835f6a5b2cf9bd9bb7bc9da85d1e0ac2190125955c5b7,blackbox_unspecified,filename_capture_code:bb,car,dataset_coarse_label,1920
aihub_train_00004250_bb_1_191118_vehicle_237_32858,car_vs_car,car_vs_car,,,10.0,car_vs_car,,,,15.0,150,2b2af2d4d42cb6d4|236ac8b4f6d86a96|296ad396fc94c670|2b2a5c94d4f2e65c|81807e7e46d6b47c,1080,aihub_source_suffix:237_32858,source_filename_suffix_validated_by_exact_duplicates,,,night,cv_first_middle_last_majority,storage/vision/datasets/classification/raw_videos/차대차/aihub_train_00004250_bb_1_191118_vehicle_237_32858.mp4,True,auto_enriched_needs_human_review,,,5ff13da2cf135156bda30360d9b09011878b6c9d2bcccd73bac00ecb3ce298e8,,,/workspace/SKN27-FINAL-3Team/storage/vision/datasets/classification/raw_videos/차대차/aihub_train_00004250_bb_1_191118_vehicle_237_32858.mp4,train,5ff13da2cf135156bda30360d9b09011878b6c9d2bcccd73bac00ecb3ce298e8,blackbox_unspecified,filename_capture_code:bb,car,dataset_coarse_label,1920
aihub_train_00005502_bb_1_220815_vehicle_259_22061,car_vs_car,car_vs_car,,,10.0,car_vs_car,,,,15.0,150,2b2bccc4d4f0787c|2b2bc6c4d4f0787c|2b0ac0d0f47c7cde|81086ad6dc7c74de|230bc2d4d47e7cd4,1080,aihub_source_suffix:259_22061,source_filename_suffix_validated_by_exact_duplicates,,,low_light,cv_first_middle_last_majority,storage/vision/datasets/classification/raw_videos/차대차/aihub_train_00005502_bb_1_220815_vehicle_259_22061.mp4,True,auto_enriched_needs_human_review,,,af856b61c92d37658bb2712976f8a0364fede14315b6525fe8c6ebd66bc06e43,,,/workspace/SKN27-FINAL-3Team/storage/vision/datasets/classification/raw_videos/차대차/aihub_train_00005502_bb_1_220815_vehicle_259_22061.mp4,train,af856b61c92d37658bb2712976f8a0364fede14315b6525fe8c6ebd66bc06e43,blackbox_unspecified,filename_capture_code:bb,car,dataset_coarse_label,1920
aihub_train_00003932_bb_1_170428_vehicle_19_087,car_vs_car,car_vs_car,,,10.0,car_vs_car,,,,15.0,150,8b89c3c6f4747ca4|9393d3c5c6e66838|9391d76786c7e038|bbbbcd6d4c093828|9989c78786e9783c,720,aihub_source_suffix:19_087,source_filename_suffix_validated_by_exact_duplicates,,,day,cv_first_middle_last_majority,storage/vision/datasets/classification/raw_videos/차대차/aihub_train_00003932_bb_1_170428_vehicle_19_087.mp4,True,auto_enriched_needs_human_review,,,8f5a3a81ccbd82a021afc30fd61d43baa12dfa1003cc2973a2a888f24ef661ef,,,/workspace/SKN27-FINAL-3Team/storage/vision/datasets/classification/raw_videos/차대차/aihub_train_00003932_bb_1_170428_vehicle_19_087.mp4,train,8f5a3a81ccbd82a021afc30fd61d43baa12dfa1003cc2973a2a888f24ef661ef,blackbox_unspecified,filename_capture_code:bb,car,dataset_coarse_label,1280
aihub_train_00005867_bb_3_201121_vehicle_117_181,car_vs_car,car_vs_car,,,10.0,car_vs_car,,,,15.0,150,2b1d4ec6c62b78d8|2b1d2ec6c66b6ad0|2b1d2edec2e968b0|0b1d26d6f26959b4|0b9163e0f4f65b98,1080,aihub_source_suffix:117_181,source_filename_suffix_validated_by_exact_duplicates,,,day,cv_first_middle_last_majority,storage/vision/datasets/classification/raw_videos/차대차/aihub_train_00005867_bb_3_201121_vehicle_117_181.mp4,True,auto_enriched_needs_human_review,,,47cf327d201c91dc2726e7953cd09a3496bca6e60451d8453fdc923a123da739,,,/workspace/SKN27-FINAL-3Team/storage/vision/datasets/classification/raw_videos/차대차/aihub_train_00005867_bb_3_201121_vehicle_117_181.mp4,train,47cf327d201c91dc2726e7953cd09a3496bca6e60451d8453fdc923a123da739,blackbox_unspecified,filename_capture_code:bb,car,dataset_coarse_label,1920
aihub_train_00004323_bb_1_200718_vehicle_112_257,car_vs_car,car_vs_car,,,10.0,car_vs_car,,,,15.0,150,19392f271b8a9e96|3b1b2b059dacce86|39092f2793aec3c6|39092f0797aec3c6|39092f0797aec3c6,1080,aihub_source_suffix:112_257,source_filename_suffix_validated_by_exact_duplicates,,,low_light,cv_first_middle_last_majority,storage/vision/datasets/classification/raw_videos/차대차/aihub_train_00004323_bb_1_200718_vehicle_112_257.mp4,True,auto_enriched_needs_human_review,,,8c7af9645f95c78ef1d67495f5743a23f17c0f0f480a8669693c13c1791e0e36,,,/workspace/SKN27-FINAL-3Team/storage/vision/datasets/classification/raw_videos/차대차/aihub_train_00004323_bb_1_200718_vehicle_112_257.mp4,train,8c7af9645f95c78ef1d67495f5743a23f17c0f0f480a8669693c13c1791e0e36,blackbox_unspecified,filename_capture_code:bb,car,dataset_coarse_label,1920
aihub_train_00003582_bb_1_121016_vehicle_48_021,car_vs_car,car_vs_car,,,10.0,car_vs_car,,,,15.0,150,82e0e1963a7f1e3c|f2fa4d52f351488a|a4581fa679a4d07e|e0e01f1e6fc180fe|e0e01f1e6fc190f6,1080,aihub_source_suffix:48_021,source_filename_suffix_validated_by_exact_duplicates,,,night,cv_first_middle_last_majority,storage/vision/datasets/classification/raw_videos/차대차/aihub_train_00003582_bb_1_121016_vehicle_48_021.mp4,True,auto_enriched_needs_human_review,,,ff0ef62abab5f0689e18a9c1715ee8b8631682991d3842132ba18d38e4394b1e,,,/workspace/SKN27-FINAL-3Team/storage/vision/datasets/classification/raw_videos/차대차/aihub_train_00003582_bb_1_121016_vehicle_48_021.mp4,val,ff0ef62abab5f0689e18a9c1715ee8b8631682991d3842132ba18d38e4394b1e,blackbox_unspecified,filename_capture_code:bb,car,dataset_coarse_label,1920
aihub_train_00006110_bb_1_150613_vehicle_223_21861,car_vs_car,car_vs_car,,,10.0,car_vs_car,,,,15.0,150,a184e45ada6e5e78|2b2262f8dcd6d670|232ec8d272dcdc74|8f92706c4c6c5a7e|87927076ce4c587e,1080,aihub_source_suffix:223_21861,source_filename_suffix_validated_by_exact_duplicates,,,low_light,cv_first_middle_last_majority,storage/vision/datasets/classification/raw_videos/차대차/aihub_train_00006110_bb_1_150613_vehicle_223_21861.mp4,True,auto_enriched_needs_human_review,,,6147f10d2034e2c3b213a08b10e946caba3610f9476e4baad0349820c793d5c6,,,/workspace/SKN27-FINAL-3Team/storage/vision/datasets/classification/raw_videos/차대차/aihub_train_00006110_bb_1_150613_vehicle_223_21861.mp4,train,6147f10d2034e2c3b213a08b10e946caba3610f9476e4baad0349820c793d5c6,blackbox_unspecified,filename_capture_code:bb,car,dataset_coarse_label,1920
aihub_train_00004570_bb_3_160324_vehicle_200_47580,car_vs_car,car_vs_car,,,10.0,car_vs_car,,,,15.0,150,8f87726878785cc6|8f8722787878ccce|8f872278787accc6|8f8762727a78d862|8f8772787a78d860,1080,aihub_source_suffix:200_47580,source_filename_suffix_validated_by_exact_duplicates,,,night,cv_first_middle_last_majority,storage/vision/datasets/classification/raw_videos/차대차/aihub_train_00004570_bb_3_160324_vehicle_200_47580.mp4,True,auto_enriched_needs_human_review,,,cac48c3593da70b91e69a15a447af4bc725dc4dae5fea2a6ec71bcbf657f00e8,,,/workspace/SKN27-FINAL-3Team/storage/vision/datasets/classification/raw_videos/차대차/aihub_train_00004570_bb_3_160324_vehicle_200_47580.mp4,train,cac48c3593da70b91e69a15a447af4bc725dc4dae5fea2a6ec71bcbf657f00e8,blackbox_unspecified,filename_capture_code:bb,car,dataset_coarse_label,1920
aihub_train_00006030_bb_1_140919_vehicle_200_027,car_vs_car,car_vs_car,,,10.0,car_vs_car,,,,15.0,150,0f1a13ec43bd6e68|1d1bccce856a13ce|1f138ccf8d6621ce|1d138dcf8d6261ce|1f1b85cf8d62618e,1080,aihub_source_suffix:200_027,source_filename_suffix_validated_by_exact_duplicates,,,day,cv_first_middle_last_majority,storage/vision/datasets/classification/raw_videos/차대차/aihub_train_00006030_bb_1_140919_vehicle_200_027.mp4,True,auto_enriched_needs_human_review,,,226192a34e88d1ecf4c9decf9ce20f94f8cc2098e2936948f7076c7bb42bd45f,,,/workspace/SKN27-FINAL-3Team/storage/vision/datasets/classification/raw_videos/차대차/aihub_train_00006030_bb_1_140919_vehicle_200_027.mp4,train,226192a34e88d1ecf4c9decf9ce20f94f8cc2098e2936948f7076c7bb42bd45f,blackbox_unspecified,filename_capture_code:bb,car,dataset_coarse_label,1920
aihub_train_00004253_bb_1_191125_vehicle_089_038,car_vs_car,car_vs_car,,,10.0,car_vs_car,,,,15.0,150,a791194ad6b1f586|81ab3c18c5efeb28|a3a45e56f5aa2668|8bba7e58e1a07a46|8b8afe58e5a07a46,1080,aihub_source_suffix:089_038,source_filename_suffix_validated_by_exact_duplicates,,,day,cv_first_middle_last_majority,storage/vision/datasets/classification/raw_videos/차대차/aihub_train_00004253_bb_1_191125_vehicle_089_038.mp4,True,auto_enriched_needs_human_review,,,e0f81eaec73b83e57c8e3c644d31b49e7ad9edc4d26da62d660f3f4adc418d34,,,/workspace/SKN27-FINAL-3Team/storage/vision/datasets/classification/raw_videos/차대차/aihub_train_00004253_bb_1_191125_vehicle_089_038.mp4,val,e0f81eaec73b83e57c8e3c644d31b49e7ad9edc4d26da62d660f3f4adc418d34,blackbox_unspecified,filename_capture_code:bb,car,dataset_coarse_label,1920
aihub_train_00005855_bb_3_200803_vehicle_203_31113,car_vs_car,car_vs_car,,,10.0,car_vs_car,,,,15.0,150,8b20f45e5cd664f4|832870de7cd6647c|832870dedcd2747c|8ba0705ed4d27e74|83a0645edcd6727c,1080,aihub_source_suffix:203_31113,source_filename_suffix_validated_by_exact_duplicates,,,low_light,cv_first_middle_last_majority,storage/vision/datasets/classification/raw_videos/차대차/aihub_train_00005855_bb_3_200803_vehicle_203_31113.mp4,True,auto_enriched_needs_human_review,,,0af4ae1b78c8431d555ec8dad9a4a945c409f6ec0167f95abf33945789b843d1,,,/workspace/SKN27-FINAL-3Team/storage/vision/datasets/classification/raw_videos/차대차/aihub_train_00005855_bb_3_200803_vehicle_203_31113.mp4,train,0af4ae1b78c8431d555ec8dad9a4a945c409f6ec0167f95abf33945789b843d1,blackbox_unspecified,filename_capture_code:bb,car,dataset_coarse_label,1920
aihub_train_00005313_bb_1_210309_vehicle_225_22154,car_vs_car,car_vs_car,,,10.0,car_vs_car,,,,15.0,150,3b7a5e8484e66ce8|3890d74e64e6c67a|23b67f48c8c8cf32|9192666c7c7e9b82|9192c66c6c7e9f82,1080,aihub_source_suffix:225_22154,source_filename_suffix_validated_by_exact_duplicates,,,night,cv_first_middle_last_majority,storage/vision/datasets/classification/raw_videos/차대차/aihub_train_00005313_bb_1_210309_vehicle_225_22154.mp4,True,auto_enriched_needs_human_review,,,aa8a7265825dc142f6a7ada375f76408fe39ce469100ebd5e0c3e31a39498c77,,,/workspace/SKN27-FINAL-3Team/storage/vision/datasets/classification/raw_videos/차대차/aihub_train_00005313_bb_1_210309_vehicle_225_22154.mp4,train,aa8a7265825dc142f6a7ada375f76408fe39ce469100ebd5e0c3e31a39498c77,blackbox_unspecified,filename_capture_code:bb,car,dataset_coarse_label,1920
aihub_train_00005228_bb_1_200224_vehicle_193_010,car_vs_car,car_vs_car,,,10.0,car_vs_car,,,,15.0,150,2b0ad4f47c3cd670|2b0ac6f4d43c7cd4|2b8ac6e4d4787e1c|0b0a76f4d4d4743e|890a76f4d4dc743c,1080,aihub_source_suffix:193_010,source_filename_suffix_validated_by_exact_duplicates,,,low_light,cv_first_middle_last_majority,storage/vision/datasets/classification/raw_videos/차대차/aihub_train_00005228_bb_1_200224_vehicle_193_010.mp4,True,auto_enriched_needs_human_review,,,dcbd6f0574db0104c0057c6b5abb5d7dc9a7b91d67b4201553a71425886ef292,,,/workspace/SKN27-FINAL-3Team/storage/vision/datasets/classification/raw_videos/차대차/aihub_train_00005228_bb_1_200224_vehicle_193_010.mp4,train,dcbd6f0574db0104c0057c6b5abb5d7dc9a7b91d67b4201553a71425886ef292,blackbox_unspecified,filename_capture_code:bb,car,dataset_coarse_label,1920
aihub_train_00005724_bb_3_171009_vehicle_245_21882,car_vs_car,car_vs_car,,,10.0,car_vs_car,,,,15.0,150,a0c07d3a5d0e5db6|20c0f53add0e7796|a2c07538dd0e67b6|a2c06f32933ced36|a2c0d53ad30edd36,1080,aihub_source_suffix:245_21882,source_filename_suffix_validated_by_exact_duplicates,,,night,cv_first_middle_last_majority,storage/vision/datasets/classification/raw_videos/차대차/aihub_train_00005724_bb_3_171009_vehicle_245_21882.mp4,True,auto_enriched_needs_human_review,,,fce70b5f772774cb3a666403e8d0065441deac7103d81fd5d5912944389a2a34,,,/workspace/SKN27-FINAL-3Team/storage/vision/datasets/classification/raw_videos/차대차/aihub_train_00005724_bb_3_171009_vehicle_245_21882.mp4,test,fce70b5f772774cb3a666403e8d0065441deac7103d81fd5d5912944389a2a34,blackbox_unspecified,filename_capture_code:bb,car,dataset_coarse_label,1920
aihub_train_00005409_bb_1_211127_vehicle_235_20703,car_vs_car,car_vs_car,,,10.0,car_vs_car,,,,15.0,150,892a6e56d4d47476|890a6a7ed4d4dc74|890a667cf4d4d678|83836e6c78f0d4d6|81816e2e7a7af4d4,1080,aihub_source_suffix:235_20703,source_filename_suffix_validated_by_exact_duplicates,,,low_light,cv_first_middle_last_majority,storage/vision/datasets/classification/raw_videos/차대차/aihub_train_00005409_bb_1_211127_vehicle_235_20703.mp4,True,auto_enriched_needs_human_review,,,ad85a6cf28c390946a8f33deddb7412daa382b20757a819471ca576abe03065f,,,/workspace/SKN27-FINAL-3Team/storage/vision/datasets/classification/raw_videos/차대차/aihub_train_00005409_bb_1_211127_vehicle_235_20703.mp4,train,ad85a6cf28c390946a8f33deddb7412daa382b20757a819471ca576abe03065f,blackbox_unspecified,filename_capture_code:bb,car,dataset_coarse_label,1920
aihub_train_00004929_bb_1_170215_vehicle_247_20252,car_vs_car,car_vs_car,,,10.0,car_vs_car,,,,15.0,150,87866c7a72d2cc6c|8584e67470dada6e|25a5c8ca7a7278f8|2d2c9692dad8dcd2|87867c3c78726666,1080,aihub_source_suffix:247_20252,source_filename_suffix_validated_by_exact_duplicates,,,night,cv_first_middle_last_majority,storage/vision/datasets/classification/raw_videos/차대차/aihub_train_00004929_bb_1_170215_vehicle_247_20252.mp4,True,auto_enriched_needs_human_review,,,41189791d8ed1f4bfb6d5de83667a774c9ef48259bc248422589c361184fc2bc,,,/workspace/SKN27-FINAL-3Team/storage/vision/datasets/classification/raw_videos/차대차/aihub_train_00004929_bb_1_170215_vehicle_247_20252.mp4,train,41189791d8ed1f4bfb6d5de83667a774c9ef48259bc248422589c361184fc2bc,blackbox_unspecified,filename_capture_code:bb,car,dataset_coarse_label,1920
aihub_train_00006105_bb_1_150527_vehicle_231_23220,car_vs_car,car_vs_car,,,10.0,car_vs_car,,,,15.0,150,81010276fcfdcf66|9999c4620a3d9eee|0f0f86c2f3a38cce|b7a3524a6b9a9634|b7a3524a6b9a9634,926,aihub_source_suffix:231_23220,source_filename_suffix_validated_by_exact_duplicates,,,low_light,cv_first_middle_last_majority,storage/vision/datasets/classification/raw_videos/차대차/aihub_train_00006105_bb_1_150527_vehicle_231_23220.mp4,True,auto_enriched_needs_human_review,,,f1592d63a145f6b836d4ecf5cef4f8f381a0b9f94aba700e3cd6f1d9aa085c04,,,/workspace/SKN27-FINAL-3Team/storage/vision/datasets/classification/raw_videos/차대차/aihub_train_00006105_bb_1_150527_vehicle_231_23220.mp4,train,f1592d63a145f6b836d4ecf5cef4f8f381a0b9f94aba700e3cd6f1d9aa085c04,blackbox_unspecified,filename_capture_code:bb,car,dataset_coarse_label,1920
aihub_train_00005863_bb_3_201111_vehicle_257_31612,car_vs_car,car_vs_car,,,10.0,car_vs_car,,,,15.0,150,0b0a6a6cdc94d6f6|0b086a6edc9cd4f6|2308686ede9ed4f4|230a686cf4d6d6d6|230a68e4f4d6ded4,1080,aihub_source_suffix:257_31612,source_filename_suffix_validated_by_exact_duplicates,,,low_light,cv_first_middle_last_majority,storage/vision/datasets/classification/raw_videos/차대차/aihub_train_00005863_bb_3_201111_vehicle_257_31612.mp4,True,auto_enriched_needs_human_review,,,3f25cc59ad53c23a3964b3a242f635acd67bebe99cca999bb02d62631cebddbf,,,/workspace/SKN27-FINAL-3Team/storage/vision/datasets/classification/raw_videos/차대차/aihub_train_00005863_bb_3_201111_vehicle_257_31612.mp4,train,3f25cc59ad53c23a3964b3a242f635acd67bebe99cca999bb02d62631cebddbf,blackbox_unspecified,filename_capture_code:bb,car,dataset_coarse_label,1920
aihub_train_00005811_bb_3_190702_vehicle_123_261,car_vs_car,car_vs_car,,,10.0,car_vs_car,,,,15.0,150,b392586ce4c6663e|99987e76761d8988|89887e3273f781cc|89887e3273bf85c4|898c7e323b9d85cc,1080,aihub_source_suffix:123_261,source_filename_suffix_validated_by_exact_duplicates,,,night,cv_first_middle_last_majority,storage/vision/datasets/classification/raw_videos/차대차/aihub_train_00005811_bb_3_190702_vehicle_123_261.mp4,True,auto_enriched_needs_human_review,,,c498c7ea43614be529618369ca83b84254fa844e751cd9f928edb62c8db4831b,,,/workspace/SKN27-FINAL-3Team/storage/vision/datasets/classification/raw_videos/차대차/aihub_train_00005811_bb_3_190702_vehicle_123_261.mp4,val,c498c7ea43614be529618369ca83b84254fa844e751cd9f928edb62c8db4831b,blackbox_unspecified,filename_capture_code:bb,car,dataset_coarse_label,1920
aihub_train_00006289_bb_1_161008_vehicle_198_041,car_vs_car,car_vs_car,,,10.0,car_vs_car,,,,15.0,150,999b87c666c78d24|8989a5a464f69eda|839387c66ef138d8|8b2f2998d2b1af62|8b2f2998d2b1af62,1080,aihub_source_suffix:198_041,source_filename_suffix_validated_by_exact_duplicates,,,low_light,cv_first_middle_last_majority,storage/vision/datasets/classification/raw_videos/차대차/aihub_train_00006289_bb_1_161008_vehicle_198_041.mp4,True,auto_enriched_needs_human_review,,,9d727c32709e0f027098840eb348999901712d80e32c335784da1552a85c1b20,,,/workspace/SKN27-FINAL-3Team/storage/vision/datasets/classification/raw_videos/차대차/aihub_train_00006289_bb_1_161008_vehicle_198_041.mp4,val,9d727c32709e0f027098840eb348999901712d80e32c335784da1552a85c1b20,blackbox_unspecified,filename_capture_code:bb,car,dataset_coarse_label,1920
aihub_train_00004067_bb_1_180614_vehicle_144_109,car_vs_car,car_vs_car,,,10.0,car_vs_car,,,,15.0,150,8b8bcdcc61b1b1b4|191bcd8ec39383bc|999bc7c6c1c1919e|3337c58cc981b3b6|9990e186672f9b96,1080,aihub_source_suffix:144_109,source_filename_suffix_validated_by_exact_duplicates,,,low_light,cv_first_middle_last_majority,storage/vision/datasets/classification/raw_videos/차대차/aihub_train_00004067_bb_1_180614_vehicle_144_109.mp4,True,auto_enriched_needs_human_review,,,9d759e7e801d8467b3aad74fd6fcac9293bf44bc801a6ef569c2165d773becd4,,,/workspace/SKN27-FINAL-3Team/storage/vision/datasets/classification/raw_videos/차대차/aihub_train_00004067_bb_1_180614_vehicle_144_109.mp4,train,9d759e7e801d8467b3aad74fd6fcac9293bf44bc801a6ef569c2165d773becd4,blackbox_unspecified,filename_capture_code:bb,car,dataset_coarse_label,1920
aihub_train_00004431_bb_1_211009_vehicle_313_032,car_vs_car,car_vs_car,,,10.0,car_vs_car,,,,15.0,150,c37ee06c03bfc02e|eb3ec44029bf427c|37dcc93691ab225c|4b3ce44a0db75a5c|4b3cd44a2db75a54,1080,aihub_source_suffix:313_032,source_filename_suffix_validated_by_exact_duplicates,,,low_light,cv_first_middle_last_majority,storage/vision/datasets/classification/raw_videos/차대차/aihub_train_00004431_bb_1_211009_vehicle_313_032.mp4,True,auto_enriched_needs_human_review,,,6c389d01d37e88b24c4df94a68bf9e9ed3d186f923bc907dd08a14487d857572,,,/workspace/SKN27-FINAL-3Team/storage/vision/datasets/classification/raw_videos/차대차/aihub_train_00004431_bb_1_211009_vehicle_313_032.mp4,test,6c389d01d37e88b24c4df94a68bf9e9ed3d186f923bc907dd08a14487d857572,blackbox_unspecified,filename_capture_code:bb,car,dataset_coarse_label,1920
aihub_train_00005314_bb_1_210315_vehicle_118_105,car_vs_car,car_vs_car,,,10.0,car_vs_car,,,,15.0,150,27196718d01c6fee|3f78ecd481193974|25194f26e21eeef0|2f194536f69ccb60|2319677ef614c9e0,1080,aihub_source_suffix:118_105,source_filename_suffix_validated_by_exact_duplicates,,,day,cv_first_middle_last_majority,storage/vision/datasets/classification/raw_videos/차대차/aihub_train_00005314_bb_1_210315_vehicle_118_105.mp4,True,auto_enriched_needs_human_review,,,de1e66b17908ed9775114108aa53a932408aa273e188fa5c53e6b424f06cc742,,,/workspace/SKN27-FINAL-3Team/storage/vision/datasets/classification/raw_videos/차대차/aihub_train_00005314_bb_1_210315_vehicle_118_105.mp4,test,de1e66b17908ed9775114108aa53a932408aa273e188fa5c53e6b424f06cc742,blackbox_unspecified,filename_capture_code:bb,car,dataset_coarse_label,1920
aihub_train_00004916_bb_1_170116_vehicle_141_079,car_vs_car,car_vs_car,,,10.0,car_vs_car,,,,15.0,150,ae7bf9186716c490|b6ffcf38e1074810|1af5ad1a6c954a3c|98736ccccf31f212|2c6d2d2d6d35cc34,1080,aihub_source_suffix:141_079,source_filename_suffix_validated_by_exact_duplicates,,,night,cv_first_middle_last_majority,storage/vision/datasets/classification/raw_videos/차대차/aihub_train_00004916_bb_1_170116_vehicle_141_079.mp4,True,auto_enriched_needs_human_review,,,d4822a61d672058e694234b5a7e4f6b8edf1f871e0a0e106706aefaa5b525f0c,,,/workspace/SKN27-FINAL-3Team/storage/vision/datasets/classification/raw_videos/차대차/aihub_train_00004916_bb_1_170116_vehicle_141_079.mp4,train,d4822a61d672058e694234b5a7e4f6b8edf1f871e0a0e106706aefaa5b525f0c,blackbox_unspecified,filename_capture_code:bb,car,dataset_coarse_label,1920
aihub_train_00005140_bb_1_190303_vehicle_46_248,car_vs_car,car_vs_car,,,10.0,car_vs_car,,,,15.0,150,152bd4ee7b2d1682|152bd5ea746e1784|112bd5ee7e2d1388|552bd5ee502d328e|152bd5ee306b1c8e,1080,aihub_source_suffix:46_248,source_filename_suffix_validated_by_exact_duplicates,,,day,cv_first_middle_last_majority,storage/vision/datasets/classification/raw_videos/차대차/aihub_train_00005140_bb_1_190303_vehicle_46_248.mp4,True,auto_enriched_needs_human_review,,,f9a3a237c7c92756292295a831b556f0a1d8e8beafe9af76a602525297b7e45e,,,/workspace/SKN27-FINAL-3Team/storage/vision/datasets/classification/raw_videos/차대차/aihub_train_00005140_bb_1_190303_vehicle_46_248.mp4,train,f9a3a237c7c92756292295a831b556f0a1d8e8beafe9af76a602525297b7e45e,blackbox_unspecified,filename_capture_code:bb,car,dataset_coarse_label,1920
aihub_train_00005752_bb_3_180427_vehicle_251_22144,car_vs_car,car_vs_car,,,10.0,car_vs_car,,,,15.0,150,a3884c7ed6c43a7c|a3804c5ed6f46c7a|a18a4ef0d6f4f05a|818a6ed0d47ef26c|81886e74d45cfa76,1080,aihub_source_suffix:251_22144,source_filename_suffix_validated_by_exact_duplicates,,,low_light,cv_first_middle_last_majority,storage/vision/datasets/classification/raw_videos/차대차/aihub_train_00005752_bb_3_180427_vehicle_251_22144.mp4,True,auto_enriched_needs_human_review,,,cb3c0fb09796eff192c8089508e18fdd138e6e30d47e622b0b534aa23bee9c6b,,,/workspace/SKN27-FINAL-3Team/storage/vision/datasets/classification/raw_videos/차대차/aihub_train_00005752_bb_3_180427_vehicle_251_22144.mp4,train,cb3c0fb09796eff192c8089508e18fdd138e6e30d47e622b0b534aa23bee9c6b,blackbox_unspecified,filename_capture_code:bb,car,dataset_coarse_label,1920
aihub_train_00005608_bb_3_141003_vehicle_144_088,car_vs_car,car_vs_car,,,10.0,car_vs_car,,,,15.0,150,8f0b6160d1d8ffb0|8b0b6160d1dcfdb4|85055750d1d87fae|090143c2f4fcfdae|090143e6f4f8fb2e,1080,aihub_source_suffix:144_088,source_filename_suffix_validated_by_exact_duplicates,,,day,cv_first_middle_last_majority,storage/vision/datasets/classification/raw_videos/차대차/aihub_train_00005608_bb_3_141003_vehicle_144_088.mp4,True,auto_enriched_needs_human_review,,,d70c1cb0bc08af00d6238e4c84f75f1cbb97aad2aa5963ca15340714badaf5ac,,,/workspace/SKN27-FINAL-3Team/storage/vision/datasets/classification/raw_videos/차대차/aihub_train_00005608_bb_3_141003_vehicle_144_088.mp4,train,d70c1cb0bc08af00d6238e4c84f75f1cbb97aad2aa5963ca15340714badaf5ac,blackbox_unspecified,filename_capture_code:bb,car,dataset_coarse_label,1920
aihub_train_00003995_bb_1_170930_vehicle_220_31058,car_vs_car,car_vs_car,,,10.0,car_vs_car,,,,15.0,150,29b8f4c6c4c71b3a|0b0a7c7c7cf0d0f4|2b2a62d6d6c4dc9c|2b2a64f4d6c6d694|3b3a66c4d4c6c6b4,1080,aihub_source_suffix:220_31058,source_filename_suffix_validated_by_exact_duplicates,,,night,cv_first_middle_last_majority,storage/vision/datasets/classification/raw_videos/차대차/aihub_train_00003995_bb_1_170930_vehicle_220_31058.mp4,True,auto_enriched_needs_human_review,,,a587485835b60432e27b25c3f59e27cf948b5d7d05856e6e8ce01b3d4e62fb16,,,/workspace/SKN27-FINAL-3Team/storage/vision/datasets/classification/raw_videos/차대차/aihub_train_00003995_bb_1_170930_vehicle_220_31058.mp4,train,a587485835b60432e27b25c3f59e27cf948b5d7d05856e6e8ce01b3d4e62fb16,blackbox_unspecified,filename_capture_code:bb,car,dataset_coarse_label,1920
aihub_train_00006091_bb_1_150420_vehicle_112_244,car_vs_car,car_vs_car,,,10.0,car_vs_car,,,,15.0,150,9995a7a071b09f2e|9383a1e07938b73e|a9a101145bfaf78e|2b2f9bd899b0658a|2b2f9b98d9a46d88,1080,aihub_source_suffix:112_244,source_filename_suffix_validated_by_exact_duplicates,,,day,cv_first_middle_last_majority,storage/vision/datasets/classification/raw_videos/차대차/aihub_train_00006091_bb_1_150420_vehicle_112_244.mp4,True,auto_enriched_needs_human_review,,,52b8aeaef3e85b1c99f4bb15d90f57508d313102457b89a33a4a02e0f4b0ff1b,,,/workspace/SKN27-FINAL-3Team/storage/vision/datasets/classification/raw_videos/차대차/aihub_train_00006091_bb_1_150420_vehicle_112_244.mp4,train,52b8aeaef3e85b1c99f4bb15d90f57508d313102457b89a33a4a02e0f4b0ff1b,blackbox_unspecified,filename_capture_code:bb,car,dataset_coarse_label,1920
aihub_train_00006297_bb_1_161103_vehicle_252_23684,car_vs_car,car_vs_car,,,10.0,car_vs_car,,,,15.0,150,2d697924d2d36cd2|2fccd033692d86d6|5554aaaaab54acae|5554aaabe25da2aa|5554aaaaaa5eaaaa,926,aihub_source_suffix:252_23684,source_filename_suffix_validated_by_exact_duplicates,,,night,cv_first_middle_last_majority,storage/vision/datasets/classification/raw_videos/차대차/aihub_train_00006297_bb_1_161103_vehicle_252_23684.mp4,True,auto_enriched_needs_human_review,,,3ca2ee640f3608f073c8e37c44affe43bc78c435e3fcc021fbda72c29f7c3e00,,,/workspace/SKN27-FINAL-3Team/storage/vision/datasets/classification/raw_videos/차대차/aihub_train_00006297_bb_1_161103_vehicle_252_23684.mp4,val,3ca2ee640f3608f073c8e37c44affe43bc78c435e3fcc021fbda72c29f7c3e00,blackbox_unspecified,filename_capture_code:bb,car,dataset_coarse_label,1920
aihub_train_00006219_bb_1_160423_vehicle_145_106,car_vs_car,car_vs_car,,,10.0,car_vs_car,,,,15.0,150,808b6a72569df46e|9ad1246de9917ce4|a0950e79ed06dadc|87f1304ec7117cae|8ff1304e87117cae,1080,aihub_source_suffix:145_106,source_filename_suffix_validated_by_exact_duplicates,,,day,cv_first_middle_last_majority,storage/vision/datasets/classification/raw_videos/차대차/aihub_train_00006219_bb_1_160423_vehicle_145_106.mp4,True,auto_enriched_needs_human_review,,,e0a0c8a78863efe2af5d3a0881ce4e1229337ea65268d84746d48c2b159928cc,,,/workspace/SKN27-FINAL-3Team/storage/vision/datasets/classification/raw_videos/차대차/aihub_train_00006219_bb_1_160423_vehicle_145_106.mp4,test,e0a0c8a78863efe2af5d3a0881ce4e1229337ea65268d84746d48c2b159928cc,blackbox_unspecified,filename_capture_code:bb,car,dataset_coarse_label,1920
aihub_train_00006063_bb_1_150202_vehicle_148_322,car_vs_car,car_vs_car,,,10.0,car_vs_car,,,,15.0,150,29e9a252816fee56|9a990ec6fb1c887c|989d0ce7739d8272|8e632de6711986ec|8c632de6f119a2ec,1080,aihub_source_suffix:148_322,source_filename_suffix_validated_by_exact_duplicates,,,day,cv_first_middle_last_majority,storage/vision/datasets/classification/raw_videos/차대차/aihub_train_00006063_bb_1_150202_vehicle_148_322.mp4,True,auto_enriched_needs_human_review,,,2f328fa56c5475f2783c4504584ba2da7967f8800ca880183ca3b3a4ad6a47f9,,,/workspace/SKN27-FINAL-3Team/storage/vision/datasets/classification/raw_videos/차대차/aihub_train_00006063_bb_1_150202_vehicle_148_322.mp4,train,2f328fa56c5475f2783c4504584ba2da7967f8800ca880183ca3b3a4ad6a47f9,blackbox_unspecified,filename_capture_code:bb,car,dataset_coarse_label,1920
aihub_train_00004010_bb_1_171105_vehicle_147_042,car_vs_car,car_vs_car,,,10.0,car_vs_car,,,,15.0,150,b9987dcf840cdf04|87c6dfdd05c5c510|9118df51aabe3782|9118fb71aab63782|9118fb71aab633c2,1080,aihub_source_suffix:147_042,source_filename_suffix_validated_by_exact_duplicates,,,day,cv_first_middle_last_majority,storage/vision/datasets/classification/raw_videos/차대차/aihub_train_00004010_bb_1_171105_vehicle_147_042.mp4,True,auto_enriched_needs_human_review,,,6c7e15a436c94402c7eb0c3dcc680ff2d169568b456bbc37dc0b3e3a23a42542,,,/workspace/SKN27-FINAL-3Team/storage/vision/datasets/classification/raw_videos/차대차/aihub_train_00004010_bb_1_171105_vehicle_147_042.mp4,train,6c7e15a436c94402c7eb0c3dcc680ff2d169568b456bbc37dc0b3e3a23a42542,blackbox_unspecified,filename_capture_code:bb,car,dataset_coarse_label,1920
aihub_train_00005635_bb_3_150730_vehicle_195_106,car_vs_car,car_vs_car,,,10.0,car_vs_car,,,,15.0,150,5b9b9a84a465257e|559fa8a4d64a257c|d79f09221aa0e75e|e79709043e28b6fa|d393197f7e2c84c0,1080,aihub_source_suffix:195_106,source_filename_suffix_validated_by_exact_duplicates,,,day,cv_first_middle_last_majority,storage/vision/datasets/classification/raw_videos/차대차/aihub_train_00005635_bb_3_150730_vehicle_195_106.mp4,True,auto_enriched_needs_human_review,,,90253994be4ab5eea68238f6c7af41a8a6bd40daaf6c5d40d8666b8e11a09b1b,,,/workspace/SKN27-FINAL-3Team/storage/vision/datasets/classification/raw_videos/차대차/aihub_train_00005635_bb_3_150730_vehicle_195_106.mp4,train,90253994be4ab5eea68238f6c7af41a8a6bd40daaf6c5d40d8666b8e11a09b1b,blackbox_unspecified,filename_capture_code:bb,car,dataset_coarse_label,1920
aihub_train_00005634_bb_3_150627_vehicle_147_143,car_vs_car,car_vs_car,,,10.0,car_vs_car,,,,15.0,150,b7b0838b99d1d0ec|3530d39b9b95960e|3f3a9b9bb98184c4|39109713bb8dcce6|1b10b717abab86c6,1080,aihub_source_suffix:147_143,source_filename_suffix_validated_by_exact_duplicates,,,day,cv_first_middle_last_majority,storage/vision/datasets/classification/raw_videos/차대차/aihub_train_00005634_bb_3_150627_vehicle_147_143.mp4,True,auto_enriched_needs_human_review,,,6594af42136799395ffd0e0d49d75149d4e97005b57e7257019b97fbaf6da1b2,,,/workspace/SKN27-FINAL-3Team/storage/vision/datasets/classification/raw_videos/차대차/aihub_train_00005634_bb_3_150627_vehicle_147_143.mp4,test,6594af42136799395ffd0e0d49d75149d4e97005b57e7257019b97fbaf6da1b2,blackbox_unspecified,filename_capture_code:bb,car,dataset_coarse_label,1920
aihub_train_00000039_bb_1_200806_pedestrian_36_031,car_vs_pedestrian,car_vs_pedestrian,,,10.0,car_vs_pedestrian,,,,15.0,150,82ce79386586f27c|80c67e386586d2fe|e1c1621e5e2e3f0e|e1c1b01c5e0e3f9e|e1c1b00e7f0e1f1e,1080,aihub_source_suffix:36_031,source_filename_suffix_validated_by_exact_duplicates,,,low_light,cv_first_middle_last_majority,storage/vision/datasets/classification/raw_videos/차대보행자/aihub_train_00000039_bb_1_200806_pedestrian_36_031.mp4,True,auto_enriched_needs_human_review,,,dd4586bb7f1d49f39e784578dcf1f048321dc2b44e58dddc19eb9570328ed46a,,,/workspace/SKN27-FINAL-3Team/storage/vision/datasets/classification/raw_videos/차대보행자/aihub_train_00000039_bb_1_200806_pedestrian_36_031.mp4,train,dd4586bb7f1d49f39e784578dcf1f048321dc2b44e58dddc19eb9570328ed46a,blackbox_unspecified,filename_capture_code:bb,pedestrian,dataset_coarse_label,1920
aihub_train_00000099_bb_1_190214_pedestrian_238_22113,car_vs_pedestrian,car_vs_pedestrian,,,10.0,car_vs_pedestrian,,,,15.0,150,92ee3861c7927d38|8266387dc7c27b38|e1e1261e0e3e1ff0|e1e1b07e0e3e1f60|e1e1907e3e1e1f60,926,aihub_source_suffix:238_22113,source_filename_suffix_validated_by_exact_duplicates,,,night,cv_first_middle_last_majority,storage/vision/datasets/classification/raw_videos/차대보행자/aihub_train_00000099_bb_1_190214_pedestrian_238_22113.mp4,True,auto_enriched_needs_human_review,,,a78c08810363a8c005caef6f07caa78df3d85a476b27ace00f1fcc478c64e432,,,/workspace/SKN27-FINAL-3Team/storage/vision/datasets/classification/raw_videos/차대보행자/aihub_train_00000099_bb_1_190214_pedestrian_238_22113.mp4,train,a78c08810363a8c005caef6f07caa78df3d85a476b27ace00f1fcc478c64e432,blackbox_unspecified,filename_capture_code:bb,pedestrian,dataset_coarse_label,1920
aihub_train_00000031_bb_1_200224_pedestrian_199_083,car_vs_pedestrian,car_vs_pedestrian,,,10.0,car_vs_pedestrian,,,,15.0,150,b9b5a564c193c61e|b9ade5cce129c2c2|9987a46c79195ed2|9bada4a47d19564a|192fa6a475115ece,720,aihub_source_suffix:199_083,source_filename_suffix_validated_by_exact_duplicates,,,day,cv_first_middle_last_majority,storage/vision/datasets/classification/raw_videos/차대보행자/aihub_train_00000031_bb_1_200224_pedestrian_199_083.mp4,True,auto_enriched_needs_human_review,,,5405285ec1387f0beef45443f0b968fa1ddc6f678e797839d40bd89f832ab81d,,,/workspace/SKN27-FINAL-3Team/storage/vision/datasets/classification/raw_videos/차대보행자/aihub_train_00000031_bb_1_200224_pedestrian_199_083.mp4,train,5405285ec1387f0beef45443f0b968fa1ddc6f678e797839d40bd89f832ab81d,blackbox_unspecified,filename_capture_code:bb,pedestrian,dataset_coarse_label,1280
aihub_train_00000033_bb_1_200319_pedestrian_230_21815,car_vs_pedestrian,car_vs_pedestrian,,,10.0,car_vs_pedestrian,,,,15.0,150,31a1e4c6c2da5a7e|933f2cc4e078daca|3b396ce4c4d2d2d2|1b1b6c6ce4f0d4d4|1b1b6c6ce4f0d4d4,1080,aihub_source_suffix:230_21815,source_filename_suffix_validated_by_exact_duplicates,,,night,cv_first_middle_last_majority,storage/vision/datasets/classification/raw_videos/차대보행자/aihub_train_00000033_bb_1_200319_pedestrian_230_21815.mp4,True,auto_enriched_needs_human_review,,,f19d5d5833f7b5026960ef29a5064134811cc57926d85574628a1fafbbd8ab0e,,,/workspace/SKN27-FINAL-3Team/storage/vision/datasets/classification/raw_videos/차대보행자/aihub_train_00000033_bb_1_200319_pedestrian_230_21815.mp4,train,f19d5d5833f7b5026960ef29a5064134811cc57926d85574628a1fafbbd8ab0e,blackbox_unspecified,filename_capture_code:bb,pedestrian,dataset_coarse_label,1920
aihub_train_00000133_bb_1_160910_pedestrian_111_045,car_vs_pedestrian,car_vs_pedestrian,,,10.0,car_vs_pedestrian,,,,15.0,150,2b3bdff46041095e|2b3ec580e0f19d5e|2900c1c67e7b3d5e|2100cde67a791d7e|0900c1c67e7b3d7e,1080,aihub_source_suffix:111_045,source_filename_suffix_validated_by_exact_duplicates,,,day,cv_first_middle_last_majority,storage/vision/datasets/classification/raw_videos/차대보행자/aihub_train_00000133_bb_1_160910_pedestrian_111_045.mp4,True,auto_enriched_needs_human_review,,,e2cc9ac0ea7a40571c6843d103dc8e3789d52dd0282f58bce411da65b7e9c433,,,/workspace/SKN27-FINAL-3Team/storage/vision/datasets/classification/raw_videos/차대보행자/aihub_train_00000133_bb_1_160910_pedestrian_111_045.mp4,test,e2cc9ac0ea7a40571c6843d103dc8e3789d52dd0282f58bce411da65b7e9c433,blackbox_unspecified,filename_capture_code:bb,pedestrian,dataset_coarse_label,1920
aihub_train_00000011_bb_1_170127_pedestrian_38_005,car_vs_pedestrian,car_vs_pedestrian,,,10.0,car_vs_pedestrian,,,,15.0,150,b9b5a56cc113c61e|b9ade5cce1a1c2c2|89a7a6e4711d5e52|9b8da4a47d195e4a|9ba5a6a475195e4a,1080,aihub_source_suffix:38_005,source_filename_suffix_validated_by_exact_duplicates,,,day,cv_first_middle_last_majority,storage/vision/datasets/classification/raw_videos/차대보행자/aihub_train_00000011_bb_1_170127_pedestrian_38_005.mp4,True,auto_enriched_needs_human_review,,,13bff641d9c6490d80f9c0741481cc9314cb31380af1c931e133b49613154a69,,,/workspace/SKN27-FINAL-3Team/storage/vision/datasets/classification/raw_videos/차대보행자/aihub_train_00000011_bb_1_170127_pedestrian_38_005.mp4,train,13bff641d9c6490d80f9c0741481cc9314cb31380af1c931e133b49613154a69,blackbox_unspecified,filename_capture_code:bb,pedestrian,dataset_coarse_label,1920
aihub_train_00000073_bb_1_160607_pedestrian_257_21761,car_vs_pedestrian,car_vs_pedestrian,,,10.0,car_vs_pedestrian,,,,15.0,150,2928cec7c728ceb6|9b9e8e6435304f9a|3b2b0a4adb966696|292d84dedb966712|292da4da9b966792,926,aihub_source_suffix:257_21761,source_filename_suffix_validated_by_exact_duplicates,,,low_light,cv_first_middle_last_majority,storage/vision/datasets/classification/raw_videos/차대보행자/aihub_train_00000073_bb_1_160607_pedestrian_257_21761.mp4,True,auto_enriched_needs_human_review,,,9bee0f3bb5cea616042f41e7a5e1630870832a5d72679c2b1635016652e59083,,,/workspace/SKN27-FINAL-3Team/storage/vision/datasets/classification/raw_videos/차대보행자/aihub_train_00000073_bb_1_160607_pedestrian_257_21761.mp4,train,9bee0f3bb5cea616042f41e7a5e1630870832a5d72679c2b1635016652e59083,blackbox_unspecified,filename_capture_code:bb,pedestrian,dataset_coarse_label,1920
aihub_train_00000107_bb_1_200121_pedestrian_214_21581,car_vs_pedestrian,car_vs_pedestrian,,,10.0,car_vs_pedestrian,,,,15.0,150,81909d6a762e4e7e|a1a01b6a5c5edcdc|2ba2b64ed42ce4f4|2b20374ad8dcdcdc|2b20374ad85edcdc,1080,aihub_source_suffix:214_21581,source_filename_suffix_validated_by_exact_duplicates,,,low_light,cv_first_middle_last_majority,storage/vision/datasets/classification/raw_videos/차대보행자/aihub_train_00000107_bb_1_200121_pedestrian_214_21581.mp4,True,auto_enriched_needs_human_review,,,9281a88f046ffeb410cd54c168bae59acd5484c001d6f87c1a2d458b93e79c75,,,/workspace/SKN27-FINAL-3Team/storage/vision/datasets/classification/raw_videos/차대보행자/aihub_train_00000107_bb_1_200121_pedestrian_214_21581.mp4,train,9281a88f046ffeb410cd54c168bae59acd5484c001d6f87c1a2d458b93e79c75,blackbox_unspecified,filename_capture_code:bb,pedestrian,dataset_coarse_label,1920
aihub_train_00000094_bb_1_180725_pedestrian_125_194,car_vs_pedestrian,car_vs_pedestrian,,,10.0,car_vs_pedestrian,,,,15.0,150,6909838b7de5c65a|23819b1b4ae3a7f4|3f3b958584a5a746|1b1b8f8f04e5c5c6|73189393da466766,1080,aihub_source_suffix:125_194,source_filename_suffix_validated_by_exact_duplicates,,,day,cv_first_middle_last_majority,storage/vision/datasets/classification/raw_videos/차대보행자/aihub_train_00000094_bb_1_180725_pedestrian_125_194.mp4,True,auto_enriched_needs_human_review,,,bdf74db9055e22b6adc235efc12117e37a40a8df4704c6af5ec09a40264e1ac7,,,/workspace/SKN27-FINAL-3Team/storage/vision/datasets/classification/raw_videos/차대보행자/aihub_train_00000094_bb_1_180725_pedestrian_125_194.mp4,train,bdf74db9055e22b6adc235efc12117e37a40a8df4704c6af5ec09a40264e1ac7,blackbox_unspecified,filename_capture_code:bb,pedestrian,dataset_coarse_label,1920
aihub_train_00000128_bb_1_160521_pedestrian_251_22043,car_vs_pedestrian,car_vs_pedestrian,,,10.0,car_vs_pedestrian,,,,15.0,150,3b32b2d4c8cc6cec|2526c6d93922f6d6|2d2878d89e9676c6|2524f0dada1a7ad6|2524f0da9a1a7ed6,1080,aihub_source_suffix:251_22043,source_filename_suffix_validated_by_exact_duplicates,,,night,cv_first_middle_last_majority,storage/vision/datasets/classification/raw_videos/차대보행자/aihub_train_00000128_bb_1_160521_pedestrian_251_22043.mp4,True,auto_enriched_needs_human_review,,,808770cc059225069e52d5e3bc560f821c981fbf1bfd0f56a1d702d5ef30e4d7,,,/workspace/SKN27-FINAL-3Team/storage/vision/datasets/classification/raw_videos/차대보행자/aihub_train_00000128_bb_1_160521_pedestrian_251_22043.mp4,train,808770cc059225069e52d5e3bc560f821c981fbf1bfd0f56a1d702d5ef30e4d7,blackbox_unspecified,filename_capture_code:bb,pedestrian,dataset_coarse_label,1920
aihub_train_00000026_bb_1_190917_pedestrian_195_209,car_vs_pedestrian,car_vs_pedestrian,,,10.0,car_vs_pedestrian,,,,15.0,150,1118f8aeeee64656|bffecd0810646732|b634c9ba32da48da|55549a222efaabaa|f7de5e0520e0893e,1080,aihub_source_suffix:195_209,source_filename_suffix_validated_by_exact_duplicates,,,night,cv_first_middle_last_majority,storage/vision/datasets/classification/raw_videos/차대보행자/aihub_train_00000026_bb_1_190917_pedestrian_195_209.mp4,True,auto_enriched_needs_human_review,,,16305539c7f12428bf55def13c7fd857156c13f981e0a2305083f73ff2ab7c05,,,/workspace/SKN27-FINAL-3Team/storage/vision/datasets/classification/raw_videos/차대보행자/aihub_train_00000026_bb_1_190917_pedestrian_195_209.mp4,train,16305539c7f12428bf55def13c7fd857156c13f981e0a2305083f73ff2ab7c05,blackbox_unspecified,filename_capture_code:bb,pedestrian,dataset_coarse_label,1920
aihub_train_00000049_bb_1_210619_pedestrian_216_20629,car_vs_pedestrian,car_vs_pedestrian,,,10.0,car_vs_pedestrian,,,,15.0,150,998e6e7130c2cf2e|8f8e6c7130e2cf0e|391a64e4b39b9b38|989a66f3991cc726|9d9c62739d9c6162,1080,aihub_source_suffix:216_20629,source_filename_suffix_validated_by_exact_duplicates,,,night,cv_first_middle_last_majority,storage/vision/datasets/classification/raw_videos/차대보행자/aihub_train_00000049_bb_1_210619_pedestrian_216_20629.mp4,True,auto_enriched_needs_human_review,,,d6e8fa9746ae0fa0176aff54cd97adab1988e62958232b51f6dbf886dcd70b5c,,,/workspace/SKN27-FINAL-3Team/storage/vision/datasets/classification/raw_videos/차대보행자/aihub_train_00000049_bb_1_210619_pedestrian_216_20629.mp4,train,d6e8fa9746ae0fa0176aff54cd97adab1988e62958232b51f6dbf886dcd70b5c,blackbox_unspecified,filename_capture_code:bb,pedestrian,dataset_coarse_label,1920
aihub_train_00000052_bb_1_210818_pedestrian_144_154,car_vs_pedestrian,car_vs_pedestrian,,,10.0,car_vs_pedestrian,,,,15.0,150,8181392e6f6fa978|8b8395e1c2f6f1c8|29292daacaebc0f6|290bbc7ecba38326|2929947ecb2b83b6,1080,aihub_source_suffix:144_154,source_filename_suffix_validated_by_exact_duplicates,,,day,cv_first_middle_last_majority,storage/vision/datasets/classification/raw_videos/차대보행자/aihub_train_00000052_bb_1_210818_pedestrian_144_154.mp4,True,auto_enriched_needs_human_review,,,254f2ac495862a874f3349298ac28e2f772850517768ca229996e94f08f889ae,,,/workspace/SKN27-FINAL-3Team/storage/vision/datasets/classification/raw_videos/차대보행자/aihub_train_00000052_bb_1_210818_pedestrian_144_154.mp4,test,254f2ac495862a874f3349298ac28e2f772850517768ca229996e94f08f889ae,blackbox_unspecified,filename_capture_code:bb,pedestrian,dataset_coarse_label,1920
aihub_train_00000141_bb_1_170630_pedestrian_44_004,car_vs_pedestrian,car_vs_pedestrian,,,10.0,car_vs_pedestrian,,,,15.0,150,906e3f81c03fbfc0|b06e1f89f03e0fe0|9e60318ef63007fe|b26c3183fe3c81ce|926e3982ff3c01ce,1080,aihub_source_suffix:44_004,source_filename_suffix_validated_by_exact_duplicates,,,night,cv_first_middle_last_majority,storage/vision/datasets/classification/raw_videos/차대보행자/aihub_train_00000141_bb_1_170630_pedestrian_44_004.mp4,True,auto_enriched_needs_human_review,,,54b0ac4965d44eb4334b97c499450b1ccf31e53939d4177f97552133452a07f1,,,/workspace/SKN27-FINAL-3Team/storage/vision/datasets/classification/raw_videos/차대보행자/aihub_train_00000141_bb_1_170630_pedestrian_44_004.mp4,test,54b0ac4965d44eb4334b97c499450b1ccf31e53939d4177f97552133452a07f1,blackbox_unspecified,filename_capture_code:bb,pedestrian,dataset_coarse_label,1920
aihub_train_00000135_bb_1_160930_pedestrian_222_22036,car_vs_pedestrian,car_vs_pedestrian,,,10.0,car_vs_pedestrian,,,,15.0,150,826c7f81c27e7d82|906e3f89c07e3fc0|9866379de0720fe4|926c3d87ce3c4d86|926c398fee3c0d86,1080,aihub_source_suffix:222_22036,source_filename_suffix_validated_by_exact_duplicates,,,night,cv_first_middle_last_majority,storage/vision/datasets/classification/raw_videos/차대보행자/aihub_train_00000135_bb_1_160930_pedestrian_222_22036.mp4,True,auto_enriched_needs_human_review,,,708a08b0f3dfdc20464e510e623feb26ca8102cc761a47f0a3b23be9403354ec,,,/workspace/SKN27-FINAL-3Team/storage/vision/datasets/classification/raw_videos/차대보행자/aihub_train_00000135_bb_1_160930_pedestrian_222_22036.mp4,val,708a08b0f3dfdc20464e510e623feb26ca8102cc761a47f0a3b23be9403354ec,blackbox_unspecified,filename_capture_code:bb,pedestrian,dataset_coarse_label,1920
aihub_train_00000114_bb_1_201030_pedestrian_117_095,car_vs_pedestrian,car_vs_pedestrian,,,10.0,car_vs_pedestrian,,,,15.0,150,9d8ce666727838d2|999866e666e2f066|999836e66668ccec|33969c48d87a723e|33968c48d87a72be,1080,aihub_source_suffix:117_095,source_filename_suffix_validated_by_exact_duplicates,,,low_light,cv_first_middle_last_majority,storage/vision/datasets/classification/raw_videos/차대보행자/aihub_train_00000114_bb_1_201030_pedestrian_117_095.mp4,True,auto_enriched_needs_human_review,,,dded6aa242217a2332d5401e882beb5a91bbb64eb6df2ba9a013c65970a93d5d,,,/workspace/SKN27-FINAL-3Team/storage/vision/datasets/classification/raw_videos/차대보행자/aihub_train_00000114_bb_1_201030_pedestrian_117_095.mp4,train,dded6aa242217a2332d5401e882beb5a91bbb64eb6df2ba9a013c65970a93d5d,blackbox_unspecified,filename_capture_code:bb,pedestrian,dataset_coarse_label,1920
aihub_train_00000028_bb_1_191102_pedestrian_149_243,car_vs_pedestrian,car_vs_pedestrian,,,10.0,car_vs_pedestrian,,,,15.0,150,34568da87b93c17c|b05e8fa86b9fe044|b25ccfa21fe3980c|b05e8daa4fbe604c|b0468dba6fafd00c,1080,aihub_source_suffix:149_243,source_filename_suffix_validated_by_exact_duplicates,,,night,cv_first_middle_last_majority,storage/vision/datasets/classification/raw_videos/차대보행자/aihub_train_00000028_bb_1_191102_pedestrian_149_243.mp4,True,auto_enriched_needs_human_review,,,c4db44a705e9e21cb1107d2208b32c17db91c5eb34d4af63656b0f91b6b0d858,,,/workspace/SKN27-FINAL-3Team/storage/vision/datasets/classification/raw_videos/차대보행자/aihub_train_00000028_bb_1_191102_pedestrian_149_243.mp4,train,c4db44a705e9e21cb1107d2208b32c17db91c5eb34d4af63656b0f91b6b0d858,blackbox_unspecified,filename_capture_code:bb,pedestrian,dataset_coarse_label,1920
aihub_train_00000113_bb_1_200908_pedestrian_113_200,car_vs_pedestrian,car_vs_pedestrian,,,10.0,car_vs_pedestrian,,,,15.0,150,83832b6a5d4be366|a929a585c0e6d3de|292b3237b32b8b36|2909bc7ecba38336|2929987edb2187b6,1080,aihub_source_suffix:113_200,source_filename_suffix_validated_by_exact_duplicates,,,day,cv_first_middle_last_majority,storage/vision/datasets/classification/raw_videos/차대보행자/aihub_train_00000113_bb_1_200908_pedestrian_113_200.mp4,True,auto_enriched_needs_human_review,,,5affdfc7b414ffc2a83d5acb75e7982c0d2a50a71803cd246dee432f44bb41c3,,,/workspace/SKN27-FINAL-3Team/storage/vision/datasets/classification/raw_videos/차대보행자/aihub_train_00000113_bb_1_200908_pedestrian_113_200.mp4,train,5affdfc7b414ffc2a83d5acb75e7982c0d2a50a71803cd246dee432f44bb41c3,blackbox_unspecified,filename_capture_code:bb,pedestrian,dataset_coarse_label,1920
aihub_train_00000160_bb_1_180624_pedestrian_235_21836,car_vs_pedestrian,car_vs_pedestrian,,,10.0,car_vs_pedestrian,,,,15.0,150,34cccb3337ced860|87467839b7c6c634|a1605e1f9ed6f1a0|a1323e4e3ed9c8e8|22e4dd3a66d72968,1080,aihub_source_suffix:235_21836,source_filename_suffix_validated_by_exact_duplicates,,,night,cv_first_middle_last_majority,storage/vision/datasets/classification/raw_videos/차대보행자/aihub_train_00000160_bb_1_180624_pedestrian_235_21836.mp4,True,auto_enriched_needs_human_review,,,ccf9821ab6b45a303670b0b4bbeb4b9c183892732c901b3e3b4ec5381f32ef64,,,/workspace/SKN27-FINAL-3Team/storage/vision/datasets/classification/raw_videos/차대보행자/aihub_train_00000160_bb_1_180624_pedestrian_235_21836.mp4,train,ccf9821ab6b45a303670b0b4bbeb4b9c183892732c901b3e3b4ec5381f32ef64,blackbox_unspecified,filename_capture_code:bb,pedestrian,dataset_coarse_label,1920
aihub_train_00000032_bb_1_200227_pedestrian_199_085,car_vs_pedestrian,car_vs_pedestrian,,,10.0,car_vs_pedestrian,,,,15.0,150,8990d89d287d6cf6|89989d97267724d6|0b90f4972ed58ad6|2b92379726d52cd4|2b9237972cdd2c54,1080,aihub_source_suffix:199_085,source_filename_suffix_validated_by_exact_duplicates,,,low_light,cv_first_middle_last_majority,storage/vision/datasets/classification/raw_videos/차대보행자/aihub_train_00000032_bb_1_200227_pedestrian_199_085.mp4,True,auto_enriched_needs_human_review,,,81e50e96b6149cc8c576c69ffa046582cca539a9e468cee2ebd7b98ca30f4269,,,/workspace/SKN27-FINAL-3Team/storage/vision/datasets/classification/raw_videos/차대보행자/aihub_train_00000032_bb_1_200227_pedestrian_199_085.mp4,train,81e50e96b6149cc8c576c69ffa046582cca539a9e468cee2ebd7b98ca30f4269,blackbox_unspecified,filename_capture_code:bb,pedestrian,dataset_coarse_label,1920
aihub_train_00000074_bb_1_160626_pedestrian_120_237,car_vs_pedestrian,car_vs_pedestrian,,,10.0,car_vs_pedestrian,,,,15.0,150,4bcbada968743626|0f0f1db5f03e70e0|070f4d1d3577a1aa|070f4d0d3577a1ba|070f4d0d3577a1ba,1080,aihub_source_suffix:120_237,source_filename_suffix_validated_by_exact_duplicates,,,day,cv_first_middle_last_majority,storage/vision/datasets/classification/raw_videos/차대보행자/aihub_train_00000074_bb_1_160626_pedestrian_120_237.mp4,True,auto_enriched_needs_human_review,,,ea2a8b00f8e1ca507b2ded63ffec51f7637bb406a4ae5a77ba3c43c65dd998ce,,,/workspace/SKN27-FINAL-3Team/storage/vision/datasets/classification/raw_videos/차대보행자/aihub_train_00000074_bb_1_160626_pedestrian_120_237.mp4,train,ea2a8b00f8e1ca507b2ded63ffec51f7637bb406a4ae5a77ba3c43c65dd998ce,blackbox_unspecified,filename_capture_code:bb,pedestrian,dataset_coarse_label,1920
aihub_train_00000127_bb_1_160505_pedestrian_117_091,car_vs_pedestrian,car_vs_pedestrian,,,10.0,car_vs_pedestrian,,,,15.0,150,3642da99b7279cc8|3676ff9976278040|b260ecc9be272ccc|b672e6cd9a3124cc|b672e6cd9a3124cc,1080,aihub_source_suffix:117_091,source_filename_suffix_validated_by_exact_duplicates,,,night,cv_first_middle_last_majority,storage/vision/datasets/classification/raw_videos/차대보행자/aihub_train_00000127_bb_1_160505_pedestrian_117_091.mp4,True,auto_enriched_needs_human_review,,,fbf5a1b179af3d9ced7f653a7e303d1e7eacb4b557c2d14f19fdc40f12a18566,,,/workspace/SKN27-FINAL-3Team/storage/vision/datasets/classification/raw_videos/차대보행자/aihub_train_00000127_bb_1_160505_pedestrian_117_091.mp4,test,fbf5a1b179af3d9ced7f653a7e303d1e7eacb4b557c2d14f19fdc40f12a18566,blackbox_unspecified,filename_capture_code:bb,pedestrian,dataset_coarse_label,1920
aihub_train_00000108_bb_1_200520_pedestrian_227_22023,car_vs_pedestrian,car_vs_pedestrian,,,10.0,car_vs_pedestrian,,,,15.0,150,87c661b33c7c7838|e0d76e9361e1e01e|4bc2a09343d6aebe|2cd2832cd36decd2|6ab41693e96ab4d2,566,aihub_source_suffix:227_22023,source_filename_suffix_validated_by_exact_duplicates,,,night,cv_first_middle_last_majority,storage/vision/datasets/classification/raw_videos/차대보행자/aihub_train_00000108_bb_1_200520_pedestrian_227_22023.mp4,True,auto_enriched_needs_human_review,,,6bb5d702dac4770de47bf3bec22e0c06408d18da4b6b5bb4c94fae79bf8ee6cd,,,/workspace/SKN27-FINAL-3Team/storage/vision/datasets/classification/raw_videos/차대보행자/aihub_train_00000108_bb_1_200520_pedestrian_227_22023.mp4,val,6bb5d702dac4770de47bf3bec22e0c06408d18da4b6b5bb4c94fae79bf8ee6cd,blackbox_unspecified,filename_capture_code:bb,pedestrian,dataset_coarse_label,1128
aihub_train_00000045_bb_1_210316_pedestrian_207_21627,car_vs_pedestrian,car_vs_pedestrian,,,10.0,car_vs_pedestrian,,,,15.0,150,9191e46e4a5a7e5a|b9b4e4ccca5a5a4a|9d86e6e4785aca62|9986e664785ada6a|9986e664785adaca,1080,aihub_source_suffix:207_21627,source_filename_suffix_validated_by_exact_duplicates,,,night,cv_first_middle_last_majority,storage/vision/datasets/classification/raw_videos/차대보행자/aihub_train_00000045_bb_1_210316_pedestrian_207_21627.mp4,True,auto_enriched_needs_human_review,,,9f52fc01f17c427d434f2069b7c27e5af9215c769f785ccaf15e6fc049ad3c09,,,/workspace/SKN27-FINAL-3Team/storage/vision/datasets/classification/raw_videos/차대보행자/aihub_train_00000045_bb_1_210316_pedestrian_207_21627.mp4,train,9f52fc01f17c427d434f2069b7c27e5af9215c769f785ccaf15e6fc049ad3c09,blackbox_unspecified,filename_capture_code:bb,pedestrian,dataset_coarse_label,1920
aihub_train_00000122_bb_3_181227_pedestrian_125_138,car_vs_pedestrian,car_vs_pedestrian,,,10.0,car_vs_pedestrian,,,,15.0,150,43c387859599db6a|4bc383859599cbea|4587838b99998fe6|4142e2a7975767ac|61e1e2c39b8b63e8,480,aihub_source_suffix:125_138,source_filename_suffix_validated_by_exact_duplicates,,,low_light,cv_first_middle_last_majority,storage/vision/datasets/classification/raw_videos/차대보행자/aihub_train_00000122_bb_3_181227_pedestrian_125_138.mp4,True,auto_enriched_needs_human_review,,,dc314a8c6848984842c1d74248e42fea182df6f9e836b35dfdb95113decec8a3,,,/workspace/SKN27-FINAL-3Team/storage/vision/datasets/classification/raw_videos/차대보행자/aihub_train_00000122_bb_3_181227_pedestrian_125_138.mp4,val,dc314a8c6848984842c1d74248e42fea182df6f9e836b35dfdb95113decec8a3,blackbox_unspecified,filename_capture_code:bb,pedestrian,dataset_coarse_label,854
aihub_train_00000103_bb_1_190313_pedestrian_112_235,car_vs_pedestrian,car_vs_pedestrian,,,10.0,car_vs_pedestrian,,,,15.0,150,3b1b9cd8e6b64528|331984d8f6b2d34e|1b1b8e4c6e72f324|930d2fc4ce326aae|331f8cc8ce32676c,1080,aihub_source_suffix:112_235,source_filename_suffix_validated_by_exact_duplicates,,,day,cv_first_middle_last_majority,storage/vision/datasets/classification/raw_videos/차대보행자/aihub_train_00000103_bb_1_190313_pedestrian_112_235.mp4,True,auto_enriched_needs_human_review,,,70b3cc455a5ebe3dd2d2009826b917f30a0c19f7e404de6e607b4843e908ee8a,,,/workspace/SKN27-FINAL-3Team/storage/vision/datasets/classification/raw_videos/차대보행자/aihub_train_00000103_bb_1_190313_pedestrian_112_235.mp4,test,70b3cc455a5ebe3dd2d2009826b917f30a0c19f7e404de6e607b4843e908ee8a,blackbox_unspecified,filename_capture_code:bb,pedestrian,dataset_coarse_label,1920
aihub_train_00000104_bb_1_190731_pedestrian_190_142,car_vs_pedestrian,car_vs_pedestrian,,,10.0,car_vs_pedestrian,,,,15.0,150,a3ae1cdba32b2d28|9d9cb030956f3d64|8d9cca52b337a6a4|8f9c5a6ab13b8b48|8d9e5a60b33b8b4a,1080,aihub_source_suffix:190_142,source_filename_suffix_validated_by_exact_duplicates,,,low_light,cv_first_middle_last_majority,storage/vision/datasets/classification/raw_videos/차대보행자/aihub_train_00000104_bb_1_190731_pedestrian_190_142.mp4,True,auto_enriched_needs_human_review,,,e6a9ee8c098801e2f82ad5a80738703adea7bf13d1a7a1891229f992c449fc3a,,,/workspace/SKN27-FINAL-3Team/storage/vision/datasets/classification/raw_videos/차대보행자/aihub_train_00000104_bb_1_190731_pedestrian_190_142.mp4,train,e6a9ee8c098801e2f82ad5a80738703adea7bf13d1a7a1891229f992c449fc3a,blackbox_unspecified,filename_capture_code:bb,pedestrian,dataset_coarse_label,1920
aihub_train_00000121_bb_3_161007_pedestrian_48_005,car_vs_pedestrian,car_vs_pedestrian,,,10.0,car_vs_pedestrian,,,,15.0,150,8b8ad2dadc65256a|838adadad46d2936|838ad27a7ee5212e|838ad27a7ce5292e|8b8ad27a7e652926,1080,aihub_source_suffix:48_005,source_filename_suffix_validated_by_exact_duplicates,,,day,cv_first_middle_last_majority,storage/vision/datasets/classification/raw_videos/차대보행자/aihub_train_00000121_bb_3_161007_pedestrian_48_005.mp4,True,auto_enriched_needs_human_review,,,5e72e972a7ccb8d98c3a2d318c9a8245828eed5c33fc501a11947617df1b21b2,,,/workspace/SKN27-FINAL-3Team/storage/vision/datasets/classification/raw_videos/차대보행자/aihub_train_00000121_bb_3_161007_pedestrian_48_005.mp4,train,5e72e972a7ccb8d98c3a2d318c9a8245828eed5c33fc501a11947617df1b21b2,blackbox_unspecified,filename_capture_code:bb,pedestrian,dataset_coarse_label,1920
aihub_train_00000156_bb_1_180405_pedestrian_44_005,car_vs_pedestrian,car_vs_pedestrian,,,10.0,car_vs_pedestrian,,,,15.0,150,81e27f1898673af8|81e2671c9c673ada|81e26f189c673ada|81e067189c773eda|f5e0639888263e7e,1080,aihub_source_suffix:44_005,source_filename_suffix_validated_by_exact_duplicates,,,low_light,cv_first_middle_last_majority,storage/vision/datasets/classification/raw_videos/차대보행자/aihub_train_00000156_bb_1_180405_pedestrian_44_005.mp4,True,auto_enriched_needs_human_review,,,f33786564538b8d2694f48dce2575156d7972874be11e364576f8a00db10d7ea,,,/workspace/SKN27-FINAL-3Team/storage/vision/datasets/classification/raw_videos/차대보행자/aihub_train_00000156_bb_1_180405_pedestrian_44_005.mp4,train,f33786564538b8d2694f48dce2575156d7972874be11e364576f8a00db10d7ea,blackbox_unspecified,filename_capture_code:bb,pedestrian,dataset_coarse_label,1920
aihub_train_00000055_bb_3_130105_pedestrian_250_21813,car_vs_pedestrian,car_vs_pedestrian,,,10.0,car_vs_pedestrian,,,,15.0,150,819c4f8ad0787e76|889c7d8ad672e2e4|0a1c7d8ad676e4e4|0a1c7d8ad676c4e6|0a1c7d8ad676c4e6,1080,aihub_source_suffix:250_21813,source_filename_suffix_validated_by_exact_duplicates,,,low_light,cv_first_middle_last_majority,storage/vision/datasets/classification/raw_videos/차대보행자/aihub_train_00000055_bb_3_130105_pedestrian_250_21813.mp4,True,auto_enriched_needs_human_review,,,e6c73ebec594d8b6c0f867ebef12ae207a4a25032f7110e3107d8301871fcbf4,,,/workspace/SKN27-FINAL-3Team/storage/vision/datasets/classification/raw_videos/차대보행자/aihub_train_00000055_bb_3_130105_pedestrian_250_21813.mp4,val,e6c73ebec594d8b6c0f867ebef12ae207a4a25032f7110e3107d8301871fcbf4,blackbox_unspecified,filename_capture_code:bb,pedestrian,dataset_coarse_label,1920
aihub_train_00000120_bb_3_160917_pedestrian_247_22111,car_vs_pedestrian,car_vs_pedestrian,,,10.0,car_vs_pedestrian,,,,15.0,150,8b8f8e949cb87878|0b8f8e9494f8787c|0b8f8e9495f87874|0b8f8eb498787c74|0b8e86b4b83876f6,1080,aihub_source_suffix:247_22111,source_filename_suffix_validated_by_exact_duplicates,,,night,cv_first_middle_last_majority,storage/vision/datasets/classification/raw_videos/차대보행자/aihub_train_00000120_bb_3_160917_pedestrian_247_22111.mp4,True,auto_enriched_needs_human_review,,,5d0a0b8be84a932ffbff627e139e242f748463e6ff58830834089456e1ffbd7d,,,/workspace/SKN27-FINAL-3Team/storage/vision/datasets/classification/raw_videos/차대보행자/aihub_train_00000120_bb_3_160917_pedestrian_247_22111.mp4,train,5d0a0b8be84a932ffbff627e139e242f748463e6ff58830834089456e1ffbd7d,blackbox_unspecified,filename_capture_code:bb,pedestrian,dataset_coarse_label,1920
aihub_train_00000148_bb_1_171222_pedestrian_202_21644,car_vs_pedestrian,car_vs_pedestrian,,,10.0,car_vs_pedestrian,,,,15.0,150,38c718cdb2d8673a|fc01fd6841fe039c|3647344736e727b0|36cd36cd37260536|364d3647353625b6,926,aihub_source_suffix:202_21644,source_filename_suffix_validated_by_exact_duplicates,,,night,cv_first_middle_last_majority,storage/vision/datasets/classification/raw_videos/차대보행자/aihub_train_00000148_bb_1_171222_pedestrian_202_21644.mp4,True,auto_enriched_needs_human_review,,,0a19ddd20ea72e7affd51656794abb752785715f7b039945d019f207672c5b89,,,/workspace/SKN27-FINAL-3Team/storage/vision/datasets/classification/raw_videos/차대보행자/aihub_train_00000148_bb_1_171222_pedestrian_202_21644.mp4,train,0a19ddd20ea72e7affd51656794abb752785715f7b039945d019f207672c5b89,blackbox_unspecified,filename_capture_code:bb,pedestrian,dataset_coarse_label,1920
aihub_train_00000158_bb_1_180501_pedestrian_36_021,car_vs_pedestrian,car_vs_pedestrian,,,10.0,car_vs_pedestrian,,,,15.0,150,6a6c95bd530a55b4|de5005f1cb0af9aa|b04e5fb9e5245ac2|bdf84912f7664cc0|bdf84912f7664cc0,1080,aihub_source_suffix:36_021,source_filename_suffix_validated_by_exact_duplicates,,,night,cv_first_middle_last_majority,storage/vision/datasets/classification/raw_videos/차대보행자/aihub_train_00000158_bb_1_180501_pedestrian_36_021.mp4,True,auto_enriched_needs_human_review,,,de15a2152090dc66c0aa9f829728812e91b44792ec791c5d1b3427c26a69a663,,,/workspace/SKN27-FINAL-3Team/storage/vision/datasets/classification/raw_videos/차대보행자/aihub_train_00000158_bb_1_180501_pedestrian_36_021.mp4,train,de15a2152090dc66c0aa9f829728812e91b44792ec791c5d1b3427c26a69a663,blackbox_unspecified,filename_capture_code:bb,pedestrian,dataset_coarse_label,1920
aihub_train_00000076_bb_1_160723_pedestrian_223_22363,car_vs_pedestrian,car_vs_pedestrian,,,10.0,car_vs_pedestrian,,,,15.0,150,0b0ba2d67b3b1f84|29258187b33f1eda|2b0f29b1c3c2cedc|0b0b29b1f3e3c5e8|0b0b29b1f3e3c5e8,926,aihub_source_suffix:223_22363,source_filename_suffix_validated_by_exact_duplicates,,,low_light,cv_first_middle_last_majority,storage/vision/datasets/classification/raw_videos/차대보행자/aihub_train_00000076_bb_1_160723_pedestrian_223_22363.mp4,True,auto_enriched_needs_human_review,,,2fb155b6b0a26782f199fc8af2dd728e4347caaceb7e5247546630c807ce0db4,,,/workspace/SKN27-FINAL-3Team/storage/vision/datasets/classification/raw_videos/차대보행자/aihub_train_00000076_bb_1_160723_pedestrian_223_22363.mp4,test,2fb155b6b0a26782f199fc8af2dd728e4347caaceb7e5247546630c807ce0db4,blackbox_unspecified,filename_capture_code:bb,pedestrian,dataset_coarse_label,1920
aihub_train_00000029_bb_1_200109_pedestrian_251_21539,car_vs_pedestrian,car_vs_pedestrian,,,10.0,car_vs_pedestrian,,,,15.0,150,8786786c7e7ad0d0|8f86d2c24a727c7c|292966c6cad2d6d6|292c747ccac2d6d6|2d2cd272cac6d6d2,1080,aihub_source_suffix:251_21539,source_filename_suffix_validated_by_exact_duplicates,,,night,cv_first_middle_last_majority,storage/vision/datasets/classification/raw_videos/차대보행자/aihub_train_00000029_bb_1_200109_pedestrian_251_21539.mp4,True,auto_enriched_needs_human_review,,,e8a898f3246b8d2c71e5c9e4c7ed9f9c02ab6fcc1c8fbcf8288358c15f1a48f5,,,/workspace/SKN27-FINAL-3Team/storage/vision/datasets/classification/raw_videos/차대보행자/aihub_train_00000029_bb_1_200109_pedestrian_251_21539.mp4,train,e8a898f3246b8d2c71e5c9e4c7ed9f9c02ab6fcc1c8fbcf8288358c15f1a48f5,blackbox_unspecified,filename_capture_code:bb,pedestrian,dataset_coarse_label,1920
aihub_train_00000117_bb_1_210612_pedestrian_143_188,car_vs_pedestrian,car_vs_pedestrian,,,10.0,car_vs_pedestrian,,,,15.0,150,9b9bcbe663e0a884|93938eece070574e|1b8bc5e0e0f0747e|1181c3ec7df8f0f0|9181c3ec7d78f0f0,672,aihub_source_suffix:143_188,source_filename_suffix_validated_by_exact_duplicates,,,day,cv_first_middle_last_majority,storage/vision/datasets/classification/raw_videos/차대보행자/aihub_train_00000117_bb_1_210612_pedestrian_143_188.mp4,True,auto_enriched_needs_human_review,,,a8a06b4aca652f8c6f67dcbb283f49e3b96085f9ac801d8c3cd42e442d97ef00,,,/workspace/SKN27-FINAL-3Team/storage/vision/datasets/classification/raw_videos/차대보행자/aihub_train_00000117_bb_1_210612_pedestrian_143_188.mp4,train,a8a06b4aca652f8c6f67dcbb283f49e3b96085f9ac801d8c3cd42e442d97ef00,blackbox_unspecified,filename_capture_code:bb,pedestrian,dataset_coarse_label,1136
aihub_train_00000057_bb_3_140806_pedestrian_231_21943,car_vs_pedestrian,car_vs_pedestrian,,,10.0,car_vs_pedestrian,,,,15.0,150,232c7eb6c4d8c6c6|0b32f69e796ac42c|23a6dfb0f362464c|8386b7b2d3464e5c|a182b792d366ce5c,1080,aihub_source_suffix:231_21943,source_filename_suffix_validated_by_exact_duplicates,,,night,cv_first_middle_last_majority,storage/vision/datasets/classification/raw_videos/차대보행자/aihub_train_00000057_bb_3_140806_pedestrian_231_21943.mp4,True,auto_enriched_needs_human_review,,,3b92d07004b23818c390aaba9da853495c24b0fc928ba62754a68808c5ecba73,,,/workspace/SKN27-FINAL-3Team/storage/vision/datasets/classification/raw_videos/차대보행자/aihub_train_00000057_bb_3_140806_pedestrian_231_21943.mp4,train,3b92d07004b23818c390aaba9da853495c24b0fc928ba62754a68808c5ecba73,blackbox_unspecified,filename_capture_code:bb,pedestrian,dataset_coarse_label,1920
aihub_train_00000021_bb_1_180509_pedestrian_148_209,car_vs_pedestrian,car_vs_pedestrian,,,10.0,car_vs_pedestrian,,,,15.0,150,8b8e6e7c30d0d2ce|8b867c7870f0d78a|2b1a64e4f4d69b92|899c66f238dc6ce2|8f8c70729edc6c62,1080,aihub_source_suffix:148_209,source_filename_suffix_validated_by_exact_duplicates,,,night,cv_first_middle_last_majority,storage/vision/datasets/classification/raw_videos/차대보행자/aihub_train_00000021_bb_1_180509_pedestrian_148_209.mp4,True,auto_enriched_needs_human_review,,,b2404a0da5e73110d2c54027fc37fcb7c7a465f8c2a5643201889952e1c64cc4,,,/workspace/SKN27-FINAL-3Team/storage/vision/datasets/classification/raw_videos/차대보행자/aihub_train_00000021_bb_1_180509_pedestrian_148_209.mp4,train,b2404a0da5e73110d2c54027fc37fcb7c7a465f8c2a5643201889952e1c64cc4,blackbox_unspecified,filename_capture_code:bb,pedestrian,dataset_coarse_label,1920
aihub_train_00000030_bb_1_200223_pedestrian_121_137,car_vs_pedestrian,car_vs_pedestrian,,,10.0,car_vs_pedestrian,,,,15.0,150,cf4d8cb431a167aa|351dbc68687d931a|9198ccf67e138b8a|9199deac7d1585a4|9199deac7d1585a4,720,aihub_source_suffix:121_137,source_filename_suffix_validated_by_exact_duplicates,,,day,cv_first_middle_last_majority,storage/vision/datasets/classification/raw_videos/차대보행자/aihub_train_00000030_bb_1_200223_pedestrian_121_137.mp4,True,auto_enriched_needs_human_review,,,997572e3fa2c80e6c5f263933ff86232002b789fe0b074c7e370eb66c66dd48b,,,/workspace/SKN27-FINAL-3Team/storage/vision/datasets/classification/raw_videos/차대보행자/aihub_train_00000030_bb_1_200223_pedestrian_121_137.mp4,train,997572e3fa2c80e6c5f263933ff86232002b789fe0b074c7e370eb66c66dd48b,blackbox_unspecified,filename_capture_code:bb,pedestrian,dataset_coarse_label,1280
aihub_train_00000098_bb_1_190131_pedestrian_48_006,car_vs_pedestrian,car_vs_pedestrian,,,10.0,car_vs_pedestrian,,,,15.0,150,0f1fb3e060d194be|0f1fd3e060d194be|0d1db7d060f5d0ba|0d1fd3e060d19cbe|2d9db7e0425bd09a,1080,aihub_source_suffix:48_006,source_filename_suffix_validated_by_exact_duplicates,,,day,cv_first_middle_last_majority,storage/vision/datasets/classification/raw_videos/차대보행자/aihub_train_00000098_bb_1_190131_pedestrian_48_006.mp4,True,auto_enriched_needs_human_review,,,be60c36ea87cce3cecbdc4ee8be1ff903f3d07f7f9cce6dc576c7b8788b61635,,,/workspace/SKN27-FINAL-3Team/storage/vision/datasets/classification/raw_videos/차대보행자/aihub_train_00000098_bb_1_190131_pedestrian_48_006.mp4,train,be60c36ea87cce3cecbdc4ee8be1ff903f3d07f7f9cce6dc576c7b8788b61635,blackbox_unspecified,filename_capture_code:bb,pedestrian,dataset_coarse_label,1920
aihub_train_00000123_bb_3_200205_pedestrian_225_21779,car_vs_pedestrian,car_vs_pedestrian,,,10.0,car_vs_pedestrian,,,,15.0,150,b33cccc332983da6|9124e6c39adc3db2|9124e6c39ad83db6|912466c39ad87db6|852468c2de7d3d9a,1080,aihub_source_suffix:225_21779,source_filename_suffix_validated_by_exact_duplicates,,,night,cv_first_middle_last_majority,storage/vision/datasets/classification/raw_videos/차대보행자/aihub_train_00000123_bb_3_200205_pedestrian_225_21779.mp4,True,auto_enriched_needs_human_review,,,8164a41d29d3d244a7e4a96e8a91f2712cac79d04a0cde9b624f9d03eb737e69,,,/workspace/SKN27-FINAL-3Team/storage/vision/datasets/classification/raw_videos/차대보행자/aihub_train_00000123_bb_3_200205_pedestrian_225_21779.mp4,train,8164a41d29d3d244a7e4a96e8a91f2712cac79d04a0cde9b624f9d03eb737e69,blackbox_unspecified,filename_capture_code:bb,pedestrian,dataset_coarse_label,1920
aihub_train_00000051_bb_1_210717_pedestrian_112_231,car_vs_pedestrian,car_vs_pedestrian,,,10.0,car_vs_pedestrian,,,,15.0,150,4dcc53f4308aee6c|59de77a4608ae62a|91cc76a6766e6a0c|77e4b28c524beb88|73d6b28e5349e894,1080,aihub_source_suffix:112_231,source_filename_suffix_validated_by_exact_duplicates,,,day,cv_first_middle_last_majority,storage/vision/datasets/classification/raw_videos/차대보행자/aihub_train_00000051_bb_1_210717_pedestrian_112_231.mp4,True,auto_enriched_needs_human_review,,,71e848623f0a3692c6d32dac8337db31ec3a51194ad4a6b9cff42d48f3a0662c,,,/workspace/SKN27-FINAL-3Team/storage/vision/datasets/classification/raw_videos/차대보행자/aihub_train_00000051_bb_1_210717_pedestrian_112_231.mp4,train,71e848623f0a3692c6d32dac8337db31ec3a51194ad4a6b9cff42d48f3a0662c,blackbox_unspecified,filename_capture_code:bb,pedestrian,dataset_coarse_label,1920
aihub_train_00000149_bb_1_171225_pedestrian_117_202,car_vs_pedestrian,car_vs_pedestrian,,,10.0,car_vs_pedestrian,,,,15.0,150,92647533cfa67192|b0c25735ad93273c|2cca933767a3133c|247337a6d196d3a4|32e29d1a6fb2b12a,1080,aihub_source_suffix:117_202,source_filename_suffix_validated_by_exact_duplicates,,,night,cv_first_middle_last_majority,storage/vision/datasets/classification/raw_videos/차대보행자/aihub_train_00000149_bb_1_171225_pedestrian_117_202.mp4,True,auto_enriched_needs_human_review,,,32a0d126ffbbf29f60b359366a23a8090e8338eef3c61eeedb3ed4cbf9e501c7,,,/workspace/SKN27-FINAL-3Team/storage/vision/datasets/classification/raw_videos/차대보행자/aihub_train_00000149_bb_1_171225_pedestrian_117_202.mp4,train,32a0d126ffbbf29f60b359366a23a8090e8338eef3c61eeedb3ed4cbf9e501c7,blackbox_unspecified,filename_capture_code:bb,pedestrian,dataset_coarse_label,1920
aihub_train_00000151_bb_1_180111_pedestrian_117_096,car_vs_pedestrian,car_vs_pedestrian,,,10.0,car_vs_pedestrian,,,,15.0,150,333232959ada6ace|212af4dd387af096|2b2a78999c9cf0b6|216c74d9935a5a5e|216c70d99a5a5ed6,1080,aihub_source_suffix:117_096,source_filename_suffix_validated_by_exact_duplicates,,,night,cv_first_middle_last_majority,storage/vision/datasets/classification/raw_videos/차대보행자/aihub_train_00000151_bb_1_180111_pedestrian_117_096.mp4,True,auto_enriched_needs_human_review,,,e6f7a6a5f2e2e09af079e513cef1f5f963529b7da5d958e7d3b760bd3751ae9d,,,/workspace/SKN27-FINAL-3Team/storage/vision/datasets/classification/raw_videos/차대보행자/aihub_train_00000151_bb_1_180111_pedestrian_117_096.mp4,train,e6f7a6a5f2e2e09af079e513cef1f5f963529b7da5d958e7d3b760bd3751ae9d,blackbox_unspecified,filename_capture_code:bb,pedestrian,dataset_coarse_label,1920
aihub_train_00000048_bb_1_210613_pedestrian_142_185,car_vs_pedestrian,car_vs_pedestrian,,,10.0,car_vs_pedestrian,,,,15.0,150,2ad63597c168dad8|285e7792c468ded2|20d69783e19ed66a|205cd3cdc27cd768|285cdd87e274d668,1080,aihub_source_suffix:142_185,source_filename_suffix_validated_by_exact_duplicates,,,low_light,cv_first_middle_last_majority,storage/vision/datasets/classification/raw_videos/차대보행자/aihub_train_00000048_bb_1_210613_pedestrian_142_185.mp4,True,auto_enriched_needs_human_review,,,7f0b8b01908300eaa039a54622348d7cf86c7375e322ad28b06660e91a718ae7,,,/workspace/SKN27-FINAL-3Team/storage/vision/datasets/classification/raw_videos/차대보행자/aihub_train_00000048_bb_1_210613_pedestrian_142_185.mp4,val,7f0b8b01908300eaa039a54622348d7cf86c7375e322ad28b06660e91a718ae7,blackbox_unspecified,filename_capture_code:bb,pedestrian,dataset_coarse_label,1920
aihub_train_00000034_bb_1_200401_pedestrian_125_110,car_vs_pedestrian,car_vs_pedestrian,,,10.0,car_vs_pedestrian,,,,15.0,150,b1a185cedf82d12e|1515056ee1ba7b8e|3bb9adecc182d382|13170f6e6b2a798c|13170f6e6b2a798c,1080,aihub_source_suffix:125_110,source_filename_suffix_validated_by_exact_duplicates,,,day,cv_first_middle_last_majority,storage/vision/datasets/classification/raw_videos/차대보행자/aihub_train_00000034_bb_1_200401_pedestrian_125_110.mp4,True,auto_enriched_needs_human_review,,,55a3ec10b44cb4f759c84ba97e4b99ccb1ff241ded3130553bbdb1d9438d4922,,,/workspace/SKN27-FINAL-3Team/storage/vision/datasets/classification/raw_videos/차대보행자/aihub_train_00000034_bb_1_200401_pedestrian_125_110.mp4,train,55a3ec10b44cb4f759c84ba97e4b99ccb1ff241ded3130553bbdb1d9438d4922,blackbox_unspecified,filename_capture_code:bb,pedestrian,dataset_coarse_label,1920
aihub_train_00000091_bb_1_180609_pedestrian_147_167,car_vs_pedestrian,car_vs_pedestrian,,,10.0,car_vs_pedestrian,,,,15.0,150,86d679249f2cc7e0|8eda7d34996a6264|82907f0f38e39f64|80707f867899a7e6|807c7726599b678a,1080,aihub_source_suffix:147_167,source_filename_suffix_validated_by_exact_duplicates,,,night,cv_first_middle_last_majority,storage/vision/datasets/classification/raw_videos/차대보행자/aihub_train_00000091_bb_1_180609_pedestrian_147_167.mp4,True,auto_enriched_needs_human_review,,,d5ec6770edd3e5e280422b30f8742808ac80669c422a214c9af81a0abc3dd337,,,/workspace/SKN27-FINAL-3Team/storage/vision/datasets/classification/raw_videos/차대보행자/aihub_train_00000091_bb_1_180609_pedestrian_147_167.mp4,train,d5ec6770edd3e5e280422b30f8742808ac80669c422a214c9af81a0abc3dd337,blackbox_unspecified,filename_capture_code:bb,pedestrian,dataset_coarse_label,1920
aihub_train_00000154_bb_1_180314_pedestrian_112_014,car_vs_pedestrian,car_vs_pedestrian,,,10.0,car_vs_pedestrian,,,,15.0,150,8b8e7c3870f0d66a|83a67878d8c6c79c|838c7c72f26c5d86|8f8c70729e5c7c62|898c76f2307ccf26,1080,aihub_source_suffix:112_014,source_filename_suffix_validated_by_exact_duplicates,,,night,cv_first_middle_last_majority,storage/vision/datasets/classification/raw_videos/차대보행자/aihub_train_00000154_bb_1_180314_pedestrian_112_014.mp4,True,auto_enriched_needs_human_review,,,af89ed46f7c91b98fcebfbe89a71bbd55bfcd416bee02acf1718544294587b35,,,/workspace/SKN27-FINAL-3Team/storage/vision/datasets/classification/raw_videos/차대보행자/aihub_train_00000154_bb_1_180314_pedestrian_112_014.mp4,train,af89ed46f7c91b98fcebfbe89a71bbd55bfcd416bee02acf1718544294587b35,blackbox_unspecified,filename_capture_code:bb,pedestrian,dataset_coarse_label,1920
aihub_train_00000001_bb_1_161018_pedestrian_112_331,car_vs_pedestrian,car_vs_pedestrian,,,10.0,car_vs_pedestrian,,,,15.0,150,2b6865b59938d596|2764f2c98996cf92|a1c6d25c18d8dfb2|a1c6d25c1ad89fb2|a1c6d25c1ad89fb2,1080,aihub_source_suffix:112_331,source_filename_suffix_validated_by_exact_duplicates,,,night,cv_first_middle_last_majority,storage/vision/datasets/classification/raw_videos/차대보행자/aihub_train_00000001_bb_1_161018_pedestrian_112_331.mp4,True,auto_enriched_needs_human_review,,,05acc52eb5fbb5b5fcd47b71c98a469ddabe84b94d8ba645181cea5d42861cbd,,,/workspace/SKN27-FINAL-3Team/storage/vision/datasets/classification/raw_videos/차대보행자/aihub_train_00000001_bb_1_161018_pedestrian_112_331.mp4,train,05acc52eb5fbb5b5fcd47b71c98a469ddabe84b94d8ba645181cea5d42861cbd,blackbox_unspecified,filename_capture_code:bb,pedestrian,dataset_coarse_label,1920
aihub_train_00000137_bb_1_161105_pedestrian_199_087,car_vs_pedestrian,car_vs_pedestrian,,,10.0,car_vs_pedestrian,,,,15.0,150,c54399be86c45bb4|f34199be8fc453a0|7d7da788c1529d28|a7a7585a970045fe|b3b1464bb98246f6,720,aihub_source_suffix:199_087,source_filename_suffix_validated_by_exact_duplicates,,,day,cv_first_middle_last_majority,storage/vision/datasets/classification/raw_videos/차대보행자/aihub_train_00000137_bb_1_161105_pedestrian_199_087.mp4,True,auto_enriched_needs_human_review,,,aa1ca659bbbf948d9d87186d8189a53e1d5e751fb37f5be88e19a3459298ecdd,,,/workspace/SKN27-FINAL-3Team/storage/vision/datasets/classification/raw_videos/차대보행자/aihub_train_00000137_bb_1_161105_pedestrian_199_087.mp4,train,aa1ca659bbbf948d9d87186d8189a53e1d5e751fb37f5be88e19a3459298ecdd,blackbox_unspecified,filename_capture_code:bb,pedestrian,dataset_coarse_label,1280
aihub_train_00000003_bb_1_201220_pedestrian_209_21158,car_vs_pedestrian,car_vs_pedestrian,,,10.0,car_vs_pedestrian,,,,15.0,150,2326dad8d5b46c4e|232accdcf2e2cd32|3332cccce1327ace|3536ccc861339ece|b534ceca79319686,1080,aihub_source_suffix:209_21158,source_filename_suffix_validated_by_exact_duplicates,,,night,cv_first_middle_last_majority,storage/vision/datasets/classification/raw_videos/차대보행자/aihub_train_00000003_bb_1_201220_pedestrian_209_21158.mp4,True,auto_enriched_needs_human_review,,,2ae6a9d023aed256d99b487238720e527123ddd2bad9f4472034b5ec503716ac,,,/workspace/SKN27-FINAL-3Team/storage/vision/datasets/classification/raw_videos/차대보행자/aihub_train_00000003_bb_1_201220_pedestrian_209_21158.mp4,val,2ae6a9d023aed256d99b487238720e527123ddd2bad9f4472034b5ec503716ac,blackbox_unspecified,filename_capture_code:bb,pedestrian,dataset_coarse_label,1920
aihub_train_00000090_bb_1_180521_pedestrian_250_22201,car_vs_pedestrian,car_vs_pedestrian,,,10.0,car_vs_pedestrian,,,,15.0,150,3999cf66e6646186|3998ce6667666386|3998cc66c76662e6|9d99306266ce67cc|9d98cc666366658e,1080,aihub_source_suffix:250_22201,source_filename_suffix_validated_by_exact_duplicates,,,night,cv_first_middle_last_majority,storage/vision/datasets/classification/raw_videos/차대보행자/aihub_train_00000090_bb_1_180521_pedestrian_250_22201.mp4,True,auto_enriched_needs_human_review,,,81f19eea089871027bf05747ac3a69139fb77ee5dd68dffd285fc1d0b2c1a952,,,/workspace/SKN27-FINAL-3Team/storage/vision/datasets/classification/raw_videos/차대보행자/aihub_train_00000090_bb_1_180521_pedestrian_250_22201.mp4,test,81f19eea089871027bf05747ac3a69139fb77ee5dd68dffd285fc1d0b2c1a952,blackbox_unspecified,filename_capture_code:bb,pedestrian,dataset_coarse_label,1920
aihub_train_00000043_bb_1_210228_pedestrian_30_004,car_vs_pedestrian,car_vs_pedestrian,,,10.0,car_vs_pedestrian,,,,15.0,150,8b91972687a0fd96|8b991f24870f7bc2|0b2b8f2ce7a0735a|939f99ccc3a23594|a1a58dacd7d233a8,1080,aihub_source_suffix:30_004,source_filename_suffix_validated_by_exact_duplicates,,,day,cv_first_middle_last_majority,storage/vision/datasets/classification/raw_videos/차대보행자/aihub_train_00000043_bb_1_210228_pedestrian_30_004.mp4,True,auto_enriched_needs_human_review,,,d05fba109e009727a89e9e7f144c6e8b44258a967b599ec18858ec626e7934fd,,,/workspace/SKN27-FINAL-3Team/storage/vision/datasets/classification/raw_videos/차대보행자/aihub_train_00000043_bb_1_210228_pedestrian_30_004.mp4,val,d05fba109e009727a89e9e7f144c6e8b44258a967b599ec18858ec626e7934fd,blackbox_unspecified,filename_capture_code:bb,pedestrian,dataset_coarse_label,1920
aihub_train_00000143_bb_1_170729_pedestrian_125_192,car_vs_pedestrian,car_vs_pedestrian,,,10.0,car_vs_pedestrian,,,,15.0,150,31206e4e4de7e3b8|0f8e7594c3e72878|8bc0d71679c78678|0bc2f31e67c78478|0bc2d31e67e78658,1080,aihub_source_suffix:125_192,source_filename_suffix_validated_by_exact_duplicates,,,night,cv_first_middle_last_majority,storage/vision/datasets/classification/raw_videos/차대보행자/aihub_train_00000143_bb_1_170729_pedestrian_125_192.mp4,True,auto_enriched_needs_human_review,,,539fae854821b3cd17ecba6c3f19a6199e41183e7022a4fe69ee853ecce9e554,,,/workspace/SKN27-FINAL-3Team/storage/vision/datasets/classification/raw_videos/차대보행자/aihub_train_00000143_bb_1_170729_pedestrian_125_192.mp4,train,539fae854821b3cd17ecba6c3f19a6199e41183e7022a4fe69ee853ecce9e554,blackbox_unspecified,filename_capture_code:bb,pedestrian,dataset_coarse_label,1920
aihub_train_00000157_bb_1_180415_pedestrian_129_192,car_vs_pedestrian,car_vs_pedestrian,,,10.0,car_vs_pedestrian,,,,15.0,150,299b6d2f2e62d328|2309393f866adbb2|2789392d2ecad33a|21898f3d26cedb38|218b8f8d26cedf22,1080,aihub_source_suffix:129_192,source_filename_suffix_validated_by_exact_duplicates,,,day,cv_first_middle_last_majority,storage/vision/datasets/classification/raw_videos/차대보행자/aihub_train_00000157_bb_1_180415_pedestrian_129_192.mp4,True,auto_enriched_needs_human_review,,,ab948dd34c4a10e0d0a9bae9d2d20a96583caa3582a28192219cf6fbf237714c,,,/workspace/SKN27-FINAL-3Team/storage/vision/datasets/classification/raw_videos/차대보행자/aihub_train_00000157_bb_1_180415_pedestrian_129_192.mp4,val,ab948dd34c4a10e0d0a9bae9d2d20a96583caa3582a28192219cf6fbf237714c,blackbox_unspecified,filename_capture_code:bb,pedestrian,dataset_coarse_label,1920
aihub_train_00000025_bb_1_190405_pedestrian_112_232,car_vs_pedestrian,car_vs_pedestrian,,,10.0,car_vs_pedestrian,,,,15.0,150,906e3fc1c03f9fc0|b84607edf22e05f8|926c3983ee3841fe|b26c3982fe3c81ce|b26e31885fb198ce,1080,aihub_source_suffix:112_232,source_filename_suffix_validated_by_exact_duplicates,,,night,cv_first_middle_last_majority,storage/vision/datasets/classification/raw_videos/차대보행자/aihub_train_00000025_bb_1_190405_pedestrian_112_232.mp4,True,auto_enriched_needs_human_review,,,1f4db687e0d46de52d67acd4615741bf0832071560ec9c2c0bb3a9ded6786791,,,/workspace/SKN27-FINAL-3Team/storage/vision/datasets/classification/raw_videos/차대보행자/aihub_train_00000025_bb_1_190405_pedestrian_112_232.mp4,train,1f4db687e0d46de52d67acd4615741bf0832071560ec9c2c0bb3a9ded6786791,blackbox_unspecified,filename_capture_code:bb,pedestrian,dataset_coarse_label,1920
aihub_train_00000023_bb_1_181029_pedestrian_257_22070,car_vs_pedestrian,car_vs_pedestrian,,,10.0,car_vs_pedestrian,,,,15.0,150,09887af2f47ecc34|0bca76a4c47ec53a|89887476767ecc16|2b80d4dc5e7acc36|2bc0d4dc5e6e8c36,1080,aihub_source_suffix:257_22070,source_filename_suffix_validated_by_exact_duplicates,,,low_light,cv_first_middle_last_majority,storage/vision/datasets/classification/raw_videos/차대보행자/aihub_train_00000023_bb_1_181029_pedestrian_257_22070.mp4,True,auto_enriched_needs_human_review,,,6bc071991bfd8230816436c5d0b2c19ec672d38c1751ee3ad800899f709a0486,,,/workspace/SKN27-FINAL-3Team/storage/vision/datasets/classification/raw_videos/차대보행자/aihub_train_00000023_bb_1_181029_pedestrian_257_22070.mp4,train,6bc071991bfd8230816436c5d0b2c19ec672d38c1751ee3ad800899f709a0486,blackbox_unspecified,filename_capture_code:bb,pedestrian,dataset_coarse_label,1920
aihub_train_00000036_bb_1_200419_pedestrian_258_21502,car_vs_pedestrian,car_vs_pedestrian,,,10.0,car_vs_pedestrian,,,,15.0,150,2b2c945e5ac2f666|2b2b94ded4d07466|2b2aa49cd2daf472|2b22b4ccd8dc7e62|2322b4ccdcdc7e62,1080,aihub_source_suffix:258_21502,source_filename_suffix_validated_by_exact_duplicates,,,low_light,cv_first_middle_last_majority,storage/vision/datasets/classification/raw_videos/차대보행자/aihub_train_00000036_bb_1_200419_pedestrian_258_21502.mp4,True,auto_enriched_needs_human_review,,,dff03d9917681ef45828de845ac695600e9cd5c27a8c0a3383e194d7de398688,,,/workspace/SKN27-FINAL-3Team/storage/vision/datasets/classification/raw_videos/차대보행자/aihub_train_00000036_bb_1_200419_pedestrian_258_21502.mp4,train,dff03d9917681ef45828de845ac695600e9cd5c27a8c0a3383e194d7de398688,blackbox_unspecified,filename_capture_code:bb,pedestrian,dataset_coarse_label,1920
aihub_train_00000096_bb_1_181118_pedestrian_209_22243,car_vs_pedestrian,car_vs_pedestrian,,,10.0,car_vs_pedestrian,,,,15.0,150,9d8c666672399d86|9998666666f39938|99986666e671899e|3396cc68c87363b6|3396cc68c87363b6,1080,aihub_source_suffix:209_22243,source_filename_suffix_validated_by_exact_duplicates,,,night,cv_first_middle_last_majority,storage/vision/datasets/classification/raw_videos/차대보행자/aihub_train_00000096_bb_1_181118_pedestrian_209_22243.mp4,True,auto_enriched_needs_human_review,,,ff9986d3c72db86a29b06aa89b97b28ee06373499f5869b6a2913c48ec9edb91,,,/workspace/SKN27-FINAL-3Team/storage/vision/datasets/classification/raw_videos/차대보행자/aihub_train_00000096_bb_1_181118_pedestrian_209_22243.mp4,test,ff9986d3c72db86a29b06aa89b97b28ee06373499f5869b6a2913c48ec9edb91,blackbox_unspecified,filename_capture_code:bb,pedestrian,dataset_coarse_label,1920
aihub_train_00000066_bb_3_180712_pedestrian_118_005,car_vs_pedestrian,car_vs_pedestrian,,,10.0,car_vs_pedestrian,,,,15.0,150,e0fc0501f0fd3eca|e0fc0501e0fd3fca|e0d80503d8fd3fca|e0d80502d9fd3fca|e0d80503d8fd3fca,1080,aihub_source_suffix:118_005,source_filename_suffix_validated_by_exact_duplicates,,,night,cv_first_middle_last_majority,storage/vision/datasets/classification/raw_videos/차대보행자/aihub_train_00000066_bb_3_180712_pedestrian_118_005.mp4,True,auto_enriched_needs_human_review,,,30c057de0dddc8a3070d1aa42246066f5da0fc2fdd8899806e31c4d6fb1035bd,,,/workspace/SKN27-FINAL-3Team/storage/vision/datasets/classification/raw_videos/차대보행자/aihub_train_00000066_bb_3_180712_pedestrian_118_005.mp4,train,30c057de0dddc8a3070d1aa42246066f5da0fc2fdd8899806e31c4d6fb1035bd,blackbox_unspecified,filename_capture_code:bb,pedestrian,dataset_coarse_label,1920
aihub_train_00000129_bb_1_160623_pedestrian_260_22207,car_vs_pedestrian,car_vs_pedestrian,,,10.0,car_vs_pedestrian,,,,15.0,150,4b6a4afb831ba62c|8338f079893936f6|53527cfc8994b4e4|a524624a5ffdbd02|373672484f0fb4f0,926,aihub_source_suffix:260_22207,source_filename_suffix_validated_by_exact_duplicates,,,night,cv_first_middle_last_majority,storage/vision/datasets/classification/raw_videos/차대보행자/aihub_train_00000129_bb_1_160623_pedestrian_260_22207.mp4,True,auto_enriched_needs_human_review,,,0fa3d024a10e95c4bbda9dbf25a3a2d5f2a319e75bbc09bf9286ed3939b7aebc,,,/workspace/SKN27-FINAL-3Team/storage/vision/datasets/classification/raw_videos/차대보행자/aihub_train_00000129_bb_1_160623_pedestrian_260_22207.mp4,test,0fa3d024a10e95c4bbda9dbf25a3a2d5f2a319e75bbc09bf9286ed3939b7aebc,blackbox_unspecified,filename_capture_code:bb,pedestrian,dataset_coarse_label,1920
aihub_train_00000020_bb_1_180414_pedestrian_117_200,car_vs_pedestrian,car_vs_pedestrian,,,10.0,car_vs_pedestrian,,,,15.0,150,81c43faec928d17e|a9ccf633490cd798|09487c3cddabe3b0|8b4c741c4f8af798|0b4a7c3c4b8af7b0,1080,aihub_source_suffix:117_200,source_filename_suffix_validated_by_exact_duplicates,,,day,cv_first_middle_last_majority,storage/vision/datasets/classification/raw_videos/차대보행자/aihub_train_00000020_bb_1_180414_pedestrian_117_200.mp4,True,auto_enriched_needs_human_review,,,a3cfe3d21d6759c3b73a55d98a3c52f9b6b9ff70c5f48380bcac44fefef3c88a,,,/workspace/SKN27-FINAL-3Team/storage/vision/datasets/classification/raw_videos/차대보행자/aihub_train_00000020_bb_1_180414_pedestrian_117_200.mp4,train,a3cfe3d21d6759c3b73a55d98a3c52f9b6b9ff70c5f48380bcac44fefef3c88a,blackbox_unspecified,filename_capture_code:bb,pedestrian,dataset_coarse_label,1920
aihub_train_00000139_bb_1_170421_pedestrian_130_173,car_vs_pedestrian,car_vs_pedestrian,,,10.0,car_vs_pedestrian,,,,15.0,150,8381c76c79c3a76a|a18585c879d79b66|892737965bc9950e|81293ec75bc8f30e|812926d7cbc8f32e,720,aihub_source_suffix:130_173,source_filename_suffix_validated_by_exact_duplicates,,,day,cv_first_middle_last_majority,storage/vision/datasets/classification/raw_videos/차대보행자/aihub_train_00000139_bb_1_170421_pedestrian_130_173.mp4,True,auto_enriched_needs_human_review,,,325666a6cf64c2b75c6c286ed90bae8614e7705d8dd8318f3538fef811617de6,,,/workspace/SKN27-FINAL-3Team/storage/vision/datasets/classification/raw_videos/차대보행자/aihub_train_00000139_bb_1_170421_pedestrian_130_173.mp4,train,325666a6cf64c2b75c6c286ed90bae8614e7705d8dd8318f3538fef811617de6,blackbox_unspecified,filename_capture_code:bb,pedestrian,dataset_coarse_label,1280
aihub_train_00000019_bb_1_180322_pedestrian_126_211,car_vs_pedestrian,car_vs_pedestrian,,,10.0,car_vs_pedestrian,,,,15.0,150,2cd2d328d3aedd24|24dadb24d98ecf24|24cadb166f299276|34caeb32c66532ba|34caeb32c66532ba,1080,aihub_source_suffix:126_211,source_filename_suffix_validated_by_exact_duplicates,,,night,cv_first_middle_last_majority,storage/vision/datasets/classification/raw_videos/차대보행자/aihub_train_00000019_bb_1_180322_pedestrian_126_211.mp4,True,auto_enriched_needs_human_review,,,d07fa8e744c83b78d4d77c0f3406d78c8e208b721b5c40e4e4177a10bb65d738,,,/workspace/SKN27-FINAL-3Team/storage/vision/datasets/classification/raw_videos/차대보행자/aihub_train_00000019_bb_1_180322_pedestrian_126_211.mp4,val,d07fa8e744c83b78d4d77c0f3406d78c8e208b721b5c40e4e4177a10bb65d738,blackbox_unspecified,filename_capture_code:bb,pedestrian,dataset_coarse_label,1920
aihub_train_00000062_bb_3_161022_pedestrian_193_030,car_vs_pedestrian,car_vs_pedestrian,,,10.0,car_vs_pedestrian,,,,15.0,150,332c333635fb71c0|0332339677d6c70e|25a29bb3b3e3e242|27a2b3b3b3e3c304|a5a2b3b1b3e3c306,1080,aihub_source_suffix:193_030,source_filename_suffix_validated_by_exact_duplicates,,,day,cv_first_middle_last_majority,storage/vision/datasets/classification/raw_videos/차대보행자/aihub_train_00000062_bb_3_161022_pedestrian_193_030.mp4,True,auto_enriched_needs_human_review,,,049154085f7ebae03af464f04311cba1e7ffd37c6990092e2fc57071bb129e27,,,/workspace/SKN27-FINAL-3Team/storage/vision/datasets/classification/raw_videos/차대보행자/aihub_train_00000062_bb_3_161022_pedestrian_193_030.mp4,train,049154085f7ebae03af464f04311cba1e7ffd37c6990092e2fc57071bb129e27,blackbox_unspecified,filename_capture_code:bb,pedestrian,dataset_coarse_label,1920
aihub_train_00000013_bb_1_171016_pedestrian_250_21448,car_vs_pedestrian,car_vs_pedestrian,,,10.0,car_vs_pedestrian,,,,15.0,150,232ad99cdcccc4f2|2322f53cd8cd8cf4|23a2f53c7cc9c8d8|2732d72c4ccbccd8|2736d7284ccdccd8,1080,aihub_source_suffix:250_21448,source_filename_suffix_validated_by_exact_duplicates,,,night,cv_first_middle_last_majority,storage/vision/datasets/classification/raw_videos/차대보행자/aihub_train_00000013_bb_1_171016_pedestrian_250_21448.mp4,True,auto_enriched_needs_human_review,,,59d4bf092e721e29a8a3c0543c4661bf478fe12a626281ca376658606b68a214,,,/workspace/SKN27-FINAL-3Team/storage/vision/datasets/classification/raw_videos/차대보행자/aihub_train_00000013_bb_1_171016_pedestrian_250_21448.mp4,val,59d4bf092e721e29a8a3c0543c4661bf478fe12a626281ca376658606b68a214,blackbox_unspecified,filename_capture_code:bb,pedestrian,dataset_coarse_label,1920
aihub_train_00000153_bb_1_180225_pedestrian_205_22285,car_vs_pedestrian,car_vs_pedestrian,,,10.0,car_vs_pedestrian,,,,15.0,150,b65d3dceaa2a8922|b65f38dd06732162|a5647598da5b98d2|a524359ada5bc8d6|a524359ada5bc8d6,926,aihub_source_suffix:205_22285,source_filename_suffix_validated_by_exact_duplicates,,,night,cv_first_middle_last_majority,storage/vision/datasets/classification/raw_videos/차대보행자/aihub_train_00000153_bb_1_180225_pedestrian_205_22285.mp4,True,auto_enriched_needs_human_review,,,578a2c0bb82a370c220342f7d10539d2feb81d5664d606982851fe1db6163b81,,,/workspace/SKN27-FINAL-3Team/storage/vision/datasets/classification/raw_videos/차대보행자/aihub_train_00000153_bb_1_180225_pedestrian_205_22285.mp4,train,578a2c0bb82a370c220342f7d10539d2feb81d5664d606982851fe1db6163b81,blackbox_unspecified,filename_capture_code:bb,pedestrian,dataset_coarse_label,1920
aihub_train_00000069_cc_3_160823_pedestrian_125_009,car_vs_pedestrian,car_vs_pedestrian,,,10.0,car_vs_pedestrian,,,,15.0,150,2ad4f16b2d9c931a|0ad4716b6d9c939a|0ad4f06a692cfcd6|2ad6f068696cb4d6|2ed4f068696cbcd4,1080,aihub_source_suffix:125_009,source_filename_suffix_validated_by_exact_duplicates,,,day,cv_first_middle_last_majority,storage/vision/datasets/classification/raw_videos/차대보행자/aihub_train_00000069_cc_3_160823_pedestrian_125_009.mp4,True,auto_enriched_needs_human_review,,,06c73602d8d00e7761eaa0ab25fd43ffe4280b1858f1a2e03745112958a0a374,,,/workspace/SKN27-FINAL-3Team/storage/vision/datasets/classification/raw_videos/차대보행자/aihub_train_00000069_cc_3_160823_pedestrian_125_009.mp4,train,06c73602d8d00e7761eaa0ab25fd43ffe4280b1858f1a2e03745112958a0a374,cctv_fixed,filename_capture_code:cc,pedestrian,dataset_coarse_label,1920
aihub_train_00000124_bb_3_200527_pedestrian_190_043,car_vs_pedestrian,car_vs_pedestrian,,,10.0,car_vs_pedestrian,,,,15.0,150,a12cc0e3b2fb9da4|a12cc0f392df9f30|812ce4f392d9bd34|812ce0f392fb9f24|a12cc0d3e2759f9a,1080,aihub_source_suffix:190_043,source_filename_suffix_validated_by_exact_duplicates,,,low_light,cv_first_middle_last_majority,storage/vision/datasets/classification/raw_videos/차대보행자/aihub_train_00000124_bb_3_200527_pedestrian_190_043.mp4,True,auto_enriched_needs_human_review,,,a46c3c0977e10a7583e9784b7b21b58eccd18f8dde9206812e79849129b74d60,,,/workspace/SKN27-FINAL-3Team/storage/vision/datasets/classification/raw_videos/차대보행자/aihub_train_00000124_bb_3_200527_pedestrian_190_043.mp4,train,a46c3c0977e10a7583e9784b7b21b58eccd18f8dde9206812e79849129b74d60,blackbox_unspecified,filename_capture_code:bb,pedestrian,dataset_coarse_label,1920
aihub_train_00000106_bb_1_200108_pedestrian_236_22220,car_vs_pedestrian,car_vs_pedestrian,,,10.0,car_vs_pedestrian,,,,15.0,150,229cdcc6632bbd34|22dccc466b2bbd16|329ccc6663bd951a|3294cc6623bd959e|22d0cc662bbd959e,616,aihub_source_suffix:236_22220,source_filename_suffix_validated_by_exact_duplicates,,,low_light,cv_first_middle_last_majority,storage/vision/datasets/classification/raw_videos/차대보행자/aihub_train_00000106_bb_1_200108_pedestrian_236_22220.mp4,True,auto_enriched_needs_human_review,,,39e424a4e6a7518c9f6503d755f828f20d213e8ed0961f9aa958ccca63ed3e72,,,/workspace/SKN27-FINAL-3Team/storage/vision/datasets/classification/raw_videos/차대보행자/aihub_train_00000106_bb_1_200108_pedestrian_236_22220.mp4,val,39e424a4e6a7518c9f6503d755f828f20d213e8ed0961f9aa958ccca63ed3e72,blackbox_unspecified,filename_capture_code:bb,pedestrian,dataset_coarse_label,1280
aihub_train_00000119_bb_1_211111_pedestrian_35_014,car_vs_pedestrian,car_vs_pedestrian,,,10.0,car_vs_pedestrian,,,,15.0,150,2d4bd0f4af3b1a44|2363d4d43a8f0ef8|032d7e56cef930c4|032b7e558ef9b0c4|010f7e558ef9b4c4,1080,aihub_source_suffix:35_014,source_filename_suffix_validated_by_exact_duplicates,,,day,cv_first_middle_last_majority,storage/vision/datasets/classification/raw_videos/차대보행자/aihub_train_00000119_bb_1_211111_pedestrian_35_014.mp4,True,auto_enriched_needs_human_review,,,21d7cb8ad2fb7fa8634fc6d70b617e220f1389027e74f25223c80790a3048efa,,,/workspace/SKN27-FINAL-3Team/storage/vision/datasets/classification/raw_videos/차대보행자/aihub_train_00000119_bb_1_211111_pedestrian_35_014.mp4,test,21d7cb8ad2fb7fa8634fc6d70b617e220f1389027e74f25223c80790a3048efa,blackbox_unspecified,filename_capture_code:bb,pedestrian,dataset_coarse_label,1920
aihub_train_00000146_bb_1_170915_pedestrian_190_103,car_vs_pedestrian,car_vs_pedestrian,,,10.0,car_vs_pedestrian,,,,15.0,150,1a4660acff6c5596|a726723079cccf1c|2b6ee4b4784cd992|b0c6fbe0e58cd918|23b6f0ec6dc4d328,1080,aihub_source_suffix:190_103,source_filename_suffix_validated_by_exact_duplicates,,,low_light,cv_first_middle_last_majority,storage/vision/datasets/classification/raw_videos/차대보행자/aihub_train_00000146_bb_1_170915_pedestrian_190_103.mp4,True,auto_enriched_needs_human_review,,,e6b397ea01f58ed8f0717be3a10fd5e7028a181fbda9ef657274c93fbe5db3ed,,,/workspace/SKN27-FINAL-3Team/storage/vision/datasets/classification/raw_videos/차대보행자/aihub_train_00000146_bb_1_170915_pedestrian_190_103.mp4,val,e6b397ea01f58ed8f0717be3a10fd5e7028a181fbda9ef657274c93fbe5db3ed,blackbox_unspecified,filename_capture_code:bb,pedestrian,dataset_coarse_label,1920
aihub_train_00000078_bb_1_170101_pedestrian_36_022,car_vs_pedestrian,car_vs_pedestrian,,,10.0,car_vs_pedestrian,,,,15.0,150,1b1b93c4f4ed984a|3995b564c666b24e|1b1b0b6ee84632ee|1111594ee86eb6ee|1111594ec86f3eee,1080,aihub_source_suffix:36_022,source_filename_suffix_validated_by_exact_duplicates,,,day,cv_first_middle_last_majority,storage/vision/datasets/classification/raw_videos/차대보행자/aihub_train_00000078_bb_1_170101_pedestrian_36_022.mp4,True,auto_enriched_needs_human_review,,,ad755516aa7267f6065d46497fadf3bbd1d439772a68ca971e4bf50084e2d97e,,,/workspace/SKN27-FINAL-3Team/storage/vision/datasets/classification/raw_videos/차대보행자/aihub_train_00000078_bb_1_170101_pedestrian_36_022.mp4,train,ad755516aa7267f6065d46497fadf3bbd1d439772a68ca971e4bf50084e2d97e,blackbox_unspecified,filename_capture_code:bb,pedestrian,dataset_coarse_label,1920
aihub_train_00000097_bb_1_181130_pedestrian_142_245,car_vs_pedestrian,car_vs_pedestrian,,,10.0,car_vs_pedestrian,,,,15.0,150,86c6e7621e3c7c38|a0c06f8b9366f5e8|4bc2a3a3d342d6ae|28dad32cddd33c84|6ad41712ed6b3c94,660,aihub_source_suffix:142_245,source_filename_suffix_validated_by_exact_duplicates,,,night,cv_first_middle_last_majority,storage/vision/datasets/classification/raw_videos/차대보행자/aihub_train_00000097_bb_1_181130_pedestrian_142_245.mp4,True,auto_enriched_needs_human_review,,,54a4575422c33fba4ce67035f602be740d11abb881b57087c1f3806d17a23432,,,/workspace/SKN27-FINAL-3Team/storage/vision/datasets/classification/raw_videos/차대보행자/aihub_train_00000097_bb_1_181130_pedestrian_142_245.mp4,train,54a4575422c33fba4ce67035f602be740d11abb881b57087c1f3806d17a23432,blackbox_unspecified,filename_capture_code:bb,pedestrian,dataset_coarse_label,1128
aihub_train_00000142_bb_1_170709_pedestrian_255_21731,car_vs_pedestrian,car_vs_pedestrian,,,10.0,car_vs_pedestrian,,,,15.0,150,b442ced9372699e8|b27ae59933268da4|b24ee44d99364f8c|b05ae6cd99324bcc|b05ae6cd99324bcc,1080,aihub_source_suffix:255_21731,source_filename_suffix_validated_by_exact_duplicates,,,night,cv_first_middle_last_majority,storage/vision/datasets/classification/raw_videos/차대보행자/aihub_train_00000142_bb_1_170709_pedestrian_255_21731.mp4,True,auto_enriched_needs_human_review,,,d20661cd693f7341d6136808c8ddc02c89e532adbab922b6b211ed8590b4167b,,,/workspace/SKN27-FINAL-3Team/storage/vision/datasets/classification/raw_videos/차대보행자/aihub_train_00000142_bb_1_170709_pedestrian_255_21731.mp4,test,d20661cd693f7341d6136808c8ddc02c89e532adbab922b6b211ed8590b4167b,blackbox_unspecified,filename_capture_code:bb,pedestrian,dataset_coarse_label,1920
aihub_train_00000116_bb_1_210128_pedestrian_195_140,car_vs_pedestrian,car_vs_pedestrian,,,10.0,car_vs_pedestrian,,,,15.0,150,39998f278669c32e|39999c6f87627186|39999c5d8749c3c6|8d393879a26e674c|89989c7cf370792c,1080,aihub_source_suffix:195_140,source_filename_suffix_validated_by_exact_duplicates,,,low_light,cv_first_middle_last_majority,storage/vision/datasets/classification/raw_videos/차대보행자/aihub_train_00000116_bb_1_210128_pedestrian_195_140.mp4,True,auto_enriched_needs_human_review,,,f53955dc3a384c7460376fed53759bcfc5078733963de3f756ef81c2d67fee63,,,/workspace/SKN27-FINAL-3Team/storage/vision/datasets/classification/raw_videos/차대보행자/aihub_train_00000116_bb_1_210128_pedestrian_195_140.mp4,train,f53955dc3a384c7460376fed53759bcfc5078733963de3f756ef81c2d67fee63,blackbox_unspecified,filename_capture_code:bb,pedestrian,dataset_coarse_label,1920
aihub_train_00000095_bb_1_180822_pedestrian_235_22384,car_vs_pedestrian,car_vs_pedestrian,,,10.0,car_vs_pedestrian,,,,15.0,150,85845c78f2767cd2|9d9872626e6c64e6|9d9c626272766666|9d9c6262727266e6|9d9c6862727266e6,1080,aihub_source_suffix:235_22384,source_filename_suffix_validated_by_exact_duplicates,,,night,cv_first_middle_last_majority,storage/vision/datasets/classification/raw_videos/차대보행자/aihub_train_00000095_bb_1_180822_pedestrian_235_22384.mp4,True,auto_enriched_needs_human_review,,,3db28e6bfa5bd2396779b564651304c2fa110c54242cf3ca9f84f227a7e05d1e,,,/workspace/SKN27-FINAL-3Team/storage/vision/datasets/classification/raw_videos/차대보행자/aihub_train_00000095_bb_1_180822_pedestrian_235_22384.mp4,train,3db28e6bfa5bd2396779b564651304c2fa110c54242cf3ca9f84f227a7e05d1e,blackbox_unspecified,filename_capture_code:bb,pedestrian,dataset_coarse_label,1920
aihub_train_00000083_bb_1_170418_pedestrian_39_051,car_vs_pedestrian,car_vs_pedestrian,,,10.0,car_vs_pedestrian,,,,15.0,150,b92947c6c733386a|bb2b4bc2d135346c|b92d6fc2d19113e2|bd2d43c2dbb184ac|9d2d63c2daa585ac,1080,aihub_source_suffix:39_051,source_filename_suffix_validated_by_exact_duplicates,,,day,cv_first_middle_last_majority,storage/vision/datasets/classification/raw_videos/차대보행자/aihub_train_00000083_bb_1_170418_pedestrian_39_051.mp4,True,auto_enriched_needs_human_review,,,3358b48eb097b644e5127b615e00506527643862aaf8fce34594f57ca2d2b98f,,,/workspace/SKN27-FINAL-3Team/storage/vision/datasets/classification/raw_videos/차대보행자/aihub_train_00000083_bb_1_170418_pedestrian_39_051.mp4,val,3358b48eb097b644e5127b615e00506527643862aaf8fce34594f57ca2d2b98f,blackbox_unspecified,filename_capture_code:bb,pedestrian,dataset_coarse_label,1920
aihub_train_00000008_bb_1_160531_pedestrian_125_128,car_vs_pedestrian,car_vs_pedestrian,,,10.0,car_vs_pedestrian,,,,15.0,150,8b8e7c3c70d0dc5a|83a67c7858c6c6dc|83967c92765c4d96|8d9c70729edc6c62|8f8e707096dc7c62,1080,aihub_source_suffix:125_128,source_filename_suffix_validated_by_exact_duplicates,,,night,cv_first_middle_last_majority,storage/vision/datasets/classification/raw_videos/차대보행자/aihub_train_00000008_bb_1_160531_pedestrian_125_128.mp4,True,auto_enriched_needs_human_review,,,c1bde3aaa4f009f3fcb70c9af153a4265a4931d3b832af4d524ce82ed6465789,,,/workspace/SKN27-FINAL-3Team/storage/vision/datasets/classification/raw_videos/차대보행자/aihub_train_00000008_bb_1_160531_pedestrian_125_128.mp4,val,c1bde3aaa4f009f3fcb70c9af153a4265a4931d3b832af4d524ce82ed6465789,blackbox_unspecified,filename_capture_code:bb,pedestrian,dataset_coarse_label,1920
aihub_train_00000155_bb_1_180326_pedestrian_147_163,car_vs_pedestrian,car_vs_pedestrian,,,10.0,car_vs_pedestrian,,,,15.0,150,b13e62db88cc64e6|a0e672d9b1f1621e|23687196dc73634e|216c70d993da5a5e|216c74d9925a7e1e,1080,aihub_source_suffix:147_163,source_filename_suffix_validated_by_exact_duplicates,,,night,cv_first_middle_last_majority,storage/vision/datasets/classification/raw_videos/차대보행자/aihub_train_00000155_bb_1_180326_pedestrian_147_163.mp4,True,auto_enriched_needs_human_review,,,032ded5434b1b0633f38614b2cd5473f5afde2e671cd235692a83c2c818324c4,,,/workspace/SKN27-FINAL-3Team/storage/vision/datasets/classification/raw_videos/차대보행자/aihub_train_00000155_bb_1_180326_pedestrian_147_163.mp4,val,032ded5434b1b0633f38614b2cd5473f5afde2e671cd235692a83c2c818324c4,blackbox_unspecified,filename_capture_code:bb,pedestrian,dataset_coarse_label,1920
aihub_train_00000126_bb_3_220404_pedestrian_249_21633,car_vs_pedestrian,car_vs_pedestrian,,,10.0,car_vs_pedestrian,,,,15.0,150,93b46c7f8a4c7858|93b46c7f8a4c7858|93b46c7f8a4c7858|93b46c7f8a4c3a58|93b46c7d8e4c3a58,926,aihub_source_suffix:249_21633,source_filename_suffix_validated_by_exact_duplicates,,,low_light,cv_first_middle_last_majority,storage/vision/datasets/classification/raw_videos/차대보행자/aihub_train_00000126_bb_3_220404_pedestrian_249_21633.mp4,True,auto_enriched_needs_human_review,,,16919b4905c93f162b28e52b4166d66b32e9b316c43c00d42c7cf5a76ae71925,,,/workspace/SKN27-FINAL-3Team/storage/vision/datasets/classification/raw_videos/차대보행자/aihub_train_00000126_bb_3_220404_pedestrian_249_21633.mp4,train,16919b4905c93f162b28e52b4166d66b32e9b316c43c00d42c7cf5a76ae71925,blackbox_unspecified,filename_capture_code:bb,pedestrian,dataset_coarse_label,1920
aihub_train_00000060_bb_3_160511_pedestrian_118_008,car_vs_pedestrian,car_vs_pedestrian,,,10.0,car_vs_pedestrian,,,,15.0,150,099d2b72672c5bb4|89950a7e7528dbb4|8b95a9626d28db9c|8991816e6d9adb9c|8991a16e6d98db9c,1080,aihub_source_suffix:118_008,source_filename_suffix_validated_by_exact_duplicates,,,day,cv_first_middle_last_majority,storage/vision/datasets/classification/raw_videos/차대보행자/aihub_train_00000060_bb_3_160511_pedestrian_118_008.mp4,True,auto_enriched_needs_human_review,,,645d2815d1ccc91bd6a961be10661dae6d8424b733faca085efe0821df9a66d6,,,/workspace/SKN27-FINAL-3Team/storage/vision/datasets/classification/raw_videos/차대보행자/aihub_train_00000060_bb_3_160511_pedestrian_118_008.mp4,test,645d2815d1ccc91bd6a961be10661dae6d8424b733faca085efe0821df9a66d6,blackbox_unspecified,filename_capture_code:bb,pedestrian,dataset_coarse_label,1920
aihub_train_00000084_bb_1_170424_pedestrian_189_034,car_vs_pedestrian,car_vs_pedestrian,,,10.0,car_vs_pedestrian,,,,15.0,150,d79e9170f1878706|e3a7137abd038b0a|45b2b354b52aabaa|61a427537b1bdb18|65a4271f5b0bdb18,1080,aihub_source_suffix:189_034,source_filename_suffix_validated_by_exact_duplicates,,,day,cv_first_middle_last_majority,storage/vision/datasets/classification/raw_videos/차대보행자/aihub_train_00000084_bb_1_170424_pedestrian_189_034.mp4,True,auto_enriched_needs_human_review,,,d19d09364d65d3120944adcbd1ea52e30a9ea5ee1812fdec11a66e8ab6e3364b,,,/workspace/SKN27-FINAL-3Team/storage/vision/datasets/classification/raw_videos/차대보행자/aihub_train_00000084_bb_1_170424_pedestrian_189_034.mp4,val,d19d09364d65d3120944adcbd1ea52e30a9ea5ee1812fdec11a66e8ab6e3364b,blackbox_unspecified,filename_capture_code:bb,pedestrian,dataset_coarse_label,1920
aihub_train_00000018_bb_1_180319_pedestrian_117_199,car_vs_pedestrian,car_vs_pedestrian,,,10.0,car_vs_pedestrian,,,,15.0,150,986e7f91c06f39c0|826e7f93c07c3386|9666e91996c6783c|4b6a9494d7aca56c|984bb999664fa646,1080,aihub_source_suffix:117_199,source_filename_suffix_validated_by_exact_duplicates,,,night,cv_first_middle_last_majority,storage/vision/datasets/classification/raw_videos/차대보행자/aihub_train_00000018_bb_1_180319_pedestrian_117_199.mp4,True,auto_enriched_needs_human_review,,,f4d026e651de9c9ae7c1516ddcc1e2dfe770aaae61b08ed4b72dc0fd0ffe6aa1,,,/workspace/SKN27-FINAL-3Team/storage/vision/datasets/classification/raw_videos/차대보행자/aihub_train_00000018_bb_1_180319_pedestrian_117_199.mp4,test,f4d026e651de9c9ae7c1516ddcc1e2dfe770aaae61b08ed4b72dc0fd0ffe6aa1,blackbox_unspecified,filename_capture_code:bb,pedestrian,dataset_coarse_label,1920
aihub_train_00000040_bb_1_200831_pedestrian_192_106,car_vs_pedestrian,car_vs_pedestrian,,,10.0,car_vs_pedestrian,,,,15.0,150,1514eaea2b2dd556|3d1cc6e60bdb5134|2ba6dc5cb1a246ea|3f38c0448fbe7272|3938c64685ba7a7a,1080,aihub_source_suffix:192_106,source_filename_suffix_validated_by_exact_duplicates,,,night,cv_first_middle_last_majority,storage/vision/datasets/classification/raw_videos/차대보행자/aihub_train_00000040_bb_1_200831_pedestrian_192_106.mp4,True,auto_enriched_needs_human_review,,,042dd8d742ca5bae49329ffb8536422a2bda2334f8c61d40ba6b82290950baf3,,,/workspace/SKN27-FINAL-3Team/storage/vision/datasets/classification/raw_videos/차대보행자/aihub_train_00000040_bb_1_200831_pedestrian_192_106.mp4,val,042dd8d742ca5bae49329ffb8536422a2bda2334f8c61d40ba6b82290950baf3,blackbox_unspecified,filename_capture_code:bb,pedestrian,dataset_coarse_label,1920
aihub_train_00000144_bb_1_170816_pedestrian_38_015,car_vs_pedestrian,car_vs_pedestrian,,,10.0,car_vs_pedestrian,,,,15.0,150,4b6aca7af3823b82|837cf074c9893d36|5352747cd98895b6|b52426425edd2dbc|b73172684e4f2da4,1080,aihub_source_suffix:38_015,source_filename_suffix_validated_by_exact_duplicates,,,night,cv_first_middle_last_majority,storage/vision/datasets/classification/raw_videos/차대보행자/aihub_train_00000144_bb_1_170816_pedestrian_38_015.mp4,True,auto_enriched_needs_human_review,,,b37a8486de2fa4e4662bfe903569acd074316b7a2fd6e120bdf0f07c0cae8ad8,,,/workspace/SKN27-FINAL-3Team/storage/vision/datasets/classification/raw_videos/차대보행자/aihub_train_00000144_bb_1_170816_pedestrian_38_015.mp4,train,b37a8486de2fa4e4662bfe903569acd074316b7a2fd6e120bdf0f07c0cae8ad8,blackbox_unspecified,filename_capture_code:bb,pedestrian,dataset_coarse_label,1920
aihub_train_00000924_bb_3_220108_two-wheeled-vehicle_116_147,car_vs_motorcycle,car_vs_motorcycle,,,10.0,car_vs_motorcycle,,,,15.0,150,befecdb82644085a|befecdb82644085a|3afecdb8264618ca|bafecdb2324c0c1a|befecdb02644185a,1080,aihub_source_suffix:116_147,source_filename_suffix_validated_by_exact_duplicates,,,night,cv_first_middle_last_majority,storage/vision/datasets/classification/raw_videos/차대이륜차/aihub_train_00000924_bb_3_220108_two-wheeled-vehicle_116_147.mp4,True,auto_enriched_needs_human_review,,,4c9daee416dbc9e0da706f77eef6670dd19f09aca9831bdcd14930b0f9616e61,,,/workspace/SKN27-FINAL-3Team/storage/vision/datasets/classification/raw_videos/차대이륜차/aihub_train_00000924_bb_3_220108_two-wheeled-vehicle_116_147.mp4,train,4c9daee416dbc9e0da706f77eef6670dd19f09aca9831bdcd14930b0f9616e61,blackbox_unspecified,filename_capture_code:bb,motorcycle,dataset_coarse_label,1920
aihub_train_00000805_bb_1_190318_two-wheeled-vehicle_312_037,car_vs_motorcycle,car_vs_motorcycle,,,10.0,car_vs_motorcycle,,,,15.0,150,0b872b3cf64b9c92|0b8a3d6448edb69e|1b8902e6e67dbb28|3dad63c2869c69b4|39ad63e7869ce8a0,1080,aihub_source_suffix:312_037,source_filename_suffix_validated_by_exact_duplicates,,,day,cv_first_middle_last_majority,storage/vision/datasets/classification/raw_videos/차대이륜차/aihub_train_00000805_bb_1_190318_two-wheeled-vehicle_312_037.mp4,True,auto_enriched_needs_human_review,,,7f6da1247b32c2d4b06a7497ed80fc33e026c21eb89f365c936ca3daef33c624,,,/workspace/SKN27-FINAL-3Team/storage/vision/datasets/classification/raw_videos/차대이륜차/aihub_train_00000805_bb_1_190318_two-wheeled-vehicle_312_037.mp4,test,7f6da1247b32c2d4b06a7497ed80fc33e026c21eb89f365c936ca3daef33c624,blackbox_unspecified,filename_capture_code:bb,motorcycle,dataset_coarse_label,1920
aihub_train_00001064_bb_1_210424_two-wheeled-vehicle_210_22425,car_vs_motorcycle,car_vs_motorcycle,,,10.0,car_vs_motorcycle,,,,15.0,150,34db2d86d32cdb24|26769cc8d928e736|e09d33c01fe2dd32|807d97c07fa06f16|807d97c07fa06f16,1080,aihub_source_suffix:210_22425,source_filename_suffix_validated_by_exact_duplicates,,,night,cv_first_middle_last_majority,storage/vision/datasets/classification/raw_videos/차대이륜차/aihub_train_00001064_bb_1_210424_two-wheeled-vehicle_210_22425.mp4,True,auto_enriched_needs_human_review,,,4814cf147730a01cc21014bf2dd30f290767444518244c3acb2840cb0d76aae0,,,/workspace/SKN27-FINAL-3Team/storage/vision/datasets/classification/raw_videos/차대이륜차/aihub_train_00001064_bb_1_210424_two-wheeled-vehicle_210_22425.mp4,test,4814cf147730a01cc21014bf2dd30f290767444518244c3acb2840cb0d76aae0,blackbox_unspecified,filename_capture_code:bb,motorcycle,dataset_coarse_label,1920
aihub_train_00000871_bb_1_211107_two-wheeled-vehicle_144_188,car_vs_motorcycle,car_vs_motorcycle,,,10.0,car_vs_motorcycle,,,,15.0,150,91d1ff2a558ef120|746559a2ab88d5ce|554b0b5acb0ed3aa|1de31d44c31673ae|51e31f4cc73271aa,1080,aihub_source_suffix:144_188,source_filename_suffix_validated_by_exact_duplicates,,,low_light,cv_first_middle_last_majority,storage/vision/datasets/classification/raw_videos/차대이륜차/aihub_train_00000871_bb_1_211107_two-wheeled-vehicle_144_188.mp4,True,auto_enriched_needs_human_review,,,9ce8ba6e27b9de2fcf319b830f97f48e637a87005c5465ff27a54a1004642db3,,,/workspace/SKN27-FINAL-3Team/storage/vision/datasets/classification/raw_videos/차대이륜차/aihub_train_00000871_bb_1_211107_two-wheeled-vehicle_144_188.mp4,train,9ce8ba6e27b9de2fcf319b830f97f48e637a87005c5465ff27a54a1004642db3,blackbox_unspecified,filename_capture_code:bb,motorcycle,dataset_coarse_label,1920
aihub_train_00000784_bb_1_171125_two-wheeled-vehicle_205_22066,car_vs_motorcycle,car_vs_motorcycle,,,10.0,car_vs_motorcycle,,,,15.0,150,a1d2c84cdb27b47a|3736c8c8c8673736|b3a2c8cc4c6d3a3e|38525b3ce6acb4e4|38525b3ce6acb4e4,1080,aihub_source_suffix:205_22066,source_filename_suffix_validated_by_exact_duplicates,,,night,cv_first_middle_last_majority,storage/vision/datasets/classification/raw_videos/차대이륜차/aihub_train_00000784_bb_1_171125_two-wheeled-vehicle_205_22066.mp4,True,auto_enriched_needs_human_review,,,ad4df7f2a54b5849b7e1d8271fc94de38882ef850c6c4ecd7177c4417e6ae36f,,,/workspace/SKN27-FINAL-3Team/storage/vision/datasets/classification/raw_videos/차대이륜차/aihub_train_00000784_bb_1_171125_two-wheeled-vehicle_205_22066.mp4,test,ad4df7f2a54b5849b7e1d8271fc94de38882ef850c6c4ecd7177c4417e6ae36f,blackbox_unspecified,filename_capture_code:bb,motorcycle,dataset_coarse_label,1920
aihub_train_00000964_bb_1_170912_two-wheeled-vehicle_123_286,car_vs_motorcycle,car_vs_motorcycle,,,10.0,car_vs_motorcycle,,,,15.0,150,17e6e9891776e888|2d68d295a476d2da|6f6490934f6d589a|6b6494934f6d1a9a|6b6494934f6d589a,1080,aihub_source_suffix:123_286,source_filename_suffix_validated_by_exact_duplicates,,,night,cv_first_middle_last_majority,storage/vision/datasets/classification/raw_videos/차대이륜차/aihub_train_00000964_bb_1_170912_two-wheeled-vehicle_123_286.mp4,True,auto_enriched_needs_human_review,,,33a3b8c8b2e0a632b1a5ab2beb932429796d38f11a83b66f267a17180a5df04d,,,/workspace/SKN27-FINAL-3Team/storage/vision/datasets/classification/raw_videos/차대이륜차/aihub_train_00000964_bb_1_170912_two-wheeled-vehicle_123_286.mp4,train,33a3b8c8b2e0a632b1a5ab2beb932429796d38f11a83b66f267a17180a5df04d,blackbox_unspecified,filename_capture_code:bb,motorcycle,dataset_coarse_label,1920
aihub_train_00001009_bb_1_190701_two-wheeled-vehicle_316_026,car_vs_motorcycle,car_vs_motorcycle,,,10.0,car_vs_motorcycle,,,,15.0,150,a9292f6f1b1a47c2|0b036f6f41fc7c50|999d6e6647dc4544|9b930c4de360d4ee|9b930c1de360d66e,1080,aihub_source_suffix:316_026,source_filename_suffix_validated_by_exact_duplicates,,,low_light,cv_first_middle_last_majority,storage/vision/datasets/classification/raw_videos/차대이륜차/aihub_train_00001009_bb_1_190701_two-wheeled-vehicle_316_026.mp4,True,auto_enriched_needs_human_review,,,daafb088e9fd1e331c699900c39d563fec6a4307023ec05c96541e809e632ed7,,,/workspace/SKN27-FINAL-3Team/storage/vision/datasets/classification/raw_videos/차대이륜차/aihub_train_00001009_bb_1_190701_two-wheeled-vehicle_316_026.mp4,train,daafb088e9fd1e331c699900c39d563fec6a4307023ec05c96541e809e632ed7,blackbox_unspecified,filename_capture_code:bb,motorcycle,dataset_coarse_label,1920
aihub_train_00001025_bb_1_191225_two-wheeled-vehicle_46_028,car_vs_motorcycle,car_vs_motorcycle,,,10.0,car_vs_motorcycle,,,,15.0,150,0772f392b720b2da|086e53b3e56c3a96|41581cb6ef6a3ac6|d75419a8efa8381e|d7541988efa8383e,1080,aihub_source_suffix:46_028,source_filename_suffix_validated_by_exact_duplicates,,,low_light,cv_first_middle_last_majority,storage/vision/datasets/classification/raw_videos/차대이륜차/aihub_train_00001025_bb_1_191225_two-wheeled-vehicle_46_028.mp4,True,auto_enriched_needs_human_review,,,660cc8d92a9e191ba880795ca95cef8070c973720bad2a2e10f67a25529a5e24,,,/workspace/SKN27-FINAL-3Team/storage/vision/datasets/classification/raw_videos/차대이륜차/aihub_train_00001025_bb_1_191225_two-wheeled-vehicle_46_028.mp4,test,660cc8d92a9e191ba880795ca95cef8070c973720bad2a2e10f67a25529a5e24,blackbox_unspecified,filename_capture_code:bb,motorcycle,dataset_coarse_label,1920
aihub_train_00000813_bb_1_190830_two-wheeled-vehicle_248_22467,car_vs_motorcycle,car_vs_motorcycle,,,10.0,car_vs_motorcycle,,,,15.0,150,9d38378e6266f8c2|2d4ac734d2d8b65a|4a954a94b57ab56a|4b878d9ab47a343c|4b838d9ab47a347c,1080,aihub_source_suffix:248_22467,source_filename_suffix_validated_by_exact_duplicates,,,night,cv_first_middle_last_majority,storage/vision/datasets/classification/raw_videos/차대이륜차/aihub_train_00000813_bb_1_190830_two-wheeled-vehicle_248_22467.mp4,True,auto_enriched_needs_human_review,,,001b242a052404cdb402ee887400a87fe87a491ef3605e2c6a62b164471e0858,,,/workspace/SKN27-FINAL-3Team/storage/vision/datasets/classification/raw_videos/차대이륜차/aihub_train_00000813_bb_1_190830_two-wheeled-vehicle_248_22467.mp4,train,001b242a052404cdb402ee887400a87fe87a491ef3605e2c6a62b164471e0858,blackbox_unspecified,filename_capture_code:bb,motorcycle,dataset_coarse_label,1920
aihub_train_00000788_bb_1_180312_two-wheeled-vehicle_46_023,car_vs_motorcycle,car_vs_motorcycle,,,10.0,car_vs_motorcycle,,,,15.0,150,1d11abae22ddf912|b373398c4c518f36|43cbc5855cbe3b14|49d3c9d7ab142d16|4bc3c987ad1aad52,1080,aihub_source_suffix:46_023,source_filename_suffix_validated_by_exact_duplicates,,,night,cv_first_middle_last_majority,storage/vision/datasets/classification/raw_videos/차대이륜차/aihub_train_00000788_bb_1_180312_two-wheeled-vehicle_46_023.mp4,True,auto_enriched_needs_human_review,,,de96c1918fe8c4b1d7dbb1654680fec03535bdf8f8bbd1ed629cf5606dc180dc,,,/workspace/SKN27-FINAL-3Team/storage/vision/datasets/classification/raw_videos/차대이륜차/aihub_train_00000788_bb_1_180312_two-wheeled-vehicle_46_023.mp4,train,de96c1918fe8c4b1d7dbb1654680fec03535bdf8f8bbd1ed629cf5606dc180dc,blackbox_unspecified,filename_capture_code:bb,motorcycle,dataset_coarse_label,1920
aihub_train_00000923_bb_3_211210_two-wheeled-vehicle_124_167,car_vs_motorcycle,car_vs_motorcycle,,,10.0,car_vs_motorcycle,,,,15.0,150,052542aefb1bc5da|052542bedb1bc5da|052542bedb1bc5da|052542bedb1bc5da|052542bedb1bc5da,1080,aihub_source_suffix:124_167,source_filename_suffix_validated_by_exact_duplicates,,,day,cv_first_middle_last_majority,storage/vision/datasets/classification/raw_videos/차대이륜차/aihub_train_00000923_bb_3_211210_two-wheeled-vehicle_124_167.mp4,True,auto_enriched_needs_human_review,,,8aaa629e0abd32845687409affb79a4697c63f68874cc8138e70131e6eacd689,,,/workspace/SKN27-FINAL-3Team/storage/vision/datasets/classification/raw_videos/차대이륜차/aihub_train_00000923_bb_3_211210_two-wheeled-vehicle_124_167.mp4,train,8aaa629e0abd32845687409affb79a4697c63f68874cc8138e70131e6eacd689,blackbox_unspecified,filename_capture_code:bb,motorcycle,dataset_coarse_label,1920
aihub_train_00001162_bb_1_120730_two-wheeled-vehicle_16_018,car_vs_motorcycle,car_vs_motorcycle,,,10.0,car_vs_motorcycle,,,,15.0,150,77355506c60734fc|7332332a68b5b6d4|535a530284cf4efe|5d5cbd0c0c0f5ada|5d5cbd0c0c0f5ada,1080,aihub_source_suffix:16_018,source_filename_suffix_validated_by_exact_duplicates,,,day,cv_first_middle_last_majority,storage/vision/datasets/classification/raw_videos/차대이륜차/aihub_train_00001162_bb_1_120730_two-wheeled-vehicle_16_018.mp4,True,auto_enriched_needs_human_review,,,4dddc870e1691802b3a6c773679e02b30954f84199c3113c94532afc9b2afc2e,,,/workspace/SKN27-FINAL-3Team/storage/vision/datasets/classification/raw_videos/차대이륜차/aihub_train_00001162_bb_1_120730_two-wheeled-vehicle_16_018.mp4,train,4dddc870e1691802b3a6c773679e02b30954f84199c3113c94532afc9b2afc2e,blackbox_unspecified,filename_capture_code:bb,motorcycle,dataset_coarse_label,1920
aihub_train_00001081_bb_1_210913_two-wheeled-vehicle_30_001,car_vs_motorcycle,car_vs_motorcycle,,,10.0,car_vs_motorcycle,,,,15.0,150,d978a4a4cdd9daa0|d3722cac8dd17332|f3f20c044dfad8f0|b3f2440c4d9afaf0|b3f2440c4d9afaf0,1080,aihub_source_suffix:30_001,source_filename_suffix_validated_by_exact_duplicates,,,night,cv_first_middle_last_majority,storage/vision/datasets/classification/raw_videos/차대이륜차/aihub_train_00001081_bb_1_210913_two-wheeled-vehicle_30_001.mp4,True,auto_enriched_needs_human_review,,,e1b9d10fd0119ca12d043eee37ea04bee4034a22560cda1ac67a2f9eaa2ef038,,,/workspace/SKN27-FINAL-3Team/storage/vision/datasets/classification/raw_videos/차대이륜차/aihub_train_00001081_bb_1_210913_two-wheeled-vehicle_30_001.mp4,train,e1b9d10fd0119ca12d043eee37ea04bee4034a22560cda1ac67a2f9eaa2ef038,blackbox_unspecified,filename_capture_code:bb,motorcycle,dataset_coarse_label,1920
aihub_train_00000820_bb_1_200205_two-wheeled-vehicle_148_282,car_vs_motorcycle,car_vs_motorcycle,,,10.0,car_vs_motorcycle,,,,15.0,150,2b0b293d70f13c5e|230b2d0b2a3f2efc|210b6d0b2a3f3e3e|219a6f9b021f2e3e|23999dc7621b0e9e,1080,aihub_source_suffix:148_282,source_filename_suffix_validated_by_exact_duplicates,,,day,cv_first_middle_last_majority,storage/vision/datasets/classification/raw_videos/차대이륜차/aihub_train_00000820_bb_1_200205_two-wheeled-vehicle_148_282.mp4,True,auto_enriched_needs_human_review,,,531ee97dc2219df8edfb4228cbdc68912a44fa25d1c4838d96727a0f9d1ce3c0,,,/workspace/SKN27-FINAL-3Team/storage/vision/datasets/classification/raw_videos/차대이륜차/aihub_train_00000820_bb_1_200205_two-wheeled-vehicle_148_282.mp4,train,531ee97dc2219df8edfb4228cbdc68912a44fa25d1c4838d96727a0f9d1ce3c0,blackbox_unspecified,filename_capture_code:bb,motorcycle,dataset_coarse_label,1920
aihub_train_00000814_bb_1_190921_two-wheeled-vehicle_129_180,car_vs_motorcycle,car_vs_motorcycle,,,10.0,car_vs_motorcycle,,,,15.0,150,b3878764e128793e|290b074eebd0f33a|1b1f07464fcaf1b0|2b3f2d2ccdc2d306|2b2f2d4ccdc2d386,1080,aihub_source_suffix:129_180,source_filename_suffix_validated_by_exact_duplicates,,,low_light,cv_first_middle_last_majority,storage/vision/datasets/classification/raw_videos/차대이륜차/aihub_train_00000814_bb_1_190921_two-wheeled-vehicle_129_180.mp4,True,auto_enriched_needs_human_review,,,40466812a6d5eabfca2b968d8f70876534c412012a960ae7e77f90dcf8e40c0d,,,/workspace/SKN27-FINAL-3Team/storage/vision/datasets/classification/raw_videos/차대이륜차/aihub_train_00000814_bb_1_190921_two-wheeled-vehicle_129_180.mp4,train,40466812a6d5eabfca2b968d8f70876534c412012a960ae7e77f90dcf8e40c0d,blackbox_unspecified,filename_capture_code:bb,motorcycle,dataset_coarse_label,1920
aihub_train_00000894_bb_3_120630_two-wheeled-vehicle_253_22451,car_vs_motorcycle,car_vs_motorcycle,,,10.0,car_vs_motorcycle,,,,15.0,150,839291e07e6a5e5e|8392d1606e6e7c5e|8192d1607c6e7e5e|8196d3607c6c7e5a|8396d1607c6c7e5a,1080,aihub_source_suffix:253_22451,source_filename_suffix_validated_by_exact_duplicates,,,low_light,cv_first_middle_last_majority,storage/vision/datasets/classification/raw_videos/차대이륜차/aihub_train_00000894_bb_3_120630_two-wheeled-vehicle_253_22451.mp4,True,auto_enriched_needs_human_review,,,cf028f2557dca18389b304c7b59e56db279d1da933afd6a8d04cbb8b1544b0d3,,,/workspace/SKN27-FINAL-3Team/storage/vision/datasets/classification/raw_videos/차대이륜차/aihub_train_00000894_bb_3_120630_two-wheeled-vehicle_253_22451.mp4,train,cf028f2557dca18389b304c7b59e56db279d1da933afd6a8d04cbb8b1544b0d3,blackbox_unspecified,filename_capture_code:bb,motorcycle,dataset_coarse_label,1920
aihub_train_00000935_bb_1_160610_two-wheeled-vehicle_116_173,car_vs_motorcycle,car_vs_motorcycle,,,10.0,car_vs_motorcycle,,,,15.0,150,6962b6b44d4972f4|db7aa4a4cdd950a2|d3562a28cdd95372|b7f24404499ef2f8|b3f2440c4d9a7bf0,720,aihub_source_suffix:116_173,source_filename_suffix_validated_by_exact_duplicates,,,night,cv_first_middle_last_majority,storage/vision/datasets/classification/raw_videos/차대이륜차/aihub_train_00000935_bb_1_160610_two-wheeled-vehicle_116_173.mp4,True,auto_enriched_needs_human_review,,,e8f6671e2b4e4f04bd3fbcfa53d7f4269e7fe48bff0eef10516638fadea5f299,,,/workspace/SKN27-FINAL-3Team/storage/vision/datasets/classification/raw_videos/차대이륜차/aihub_train_00000935_bb_1_160610_two-wheeled-vehicle_116_173.mp4,train,e8f6671e2b4e4f04bd3fbcfa53d7f4269e7fe48bff0eef10516638fadea5f299,blackbox_unspecified,filename_capture_code:bb,motorcycle,dataset_coarse_label,1280
aihub_train_00000949_bb_1_161227_two-wheeled-vehicle_226_22480,car_vs_motorcycle,car_vs_motorcycle,,,10.0,car_vs_motorcycle,,,,15.0,150,9c62632d8cda733c|8d9a72658d9e7270|8cce793b86c69938|a1e06e1f98f0671e|a0d8672798f476ca,1080,aihub_source_suffix:226_22480,source_filename_suffix_validated_by_exact_duplicates,,,night,cv_first_middle_last_majority,storage/vision/datasets/classification/raw_videos/차대이륜차/aihub_train_00000949_bb_1_161227_two-wheeled-vehicle_226_22480.mp4,True,auto_enriched_needs_human_review,,,047dead4687fa8820a9eceffee89e6a804973f43ad828028a74e2e6a637f20c3,,,/workspace/SKN27-FINAL-3Team/storage/vision/datasets/classification/raw_videos/차대이륜차/aihub_train_00000949_bb_1_161227_two-wheeled-vehicle_226_22480.mp4,train,047dead4687fa8820a9eceffee89e6a804973f43ad828028a74e2e6a637f20c3,blackbox_unspecified,filename_capture_code:bb,motorcycle,dataset_coarse_label,1920
aihub_train_00001030_bb_1_200216_two-wheeled-vehicle_311_065,car_vs_motorcycle,car_vs_motorcycle,,,10.0,car_vs_motorcycle,,,,15.0,150,026afcf4d46c6c96|011a6cbcd794ea7c|41329accf8bcc6e6|03062ceafebccab4|03062ce8febccabc,1080,aihub_source_suffix:311_065,source_filename_suffix_validated_by_exact_duplicates,,,day,cv_first_middle_last_majority,storage/vision/datasets/classification/raw_videos/차대이륜차/aihub_train_00001030_bb_1_200216_two-wheeled-vehicle_311_065.mp4,True,auto_enriched_needs_human_review,,,1c9b0384b4c07a56ca762d241626badcf25a3a8f5b64d266c5e5670c06ebb7f1,,,/workspace/SKN27-FINAL-3Team/storage/vision/datasets/classification/raw_videos/차대이륜차/aihub_train_00001030_bb_1_200216_two-wheeled-vehicle_311_065.mp4,test,1c9b0384b4c07a56ca762d241626badcf25a3a8f5b64d266c5e5670c06ebb7f1,blackbox_unspecified,filename_capture_code:bb,motorcycle,dataset_coarse_label,1920
aihub_train_00001024_bb_1_191221_two-wheeled-vehicle_130_121,car_vs_motorcycle,car_vs_motorcycle,,,10.0,car_vs_motorcycle,,,,15.0,150,89882e7676563e74|41c03a3ebe3abe94|6f2e92d2f0789896|6f2e92d0f078bc94|2f2e92d2f0789c96,720,aihub_source_suffix:130_121,source_filename_suffix_validated_by_exact_duplicates,,,low_light,cv_first_middle_last_majority,storage/vision/datasets/classification/raw_videos/차대이륜차/aihub_train_00001024_bb_1_191221_two-wheeled-vehicle_130_121.mp4,True,auto_enriched_needs_human_review,,,d1cb922c58cec652f2b5c608c3edf22e7d91d6a2e831bef7cb487ffe76624dc4,,,/workspace/SKN27-FINAL-3Team/storage/vision/datasets/classification/raw_videos/차대이륜차/aihub_train_00001024_bb_1_191221_two-wheeled-vehicle_130_121.mp4,train,d1cb922c58cec652f2b5c608c3edf22e7d91d6a2e831bef7cb487ffe76624dc4,blackbox_unspecified,filename_capture_code:bb,motorcycle,dataset_coarse_label,1280
aihub_train_00000854_bb_1_210412_two-wheeled-vehicle_114_136,car_vs_motorcycle,car_vs_motorcycle,,,10.0,car_vs_motorcycle,,,,15.0,150,8b2ba9a187d45b2e|890925b187969f7e|89092bbba6979656|0b2b2fbdb4d9c250|2b2b2f8694c9c97c,1080,aihub_source_suffix:114_136,source_filename_suffix_validated_by_exact_duplicates,,,day,cv_first_middle_last_majority,storage/vision/datasets/classification/raw_videos/차대이륜차/aihub_train_00000854_bb_1_210412_two-wheeled-vehicle_114_136.mp4,True,auto_enriched_needs_human_review,,,e4951d95c0bc65435ce8d463a9ff42b53542a1217f70f71328f82a792320dec1,,,/workspace/SKN27-FINAL-3Team/storage/vision/datasets/classification/raw_videos/차대이륜차/aihub_train_00000854_bb_1_210412_two-wheeled-vehicle_114_136.mp4,train,e4951d95c0bc65435ce8d463a9ff42b53542a1217f70f71328f82a792320dec1,blackbox_unspecified,filename_capture_code:bb,motorcycle,dataset_coarse_label,1920
aihub_train_00001140_bb_3_211210_two-wheeled-vehicle_248_21545,car_vs_motorcycle,car_vs_motorcycle,,,10.0,car_vs_motorcycle,,,,15.0,150,2b2aced4d49ad4d4|2b2aced4d49ad4d4|2b2aced4d49ad4d4|2b2aced4d49ad4d4|2b2aced4d49ad4d4,1080,aihub_source_suffix:248_21545,source_filename_suffix_validated_by_exact_duplicates,,,low_light,cv_first_middle_last_majority,storage/vision/datasets/classification/raw_videos/차대이륜차/aihub_train_00001140_bb_3_211210_two-wheeled-vehicle_248_21545.mp4,True,auto_enriched_needs_human_review,,,ceddc516d0fc97da0389f5dcf3fd8c632d4e8c04c2aaeb9fc36d54db77d52256,,,/workspace/SKN27-FINAL-3Team/storage/vision/datasets/classification/raw_videos/차대이륜차/aihub_train_00001140_bb_3_211210_two-wheeled-vehicle_248_21545.mp4,train,ceddc516d0fc97da0389f5dcf3fd8c632d4e8c04c2aaeb9fc36d54db77d52256,blackbox_unspecified,filename_capture_code:bb,motorcycle,dataset_coarse_label,1920
aihub_train_00001090_bb_1_211112_two-wheeled-vehicle_147_126,car_vs_motorcycle,car_vs_motorcycle,,,10.0,car_vs_motorcycle,,,,15.0,150,899b27a4cd0fdac2|8983cf3a4a37374c|89896962f938f59c|898969aa6371b9bc|8989696a6371b9bc,1080,aihub_source_suffix:147_126,source_filename_suffix_validated_by_exact_duplicates,,,day,cv_first_middle_last_majority,storage/vision/datasets/classification/raw_videos/차대이륜차/aihub_train_00001090_bb_1_211112_two-wheeled-vehicle_147_126.mp4,True,auto_enriched_needs_human_review,,,9b8ded6dbd7c8b4d198f5d35d1717771618589b65c385091412bb2f54508331d,,,/workspace/SKN27-FINAL-3Team/storage/vision/datasets/classification/raw_videos/차대이륜차/aihub_train_00001090_bb_1_211112_two-wheeled-vehicle_147_126.mp4,val,9b8ded6dbd7c8b4d198f5d35d1717771618589b65c385091412bb2f54508331d,blackbox_unspecified,filename_capture_code:bb,motorcycle,dataset_coarse_label,1920
aihub_train_00001161_bb_1_120625_two-wheeled-vehicle_16_016,car_vs_motorcycle,car_vs_motorcycle,,,10.0,car_vs_motorcycle,,,,15.0,150,898beb832c3cf692|898be3832c3cf696|8b83c92b2e3e36b4|8983692b3e36f784|8983e98b2e3cf692,1080,aihub_source_suffix:16_016,source_filename_suffix_validated_by_exact_duplicates,,,day,cv_first_middle_last_majority,storage/vision/datasets/classification/raw_videos/차대이륜차/aihub_train_00001161_bb_1_120625_two-wheeled-vehicle_16_016.mp4,True,auto_enriched_needs_human_review,,,3eee0a54a4805756bae41142307d46b5e97b70179b0acd9bfcfefc32ba45ca79,,,/workspace/SKN27-FINAL-3Team/storage/vision/datasets/classification/raw_videos/차대이륜차/aihub_train_00001161_bb_1_120625_two-wheeled-vehicle_16_016.mp4,val,3eee0a54a4805756bae41142307d46b5e97b70179b0acd9bfcfefc32ba45ca79,blackbox_unspecified,filename_capture_code:bb,motorcycle,dataset_coarse_label,1920
aihub_train_00000951_bb_1_170105_two-wheeled-vehicle_144_019,car_vs_motorcycle,car_vs_motorcycle,,,10.0,car_vs_motorcycle,,,,15.0,150,06cef0bcb92adb0c|19cce63a3b6ad50a|01c0735edfb2e11e|e1686840babed756|e96a4a40b53ede1a,1080,aihub_source_suffix:144_019,source_filename_suffix_validated_by_exact_duplicates,,,day,cv_first_middle_last_majority,storage/vision/datasets/classification/raw_videos/차대이륜차/aihub_train_00000951_bb_1_170105_two-wheeled-vehicle_144_019.mp4,True,auto_enriched_needs_human_review,,,c773b6208945edebbf904de1a5d52c6b9716fffd77db47d4e737dcda1b74f352,,,/workspace/SKN27-FINAL-3Team/storage/vision/datasets/classification/raw_videos/차대이륜차/aihub_train_00000951_bb_1_170105_two-wheeled-vehicle_144_019.mp4,train,c773b6208945edebbf904de1a5d52c6b9716fffd77db47d4e737dcda1b74f352,blackbox_unspecified,filename_capture_code:bb,motorcycle,dataset_coarse_label,1920
aihub_train_00001160_bb_1_120616_two-wheeled-vehicle_227_21935,car_vs_motorcycle,car_vs_motorcycle,,,10.0,car_vs_motorcycle,,,,15.0,150,272edcd492d2d896|232adcdcd2d2d896|252edadcd190dad2|252eded4d190da96|252eded4d190da96,1080,aihub_source_suffix:227_21935,source_filename_suffix_validated_by_exact_duplicates,,,night,cv_first_middle_last_majority,storage/vision/datasets/classification/raw_videos/차대이륜차/aihub_train_00001160_bb_1_120616_two-wheeled-vehicle_227_21935.mp4,True,auto_enriched_needs_human_review,,,545ae149ffa956b44bb5e90636516a3a2b9cbf1f085cda804d00a9fb0519a64d,,,/workspace/SKN27-FINAL-3Team/storage/vision/datasets/classification/raw_videos/차대이륜차/aihub_train_00001160_bb_1_120616_two-wheeled-vehicle_227_21935.mp4,val,545ae149ffa956b44bb5e90636516a3a2b9cbf1f085cda804d00a9fb0519a64d,blackbox_unspecified,filename_capture_code:bb,motorcycle,dataset_coarse_label,1920
aihub_train_00001152_bb_1_110130_two-wheeled-vehicle_116_175,car_vs_motorcycle,car_vs_motorcycle,,,10.0,car_vs_motorcycle,,,,15.0,150,2b6adccda06adca4|2b6adccda06a9ce4|2b6a9edda160d09e|2b6a1edda16894b6|2b6a1edda168949e,1080,aihub_source_suffix:116_175,source_filename_suffix_validated_by_exact_duplicates,,,low_light,cv_first_middle_last_majority,storage/vision/datasets/classification/raw_videos/차대이륜차/aihub_train_00001152_bb_1_110130_two-wheeled-vehicle_116_175.mp4,True,auto_enriched_needs_human_review,,,4693dbcef5b0f0aeb5b357cf84b94c0d7356da1d132d9c3350b50eab2f2c7413,,,/workspace/SKN27-FINAL-3Team/storage/vision/datasets/classification/raw_videos/차대이륜차/aihub_train_00001152_bb_1_110130_two-wheeled-vehicle_116_175.mp4,test,4693dbcef5b0f0aeb5b357cf84b94c0d7356da1d132d9c3350b50eab2f2c7413,blackbox_unspecified,filename_capture_code:bb,motorcycle,dataset_coarse_label,1920
aihub_train_00000999_bb_1_190324_two-wheeled-vehicle_149_197,car_vs_motorcycle,car_vs_motorcycle,,,10.0,car_vs_motorcycle,,,,15.0,150,8cc2732f8e92733c|88d473678f8e7078|84c47b33e4c39a3e|b8e8470b9af6660e|bcfe6521da34720a,1080,aihub_source_suffix:149_197,source_filename_suffix_validated_by_exact_duplicates,,,night,cv_first_middle_last_majority,storage/vision/datasets/classification/raw_videos/차대이륜차/aihub_train_00000999_bb_1_190324_two-wheeled-vehicle_149_197.mp4,True,auto_enriched_needs_human_review,,,98722f62ae7578159c17950cbf9564c786fd4f26456b0357498cac4d434dbd8d,,,/workspace/SKN27-FINAL-3Team/storage/vision/datasets/classification/raw_videos/차대이륜차/aihub_train_00000999_bb_1_190324_two-wheeled-vehicle_149_197.mp4,test,98722f62ae7578159c17950cbf9564c786fd4f26456b0357498cac4d434dbd8d,blackbox_unspecified,filename_capture_code:bb,motorcycle,dataset_coarse_label,1920
aihub_train_00000793_bb_1_180727_two-wheeled-vehicle_254_21976,car_vs_motorcycle,car_vs_motorcycle,,,10.0,car_vs_motorcycle,,,,15.0,150,1b66e5991a4ee5b0|92707f97a0e88e1e|8c607b8fe4799a46|86785b863cffc230|86785b863c7dc332,1080,aihub_source_suffix:254_21976,source_filename_suffix_validated_by_exact_duplicates,,,night,cv_first_middle_last_majority,storage/vision/datasets/classification/raw_videos/차대이륜차/aihub_train_00000793_bb_1_180727_two-wheeled-vehicle_254_21976.mp4,True,auto_enriched_needs_human_review,,,922bf6c7975fff8547d911607c0141958a79a986203cb59ea84473eff18dbccd,,,/workspace/SKN27-FINAL-3Team/storage/vision/datasets/classification/raw_videos/차대이륜차/aihub_train_00000793_bb_1_180727_two-wheeled-vehicle_254_21976.mp4,train,922bf6c7975fff8547d911607c0141958a79a986203cb59ea84473eff18dbccd,blackbox_unspecified,filename_capture_code:bb,motorcycle,dataset_coarse_label,1920
aihub_train_00000966_bb_1_170926_two-wheeled-vehicle_250_22075,car_vs_motorcycle,car_vs_motorcycle,,,10.0,car_vs_motorcycle,,,,15.0,150,89887a72666cf476|8b8a7674e4cc5a72|098a7266f4d4d4f6|89887a7e64e494f6|89887a7e64e494f6,1080,aihub_source_suffix:250_22075,source_filename_suffix_validated_by_exact_duplicates,,,low_light,cv_first_middle_last_majority,storage/vision/datasets/classification/raw_videos/차대이륜차/aihub_train_00000966_bb_1_170926_two-wheeled-vehicle_250_22075.mp4,True,auto_enriched_needs_human_review,,,38c92c0be29f37dc934de2f14d0b088285e181e07be5fe7c72c099a657b04a2f,,,/workspace/SKN27-FINAL-3Team/storage/vision/datasets/classification/raw_videos/차대이륜차/aihub_train_00000966_bb_1_170926_two-wheeled-vehicle_250_22075.mp4,train,38c92c0be29f37dc934de2f14d0b088285e181e07be5fe7c72c099a657b04a2f,blackbox_unspecified,filename_capture_code:bb,motorcycle,dataset_coarse_label,1920
aihub_train_00000930_bb_1_130306_two-wheeled-vehicle_130_182,car_vs_motorcycle,car_vs_motorcycle,,,10.0,car_vs_motorcycle,,,,15.0,150,b391edc465a67930|b7908f4ce5a259b8|b3b1ed04e58e0db4|9a1b8f0676ea9994|92938f0677e239b4,664,aihub_source_suffix:130_182,source_filename_suffix_validated_by_exact_duplicates,,,day,cv_first_middle_last_majority,storage/vision/datasets/classification/raw_videos/차대이륜차/aihub_train_00000930_bb_1_130306_two-wheeled-vehicle_130_182.mp4,True,auto_enriched_needs_human_review,,,7661975dd330fe62b25a223fbac5fc0707e277ef9a950764f010745f5b17b000,,,/workspace/SKN27-FINAL-3Team/storage/vision/datasets/classification/raw_videos/차대이륜차/aihub_train_00000930_bb_1_130306_two-wheeled-vehicle_130_182.mp4,train,7661975dd330fe62b25a223fbac5fc0707e277ef9a950764f010745f5b17b000,blackbox_unspecified,filename_capture_code:bb,motorcycle,dataset_coarse_label,1136
aihub_train_00000869_bb_1_211024_two-wheeled-vehicle_29_015,car_vs_motorcycle,car_vs_motorcycle,,,10.0,car_vs_motorcycle,,,,15.0,150,99999998d5c6c786|9bbb9398c7c5c580|91991b92ecce6786|91b9b190e46e77c2|91b9b198f06677c2,1080,aihub_source_suffix:29_015,source_filename_suffix_validated_by_exact_duplicates,,,day,cv_first_middle_last_majority,storage/vision/datasets/classification/raw_videos/차대이륜차/aihub_train_00000869_bb_1_211024_two-wheeled-vehicle_29_015.mp4,True,auto_enriched_needs_human_review,,,c5d96e74c066ec9122e67d9174c4d171cd0d45042e2e6537d88c9d68a5af4e6c,,,/workspace/SKN27-FINAL-3Team/storage/vision/datasets/classification/raw_videos/차대이륜차/aihub_train_00000869_bb_1_211024_two-wheeled-vehicle_29_015.mp4,train,c5d96e74c066ec9122e67d9174c4d171cd0d45042e2e6537d88c9d68a5af4e6c,blackbox_unspecified,filename_capture_code:bb,motorcycle,dataset_coarse_label,1920
aihub_train_00000952_bb_1_170329_two-wheeled-vehicle_157_035,car_vs_motorcycle,car_vs_motorcycle,,,10.0,car_vs_motorcycle,,,,15.0,150,2b292964e5f3989e|3b9bbf2e6431045c|33919b5e6434b61e|29999f676a94b44a|199b8f7e66b49418,1080,aihub_source_suffix:157_035,source_filename_suffix_validated_by_exact_duplicates,,,day,cv_first_middle_last_majority,storage/vision/datasets/classification/raw_videos/차대이륜차/aihub_train_00000952_bb_1_170329_two-wheeled-vehicle_157_035.mp4,True,auto_enriched_needs_human_review,,,744e6ddedb89074b896b58250696f5256fa4148fcfe2465f1f4b6ef0512ad944,,,/workspace/SKN27-FINAL-3Team/storage/vision/datasets/classification/raw_videos/차대이륜차/aihub_train_00000952_bb_1_170329_two-wheeled-vehicle_157_035.mp4,train,744e6ddedb89074b896b58250696f5256fa4148fcfe2465f1f4b6ef0512ad944,blackbox_unspecified,filename_capture_code:bb,motorcycle,dataset_coarse_label,1920
aihub_train_00000838_bb_1_200814_two-wheeled-vehicle_244_21639,car_vs_motorcycle,car_vs_motorcycle,,,10.0,car_vs_motorcycle,,,,15.0,150,9397ce64607878f8|292fcec6c0d2d27c|1b3b4f4e48d0f0f4|33356dccccc2d272|3135eccccec2d272,1080,aihub_source_suffix:244_21639,source_filename_suffix_validated_by_exact_duplicates,,,night,cv_first_middle_last_majority,storage/vision/datasets/classification/raw_videos/차대이륜차/aihub_train_00000838_bb_1_200814_two-wheeled-vehicle_244_21639.mp4,True,auto_enriched_needs_human_review,,,085da38837ca264a5f30f39d3946a8e283d907de684463e34c11a8648407af08,,,/workspace/SKN27-FINAL-3Team/storage/vision/datasets/classification/raw_videos/차대이륜차/aihub_train_00000838_bb_1_200814_two-wheeled-vehicle_244_21639.mp4,train,085da38837ca264a5f30f39d3946a8e283d907de684463e34c11a8648407af08,blackbox_unspecified,filename_capture_code:bb,motorcycle,dataset_coarse_label,1920
aihub_train_00001157_bb_1_120218_two-wheeled-vehicle_238_21038,car_vs_motorcycle,car_vs_motorcycle,,,10.0,car_vs_motorcycle,,,,15.0,150,0f8ee2e27078dad2|8f8ee4e27078d8d2|8d8ce2e27278d8d6|8d8ec6e27078d8d6|8d8ec6e27078d8d6,1080,aihub_source_suffix:238_21038,source_filename_suffix_validated_by_exact_duplicates,,,low_light,cv_first_middle_last_majority,storage/vision/datasets/classification/raw_videos/차대이륜차/aihub_train_00001157_bb_1_120218_two-wheeled-vehicle_238_21038.mp4,True,auto_enriched_needs_human_review,,,54959ebd11f623ae2cf8b955916410b061160a635d7510420fce2469e02d099f,,,/workspace/SKN27-FINAL-3Team/storage/vision/datasets/classification/raw_videos/차대이륜차/aihub_train_00001157_bb_1_120218_two-wheeled-vehicle_238_21038.mp4,train,54959ebd11f623ae2cf8b955916410b061160a635d7510420fce2469e02d099f,blackbox_unspecified,filename_capture_code:bb,motorcycle,dataset_coarse_label,1920
aihub_train_00001017_bb_1_191010_two-wheeled-vehicle_219_20960,car_vs_motorcycle,car_vs_motorcycle,,,10.0,car_vs_motorcycle,,,,15.0,150,898e3f91707a74f0|c1c07e1f187c3e96|0b0a78f496b4fc74|4b4a7cb496b49c3c|4b4a7cb494b4b47c,1080,aihub_source_suffix:219_20960,source_filename_suffix_validated_by_exact_duplicates,,,night,cv_first_middle_last_majority,storage/vision/datasets/classification/raw_videos/차대이륜차/aihub_train_00001017_bb_1_191010_two-wheeled-vehicle_219_20960.mp4,True,auto_enriched_needs_human_review,,,547783e33713937f0ca0a0fcd89812c8fd5ff7c74809d05532fc8fd82d88f0ac,,,/workspace/SKN27-FINAL-3Team/storage/vision/datasets/classification/raw_videos/차대이륜차/aihub_train_00001017_bb_1_191010_two-wheeled-vehicle_219_20960.mp4,val,547783e33713937f0ca0a0fcd89812c8fd5ff7c74809d05532fc8fd82d88f0ac,blackbox_unspecified,filename_capture_code:bb,motorcycle,dataset_coarse_label,1920
aihub_train_00001050_bb_1_210110_two-wheeled-vehicle_240_21681,car_vs_motorcycle,car_vs_motorcycle,,,10.0,car_vs_motorcycle,,,,15.0,150,31305ec8cedef0e4|2938dc4ec6d65a4e|3b38cc4ed6d64cc4|2322c4dc767a7cd4|230ac8dc767a7cd4,1080,aihub_source_suffix:240_21681,source_filename_suffix_validated_by_exact_duplicates,,,night,cv_first_middle_last_majority,storage/vision/datasets/classification/raw_videos/차대이륜차/aihub_train_00001050_bb_1_210110_two-wheeled-vehicle_240_21681.mp4,True,auto_enriched_needs_human_review,,,24d75a5597375c95d724b660d0abdd249847c9775a66f8fb1bb49628c979363b,,,/workspace/SKN27-FINAL-3Team/storage/vision/datasets/classification/raw_videos/차대이륜차/aihub_train_00001050_bb_1_210110_two-wheeled-vehicle_240_21681.mp4,train,24d75a5597375c95d724b660d0abdd249847c9775a66f8fb1bb49628c979363b,blackbox_unspecified,filename_capture_code:bb,motorcycle,dataset_coarse_label,1920
aihub_train_00000979_bb_1_180512_two-wheeled-vehicle_203_22189,car_vs_motorcycle,car_vs_motorcycle,,,10.0,car_vs_motorcycle,,,,15.0,150,a1387990ce6e56d6|81825f98387c7c7e|0b0a78f4b594f47c|0b4af8b4b4e4b476|0b4a7ab4b494b47e,1080,aihub_source_suffix:203_22189,source_filename_suffix_validated_by_exact_duplicates,,,night,cv_first_middle_last_majority,storage/vision/datasets/classification/raw_videos/차대이륜차/aihub_train_00000979_bb_1_180512_two-wheeled-vehicle_203_22189.mp4,True,auto_enriched_needs_human_review,,,7d655cb515b99bd58856f64e15944b536eaf75e39da3cacada3f2babe7a05c45,,,/workspace/SKN27-FINAL-3Team/storage/vision/datasets/classification/raw_videos/차대이륜차/aihub_train_00000979_bb_1_180512_two-wheeled-vehicle_203_22189.mp4,train,7d655cb515b99bd58856f64e15944b536eaf75e39da3cacada3f2babe7a05c45,blackbox_unspecified,filename_capture_code:bb,motorcycle,dataset_coarse_label,1920
aihub_train_00000972_bb_1_171110_two-wheeled-vehicle_127_065,car_vs_motorcycle,car_vs_motorcycle,,,10.0,car_vs_motorcycle,,,,15.0,150,8b2b6a5a93a4e5d8|812b6ad897264ff8|892b6ad2bd2e6932|8b0b68f0b7246b3e|8b0b68d0b72c6b3e,1080,aihub_source_suffix:127_065,source_filename_suffix_validated_by_exact_duplicates,,,day,cv_first_middle_last_majority,storage/vision/datasets/classification/raw_videos/차대이륜차/aihub_train_00000972_bb_1_171110_two-wheeled-vehicle_127_065.mp4,True,auto_enriched_needs_human_review,,,cd0ed54710cf3db22c5f8a3327135b814e8d813c8a6f3f1e6d39f98a7d8ca6e9,,,/workspace/SKN27-FINAL-3Team/storage/vision/datasets/classification/raw_videos/차대이륜차/aihub_train_00000972_bb_1_171110_two-wheeled-vehicle_127_065.mp4,train,cd0ed54710cf3db22c5f8a3327135b814e8d813c8a6f3f1e6d39f98a7d8ca6e9,blackbox_unspecified,filename_capture_code:bb,motorcycle,dataset_coarse_label,1920
aihub_train_00000802_bb_1_190202_two-wheeled-vehicle_16_029,car_vs_motorcycle,car_vs_motorcycle,,,10.0,car_vs_motorcycle,,,,15.0,150,9d99db16c4b11a78|9d998987c74b067a|c7d7c751f0718232|c7d7d754e07182a2|c7d7d754e871a006,1080,aihub_source_suffix:16_029,source_filename_suffix_validated_by_exact_duplicates,,,day,cv_first_middle_last_majority,storage/vision/datasets/classification/raw_videos/차대이륜차/aihub_train_00000802_bb_1_190202_two-wheeled-vehicle_16_029.mp4,True,auto_enriched_needs_human_review,,,e0a0a915c310a57f7f4070cfd1966287b4d42826d2b88928fc7dc460ec396935,,,/workspace/SKN27-FINAL-3Team/storage/vision/datasets/classification/raw_videos/차대이륜차/aihub_train_00000802_bb_1_190202_two-wheeled-vehicle_16_029.mp4,train,e0a0a915c310a57f7f4070cfd1966287b4d42826d2b88928fc7dc460ec396935,blackbox_unspecified,filename_capture_code:bb,motorcycle,dataset_coarse_label,1920
aihub_train_00000938_bb_1_160703_two-wheeled-vehicle_200_172,car_vs_motorcycle,car_vs_motorcycle,,,10.0,car_vs_motorcycle,,,,15.0,150,3b19d8c1e7f391c0|25a588c9e0e7be5a|a1a5975b486d7172|a5b590c9c587bb1a|b5b580c98707ba3e,1080,aihub_source_suffix:200_172,source_filename_suffix_validated_by_exact_duplicates,,,low_light,cv_first_middle_last_majority,storage/vision/datasets/classification/raw_videos/차대이륜차/aihub_train_00000938_bb_1_160703_two-wheeled-vehicle_200_172.mp4,True,auto_enriched_needs_human_review,,,2ae919d1cb194fb8aa7c1e623724c848bffbe4d30653c0e009a3adbf030d9702,,,/workspace/SKN27-FINAL-3Team/storage/vision/datasets/classification/raw_videos/차대이륜차/aihub_train_00000938_bb_1_160703_two-wheeled-vehicle_200_172.mp4,train,2ae919d1cb194fb8aa7c1e623724c848bffbe4d30653c0e009a3adbf030d9702,blackbox_unspecified,filename_capture_code:bb,motorcycle,dataset_coarse_label,1920
aihub_train_00000777_bb_1_170507_two-wheeled-vehicle_142_259,car_vs_motorcycle,car_vs_motorcycle,,,10.0,car_vs_motorcycle,,,,15.0,150,424fc1387da93fc2|b044edb06dabb278|16ccaf32c933f28c|864fcf964d39b860|864e3db079978e46,1080,aihub_source_suffix:142_259,source_filename_suffix_validated_by_exact_duplicates,,,night,cv_first_middle_last_majority,storage/vision/datasets/classification/raw_videos/차대이륜차/aihub_train_00000777_bb_1_170507_two-wheeled-vehicle_142_259.mp4,True,auto_enriched_needs_human_review,,,cfd3ace389c72469384e8162fb4858d67a03cb60eaa4f69f63a9538d02365666,,,/workspace/SKN27-FINAL-3Team/storage/vision/datasets/classification/raw_videos/차대이륜차/aihub_train_00000777_bb_1_170507_two-wheeled-vehicle_142_259.mp4,val,cfd3ace389c72469384e8162fb4858d67a03cb60eaa4f69f63a9538d02365666,blackbox_unspecified,filename_capture_code:bb,motorcycle,dataset_coarse_label,1920
aihub_train_00000767_bb_1_160916_two-wheeled-vehicle_203_21783,car_vs_motorcycle,car_vs_motorcycle,,,10.0,car_vs_motorcycle,,,,15.0,150,8392d86e7e3ce06c|29a192c2f47cfc5a|69a5861a96b4787e|696d8ad29794f434|696d0ad29794f4b4,1080,aihub_source_suffix:203_21783,source_filename_suffix_validated_by_exact_duplicates,,,low_light,cv_first_middle_last_majority,storage/vision/datasets/classification/raw_videos/차대이륜차/aihub_train_00000767_bb_1_160916_two-wheeled-vehicle_203_21783.mp4,True,auto_enriched_needs_human_review,,,664e3c68a6225b08174b3f10e97c4ccccd0ce47f58cf657e482fc51f5b485af9,,,/workspace/SKN27-FINAL-3Team/storage/vision/datasets/classification/raw_videos/차대이륜차/aihub_train_00000767_bb_1_160916_two-wheeled-vehicle_203_21783.mp4,train,664e3c68a6225b08174b3f10e97c4ccccd0ce47f58cf657e482fc51f5b485af9,blackbox_unspecified,filename_capture_code:bb,motorcycle,dataset_coarse_label,1920
aihub_train_00001046_bb_1_201019_two-wheeled-vehicle_233_21869,car_vs_motorcycle,car_vs_motorcycle,,,10.0,car_vs_motorcycle,,,,15.0,150,2f7ad0a5247b4b2c|1342eabcbcbcb542|99e0e1f39a1c1e1e|99e0e1f3b30c1e1e|99e0e1f3b30c1e1e,1080,aihub_source_suffix:233_21869,source_filename_suffix_validated_by_exact_duplicates,,,night,cv_first_middle_last_majority,storage/vision/datasets/classification/raw_videos/차대이륜차/aihub_train_00001046_bb_1_201019_two-wheeled-vehicle_233_21869.mp4,True,auto_enriched_needs_human_review,,,a837ab019c084a509f5ccbf4e97bb478291e6245d925f5985ca0cb96f2d158cb,,,/workspace/SKN27-FINAL-3Team/storage/vision/datasets/classification/raw_videos/차대이륜차/aihub_train_00001046_bb_1_201019_two-wheeled-vehicle_233_21869.mp4,val,a837ab019c084a509f5ccbf4e97bb478291e6245d925f5985ca0cb96f2d158cb,blackbox_unspecified,filename_capture_code:bb,motorcycle,dataset_coarse_label,1920
aihub_train_00001048_bb_1_201124_two-wheeled-vehicle_149_129,car_vs_motorcycle,car_vs_motorcycle,,,10.0,car_vs_motorcycle,,,,15.0,150,2c5ad3a5ad24739a|8a6a10b5ed6c33d6|dd581cbca58c1b5a|d7541988efa8389e|d7541988efa8383e,1080,aihub_source_suffix:149_129,source_filename_suffix_validated_by_exact_duplicates,,,low_light,cv_first_middle_last_majority,storage/vision/datasets/classification/raw_videos/차대이륜차/aihub_train_00001048_bb_1_201124_two-wheeled-vehicle_149_129.mp4,True,auto_enriched_needs_human_review,,,58a316ff6be0f24e0184ac7a6588a31690cdfcec8f9794459eb55101bc22c4bf,,,/workspace/SKN27-FINAL-3Team/storage/vision/datasets/classification/raw_videos/차대이륜차/aihub_train_00001048_bb_1_201124_two-wheeled-vehicle_149_129.mp4,train,58a316ff6be0f24e0184ac7a6588a31690cdfcec8f9794459eb55101bc22c4bf,blackbox_unspecified,filename_capture_code:bb,motorcycle,dataset_coarse_label,1920
aihub_train_00001038_bb_1_200710_two-wheeled-vehicle_236_22305,car_vs_motorcycle,car_vs_motorcycle,,,10.0,car_vs_motorcycle,,,,15.0,150,8985e762707c5ada|9b9bc32c74247cb4|2123933edcdcd4e4|2bc3ac2e96bcd8d0|2bc3ac2ed6b4d8d0,1080,aihub_source_suffix:236_22305,source_filename_suffix_validated_by_exact_duplicates,,,low_light,cv_first_middle_last_majority,storage/vision/datasets/classification/raw_videos/차대이륜차/aihub_train_00001038_bb_1_200710_two-wheeled-vehicle_236_22305.mp4,True,auto_enriched_needs_human_review,,,d0c957d1a696fa4a2e5710abaee86ae91165af1d9b61a3ad727d725649360075,,,/workspace/SKN27-FINAL-3Team/storage/vision/datasets/classification/raw_videos/차대이륜차/aihub_train_00001038_bb_1_200710_two-wheeled-vehicle_236_22305.mp4,train,d0c957d1a696fa4a2e5710abaee86ae91165af1d9b61a3ad727d725649360075,blackbox_unspecified,filename_capture_code:bb,motorcycle,dataset_coarse_label,1920
aihub_train_00000789_bb_1_180324_two-wheeled-vehicle_236_22304,car_vs_motorcycle,car_vs_motorcycle,,,10.0,car_vs_motorcycle,,,,15.0,150,a190772e4acede70|8186e52c7a5a5a7e|89186d8cd676d666|a1187fcccc56d266|833a7fc84cb4e4e4,1080,aihub_source_suffix:236_22304,source_filename_suffix_validated_by_exact_duplicates,,,low_light,cv_first_middle_last_majority,storage/vision/datasets/classification/raw_videos/차대이륜차/aihub_train_00000789_bb_1_180324_two-wheeled-vehicle_236_22304.mp4,True,auto_enriched_needs_human_review,,,dd5af8dc6df17ef25cb94f6c1711ec0e9e552b83748872c956dd05291a6ba851,,,/workspace/SKN27-FINAL-3Team/storage/vision/datasets/classification/raw_videos/차대이륜차/aihub_train_00000789_bb_1_180324_two-wheeled-vehicle_236_22304.mp4,train,dd5af8dc6df17ef25cb94f6c1711ec0e9e552b83748872c956dd05291a6ba851,blackbox_unspecified,filename_capture_code:bb,motorcycle,dataset_coarse_label,1920
aihub_train_00001051_bb_1_210111_two-wheeled-vehicle_113_303,car_vs_motorcycle,car_vs_motorcycle,,,10.0,car_vs_motorcycle,,,,15.0,150,e3276ba0a81fd23a|9191f325ecad8c9c|b191d9e1e60fc81e|b1856e1869d9bc66|b1909de00f9d9d2e,1080,aihub_source_suffix:113_303,source_filename_suffix_validated_by_exact_duplicates,,,day,cv_first_middle_last_majority,storage/vision/datasets/classification/raw_videos/차대이륜차/aihub_train_00001051_bb_1_210111_two-wheeled-vehicle_113_303.mp4,True,auto_enriched_needs_human_review,,,8ced0085c79e121cdc07087a00e3559ad8da418484b460005d48dde9c0b00b72,,,/workspace/SKN27-FINAL-3Team/storage/vision/datasets/classification/raw_videos/차대이륜차/aihub_train_00001051_bb_1_210111_two-wheeled-vehicle_113_303.mp4,train,8ced0085c79e121cdc07087a00e3559ad8da418484b460005d48dde9c0b00b72,blackbox_unspecified,filename_capture_code:bb,motorcycle,dataset_coarse_label,1920
aihub_train_00001034_bb_1_200412_two-wheeled-vehicle_312_130,car_vs_motorcycle,car_vs_motorcycle,,,10.0,car_vs_motorcycle,,,,15.0,150,c2fe7fa0724f0452|84747b82ea2f8fc4|cc5c15d0ef1e31e2|cc5c15f04f1e71e2|cc5c15f04f1e71e2,1080,aihub_source_suffix:312_130,source_filename_suffix_validated_by_exact_duplicates,,,low_light,cv_first_middle_last_majority,storage/vision/datasets/classification/raw_videos/차대이륜차/aihub_train_00001034_bb_1_200412_two-wheeled-vehicle_312_130.mp4,True,auto_enriched_needs_human_review,,,06c07008ae126f04b428f74d93f8a37088e58ddbd56a79fdc2f59253b8db5f70,,,/workspace/SKN27-FINAL-3Team/storage/vision/datasets/classification/raw_videos/차대이륜차/aihub_train_00001034_bb_1_200412_two-wheeled-vehicle_312_130.mp4,train,06c07008ae126f04b428f74d93f8a37088e58ddbd56a79fdc2f59253b8db5f70,blackbox_unspecified,filename_capture_code:bb,motorcycle,dataset_coarse_label,1920
aihub_train_00000868_bb_1_211019_two-wheeled-vehicle_239_22150,car_vs_motorcycle,car_vs_motorcycle,,,10.0,car_vs_motorcycle,,,,15.0,150,8b98e76678787660|8b9e766474b87162|8998f2f6770e6226|8fce707071b87472|9b9ef66465286e60,1080,aihub_source_suffix:239_22150,source_filename_suffix_validated_by_exact_duplicates,,,low_light,cv_first_middle_last_majority,storage/vision/datasets/classification/raw_videos/차대이륜차/aihub_train_00000868_bb_1_211019_two-wheeled-vehicle_239_22150.mp4,True,auto_enriched_needs_human_review,,,3caaf060856fc07b34b8521929d0cccea97f2f44f51c3537fd392d6aa375b75e,,,/workspace/SKN27-FINAL-3Team/storage/vision/datasets/classification/raw_videos/차대이륜차/aihub_train_00000868_bb_1_211019_two-wheeled-vehicle_239_22150.mp4,test,3caaf060856fc07b34b8521929d0cccea97f2f44f51c3537fd392d6aa375b75e,blackbox_unspecified,filename_capture_code:bb,motorcycle,dataset_coarse_label,1920
aihub_train_00001119_bb_3_180908_two-wheeled-vehicle_38_004,car_vs_motorcycle,car_vs_motorcycle,,,10.0,car_vs_motorcycle,,,,15.0,150,8f9e51f1ee1c1832|8f9e1be16e9c1832|8f9e1be16e9c1832|8f9e1be16e9c1832|8f9e1be16e9c1832,1080,aihub_source_suffix:38_004,source_filename_suffix_validated_by_exact_duplicates,,,day,cv_first_middle_last_majority,storage/vision/datasets/classification/raw_videos/차대이륜차/aihub_train_00001119_bb_3_180908_two-wheeled-vehicle_38_004.mp4,True,auto_enriched_needs_human_review,,,c8e43d9c4349acf713887e1aa27dc03c98ec4dfa0718ba04b6204ef9fb2da643,,,/workspace/SKN27-FINAL-3Team/storage/vision/datasets/classification/raw_videos/차대이륜차/aihub_train_00001119_bb_3_180908_two-wheeled-vehicle_38_004.mp4,train,c8e43d9c4349acf713887e1aa27dc03c98ec4dfa0718ba04b6204ef9fb2da643,blackbox_unspecified,filename_capture_code:bb,motorcycle,dataset_coarse_label,1920
aihub_train_00000876_bb_1_220104_two-wheeled-vehicle_118_006,car_vs_motorcycle,car_vs_motorcycle,,,10.0,car_vs_motorcycle,,,,15.0,150,1fbfad10258a7d24|2901573a6bacff82|31abffa886847d0a|8132ffac32c56c6a|936aff8a20c45b6a,1080,aihub_source_suffix:118_006,source_filename_suffix_validated_by_exact_duplicates,,,day,cv_first_middle_last_majority,storage/vision/datasets/classification/raw_videos/차대이륜차/aihub_train_00000876_bb_1_220104_two-wheeled-vehicle_118_006.mp4,True,auto_enriched_needs_human_review,,,992982ae895b1dec61d0420f64dec3f853ef221f768d5bc31405f1ffe49af1ac,,,/workspace/SKN27-FINAL-3Team/storage/vision/datasets/classification/raw_videos/차대이륜차/aihub_train_00000876_bb_1_220104_two-wheeled-vehicle_118_006.mp4,train,992982ae895b1dec61d0420f64dec3f853ef221f768d5bc31405f1ffe49af1ac,blackbox_unspecified,filename_capture_code:bb,motorcycle,dataset_coarse_label,1920
aihub_train_00001107_bb_3_140920_two-wheeled-vehicle_209_21998,car_vs_motorcycle,car_vs_motorcycle,,,10.0,car_vs_motorcycle,,,,15.0,150,89887ee0667e1e66|81887ee0667e1e76|81887ee0667e1e76|81887ee0667e1e76|81887ee0667e1e76,1080,aihub_source_suffix:209_21998,source_filename_suffix_validated_by_exact_duplicates,,,low_light,cv_first_middle_last_majority,storage/vision/datasets/classification/raw_videos/차대이륜차/aihub_train_00001107_bb_3_140920_two-wheeled-vehicle_209_21998.mp4,True,auto_enriched_needs_human_review,,,90f4ebffd79d28a68d9155fed057ad4897e1bc675706ff16e84b975063e1aff5,,,/workspace/SKN27-FINAL-3Team/storage/vision/datasets/classification/raw_videos/차대이륜차/aihub_train_00001107_bb_3_140920_two-wheeled-vehicle_209_21998.mp4,train,90f4ebffd79d28a68d9155fed057ad4897e1bc675706ff16e84b975063e1aff5,blackbox_unspecified,filename_capture_code:bb,motorcycle,dataset_coarse_label,1920
aihub_train_00000872_bb_1_211124_two-wheeled-vehicle_126_159,car_vs_motorcycle,car_vs_motorcycle,,,10.0,car_vs_motorcycle,,,,15.0,150,8989a5867d3d64bc|8191046eafbcbb36|8d9db2f4a58e7302|87c5d071b998f89a|939f96f6611a5780,1080,aihub_source_suffix:126_159,source_filename_suffix_validated_by_exact_duplicates,,,day,cv_first_middle_last_majority,storage/vision/datasets/classification/raw_videos/차대이륜차/aihub_train_00000872_bb_1_211124_two-wheeled-vehicle_126_159.mp4,True,auto_enriched_needs_human_review,,,0bfd76e3ab80ae01cc88b089225118756f43eb8c781fff15923b58d9dfbaa1ec,,,/workspace/SKN27-FINAL-3Team/storage/vision/datasets/classification/raw_videos/차대이륜차/aihub_train_00000872_bb_1_211124_two-wheeled-vehicle_126_159.mp4,test,0bfd76e3ab80ae01cc88b089225118756f43eb8c781fff15923b58d9dfbaa1ec,blackbox_unspecified,filename_capture_code:bb,motorcycle,dataset_coarse_label,1920
aihub_train_00001121_bb_3_181216_two-wheeled-vehicle_45_008,car_vs_motorcycle,car_vs_motorcycle,,,10.0,car_vs_motorcycle,,,,15.0,150,9d0fc7c263f0a85a|8d0fcfc661d0a87a|9d0fc7c261f0a87a|1d8fc7d641f03958|1d8fc7d241f0395a,1080,aihub_source_suffix:45_008,source_filename_suffix_validated_by_exact_duplicates,,,day,cv_first_middle_last_majority,storage/vision/datasets/classification/raw_videos/차대이륜차/aihub_train_00001121_bb_3_181216_two-wheeled-vehicle_45_008.mp4,True,auto_enriched_needs_human_review,,,f187e48628899b53f33c037a58fffca57cf28189e174b2577131357b4ac712ff,,,/workspace/SKN27-FINAL-3Team/storage/vision/datasets/classification/raw_videos/차대이륜차/aihub_train_00001121_bb_3_181216_two-wheeled-vehicle_45_008.mp4,train,f187e48628899b53f33c037a58fffca57cf28189e174b2577131357b4ac712ff,blackbox_unspecified,filename_capture_code:bb,motorcycle,dataset_coarse_label,1920
aihub_train_00001154_bb_1_110616_two-wheeled-vehicle_130_151,car_vs_motorcycle,car_vs_motorcycle,,,10.0,car_vs_motorcycle,,,,15.0,150,2b6adccda06adca4|2b6adccda06a9ce4|2b2a9ecda16a9e8c|2b6a1edda16894b6|2b6a1edda168949e,720,aihub_source_suffix:130_151,source_filename_suffix_validated_by_exact_duplicates,,,low_light,cv_first_middle_last_majority,storage/vision/datasets/classification/raw_videos/차대이륜차/aihub_train_00001154_bb_1_110616_two-wheeled-vehicle_130_151.mp4,True,auto_enriched_needs_human_review,,,b90bd4b5c4662fd665df9d4a4393e986541629921143173fdd58887fdc43964f,,,/workspace/SKN27-FINAL-3Team/storage/vision/datasets/classification/raw_videos/차대이륜차/aihub_train_00001154_bb_1_110616_two-wheeled-vehicle_130_151.mp4,train,b90bd4b5c4662fd665df9d4a4393e986541629921143173fdd58887fdc43964f,blackbox_unspecified,filename_capture_code:bb,motorcycle,dataset_coarse_label,1280
aihub_train_00000937_bb_1_160702_two-wheeled-vehicle_141_100,car_vs_motorcycle,car_vs_motorcycle,,,10.0,car_vs_motorcycle,,,,15.0,150,50543d1bfd54b594|0c62b99c771aa3ae|4e7abb9f5c1091c4|4a6a33995c3ab16e|4a4e33d15c3ab17c,1080,aihub_source_suffix:141_100,source_filename_suffix_validated_by_exact_duplicates,,,low_light,cv_first_middle_last_majority,storage/vision/datasets/classification/raw_videos/차대이륜차/aihub_train_00000937_bb_1_160702_two-wheeled-vehicle_141_100.mp4,True,auto_enriched_needs_human_review,,,60cfc3b7adf807d5b348279e8c29960907bdf0dc1ea388753d377f5f891ab803,,,/workspace/SKN27-FINAL-3Team/storage/vision/datasets/classification/raw_videos/차대이륜차/aihub_train_00000937_bb_1_160702_two-wheeled-vehicle_141_100.mp4,train,60cfc3b7adf807d5b348279e8c29960907bdf0dc1ea388753d377f5f891ab803,blackbox_unspecified,filename_capture_code:bb,motorcycle,dataset_coarse_label,1920
aihub_train_00000982_bb_1_180625_two-wheeled-vehicle_130_237,car_vs_motorcycle,car_vs_motorcycle,,,10.0,car_vs_motorcycle,,,,15.0,150,89a98d8ffbc285d0|81f38f9f2509c1ea|a1f3881a0f2ef3d8|8381826af524cffe|8383c27a67a08fee,720,aihub_source_suffix:130_237,source_filename_suffix_validated_by_exact_duplicates,,,day,cv_first_middle_last_majority,storage/vision/datasets/classification/raw_videos/차대이륜차/aihub_train_00000982_bb_1_180625_two-wheeled-vehicle_130_237.mp4,True,auto_enriched_needs_human_review,,,382b6ddac0b0eaab005e92bd2f8f2ac654805dd50a75e2d32d358c3724f762c4,,,/workspace/SKN27-FINAL-3Team/storage/vision/datasets/classification/raw_videos/차대이륜차/aihub_train_00000982_bb_1_180625_two-wheeled-vehicle_130_237.mp4,train,382b6ddac0b0eaab005e92bd2f8f2ac654805dd50a75e2d32d358c3724f762c4,blackbox_unspecified,filename_capture_code:bb,motorcycle,dataset_coarse_label,1280
aihub_train_00000804_bb_1_190309_two-wheeled-vehicle_250_25219,car_vs_motorcycle,car_vs_motorcycle,,,10.0,car_vs_motorcycle,,,,15.0,150,e1c01e1f37c6d8f0|fbfe1415f9f88400|878e26587a27dbb0|8d8ce272791df1e0|8d8ce262791df1e2,926,aihub_source_suffix:250_25219,source_filename_suffix_validated_by_exact_duplicates,,,night,cv_first_middle_last_majority,storage/vision/datasets/classification/raw_videos/차대이륜차/aihub_train_00000804_bb_1_190309_two-wheeled-vehicle_250_25219.mp4,True,auto_enriched_needs_human_review,,,5b365d8bd45ec91de69307b24d676c005a91e354810dc5e3b00305a3cd13d62f,,,/workspace/SKN27-FINAL-3Team/storage/vision/datasets/classification/raw_videos/차대이륜차/aihub_train_00000804_bb_1_190309_two-wheeled-vehicle_250_25219.mp4,train,5b365d8bd45ec91de69307b24d676c005a91e354810dc5e3b00305a3cd13d62f,blackbox_unspecified,filename_capture_code:bb,motorcycle,dataset_coarse_label,1920
aihub_train_00000991_bb_1_181208_two-wheeled-vehicle_131_216,car_vs_motorcycle,car_vs_motorcycle,,,10.0,car_vs_motorcycle,,,,15.0,150,09992be2c646dcfc|1d1f43727666a4ac|9d9f53526264ec68|9d9e765646e46868|9d9ef62666c46868,1080,aihub_source_suffix:131_216,source_filename_suffix_validated_by_exact_duplicates,,,low_light,cv_first_middle_last_majority,storage/vision/datasets/classification/raw_videos/차대이륜차/aihub_train_00000991_bb_1_181208_two-wheeled-vehicle_131_216.mp4,True,auto_enriched_needs_human_review,,,8bafcb13edd04d75c14d8e770a4a75b24c94d44645e42d1b73f92ee93a88a823,,,/workspace/SKN27-FINAL-3Team/storage/vision/datasets/classification/raw_videos/차대이륜차/aihub_train_00000991_bb_1_181208_two-wheeled-vehicle_131_216.mp4,train,8bafcb13edd04d75c14d8e770a4a75b24c94d44645e42d1b73f92ee93a88a823,blackbox_unspecified,filename_capture_code:bb,motorcycle,dataset_coarse_label,1920
aihub_train_00000781_bb_1_171009_two-wheeled-vehicle_089_302005,car_vs_motorcycle,car_vs_motorcycle,,,10.0,car_vs_motorcycle,,,,15.0,150,37b4d0cad82b6794|b73336c8cd0c49bc|165d5b02eb89a8ee|3c55151c578bbae4|3c55151c578bbae4,1080,aihub_source_suffix:089_302005,source_filename_suffix_validated_by_exact_duplicates,,,night,cv_first_middle_last_majority,storage/vision/datasets/classification/raw_videos/차대이륜차/aihub_train_00000781_bb_1_171009_two-wheeled-vehicle_089_302005.mp4,True,auto_enriched_needs_human_review,,,1c4f6df2d2f18a3722c6d5593f53a4033e23792d5f45a69154f8109b8f396490,,,/workspace/SKN27-FINAL-3Team/storage/vision/datasets/classification/raw_videos/차대이륜차/aihub_train_00000781_bb_1_171009_two-wheeled-vehicle_089_302005.mp4,train,1c4f6df2d2f18a3722c6d5593f53a4033e23792d5f45a69154f8109b8f396490,blackbox_unspecified,filename_capture_code:bb,motorcycle,dataset_coarse_label,1920
aihub_train_00001131_bb_3_200717_two-wheeled-vehicle_116_153,car_vs_motorcycle,car_vs_motorcycle,,,10.0,car_vs_motorcycle,,,,15.0,150,8b1a78ece7e412d2|9b186ce6b1e642dc|9a165ccc67e847a6|b33adcfc61c06a4c|b33adcdc61c06acc,1080,aihub_source_suffix:116_153,source_filename_suffix_validated_by_exact_duplicates,,,day,cv_first_middle_last_majority,storage/vision/datasets/classification/raw_videos/차대이륜차/aihub_train_00001131_bb_3_200717_two-wheeled-vehicle_116_153.mp4,True,auto_enriched_needs_human_review,,,60c49003d199bb8cb7c1d812e9c4103d44eec8187905b48704e165f8dc794ebb,,,/workspace/SKN27-FINAL-3Team/storage/vision/datasets/classification/raw_videos/차대이륜차/aihub_train_00001131_bb_3_200717_two-wheeled-vehicle_116_153.mp4,train,60c49003d199bb8cb7c1d812e9c4103d44eec8187905b48704e165f8dc794ebb,blackbox_unspecified,filename_capture_code:bb,motorcycle,dataset_coarse_label,1920
aihub_train_00000961_bb_1_170627_two-wheeled-vehicle_144_182,car_vs_motorcycle,car_vs_motorcycle,,,10.0,car_vs_motorcycle,,,,15.0,150,99db8324654e9db8|9397976c756811aa|6363256e97a8dd0a|67d5294e972ad708|67d5294e972ad702,1080,aihub_source_suffix:144_182,source_filename_suffix_validated_by_exact_duplicates,,,day,cv_first_middle_last_majority,storage/vision/datasets/classification/raw_videos/차대이륜차/aihub_train_00000961_bb_1_170627_two-wheeled-vehicle_144_182.mp4,True,auto_enriched_needs_human_review,,,89b8527165ddaa6ceb932ecc96e67433babe77248397cba5ba2405f8422ebf8f,,,/workspace/SKN27-FINAL-3Team/storage/vision/datasets/classification/raw_videos/차대이륜차/aihub_train_00000961_bb_1_170627_two-wheeled-vehicle_144_182.mp4,train,89b8527165ddaa6ceb932ecc96e67433babe77248397cba5ba2405f8422ebf8f,blackbox_unspecified,filename_capture_code:bb,motorcycle,dataset_coarse_label,1920
aihub_train_00001062_bb_1_210324_two-wheeled-vehicle_203_22296,car_vs_motorcycle,car_vs_motorcycle,,,10.0,car_vs_motorcycle,,,,15.0,150,267ad392a4ecd8ca|286cd69b856c7ad2|0b4a7c95e5683ad6|c34a7c95a5e43a5a|c34a7c95a5e43a5a,1080,aihub_source_suffix:203_22296,source_filename_suffix_validated_by_exact_duplicates,,,night,cv_first_middle_last_majority,storage/vision/datasets/classification/raw_videos/차대이륜차/aihub_train_00001062_bb_1_210324_two-wheeled-vehicle_203_22296.mp4,True,auto_enriched_needs_human_review,,,07c8d039234c30dfd7e6271270022d40b48b304cfcef7e78217647e965aebeed,,,/workspace/SKN27-FINAL-3Team/storage/vision/datasets/classification/raw_videos/차대이륜차/aihub_train_00001062_bb_1_210324_two-wheeled-vehicle_203_22296.mp4,test,07c8d039234c30dfd7e6271270022d40b48b304cfcef7e78217647e965aebeed,blackbox_unspecified,filename_capture_code:bb,motorcycle,dataset_coarse_label,1920
aihub_train_00000839_bb_1_200816_two-wheeled-vehicle_229_24806,car_vs_motorcycle,car_vs_motorcycle,,,10.0,car_vs_motorcycle,,,,15.0,150,87c7c565c1c3671a|89c9cafbe3e483c0|bfbff4e0c1b04980|bfbff0e181e109c0|bfbff4e181c109c0,926,aihub_source_suffix:229_24806,source_filename_suffix_validated_by_exact_duplicates,,,low_light,cv_first_middle_last_majority,storage/vision/datasets/classification/raw_videos/차대이륜차/aihub_train_00000839_bb_1_200816_two-wheeled-vehicle_229_24806.mp4,True,auto_enriched_needs_human_review,,,8fdef6ba44fa9bc800fd8c99f122799513b88d9a2308cf86d14d898f72a2fcb4,,,/workspace/SKN27-FINAL-3Team/storage/vision/datasets/classification/raw_videos/차대이륜차/aihub_train_00000839_bb_1_200816_two-wheeled-vehicle_229_24806.mp4,train,8fdef6ba44fa9bc800fd8c99f122799513b88d9a2308cf86d14d898f72a2fcb4,blackbox_unspecified,filename_capture_code:bb,motorcycle,dataset_coarse_label,1920
aihub_train_00000819_bb_1_200203_two-wheeled-vehicle_113_322,car_vs_motorcycle,car_vs_motorcycle,,,10.0,car_vs_motorcycle,,,,15.0,150,217ececcb9a0265e|3766c4a9a92baee0|36d4cd247b536cc8|1734ec68ab4bcf82|5734e468ab4bcaaa,1080,aihub_source_suffix:113_322,source_filename_suffix_validated_by_exact_duplicates,,,night,cv_first_middle_last_majority,storage/vision/datasets/classification/raw_videos/차대이륜차/aihub_train_00000819_bb_1_200203_two-wheeled-vehicle_113_322.mp4,True,auto_enriched_needs_human_review,,,b1710694fcf9c69e53450fcfe106d2fda3353c2bb715aaab21958085ba0932cf,,,/workspace/SKN27-FINAL-3Team/storage/vision/datasets/classification/raw_videos/차대이륜차/aihub_train_00000819_bb_1_200203_two-wheeled-vehicle_113_322.mp4,train,b1710694fcf9c69e53450fcfe106d2fda3353c2bb715aaab21958085ba0932cf,blackbox_unspecified,filename_capture_code:bb,motorcycle,dataset_coarse_label,1920
aihub_train_00001080_bb_1_210909_two-wheeled-vehicle_205_20021,car_vs_motorcycle,car_vs_motorcycle,,,10.0,car_vs_motorcycle,,,,15.0,150,233a5ec4c4cc74f6|2928d6d6dacc6cd8|292836d6d6d4e4d6|21206acad6d6dedc|2b2ac296d4dc9ed8,1080,aihub_source_suffix:205_20021,source_filename_suffix_validated_by_exact_duplicates,,,night,cv_first_middle_last_majority,storage/vision/datasets/classification/raw_videos/차대이륜차/aihub_train_00001080_bb_1_210909_two-wheeled-vehicle_205_20021.mp4,True,auto_enriched_needs_human_review,,,c5e83d14138fe65f46f788bc06fbf676fa55b6a1d8344bfc6a87b4d488be4d88,,,/workspace/SKN27-FINAL-3Team/storage/vision/datasets/classification/raw_videos/차대이륜차/aihub_train_00001080_bb_1_210909_two-wheeled-vehicle_205_20021.mp4,train,c5e83d14138fe65f46f788bc06fbf676fa55b6a1d8344bfc6a87b4d488be4d88,blackbox_unspecified,filename_capture_code:bb,motorcycle,dataset_coarse_label,1920
aihub_train_00001006_bb_1_190602_two-wheeled-vehicle_120_171,car_vs_motorcycle,car_vs_motorcycle,,,10.0,car_vs_motorcycle,,,,15.0,150,3bb0999cd43722f2|33139b0ac7877e70|23279b1ae9c6d878|2323bf22c6cdc8da|29399912f5a762f2,1080,aihub_source_suffix:120_171,source_filename_suffix_validated_by_exact_duplicates,,,low_light,cv_first_middle_last_majority,storage/vision/datasets/classification/raw_videos/차대이륜차/aihub_train_00001006_bb_1_190602_two-wheeled-vehicle_120_171.mp4,True,auto_enriched_needs_human_review,,,69a694b24d9ad8a5ec6f0cc0713020dcc5243d677d279f75cf77fe761bbf73d8,,,/workspace/SKN27-FINAL-3Team/storage/vision/datasets/classification/raw_videos/차대이륜차/aihub_train_00001006_bb_1_190602_two-wheeled-vehicle_120_171.mp4,val,69a694b24d9ad8a5ec6f0cc0713020dcc5243d677d279f75cf77fe761bbf73d8,blackbox_unspecified,filename_capture_code:bb,motorcycle,dataset_coarse_label,1920
aihub_train_00001067_bb_1_210527_two-wheeled-vehicle_193_161,car_vs_motorcycle,car_vs_motorcycle,,,10.0,car_vs_motorcycle,,,,15.0,150,19193d2ee6b4e1b8|191d1f23e234759e|0d0d49d8b536cbba|8d4549ccb41ecbba|8d4549ccb41ecbba,1080,aihub_source_suffix:193_161,source_filename_suffix_validated_by_exact_duplicates,,,day,cv_first_middle_last_majority,storage/vision/datasets/classification/raw_videos/차대이륜차/aihub_train_00001067_bb_1_210527_two-wheeled-vehicle_193_161.mp4,True,auto_enriched_needs_human_review,,,ffa45a0ccbd5e4a9f10c0b1785765f1a193a2fdf43b96fcba2dc1c96172341ed,,,/workspace/SKN27-FINAL-3Team/storage/vision/datasets/classification/raw_videos/차대이륜차/aihub_train_00001067_bb_1_210527_two-wheeled-vehicle_193_161.mp4,train,ffa45a0ccbd5e4a9f10c0b1785765f1a193a2fdf43b96fcba2dc1c96172341ed,blackbox_unspecified,filename_capture_code:bb,motorcycle,dataset_coarse_label,1920
aihub_train_00001098_bb_1_220118_two-wheeled-vehicle_228_20312,car_vs_motorcycle,car_vs_motorcycle,,,10.0,car_vs_motorcycle,,,,15.0,150,3b38cac2c4ccd6ce|21805a76f66cdcdc|2908d47666d6767c|2b8ad472cec67474|2b8ad4664ed4d674,1080,aihub_source_suffix:228_20312,source_filename_suffix_validated_by_exact_duplicates,,,low_light,cv_first_middle_last_majority,storage/vision/datasets/classification/raw_videos/차대이륜차/aihub_train_00001098_bb_1_220118_two-wheeled-vehicle_228_20312.mp4,True,auto_enriched_needs_human_review,,,cdd5bf3e5b808caa2be9b6536543d5b073a9c2e1fe2bbba1e826af292b942861,,,/workspace/SKN27-FINAL-3Team/storage/vision/datasets/classification/raw_videos/차대이륜차/aihub_train_00001098_bb_1_220118_two-wheeled-vehicle_228_20312.mp4,val,cdd5bf3e5b808caa2be9b6536543d5b073a9c2e1fe2bbba1e826af292b942861,blackbox_unspecified,filename_capture_code:bb,motorcycle,dataset_coarse_label,1920
aihub_train_00001071_bb_1_210625_two-wheeled-vehicle_315_010,car_vs_motorcycle,car_vs_motorcycle,,,10.0,car_vs_motorcycle,,,,15.0,150,b9392d2e678a1996|991b0fa66f2ad928|f0715d5a5f80e3a8|f475555c5da0f188|f475555c5da8f180,1080,aihub_source_suffix:315_010,source_filename_suffix_validated_by_exact_duplicates,,,low_light,cv_first_middle_last_majority,storage/vision/datasets/classification/raw_videos/차대이륜차/aihub_train_00001071_bb_1_210625_two-wheeled-vehicle_315_010.mp4,True,auto_enriched_needs_human_review,,,1350867ec5f5e71d7c3bd84ce956981e9e8c8fc1ea54bf97c01bc11b1f28e29d,,,/workspace/SKN27-FINAL-3Team/storage/vision/datasets/classification/raw_videos/차대이륜차/aihub_train_00001071_bb_1_210625_two-wheeled-vehicle_315_010.mp4,val,1350867ec5f5e71d7c3bd84ce956981e9e8c8fc1ea54bf97c01bc11b1f28e29d,blackbox_unspecified,filename_capture_code:bb,motorcycle,dataset_coarse_label,1920
aihub_train_00000858_bb_1_210614_two-wheeled-vehicle_46_016,car_vs_motorcycle,car_vs_motorcycle,,,10.0,car_vs_motorcycle,,,,15.0,150,086dcb5267a596d6|027767c87d9a702e|8839f32e3fa81cf0|0a7d395822a79d5e|004f9f3c78aea7a8,1080,aihub_source_suffix:46_016,source_filename_suffix_validated_by_exact_duplicates,,,low_light,cv_first_middle_last_majority,storage/vision/datasets/classification/raw_videos/차대이륜차/aihub_train_00000858_bb_1_210614_two-wheeled-vehicle_46_016.mp4,True,auto_enriched_needs_human_review,,,af283ab557061a4214e356de1e980c59576778d2a527e3fc2f6f60dc4e809ce6,,,/workspace/SKN27-FINAL-3Team/storage/vision/datasets/classification/raw_videos/차대이륜차/aihub_train_00000858_bb_1_210614_two-wheeled-vehicle_46_016.mp4,train,af283ab557061a4214e356de1e980c59576778d2a527e3fc2f6f60dc4e809ce6,blackbox_unspecified,filename_capture_code:bb,motorcycle,dataset_coarse_label,1920
aihub_train_00001012_bb_1_190723_two-wheeled-vehicle_248_22110,car_vs_motorcycle,car_vs_motorcycle,,,10.0,car_vs_motorcycle,,,,15.0,150,245ad3a72c6c72da|896a7295e56c3ad2|c9683c95876a7a5a|c34a7c95a5e43a5a|c34a7c95a5e43a5a,1080,aihub_source_suffix:248_22110,source_filename_suffix_validated_by_exact_duplicates,,,night,cv_first_middle_last_majority,storage/vision/datasets/classification/raw_videos/차대이륜차/aihub_train_00001012_bb_1_190723_two-wheeled-vehicle_248_22110.mp4,True,auto_enriched_needs_human_review,,,6398239cb21f27835fa335f7f13d5d108de3b7a862ec39b01234e68aac463987,,,/workspace/SKN27-FINAL-3Team/storage/vision/datasets/classification/raw_videos/차대이륜차/aihub_train_00001012_bb_1_190723_two-wheeled-vehicle_248_22110.mp4,train,6398239cb21f27835fa335f7f13d5d108de3b7a862ec39b01234e68aac463987,blackbox_unspecified,filename_capture_code:bb,motorcycle,dataset_coarse_label,1920
aihub_train_00000870_bb_1_211106_two-wheeled-vehicle_195_137,car_vs_motorcycle,car_vs_motorcycle,,,10.0,car_vs_motorcycle,,,,15.0,150,8a77c93af58833c4|8e738f38618e718e|34cfcd36c30b36c2|26798b24798f32ce|22ddc8366cf338cc,1080,aihub_source_suffix:195_137,source_filename_suffix_validated_by_exact_duplicates,,,night,cv_first_middle_last_majority,storage/vision/datasets/classification/raw_videos/차대이륜차/aihub_train_00000870_bb_1_211106_two-wheeled-vehicle_195_137.mp4,True,auto_enriched_needs_human_review,,,c61747152d760ae71dadba478520c4d4eaf44bbf52c3788a9a10947d14a2e712,,,/workspace/SKN27-FINAL-3Team/storage/vision/datasets/classification/raw_videos/차대이륜차/aihub_train_00000870_bb_1_211106_two-wheeled-vehicle_195_137.mp4,val,c61747152d760ae71dadba478520c4d4eaf44bbf52c3788a9a10947d14a2e712,blackbox_unspecified,filename_capture_code:bb,motorcycle,dataset_coarse_label,1920
aihub_train_00000852_bb_1_210317_two-wheeled-vehicle_30_017,car_vs_motorcycle,car_vs_motorcycle,,,10.0,car_vs_motorcycle,,,,15.0,150,bd3f1e0f87c64058|393d7e1e0f826278|872f7e548584eae8|81014a7cb78ff87c|81012a7cf797e87c,1080,aihub_source_suffix:30_017,source_filename_suffix_validated_by_exact_duplicates,,,day,cv_first_middle_last_majority,storage/vision/datasets/classification/raw_videos/차대이륜차/aihub_train_00000852_bb_1_210317_two-wheeled-vehicle_30_017.mp4,True,auto_enriched_needs_human_review,,,f4de5d186ab81e0df1e28f5fb24d6b6122acae0b0ccfef5abf0892c311ca1485,,,/workspace/SKN27-FINAL-3Team/storage/vision/datasets/classification/raw_videos/차대이륜차/aihub_train_00000852_bb_1_210317_two-wheeled-vehicle_30_017.mp4,train,f4de5d186ab81e0df1e28f5fb24d6b6122acae0b0ccfef5abf0892c311ca1485,blackbox_unspecified,filename_capture_code:bb,motorcycle,dataset_coarse_label,1920
aihub_train_00000902_bb_3_171122_two-wheeled-vehicle_120_130,car_vs_motorcycle,car_vs_motorcycle,,,10.0,car_vs_motorcycle,,,,15.0,150,a9e1430a965efaf0|e9e9430212fafee0|8387bd396a46ce4c|9191e5e66c7d3832|b1b5e5ec68581a5a,1080,aihub_source_suffix:120_130,source_filename_suffix_validated_by_exact_duplicates,,,day,cv_first_middle_last_majority,storage/vision/datasets/classification/raw_videos/차대이륜차/aihub_train_00000902_bb_3_171122_two-wheeled-vehicle_120_130.mp4,True,auto_enriched_needs_human_review,,,f0fd0cd77f7f27cd35cec4d108dd4c55c47ed62fbd09eb462a8ed32389b5b2f8,,,/workspace/SKN27-FINAL-3Team/storage/vision/datasets/classification/raw_videos/차대이륜차/aihub_train_00000902_bb_3_171122_two-wheeled-vehicle_120_130.mp4,train,f0fd0cd77f7f27cd35cec4d108dd4c55c47ed62fbd09eb462a8ed32389b5b2f8,blackbox_unspecified,filename_capture_code:bb,motorcycle,dataset_coarse_label,1920
aihub_train_00001036_bb_1_200629_two-wheeled-vehicle_112_169,car_vs_motorcycle,car_vs_motorcycle,,,10.0,car_vs_motorcycle,,,,15.0,150,a324edf813f3e00e|a3605d9a3fac285e|8b5ebd807b130cf2|8bdebc0a73150cf2|8bdebc0a73150cf2,1080,aihub_source_suffix:112_169,source_filename_suffix_validated_by_exact_duplicates,,,day,cv_first_middle_last_majority,storage/vision/datasets/classification/raw_videos/차대이륜차/aihub_train_00001036_bb_1_200629_two-wheeled-vehicle_112_169.mp4,True,auto_enriched_needs_human_review,,,129a6d9cd716d3f9e63ab5a162dab81626872184a90b0052e69221e3bb5bc12c,,,/workspace/SKN27-FINAL-3Team/storage/vision/datasets/classification/raw_videos/차대이륜차/aihub_train_00001036_bb_1_200629_two-wheeled-vehicle_112_169.mp4,train,129a6d9cd716d3f9e63ab5a162dab81626872184a90b0052e69221e3bb5bc12c,blackbox_unspecified,filename_capture_code:bb,motorcycle,dataset_coarse_label,1920
aihub_train_00001130_bb_3_200504_two-wheeled-vehicle_126_283,car_vs_motorcycle,car_vs_motorcycle,,,10.0,car_vs_motorcycle,,,,15.0,150,21a188da6f2e7fa2|89832f3635626b9e|090ba3e2f4fcd992|2b2f0dcacb86f582|8987a7e269c8cb2e,1080,aihub_source_suffix:126_283,source_filename_suffix_validated_by_exact_duplicates,,,day,cv_first_middle_last_majority,storage/vision/datasets/classification/raw_videos/차대이륜차/aihub_train_00001130_bb_3_200504_two-wheeled-vehicle_126_283.mp4,True,auto_enriched_needs_human_review,,,db88354e75ddafb9e9383c8557460828d47551dcef11de0738f91723242457ce,,,/workspace/SKN27-FINAL-3Team/storage/vision/datasets/classification/raw_videos/차대이륜차/aihub_train_00001130_bb_3_200504_two-wheeled-vehicle_126_283.mp4,train,db88354e75ddafb9e9383c8557460828d47551dcef11de0738f91723242457ce,blackbox_unspecified,filename_capture_code:bb,motorcycle,dataset_coarse_label,1920
aihub_train_00001057_bb_1_210213_two-wheeled-vehicle_45_012,car_vs_motorcycle,car_vs_motorcycle,,,10.0,car_vs_motorcycle,,,,15.0,150,1c1da8b994b3aadc|b819a8b35ae336b4|7ab3227ba455346c|3a13922fb4b55aac|3a13922fb4b55aac,1080,aihub_source_suffix:45_012,source_filename_suffix_validated_by_exact_duplicates,,,day,cv_first_middle_last_majority,storage/vision/datasets/classification/raw_videos/차대이륜차/aihub_train_00001057_bb_1_210213_two-wheeled-vehicle_45_012.mp4,True,auto_enriched_needs_human_review,,,f8610465356e3527a6f3d172afecd43af1e48a06970b9f928ed48b04e3670dbc,,,/workspace/SKN27-FINAL-3Team/storage/vision/datasets/classification/raw_videos/차대이륜차/aihub_train_00001057_bb_1_210213_two-wheeled-vehicle_45_012.mp4,train,f8610465356e3527a6f3d172afecd43af1e48a06970b9f928ed48b04e3670dbc,blackbox_unspecified,filename_capture_code:bb,motorcycle,dataset_coarse_label,1920
aihub_train_00000836_bb_1_200809_two-wheeled-vehicle_131_217,car_vs_motorcycle,car_vs_motorcycle,,,10.0,car_vs_motorcycle,,,,15.0,150,97d765745b882e28|84cd6d76d1907e32|83a77858ad266e72|3575caca2b24f42e|3537c2ca292c74be,1080,aihub_source_suffix:131_217,source_filename_suffix_validated_by_exact_duplicates,,,day,cv_first_middle_last_majority,storage/vision/datasets/classification/raw_videos/차대이륜차/aihub_train_00000836_bb_1_200809_two-wheeled-vehicle_131_217.mp4,True,auto_enriched_needs_human_review,,,b9a861319d6eade80f172207372f8e196a95586f0440513dff783f74f4953fd5,,,/workspace/SKN27-FINAL-3Team/storage/vision/datasets/classification/raw_videos/차대이륜차/aihub_train_00000836_bb_1_200809_two-wheeled-vehicle_131_217.mp4,test,b9a861319d6eade80f172207372f8e196a95586f0440513dff783f74f4953fd5,blackbox_unspecified,filename_capture_code:bb,motorcycle,dataset_coarse_label,1920
aihub_train_00000973_bb_1_171203_two-wheeled-vehicle_123_041,car_vs_motorcycle,car_vs_motorcycle,,,10.0,car_vs_motorcycle,,,,15.0,150,3cd24328936d3f96|0cd6d728d6cd28b6|1c62e71ce10ed99e|146aeb34ec4b9a66|3064cfbe6a4d9466,1080,aihub_source_suffix:123_041,source_filename_suffix_validated_by_exact_duplicates,,,low_light,cv_first_middle_last_majority,storage/vision/datasets/classification/raw_videos/차대이륜차/aihub_train_00000973_bb_1_171203_two-wheeled-vehicle_123_041.mp4,True,auto_enriched_needs_human_review,,,7a9cc450040d8f6729082cc29d498d6b1c77edbb19ee2fc750da0511dfd64667,,,/workspace/SKN27-FINAL-3Team/storage/vision/datasets/classification/raw_videos/차대이륜차/aihub_train_00000973_bb_1_171203_two-wheeled-vehicle_123_041.mp4,train,7a9cc450040d8f6729082cc29d498d6b1c77edbb19ee2fc750da0511dfd64667,blackbox_unspecified,filename_capture_code:bb,motorcycle,dataset_coarse_label,1920
aihub_train_00000765_bb_1_150329_two-wheeled-vehicle_226_20661,car_vs_motorcycle,car_vs_motorcycle,,,10.0,car_vs_motorcycle,,,,15.0,150,899a4e6e7454787c|899876e2727664ec|839a5ec87476d2f0|a1226ede5edad094|2d2c7b62d0d69ec4,1080,aihub_source_suffix:226_20661,source_filename_suffix_validated_by_exact_duplicates,,,night,cv_first_middle_last_majority,storage/vision/datasets/classification/raw_videos/차대이륜차/aihub_train_00000765_bb_1_150329_two-wheeled-vehicle_226_20661.mp4,True,auto_enriched_needs_human_review,,,be9fe02cff0ec9f819efd4abe182a0e43871aca73997c5ffe66a09e6e0ed97d9,,,/workspace/SKN27-FINAL-3Team/storage/vision/datasets/classification/raw_videos/차대이륜차/aihub_train_00000765_bb_1_150329_two-wheeled-vehicle_226_20661.mp4,train,be9fe02cff0ec9f819efd4abe182a0e43871aca73997c5ffe66a09e6e0ed97d9,blackbox_unspecified,filename_capture_code:bb,motorcycle,dataset_coarse_label,1920
aihub_train_00001044_bb_1_200910_two-wheeled-vehicle_242_21480,car_vs_motorcycle,car_vs_motorcycle,,,10.0,car_vs_motorcycle,,,,15.0,150,9392ce6c787870dc|a92c76d6d0587a72|0b2a7cc4d4d6d672|2b2a7adad4d4c4cc|2b2adad6d4d4d4c8,1080,aihub_source_suffix:242_21480,source_filename_suffix_validated_by_exact_duplicates,,,low_light,cv_first_middle_last_majority,storage/vision/datasets/classification/raw_videos/차대이륜차/aihub_train_00001044_bb_1_200910_two-wheeled-vehicle_242_21480.mp4,True,auto_enriched_needs_human_review,,,9380bbfdec0119e3f036335437f4b39c05e2217f09b7988d6fce4f9e54c3b011,,,/workspace/SKN27-FINAL-3Team/storage/vision/datasets/classification/raw_videos/차대이륜차/aihub_train_00001044_bb_1_200910_two-wheeled-vehicle_242_21480.mp4,train,9380bbfdec0119e3f036335437f4b39c05e2217f09b7988d6fce4f9e54c3b011,blackbox_unspecified,filename_capture_code:bb,motorcycle,dataset_coarse_label,1920
aihub_train_00000867_bb_1_211006_two-wheeled-vehicle_142_182,car_vs_motorcycle,car_vs_motorcycle,,,10.0,car_vs_motorcycle,,,,15.0,150,9f726180a73c38ee|984c4db9f0473dac|96c6c938d997256c|0f684996f4f5b11c|2f48d696d0b73e48,1080,aihub_source_suffix:142_182,source_filename_suffix_validated_by_exact_duplicates,,,night,cv_first_middle_last_majority,storage/vision/datasets/classification/raw_videos/차대이륜차/aihub_train_00000867_bb_1_211006_two-wheeled-vehicle_142_182.mp4,True,auto_enriched_needs_human_review,,,af9c18e902f707d7c825146089e933af40671152ef8666e06afed9b13b0f1120,,,/workspace/SKN27-FINAL-3Team/storage/vision/datasets/classification/raw_videos/차대이륜차/aihub_train_00000867_bb_1_211006_two-wheeled-vehicle_142_182.mp4,train,af9c18e902f707d7c825146089e933af40671152ef8666e06afed9b13b0f1120,blackbox_unspecified,filename_capture_code:bb,motorcycle,dataset_coarse_label,1920
aihub_train_00001023_bb_1_191219_two-wheeled-vehicle_113_331,car_vs_motorcycle,car_vs_motorcycle,,,10.0,car_vs_motorcycle,,,,15.0,150,fa5400f3bde0173a|32cd9c63b44d2fb0|5aaca55bb2cd6b10|32cd8d53b2cd49b2|32ec8d53b2cd49b2,1080,aihub_source_suffix:113_331,source_filename_suffix_validated_by_exact_duplicates,,,night,cv_first_middle_last_majority,storage/vision/datasets/classification/raw_videos/차대이륜차/aihub_train_00001023_bb_1_191219_two-wheeled-vehicle_113_331.mp4,True,auto_enriched_needs_human_review,,,5b19c0a31e072f63db42c12aca9a1ca45c2762ee9583240369a75ff35f01ecb8,,,/workspace/SKN27-FINAL-3Team/storage/vision/datasets/classification/raw_videos/차대이륜차/aihub_train_00001023_bb_1_191219_two-wheeled-vehicle_113_331.mp4,train,5b19c0a31e072f63db42c12aca9a1ca45c2762ee9583240369a75ff35f01ecb8,blackbox_unspecified,filename_capture_code:bb,motorcycle,dataset_coarse_label,1920
aihub_train_00001133_bb_3_210107_two-wheeled-vehicle_207_22161,car_vs_motorcycle,car_vs_motorcycle,,,10.0,car_vs_motorcycle,,,,15.0,150,9a587da0c6667d1c|92587da6c6267d1c|9a787d87c5847e0c|9a787587c5a47d0c|9a787587c4a67d0c,1080,aihub_source_suffix:207_22161,source_filename_suffix_validated_by_exact_duplicates,,,night,cv_first_middle_last_majority,storage/vision/datasets/classification/raw_videos/차대이륜차/aihub_train_00001133_bb_3_210107_two-wheeled-vehicle_207_22161.mp4,True,auto_enriched_needs_human_review,,,771d13f38f245cb0770e60c0130f87084003eae6b4c26802b048b0d58dbb26af,,,/workspace/SKN27-FINAL-3Team/storage/vision/datasets/classification/raw_videos/차대이륜차/aihub_train_00001133_bb_3_210107_two-wheeled-vehicle_207_22161.mp4,test,771d13f38f245cb0770e60c0130f87084003eae6b4c26802b048b0d58dbb26af,blackbox_unspecified,filename_capture_code:bb,motorcycle,dataset_coarse_label,1920
aihub_train_00001124_bb_3_190803_two-wheeled-vehicle_30_070,car_vs_motorcycle,car_vs_motorcycle,,,10.0,car_vs_motorcycle,,,,15.0,150,2b0b5e94894b3f96|2b0b5e94894b3f96|2b0b1e948b4b3f96|2b0b569c894b9fb2|2b0b569c896b9f32,1080,aihub_source_suffix:30_070,source_filename_suffix_validated_by_exact_duplicates,,,day,cv_first_middle_last_majority,storage/vision/datasets/classification/raw_videos/차대이륜차/aihub_train_00001124_bb_3_190803_two-wheeled-vehicle_30_070.mp4,True,auto_enriched_needs_human_review,,,c977c841ea12c6157da61a3f38d1b50171860b98cfa5d14d28f460c3cbfaae47,,,/workspace/SKN27-FINAL-3Team/storage/vision/datasets/classification/raw_videos/차대이륜차/aihub_train_00001124_bb_3_190803_two-wheeled-vehicle_30_070.mp4,train,c977c841ea12c6157da61a3f38d1b50171860b98cfa5d14d28f460c3cbfaae47,blackbox_unspecified,filename_capture_code:bb,motorcycle,dataset_coarse_label,1920
aihub_train_00000835_bb_1_200715_two-wheeled-vehicle_143_182,car_vs_motorcycle,car_vs_motorcycle,,,10.0,car_vs_motorcycle,,,,15.0,150,2b95639a6b88375c|299d2b92f6c27aa8|2b9d2d9a76c47298|a1d16990765e7e8c|29d16baa7a8a7aa4,1080,aihub_source_suffix:143_182,source_filename_suffix_validated_by_exact_duplicates,,,day,cv_first_middle_last_majority,storage/vision/datasets/classification/raw_videos/차대이륜차/aihub_train_00000835_bb_1_200715_two-wheeled-vehicle_143_182.mp4,True,auto_enriched_needs_human_review,,,8b0bfce4b84452d6907d74079566ab1206af744e2c8c806986e83fb0022d05d8,,,/workspace/SKN27-FINAL-3Team/storage/vision/datasets/classification/raw_videos/차대이륜차/aihub_train_00000835_bb_1_200715_two-wheeled-vehicle_143_182.mp4,val,8b0bfce4b84452d6907d74079566ab1206af744e2c8c806986e83fb0022d05d8,blackbox_unspecified,filename_capture_code:bb,motorcycle,dataset_coarse_label,1920
aihub_train_00000791_bb_1_180519_two-wheeled-vehicle_48_088,car_vs_motorcycle,car_vs_motorcycle,,,10.0,car_vs_motorcycle,,,,15.0,150,3b19ed66d85860b6|1b19a56ed8b3609e|25275bd93646b03e|25375ad9b646b03c|25375ad93646b03e,1080,aihub_source_suffix:48_088,source_filename_suffix_validated_by_exact_duplicates,,,day,cv_first_middle_last_majority,storage/vision/datasets/classification/raw_videos/차대이륜차/aihub_train_00000791_bb_1_180519_two-wheeled-vehicle_48_088.mp4,True,auto_enriched_needs_human_review,,,5494549cedf7f66bda6347ac56af7635b5aa27ea47c8f96b2fe17ad6d229f02e,,,/workspace/SKN27-FINAL-3Team/storage/vision/datasets/classification/raw_videos/차대이륜차/aihub_train_00000791_bb_1_180519_two-wheeled-vehicle_48_088.mp4,train,5494549cedf7f66bda6347ac56af7635b5aa27ea47c8f96b2fe17ad6d229f02e,blackbox_unspecified,filename_capture_code:bb,motorcycle,dataset_coarse_label,1920
aihub_train_00000874_bb_1_211129_two-wheeled-vehicle_130_010,car_vs_motorcycle,car_vs_motorcycle,,,10.0,car_vs_motorcycle,,,,15.0,150,8387d4db379926b0|1dbd26ca63aa7aa0|bb6d3472932a7c88|abd3245b9de803e4|b569566b1f2c5132,720,aihub_source_suffix:130_010,source_filename_suffix_validated_by_exact_duplicates,,,day,cv_first_middle_last_majority,storage/vision/datasets/classification/raw_videos/차대이륜차/aihub_train_00000874_bb_1_211129_two-wheeled-vehicle_130_010.mp4,True,auto_enriched_needs_human_review,,,ab9343b8b1340e9934bc6c6bf4a5e3f394a5b4b1658c0a48d7c61dc21f410ba1,,,/workspace/SKN27-FINAL-3Team/storage/vision/datasets/classification/raw_videos/차대이륜차/aihub_train_00000874_bb_1_211129_two-wheeled-vehicle_130_010.mp4,train,ab9343b8b1340e9934bc6c6bf4a5e3f394a5b4b1658c0a48d7c61dc21f410ba1,blackbox_unspecified,filename_capture_code:bb,motorcycle,dataset_coarse_label,1280
aihub_train_00000770_bb_1_161224_two-wheeled-vehicle_232_22526,car_vs_motorcycle,car_vs_motorcycle,,,10.0,car_vs_motorcycle,,,,15.0,150,9dd91786f1187998|99998dc7631a7b18|c7c7d770710233a6|c7c7d7647902a722|c7c7d76479a02722,926,aihub_source_suffix:232_22526,source_filename_suffix_validated_by_exact_duplicates,,,low_light,cv_first_middle_last_majority,storage/vision/datasets/classification/raw_videos/차대이륜차/aihub_train_00000770_bb_1_161224_two-wheeled-vehicle_232_22526.mp4,True,auto_enriched_needs_human_review,,,172c249a7770b496f3197b50ff8511dc9114f085ee823373fec24099493398f8,,,/workspace/SKN27-FINAL-3Team/storage/vision/datasets/classification/raw_videos/차대이륜차/aihub_train_00000770_bb_1_161224_two-wheeled-vehicle_232_22526.mp4,val,172c249a7770b496f3197b50ff8511dc9114f085ee823373fec24099493398f8,blackbox_unspecified,filename_capture_code:bb,motorcycle,dataset_coarse_label,1920
aihub_train_00001108_bb_3_150205_two-wheeled-vehicle_203_22426,car_vs_motorcycle,car_vs_motorcycle,,,10.0,car_vs_motorcycle,,,,15.0,150,a984e462f2f07c5e|8994e462f2f07c5e|8994e462f2f07c5e|899ce462f0f07c5e|899ce462f2707c5e,1080,aihub_source_suffix:203_22426,source_filename_suffix_validated_by_exact_duplicates,,,low_light,cv_first_middle_last_majority,storage/vision/datasets/classification/raw_videos/차대이륜차/aihub_train_00001108_bb_3_150205_two-wheeled-vehicle_203_22426.mp4,True,auto_enriched_needs_human_review,,,b0a448dd725b5058f432841a22678dd4d978c114ca298813eb95f82fc3e746a9,,,/workspace/SKN27-FINAL-3Team/storage/vision/datasets/classification/raw_videos/차대이륜차/aihub_train_00001108_bb_3_150205_two-wheeled-vehicle_203_22426.mp4,val,b0a448dd725b5058f432841a22678dd4d978c114ca298813eb95f82fc3e746a9,blackbox_unspecified,filename_capture_code:bb,motorcycle,dataset_coarse_label,1920
aihub_train_00001003_bb_1_190429_two-wheeled-vehicle_114_142,car_vs_motorcycle,car_vs_motorcycle,,,10.0,car_vs_motorcycle,,,,15.0,150,a16ba193da6c6636|a9c3a993da6c6626|a1a5ad93da7e6424|a1ab831a1a76e5ec|a12e63d434e6ad6a,1080,aihub_source_suffix:114_142,source_filename_suffix_validated_by_exact_duplicates,,,day,cv_first_middle_last_majority,storage/vision/datasets/classification/raw_videos/차대이륜차/aihub_train_00001003_bb_1_190429_two-wheeled-vehicle_114_142.mp4,True,auto_enriched_needs_human_review,,,471d45a8ff70d8e6651a003c1c6655347e71f45fb81d80aa7dac003c5f28018d,,,/workspace/SKN27-FINAL-3Team/storage/vision/datasets/classification/raw_videos/차대이륜차/aihub_train_00001003_bb_1_190429_two-wheeled-vehicle_114_142.mp4,train,471d45a8ff70d8e6651a003c1c6655347e71f45fb81d80aa7dac003c5f28018d,blackbox_unspecified,filename_capture_code:bb,motorcycle,dataset_coarse_label,1920
aihub_train_00000974_bb_1_171207_two-wheeled-vehicle_147_016,car_vs_motorcycle,car_vs_motorcycle,,,10.0,car_vs_motorcycle,,,,15.0,150,9c431d9c6f986678|c27c3fc1682dd256|86505b9e65be0af8|86401bce758e5bec|86401bce759e5bcc,1080,aihub_source_suffix:147_016,source_filename_suffix_validated_by_exact_duplicates,,,night,cv_first_middle_last_majority,storage/vision/datasets/classification/raw_videos/차대이륜차/aihub_train_00000974_bb_1_171207_two-wheeled-vehicle_147_016.mp4,True,auto_enriched_needs_human_review,,,656b8e0e9d738c4b2403d4699d4c34998b6abd593277c27874a7d5d2bf87d754,,,/workspace/SKN27-FINAL-3Team/storage/vision/datasets/classification/raw_videos/차대이륜차/aihub_train_00000974_bb_1_171207_two-wheeled-vehicle_147_016.mp4,train,656b8e0e9d738c4b2403d4699d4c34998b6abd593277c27874a7d5d2bf87d754,blackbox_unspecified,filename_capture_code:bb,motorcycle,dataset_coarse_label,1920
aihub_train_00000903_bb_3_180322_two-wheeled-vehicle_229_22055,car_vs_motorcycle,car_vs_motorcycle,,,10.0,car_vs_motorcycle,,,,15.0,150,2b6ad4b492d366b4|2b6ad4b49ad267a4|2b6ad59492d3a5b4|2b6af59492538db4|2b6af59492538db4,1080,aihub_source_suffix:229_22055,source_filename_suffix_validated_by_exact_duplicates,,,night,cv_first_middle_last_majority,storage/vision/datasets/classification/raw_videos/차대이륜차/aihub_train_00000903_bb_3_180322_two-wheeled-vehicle_229_22055.mp4,True,auto_enriched_needs_human_review,,,747c55831c26abd4bd0fa8a7eb371ed99dbf59d70f8588e2d425c309d80df693,,,/workspace/SKN27-FINAL-3Team/storage/vision/datasets/classification/raw_videos/차대이륜차/aihub_train_00000903_bb_3_180322_two-wheeled-vehicle_229_22055.mp4,train,747c55831c26abd4bd0fa8a7eb371ed99dbf59d70f8588e2d425c309d80df693,blackbox_unspecified,filename_capture_code:bb,motorcycle,dataset_coarse_label,1920
aihub_train_00002812_bb_3_120214_bike_118_007,car_vs_bicycle,car_vs_bicycle,,,10.0,car_vs_bicycle,,,,15.0,150,8b26cc659dd39266|8166c6639d979cd8|8b62ce658c619eda|8f62d4658d7991e2|8f62c8658d7d99c2,1080,aihub_source_suffix:118_007,source_filename_suffix_validated_by_exact_duplicates,,,low_light,cv_first_middle_last_majority,storage/vision/datasets/classification/raw_videos/차대자전거/aihub_train_00002812_bb_3_120214_bike_118_007.mp4,True,auto_enriched_needs_human_review,,,dec0bbe3ad95ebcad019446aeb9572c8ca7c39463e5d7756aab7f2c7767eaf37,,,/workspace/SKN27-FINAL-3Team/storage/vision/datasets/classification/raw_videos/차대자전거/aihub_train_00002812_bb_3_120214_bike_118_007.mp4,train,dec0bbe3ad95ebcad019446aeb9572c8ca7c39463e5d7756aab7f2c7767eaf37,blackbox_unspecified,filename_capture_code:bb,bicycle,dataset_coarse_label,1920
aihub_train_00002780_bb_1_210202_bike_201_21799,car_vs_bicycle,car_vs_bicycle,,,10.0,car_vs_bicycle,,,,15.0,150,a3806e4ed670f45e|390a4ee6c0f4f476|1b8ee470e6d470f8|81825e3c6c6e7a76|a1804e3e5e7c7cd4,1080,aihub_source_suffix:201_21799,source_filename_suffix_validated_by_exact_duplicates,,,low_light,cv_first_middle_last_majority,storage/vision/datasets/classification/raw_videos/차대자전거/aihub_train_00002780_bb_1_210202_bike_201_21799.mp4,True,auto_enriched_needs_human_review,,,86cf1ba5d7c058f5f55b76fa0048dee84ef2291f98640cf0b65170fd398c1b9a,,,/workspace/SKN27-FINAL-3Team/storage/vision/datasets/classification/raw_videos/차대자전거/aihub_train_00002780_bb_1_210202_bike_201_21799.mp4,test,86cf1ba5d7c058f5f55b76fa0048dee84ef2291f98640cf0b65170fd398c1b9a,blackbox_unspecified,filename_capture_code:bb,bicycle,dataset_coarse_label,1920
aihub_train_00002767_bb_1_200705_bike_144_248,car_vs_bicycle,car_vs_bicycle,,,10.0,car_vs_bicycle,,,,15.0,150,b7978d6c61f0416c|21a58dced7b2f1c0|331bcdccc3a2d0f4|331d4f4acbe2d28c|333dcdcac3a2d2c4,1080,aihub_source_suffix:144_248,source_filename_suffix_validated_by_exact_duplicates,,,day,cv_first_middle_last_majority,storage/vision/datasets/classification/raw_videos/차대자전거/aihub_train_00002767_bb_1_200705_bike_144_248.mp4,True,auto_enriched_needs_human_review,,,db10dc01a42bcd04cc20c059c7f4e532b174a069794d54180f8eedd3dfbf3f47,,,/workspace/SKN27-FINAL-3Team/storage/vision/datasets/classification/raw_videos/차대자전거/aihub_train_00002767_bb_1_200705_bike_144_248.mp4,train,db10dc01a42bcd04cc20c059c7f4e532b174a069794d54180f8eedd3dfbf3f47,blackbox_unspecified,filename_capture_code:bb,bicycle,dataset_coarse_label,1920
aihub_train_00002784_bb_1_210414_bike_244_21092,car_vs_bicycle,car_vs_bicycle,,,10.0,car_vs_bicycle,,,,15.0,150,0b0af4dcd6e4e4d4|030a58d4fc7cca7e|2302dcfc3e465c7c|2320dcded6e6585c|2320dcdcd6f6585c,1080,aihub_source_suffix:244_21092,source_filename_suffix_validated_by_exact_duplicates,,,low_light,cv_first_middle_last_majority,storage/vision/datasets/classification/raw_videos/차대자전거/aihub_train_00002784_bb_1_210414_bike_244_21092.mp4,True,auto_enriched_needs_human_review,,,152f32bd8931105d551b4e2148d53e6f6d0ad00e2d1b1e2cc91e1aba50b34a2a,,,/workspace/SKN27-FINAL-3Team/storage/vision/datasets/classification/raw_videos/차대자전거/aihub_train_00002784_bb_1_210414_bike_244_21092.mp4,val,152f32bd8931105d551b4e2148d53e6f6d0ad00e2d1b1e2cc91e1aba50b34a2a,blackbox_unspecified,filename_capture_code:bb,bicycle,dataset_coarse_label,1920
aihub_train_00002713_bb_1_151011_bike_247_21709,car_vs_bicycle,car_vs_bicycle,,,10.0,car_vs_bicycle,,,,15.0,150,b1b095364ec87ada|a1b01d6e47c67ad8|0b0ade66f4f46a98|0994d726f66a789c|0994d726f669789c,1080,aihub_source_suffix:247_21709,source_filename_suffix_validated_by_exact_duplicates,,,night,cv_first_middle_last_majority,storage/vision/datasets/classification/raw_videos/차대자전거/aihub_train_00002713_bb_1_151011_bike_247_21709.mp4,True,auto_enriched_needs_human_review,,,aea4ae48bbf3ff8156378ca1d99517b32296c1dfe42fd6b1ff2e7db014259be0,,,/workspace/SKN27-FINAL-3Team/storage/vision/datasets/classification/raw_videos/차대자전거/aihub_train_00002713_bb_1_151011_bike_247_21709.mp4,train,aea4ae48bbf3ff8156378ca1d99517b32296c1dfe42fd6b1ff2e7db014259be0,blackbox_unspecified,filename_capture_code:bb,bicycle,dataset_coarse_label,1920
aihub_train_00002798_bb_1_210910_bike_233_21604,car_vs_bicycle,car_vs_bicycle,,,10.0,car_vs_bicycle,,,,15.0,150,30cd659a1f64d936|36c86533994cdb36|b6ce6139c6c79924|34cec330cf97986c|34cec330cf97986c,1080,aihub_source_suffix:233_21604,source_filename_suffix_validated_by_exact_duplicates,,,night,cv_first_middle_last_majority,storage/vision/datasets/classification/raw_videos/차대자전거/aihub_train_00002798_bb_1_210910_bike_233_21604.mp4,True,auto_enriched_needs_human_review,,,6b7d22d54cb56a07e02e725643aae2c5ae0fb314d8896385bac95022c83f3788,,,/workspace/SKN27-FINAL-3Team/storage/vision/datasets/classification/raw_videos/차대자전거/aihub_train_00002798_bb_1_210910_bike_233_21604.mp4,train,6b7d22d54cb56a07e02e725643aae2c5ae0fb314d8896385bac95022c83f3788,blackbox_unspecified,filename_capture_code:bb,bicycle,dataset_coarse_label,1920
aihub_train_00002832_cc_3_190318_bike_224_21598,car_vs_bicycle,car_vs_bicycle,,,10.0,car_vs_bicycle,,,,15.0,150,805e7f2ad5225f8c|80767f8c7d2a5f80|807e7f8c7d285f80|80767f8c7d22df80|80767f8c7d22df80,1080,aihub_source_suffix:224_21598,source_filename_suffix_validated_by_exact_duplicates,,,low_light,cv_first_middle_last_majority,storage/vision/datasets/classification/raw_videos/차대자전거/aihub_train_00002832_cc_3_190318_bike_224_21598.mp4,True,auto_enriched_needs_human_review,,,08b5f31e1486c667a6c966ef0c219fe05fa8b74521c812672564b2bec3c047f3,,,/workspace/SKN27-FINAL-3Team/storage/vision/datasets/classification/raw_videos/차대자전거/aihub_train_00002832_cc_3_190318_bike_224_21598.mp4,train,08b5f31e1486c667a6c966ef0c219fe05fa8b74521c812672564b2bec3c047f3,cctv_fixed,filename_capture_code:cc,bicycle,dataset_coarse_label,1920
aihub_train_00002837_cc_3_200613_bike_246_23066,car_vs_bicycle,car_vs_bicycle,,,10.0,car_vs_bicycle,,,,15.0,150,81f1f6d2484e3f38|81f1f7d24a4e1f30|81f1f7d24a0c3f38|81f1f7d24a0c3f38|81f1f7d24a0c3f38,926,aihub_source_suffix:246_23066,source_filename_suffix_validated_by_exact_duplicates,,,night,cv_first_middle_last_majority,storage/vision/datasets/classification/raw_videos/차대자전거/aihub_train_00002837_cc_3_200613_bike_246_23066.mp4,True,auto_enriched_needs_human_review,,,c55a2585fe2f79da8641cf2b2dcdd3e3313ae53ad7d9e5e7503b17895ea9edd3,,,/workspace/SKN27-FINAL-3Team/storage/vision/datasets/classification/raw_videos/차대자전거/aihub_train_00002837_cc_3_200613_bike_246_23066.mp4,train,c55a2585fe2f79da8641cf2b2dcdd3e3313ae53ad7d9e5e7503b17895ea9edd3,cctv_fixed,filename_capture_code:cc,bicycle,dataset_coarse_label,1920
aihub_train_00002789_bb_1_210510_bike_201_20538,car_vs_bicycle,car_vs_bicycle,,,10.0,car_vs_bicycle,,,,15.0,150,8390e586c66c7e7a|2320f1d8c8dcdece|0b6a5b8cdcf4e584|0b6a5b8cd4f4b586|0b6a5b84dcf4b586,1080,aihub_source_suffix:201_20538,source_filename_suffix_validated_by_exact_duplicates,,,night,cv_first_middle_last_majority,storage/vision/datasets/classification/raw_videos/차대자전거/aihub_train_00002789_bb_1_210510_bike_201_20538.mp4,True,auto_enriched_needs_human_review,,,743a4e9d8d26b5256693b3440a123f777b2281c6397c12f5ec886fa7dbc0cf34,,,/workspace/SKN27-FINAL-3Team/storage/vision/datasets/classification/raw_videos/차대자전거/aihub_train_00002789_bb_1_210510_bike_201_20538.mp4,train,743a4e9d8d26b5256693b3440a123f777b2281c6397c12f5ec886fa7dbc0cf34,blackbox_unspecified,filename_capture_code:bb,bicycle,dataset_coarse_label,1920
aihub_train_00002822_bb_3_170213_bike_233_22251,car_vs_bicycle,car_vs_bicycle,,,10.0,car_vs_bicycle,,,,15.0,150,81887e06f6d65e78|89987da6e6764662|233276ec6ccccee0|2b0a7294f474fcf0|0b4a7294b47cfcf0,1080,aihub_source_suffix:233_22251,source_filename_suffix_validated_by_exact_duplicates,,,low_light,cv_first_middle_last_majority,storage/vision/datasets/classification/raw_videos/차대자전거/aihub_train_00002822_bb_3_170213_bike_233_22251.mp4,True,auto_enriched_needs_human_review,,,ef62d9038163c7f1d45c8c6826d82093ca2365df1bc796b6bf45ea8b82e84ed7,,,/workspace/SKN27-FINAL-3Team/storage/vision/datasets/classification/raw_videos/차대자전거/aihub_train_00002822_bb_3_170213_bike_233_22251.mp4,train,ef62d9038163c7f1d45c8c6826d82093ca2365df1bc796b6bf45ea8b82e84ed7,blackbox_unspecified,filename_capture_code:bb,bicycle,dataset_coarse_label,1920
aihub_train_00002718_bb_1_160513_bike_246_21562,car_vs_bicycle,car_vs_bicycle,,,10.0,car_vs_bicycle,,,,15.0,150,233a4d26dcccd672|21944f267e6abd4a|0b0ae786f4f47878|098a37a0f4f67c5a|0b0af582f4767e58,1080,aihub_source_suffix:246_21562,source_filename_suffix_validated_by_exact_duplicates,,,low_light,cv_first_middle_last_majority,storage/vision/datasets/classification/raw_videos/차대자전거/aihub_train_00002718_bb_1_160513_bike_246_21562.mp4,True,auto_enriched_needs_human_review,,,2659a5309e0cc3bdde0304c9ff65e616bf2b610282254df8cc301845a80181ca,,,/workspace/SKN27-FINAL-3Team/storage/vision/datasets/classification/raw_videos/차대자전거/aihub_train_00002718_bb_1_160513_bike_246_21562.mp4,train,2659a5309e0cc3bdde0304c9ff65e616bf2b610282254df8cc301845a80181ca,blackbox_unspecified,filename_capture_code:bb,bicycle,dataset_coarse_label,1920
aihub_train_00002781_bb_1_210219_bike_120_205,car_vs_bicycle,car_vs_bicycle,,,10.0,car_vs_bicycle,,,,15.0,150,bc991d24d666c70e|2daf2f1a39399164|c243c3c27f8c3d1e|faebc0c22384bd1e|faebc0c22384bd1e,1080,aihub_source_suffix:120_205,source_filename_suffix_validated_by_exact_duplicates,,,day,cv_first_middle_last_majority,storage/vision/datasets/classification/raw_videos/차대자전거/aihub_train_00002781_bb_1_210219_bike_120_205.mp4,True,auto_enriched_needs_human_review,,,4d1cf8879dd8cfbabb374899925d1cda5c339e2f0812e4d67c42ee3730aef683,,,/workspace/SKN27-FINAL-3Team/storage/vision/datasets/classification/raw_videos/차대자전거/aihub_train_00002781_bb_1_210219_bike_120_205.mp4,train,4d1cf8879dd8cfbabb374899925d1cda5c339e2f0812e4d67c42ee3730aef683,blackbox_unspecified,filename_capture_code:bb,bicycle,dataset_coarse_label,1920
aihub_train_00002771_bb_1_200912_bike_235_24771,car_vs_bicycle,car_vs_bicycle,,,10.0,car_vs_bicycle,,,,15.0,150,999157474939aaea|9f9e77678301068e|999d3747f1f90602|999c1747f5f94602|999c1747f5f94602,926,aihub_source_suffix:235_24771,source_filename_suffix_validated_by_exact_duplicates,,,low_light,cv_first_middle_last_majority,storage/vision/datasets/classification/raw_videos/차대자전거/aihub_train_00002771_bb_1_200912_bike_235_24771.mp4,True,auto_enriched_needs_human_review,,,00c4891ef2681f163e76f6a9094c6b263c3eb5837f77bb1a43deb7c4a2531fdb,,,/workspace/SKN27-FINAL-3Team/storage/vision/datasets/classification/raw_videos/차대자전거/aihub_train_00002771_bb_1_200912_bike_235_24771.mp4,train,00c4891ef2681f163e76f6a9094c6b263c3eb5837f77bb1a43deb7c4a2531fdb,blackbox_unspecified,filename_capture_code:bb,bicycle,dataset_coarse_label,1920
aihub_train_00002785_bb_1_210422_bike_116_251,car_vs_bicycle,car_vs_bicycle,,,10.0,car_vs_bicycle,,,,15.0,150,b39f0c4ae26372d2|b1b9c2c6c6633a78|9101c7c6c4f33a7e|b9b9c7c6c0d19474|b9b9c5c6cad194c4,668,aihub_source_suffix:116_251,source_filename_suffix_validated_by_exact_duplicates,,,day,cv_first_middle_last_majority,storage/vision/datasets/classification/raw_videos/차대자전거/aihub_train_00002785_bb_1_210422_bike_116_251.mp4,True,auto_enriched_needs_human_review,,,99244788e8a5a403dfa818ca8cd27b8ced6325a0c600f233fbe7105dabffb7e0,,,/workspace/SKN27-FINAL-3Team/storage/vision/datasets/classification/raw_videos/차대자전거/aihub_train_00002785_bb_1_210422_bike_116_251.mp4,train,99244788e8a5a403dfa818ca8cd27b8ced6325a0c600f233fbe7105dabffb7e0,blackbox_unspecified,filename_capture_code:bb,bicycle,dataset_coarse_label,1128
aihub_train_00002762_bb_1_200519_bike_198_025,car_vs_bicycle,car_vs_bicycle,,,10.0,car_vs_bicycle,,,,15.0,150,2b29d85cd717864e|2b2bda5c56373948|3f3f8f405252c2ce|8f8d21202d3fdd5c|8f8d21202d3fd8de,720,aihub_source_suffix:198_025,source_filename_suffix_validated_by_exact_duplicates,,,day,cv_first_middle_last_majority,storage/vision/datasets/classification/raw_videos/차대자전거/aihub_train_00002762_bb_1_200519_bike_198_025.mp4,True,auto_enriched_needs_human_review,,,b1e27b4f870fb99569861561a20b76207d0e848d212054f45ab54c0e7c3d32e0,,,/workspace/SKN27-FINAL-3Team/storage/vision/datasets/classification/raw_videos/차대자전거/aihub_train_00002762_bb_1_200519_bike_198_025.mp4,train,b1e27b4f870fb99569861561a20b76207d0e848d212054f45ab54c0e7c3d32e0,blackbox_unspecified,filename_capture_code:bb,bicycle,dataset_coarse_label,1280
aihub_train_00002836_cc_3_200303_bike_116_279,car_vs_bicycle,car_vs_bicycle,,,10.0,car_vs_bicycle,,,,15.0,150,8bceeebe161434d0|8bce2e1e1614f4f4|83ee3f8616143cd6|83ce0e369cb47798|839e2fc6183638f6,1080,aihub_source_suffix:116_279,source_filename_suffix_validated_by_exact_duplicates,,,day,cv_first_middle_last_majority,storage/vision/datasets/classification/raw_videos/차대자전거/aihub_train_00002836_cc_3_200303_bike_116_279.mp4,True,auto_enriched_needs_human_review,,,db372e62c550e86dd3a7e0919e3410202d0c3a76714656fdb35b1de34d040253,,,/workspace/SKN27-FINAL-3Team/storage/vision/datasets/classification/raw_videos/차대자전거/aihub_train_00002836_cc_3_200303_bike_116_279.mp4,train,db372e62c550e86dd3a7e0919e3410202d0c3a76714656fdb35b1de34d040253,cctv_fixed,filename_capture_code:cc,bicycle,dataset_coarse_label,1920
aihub_train_00002807_bb_1_220129_bike_212_22226,car_vs_bicycle,car_vs_bicycle,,,10.0,car_vs_bicycle,,,,15.0,150,2b1ade782582d6ec|a2663c38d9c2df92|e162f4d85f2617a4|e166dcd83b0617e4|e162dcd87b1607e4,1080,aihub_source_suffix:212_22226,source_filename_suffix_validated_by_exact_duplicates,,,low_light,cv_first_middle_last_majority,storage/vision/datasets/classification/raw_videos/차대자전거/aihub_train_00002807_bb_1_220129_bike_212_22226.mp4,True,auto_enriched_needs_human_review,,,a623e57dbc250805514f9feae4f9a81d884ca3ebdf98915dcdafb4256776b8b1,,,/workspace/SKN27-FINAL-3Team/storage/vision/datasets/classification/raw_videos/차대자전거/aihub_train_00002807_bb_1_220129_bike_212_22226.mp4,test,a623e57dbc250805514f9feae4f9a81d884ca3ebdf98915dcdafb4256776b8b1,blackbox_unspecified,filename_capture_code:bb,bicycle,dataset_coarse_label,1920
aihub_train_00002757_bb_1_191004_bike_145_160,car_vs_bicycle,car_vs_bicycle,,,10.0,car_vs_bicycle,,,,15.0,150,353c4b98d8f836c6|3b125b98e0e8a6ee|5a545f2aa8a584fe|4ec65338f8ed0e86|7e5a4baa2e2590f4,1080,aihub_source_suffix:145_160,source_filename_suffix_validated_by_exact_duplicates,,,low_light,cv_first_middle_last_majority,storage/vision/datasets/classification/raw_videos/차대자전거/aihub_train_00002757_bb_1_191004_bike_145_160.mp4,True,auto_enriched_needs_human_review,,,a538888fd6a3f5be4a2787e985b11941c01ed824857b05d7c4ac37e8d905849c,,,/workspace/SKN27-FINAL-3Team/storage/vision/datasets/classification/raw_videos/차대자전거/aihub_train_00002757_bb_1_191004_bike_145_160.mp4,train,a538888fd6a3f5be4a2787e985b11941c01ed824857b05d7c4ac37e8d905849c,blackbox_unspecified,filename_capture_code:bb,bicycle,dataset_coarse_label,1920
aihub_train_00002693_bb_1_100723_bike_244_22136,car_vs_bicycle,car_vs_bicycle,,,10.0,car_vs_bicycle,,,,15.0,150,2b2ad4d4d5b4d4d4|2b2ad4d4d596d4d4|2b2af4d4d5a694d4|2b2af4d4d6a4d4d4|2b2af4d4d6a4d4d4,1080,aihub_source_suffix:244_22136,source_filename_suffix_validated_by_exact_duplicates,,,low_light,cv_first_middle_last_majority,storage/vision/datasets/classification/raw_videos/차대자전거/aihub_train_00002693_bb_1_100723_bike_244_22136.mp4,True,auto_enriched_needs_human_review,,,70139f0abc13af0a20df7727dcf164fd67af413404b0d6b65f50fbb449185561,,,/workspace/SKN27-FINAL-3Team/storage/vision/datasets/classification/raw_videos/차대자전거/aihub_train_00002693_bb_1_100723_bike_244_22136.mp4,train,70139f0abc13af0a20df7727dcf164fd67af413404b0d6b65f50fbb449185561,blackbox_unspecified,filename_capture_code:bb,bicycle,dataset_coarse_label,1920
aihub_train_00002778_bb_1_201203_bike_200_168,car_vs_bicycle,car_vs_bicycle,,,10.0,car_vs_bicycle,,,,15.0,150,80ec7db1c336cf30|80de3f31c33ec730|a0f63e25913ac772|e0f03ee67e1e83a0|a0f03ee67e1e83e0,1080,aihub_source_suffix:200_168,source_filename_suffix_validated_by_exact_duplicates,,,low_light,cv_first_middle_last_majority,storage/vision/datasets/classification/raw_videos/차대자전거/aihub_train_00002778_bb_1_201203_bike_200_168.mp4,True,auto_enriched_needs_human_review,,,c2d197ffd9158b0e6174ca5825ac95858730d703c59b2a98614f49cc6706d9b4,,,/workspace/SKN27-FINAL-3Team/storage/vision/datasets/classification/raw_videos/차대자전거/aihub_train_00002778_bb_1_201203_bike_200_168.mp4,val,c2d197ffd9158b0e6174ca5825ac95858730d703c59b2a98614f49cc6706d9b4,blackbox_unspecified,filename_capture_code:bb,bicycle,dataset_coarse_label,1920
aihub_train_00002788_bb_1_210507_bike_30_006,car_vs_bicycle,car_vs_bicycle,,,10.0,car_vs_bicycle,,,,15.0,150,a1a1870e6f3cf9a4|a93917070786df8e|0b0f93127f1c1f36|8dc58562730f4f2e|89cd856273835f2e,1080,aihub_source_suffix:30_006,source_filename_suffix_validated_by_exact_duplicates,,,day,cv_first_middle_last_majority,storage/vision/datasets/classification/raw_videos/차대자전거/aihub_train_00002788_bb_1_210507_bike_30_006.mp4,True,auto_enriched_needs_human_review,,,9217ad7564db7946d8983e5bfef25dc0adc667eb22a8c961d074a8c8224f16f5,,,/workspace/SKN27-FINAL-3Team/storage/vision/datasets/classification/raw_videos/차대자전거/aihub_train_00002788_bb_1_210507_bike_30_006.mp4,train,9217ad7564db7946d8983e5bfef25dc0adc667eb22a8c961d074a8c8224f16f5,blackbox_unspecified,filename_capture_code:bb,bicycle,dataset_coarse_label,1920
aihub_train_00002717_bb_1_160506_bike_200_20920,car_vs_bicycle,car_vs_bicycle,,,10.0,car_vs_bicycle,,,,15.0,150,89883e3674d47e5a|8180f47e6e5a726e|81a0765ed8786e5e|89a07676dcdc7252|89a07676dc5c7256,1080,aihub_source_suffix:200_20920,source_filename_suffix_validated_by_exact_duplicates,,,low_light,cv_first_middle_last_majority,storage/vision/datasets/classification/raw_videos/차대자전거/aihub_train_00002717_bb_1_160506_bike_200_20920.mp4,True,auto_enriched_needs_human_review,,,4441df238264af1166c9ccf06acd412ad86f7e388feea6571354f753bd3e7df2,,,/workspace/SKN27-FINAL-3Team/storage/vision/datasets/classification/raw_videos/차대자전거/aihub_train_00002717_bb_1_160506_bike_200_20920.mp4,test,4441df238264af1166c9ccf06acd412ad86f7e388feea6571354f753bd3e7df2,blackbox_unspecified,filename_capture_code:bb,bicycle,dataset_coarse_label,1920
aihub_train_00002776_bb_1_201103_bike_192_100,car_vs_bicycle,car_vs_bicycle,,,10.0,car_vs_bicycle,,,,15.0,150,23898cb2de4f378a|3b87cda0d22c371e|21a3cade753588ce|8581a3e8ea7c3d96|858183eae86e7f1c,236,aihub_source_suffix:192_100,source_filename_suffix_validated_by_exact_duplicates,,,day,cv_first_middle_last_majority,storage/vision/datasets/classification/raw_videos/차대자전거/aihub_train_00002776_bb_1_201103_bike_192_100.mp4,True,auto_enriched_needs_human_review,,,7e49850132d2e98a3e0abf1ad777762ce1a534f297a109d57771ae0f42cf2004,,,/workspace/SKN27-FINAL-3Team/storage/vision/datasets/classification/raw_videos/차대자전거/aihub_train_00002776_bb_1_201103_bike_192_100.mp4,val,7e49850132d2e98a3e0abf1ad777762ce1a534f297a109d57771ae0f42cf2004,blackbox_unspecified,filename_capture_code:bb,bicycle,dataset_coarse_label,500
aihub_train_00002831_cc_3_190212_bike_120_089,car_vs_bicycle,car_vs_bicycle,,,10.0,car_vs_bicycle,,,,15.0,150,a654087eed72079e|a27322cc6c3e3f32|b25328ce6c3a177a|a27208cc7e3bcbe2|a2720acc6c3b9bea,1080,aihub_source_suffix:120_089,source_filename_suffix_validated_by_exact_duplicates,,,day,cv_first_middle_last_majority,storage/vision/datasets/classification/raw_videos/차대자전거/aihub_train_00002831_cc_3_190212_bike_120_089.mp4,True,auto_enriched_needs_human_review,,,a27e9e3f4e08154436d9dc978eeec60d272643bf5c017aebeabd927e0e32b0e2,,,/workspace/SKN27-FINAL-3Team/storage/vision/datasets/classification/raw_videos/차대자전거/aihub_train_00002831_cc_3_190212_bike_120_089.mp4,test,a27e9e3f4e08154436d9dc978eeec60d272643bf5c017aebeabd927e0e32b0e2,cctv_fixed,filename_capture_code:cc,bicycle,dataset_coarse_label,1920
aihub_train_00002811_bb_1_220724_bike_225_21926,car_vs_bicycle,car_vs_bicycle,,,10.0,car_vs_bicycle,,,,15.0,150,2a94f50af564d53a|2a8cd51ad668f53a|0ad46d0ade68f53a|2ad6530ad46af53c|2ad45f0ad528f53c,1080,aihub_source_suffix:225_21926,source_filename_suffix_validated_by_exact_duplicates,,,low_light,cv_first_middle_last_majority,storage/vision/datasets/classification/raw_videos/차대자전거/aihub_train_00002811_bb_1_220724_bike_225_21926.mp4,True,auto_enriched_needs_human_review,,,ef760bdbd5d8a2da6134bb59506cafedc229a2bedd23ae12924fe0d7267ca67c,,,/workspace/SKN27-FINAL-3Team/storage/vision/datasets/classification/raw_videos/차대자전거/aihub_train_00002811_bb_1_220724_bike_225_21926.mp4,train,ef760bdbd5d8a2da6134bb59506cafedc229a2bedd23ae12924fe0d7267ca67c,blackbox_unspecified,filename_capture_code:bb,bicycle,dataset_coarse_label,1920
aihub_train_00002805_bb_1_220118_bike_38_029,car_vs_bicycle,car_vs_bicycle,,,10.0,car_vs_bicycle,,,,15.0,150,9988e870667e3e1e|9b83c2f2647e3c2c|ad88999872726e5e|8f8ad894f478687a|8f8a9294747c6c7a,1080,aihub_source_suffix:38_029,source_filename_suffix_validated_by_exact_duplicates,,,low_light,cv_first_middle_last_majority,storage/vision/datasets/classification/raw_videos/차대자전거/aihub_train_00002805_bb_1_220118_bike_38_029.mp4,True,auto_enriched_needs_human_review,,,d4b70823487d50a23e3a1097f32cd1de6bed3b150d31fb404fffe025ac2272f5,,,/workspace/SKN27-FINAL-3Team/storage/vision/datasets/classification/raw_videos/차대자전거/aihub_train_00002805_bb_1_220118_bike_38_029.mp4,train,d4b70823487d50a23e3a1097f32cd1de6bed3b150d31fb404fffe025ac2272f5,blackbox_unspecified,filename_capture_code:bb,bicycle,dataset_coarse_label,1920
aihub_train_00002794_bb_1_210710_bike_113_230,car_vs_bicycle,car_vs_bicycle,,,10.0,car_vs_bicycle,,,,15.0,150,bbb14b06c1f0f5c8|1b1a0fe6c1acfc70|0b87957ac78672d2|a1838f38ed6e70d2|a1e1e1b2d30a7cd6,1080,aihub_source_suffix:113_230,source_filename_suffix_validated_by_exact_duplicates,,,day,cv_first_middle_last_majority,storage/vision/datasets/classification/raw_videos/차대자전거/aihub_train_00002794_bb_1_210710_bike_113_230.mp4,True,auto_enriched_needs_human_review,,,d37401be97da450fa46ebe65dedd0060edc60bb88585a086a9c202f75e86e1c1,,,/workspace/SKN27-FINAL-3Team/storage/vision/datasets/classification/raw_videos/차대자전거/aihub_train_00002794_bb_1_210710_bike_113_230.mp4,test,d37401be97da450fa46ebe65dedd0060edc60bb88585a086a9c202f75e86e1c1,blackbox_unspecified,filename_capture_code:bb,bicycle,dataset_coarse_label,1920
aihub_train_00002720_bb_1_160708_bike_38_003,car_vs_bicycle,car_vs_bicycle,,,10.0,car_vs_bicycle,,,,15.0,150,4b4a6130bceea796|f17cd59238cdc03a|a4c2953e6adf301e|e0c29d3c7ad5243e|e0c29d3c7ad5243e,1080,aihub_source_suffix:38_003,source_filename_suffix_validated_by_exact_duplicates,,,low_light,cv_first_middle_last_majority,storage/vision/datasets/classification/raw_videos/차대자전거/aihub_train_00002720_bb_1_160708_bike_38_003.mp4,True,auto_enriched_needs_human_review,,,e0154e48d250abe53b44318aa1ecacea69b5fb8be10d49ac4dd8145406ad31e2,,,/workspace/SKN27-FINAL-3Team/storage/vision/datasets/classification/raw_videos/차대자전거/aihub_train_00002720_bb_1_160708_bike_38_003.mp4,train,e0154e48d250abe53b44318aa1ecacea69b5fb8be10d49ac4dd8145406ad31e2,blackbox_unspecified,filename_capture_code:bb,bicycle,dataset_coarse_label,1920
aihub_train_00002727_bb_1_170423_bike_192_097,car_vs_bicycle,car_vs_bicycle,,,10.0,car_vs_bicycle,,,,15.0,150,9998736e1e15707c|8d9df25203443efc|8919137e1f9e6e0a|99993276179c7f10|9999327e179c7d10,1080,aihub_source_suffix:192_097,source_filename_suffix_validated_by_exact_duplicates,,,day,cv_first_middle_last_majority,storage/vision/datasets/classification/raw_videos/차대자전거/aihub_train_00002727_bb_1_170423_bike_192_097.mp4,True,auto_enriched_needs_human_review,,,55b82800df4107b8dfffd336b2c711f6effbc54afa02172c7fba0255a7036033,,,/workspace/SKN27-FINAL-3Team/storage/vision/datasets/classification/raw_videos/차대자전거/aihub_train_00002727_bb_1_170423_bike_192_097.mp4,val,55b82800df4107b8dfffd336b2c711f6effbc54afa02172c7fba0255a7036033,blackbox_unspecified,filename_capture_code:bb,bicycle,dataset_coarse_label,1920
aihub_train_00002786_bb_1_210429_bike_130_175,car_vs_bicycle,car_vs_bicycle,,,10.0,car_vs_bicycle,,,,15.0,150,2f9f991a98e0f468|2b8f3f1a39309566|8acbc2c23d0cfd3a|cac3c2c22f88bd3e|cac3c2c22f88bd3e,720,aihub_source_suffix:130_175,source_filename_suffix_validated_by_exact_duplicates,,,day,cv_first_middle_last_majority,storage/vision/datasets/classification/raw_videos/차대자전거/aihub_train_00002786_bb_1_210429_bike_130_175.mp4,True,auto_enriched_needs_human_review,,,64df90ed47800986f83a990e8844dce48dba55f2bb8b1ec3ea176aed1433f706,,,/workspace/SKN27-FINAL-3Team/storage/vision/datasets/classification/raw_videos/차대자전거/aihub_train_00002786_bb_1_210429_bike_130_175.mp4,train,64df90ed47800986f83a990e8844dce48dba55f2bb8b1ec3ea176aed1433f706,blackbox_unspecified,filename_capture_code:bb,bicycle,dataset_coarse_label,1280
aihub_train_00002714_bb_1_151204_bike_198_031,car_vs_bicycle,car_vs_bicycle,,,10.0,car_vs_bicycle,,,,15.0,150,9983170f4fbf4560|b9b1f525a1a6078e|1918d5474bdc23ee|19183d66c7dc21f6|1918ff6443dc21f6,720,aihub_source_suffix:198_031,source_filename_suffix_validated_by_exact_duplicates,,,day,cv_first_middle_last_majority,storage/vision/datasets/classification/raw_videos/차대자전거/aihub_train_00002714_bb_1_151204_bike_198_031.mp4,True,auto_enriched_needs_human_review,,,7de107496df6abd6e7151b07f5066aeeee720cec09900ef5ae39273d2c21d51d,,,/workspace/SKN27-FINAL-3Team/storage/vision/datasets/classification/raw_videos/차대자전거/aihub_train_00002714_bb_1_151204_bike_198_031.mp4,train,7de107496df6abd6e7151b07f5066aeeee720cec09900ef5ae39273d2c21d51d,blackbox_unspecified,filename_capture_code:bb,bicycle,dataset_coarse_label,1280
aihub_train_00002760_bb_1_200103_bike_245_20596,car_vs_bicycle,car_vs_bicycle,,,10.0,car_vs_bicycle,,,,15.0,150,292978d6d6e4e456|2b28ecc4967666ec|1b28ccd6d666e4f0|2b28ccd6d666e4f0|3b28ccd6d666e0f0,1080,aihub_source_suffix:245_20596,source_filename_suffix_validated_by_exact_duplicates,,,night,cv_first_middle_last_majority,storage/vision/datasets/classification/raw_videos/차대자전거/aihub_train_00002760_bb_1_200103_bike_245_20596.mp4,True,auto_enriched_needs_human_review,,,b41da274df38ad964af15d547f1c75792cd8fdb190bd3d4dc8c1b144e22bbaf1,,,/workspace/SKN27-FINAL-3Team/storage/vision/datasets/classification/raw_videos/차대자전거/aihub_train_00002760_bb_1_200103_bike_245_20596.mp4,test,b41da274df38ad964af15d547f1c75792cd8fdb190bd3d4dc8c1b144e22bbaf1,blackbox_unspecified,filename_capture_code:bb,bicycle,dataset_coarse_label,1920
aihub_train_00002800_bb_1_210918_bike_120_206,car_vs_bicycle,car_vs_bicycle,,,10.0,car_vs_bicycle,,,,15.0,150,93b1a985e56b0be8|21213bb9e989dbe8|0353574edc71e586|0b53574e58f1e586|0b53574ed8f1e582,1080,aihub_source_suffix:120_206,source_filename_suffix_validated_by_exact_duplicates,,,day,cv_first_middle_last_majority,storage/vision/datasets/classification/raw_videos/차대자전거/aihub_train_00002800_bb_1_210918_bike_120_206.mp4,True,auto_enriched_needs_human_review,,,7a29ae24ad2d0e9964822ee763c74f1c363aaa70bdce1ba94fa49e27791b77d4,,,/workspace/SKN27-FINAL-3Team/storage/vision/datasets/classification/raw_videos/차대자전거/aihub_train_00002800_bb_1_210918_bike_120_206.mp4,train,7a29ae24ad2d0e9964822ee763c74f1c363aaa70bdce1ba94fa49e27791b77d4,blackbox_unspecified,filename_capture_code:bb,bicycle,dataset_coarse_label,1920
aihub_train_00002806_bb_1_220119_bike_119_336,car_vs_bicycle,car_vs_bicycle,,,10.0,car_vs_bicycle,,,,15.0,150,1704f89af6686ab6|030ad8f4beead616|23c0d83caeca7c3e|2320dc9ea2e65e9e|2320dc1ea2f25ede,1080,aihub_source_suffix:119_336,source_filename_suffix_validated_by_exact_duplicates,,,day,cv_first_middle_last_majority,storage/vision/datasets/classification/raw_videos/차대자전거/aihub_train_00002806_bb_1_220119_bike_119_336.mp4,True,auto_enriched_needs_human_review,,,e20234ccbdb7a3a1aa0462b46f243dd2bbb959fa6170289f492e383922ef1bec,,,/workspace/SKN27-FINAL-3Team/storage/vision/datasets/classification/raw_videos/차대자전거/aihub_train_00002806_bb_1_220119_bike_119_336.mp4,train,e20234ccbdb7a3a1aa0462b46f243dd2bbb959fa6170289f492e383922ef1bec,blackbox_unspecified,filename_capture_code:bb,bicycle,dataset_coarse_label,1920
aihub_train_00002825_bb_3_190523_bike_214_21647,car_vs_bicycle,car_vs_bicycle,,,10.0,car_vs_bicycle,,,,15.0,150,2302c4dcfc7e6ec4|2b2ac4d4de3e6ec0|292ad6d4de3e62c2|2b2ac6d4de3e62c2|2b2ac6d4de3e66c0,1080,aihub_source_suffix:214_21647,source_filename_suffix_validated_by_exact_duplicates,,,low_light,cv_first_middle_last_majority,storage/vision/datasets/classification/raw_videos/차대자전거/aihub_train_00002825_bb_3_190523_bike_214_21647.mp4,True,auto_enriched_needs_human_review,,,3af52fe538e661388d5adcd58b3e865cc9369c16fbedbc32a072382405bed2fc,,,/workspace/SKN27-FINAL-3Team/storage/vision/datasets/classification/raw_videos/차대자전거/aihub_train_00002825_bb_3_190523_bike_214_21647.mp4,train,3af52fe538e661388d5adcd58b3e865cc9369c16fbedbc32a072382405bed2fc,blackbox_unspecified,filename_capture_code:bb,bicycle,dataset_coarse_label,1920
aihub_train_00002821_bb_3_170204_bike_144_104,car_vs_bicycle,car_vs_bicycle,,,10.0,car_vs_bicycle,,,,15.0,150,b9997d07a686660e|bd9839ab76a564a0|353535356c0d7ce8|4b4b71d03e2e7c38|4f4355912e2e7e38,1080,aihub_source_suffix:144_104,source_filename_suffix_validated_by_exact_duplicates,,,day,cv_first_middle_last_majority,storage/vision/datasets/classification/raw_videos/차대자전거/aihub_train_00002821_bb_3_170204_bike_144_104.mp4,True,auto_enriched_needs_human_review,,,87e3854a2f00056e9dfb8186860464c32001a4f3762b5b8bef7a612039c5e456,,,/workspace/SKN27-FINAL-3Team/storage/vision/datasets/classification/raw_videos/차대자전거/aihub_train_00002821_bb_3_170204_bike_144_104.mp4,train,87e3854a2f00056e9dfb8186860464c32001a4f3762b5b8bef7a612039c5e456,blackbox_unspecified,filename_capture_code:bb,bicycle,dataset_coarse_label,1920
aihub_train_00002840_bb_1_120625_bike_120_184,car_vs_bicycle,car_vs_bicycle,,,10.0,car_vs_bicycle,,,,15.0,150,8181ade6f2381cfe|8181e5e6f3f01cdc|9b0965e473161cf6|9993a7e4f95981c4|9197a7e4f97901c4,1080,aihub_source_suffix:120_184,source_filename_suffix_validated_by_exact_duplicates,,,day,cv_first_middle_last_majority,storage/vision/datasets/classification/raw_videos/차대자전거/aihub_train_00002840_bb_1_120625_bike_120_184.mp4,True,auto_enriched_needs_human_review,,,2b7e3ac2721256f81a1303bbb6942365cfeb0eb6f72abf6facdc478fa722438c,,,/workspace/SKN27-FINAL-3Team/storage/vision/datasets/classification/raw_videos/차대자전거/aihub_train_00002840_bb_1_120625_bike_120_184.mp4,test,2b7e3ac2721256f81a1303bbb6942365cfeb0eb6f72abf6facdc478fa722438c,blackbox_unspecified,filename_capture_code:bb,bicycle,dataset_coarse_label,1920
aihub_train_00002804_bb_1_220112_bike_117_148,car_vs_bicycle,car_vs_bicycle,,,10.0,car_vs_bicycle,,,,15.0,150,b93855c66a78d3c2|b918d7e66a2ef480|9d9cd342d2646b6c|9d9cc362de64692c|9d9cd162da6c632c,1080,aihub_source_suffix:117_148,source_filename_suffix_validated_by_exact_duplicates,,,day,cv_first_middle_last_majority,storage/vision/datasets/classification/raw_videos/차대자전거/aihub_train_00002804_bb_1_220112_bike_117_148.mp4,True,auto_enriched_needs_human_review,,,463465b10decd7e2a26dbbbe4c7a5cdd637404e2cf4c640dda959c780dae683b,,,/workspace/SKN27-FINAL-3Team/storage/vision/datasets/classification/raw_videos/차대자전거/aihub_train_00002804_bb_1_220112_bike_117_148.mp4,train,463465b10decd7e2a26dbbbe4c7a5cdd637404e2cf4c640dda959c780dae683b,blackbox_unspecified,filename_capture_code:bb,bicycle,dataset_coarse_label,1920
aihub_train_00002791_bb_1_210625_bike_202_22073,car_vs_bicycle,car_vs_bicycle,,,10.0,car_vs_bicycle,,,,15.0,150,332cccda58dcd6c2|3128cec25adcd4f6|6b6aacd494b6d494|8b2a66c4f49cdc56|8b2a66c4f49cdc56,1080,aihub_source_suffix:202_22073,source_filename_suffix_validated_by_exact_duplicates,,,low_light,cv_first_middle_last_majority,storage/vision/datasets/classification/raw_videos/차대자전거/aihub_train_00002791_bb_1_210625_bike_202_22073.mp4,True,auto_enriched_needs_human_review,,,6485d2862f0bd33d9e45b4ed2f7f176939fd92ef0ee5b285a88a0a908a250ed7,,,/workspace/SKN27-FINAL-3Team/storage/vision/datasets/classification/raw_videos/차대자전거/aihub_train_00002791_bb_1_210625_bike_202_22073.mp4,train,6485d2862f0bd33d9e45b4ed2f7f176939fd92ef0ee5b285a88a0a908a250ed7,blackbox_unspecified,filename_capture_code:bb,bicycle,dataset_coarse_label,1920
aihub_train_00002699_bb_1_130608_bike_120_193,car_vs_bicycle,car_vs_bicycle,,,10.0,car_vs_bicycle,,,,15.0,150,32ce6d32cccd32c6|b2666d32cecd384c|32cccd333acd6662|83c25c3f27c7c81e|83c2d1bc69689e3e,1080,aihub_source_suffix:120_193,source_filename_suffix_validated_by_exact_duplicates,,,night,cv_first_middle_last_majority,storage/vision/datasets/classification/raw_videos/차대자전거/aihub_train_00002699_bb_1_130608_bike_120_193.mp4,True,auto_enriched_needs_human_review,,,50d50cbecdf8f784184ac742b735b625b586d87040a2241dc27b8d072f900ac1,,,/workspace/SKN27-FINAL-3Team/storage/vision/datasets/classification/raw_videos/차대자전거/aihub_train_00002699_bb_1_130608_bike_120_193.mp4,train,50d50cbecdf8f784184ac742b735b625b586d87040a2241dc27b8d072f900ac1,blackbox_unspecified,filename_capture_code:bb,bicycle,dataset_coarse_label,1920
aihub_train_00002711_bb_1_150906_bike_224_22472,car_vs_bicycle,car_vs_bicycle,,,10.0,car_vs_bicycle,,,,15.0,150,8584f0686e5e1e7e|81809d2e7ed4d8de|0b8a95347476766e|4b889496f4763676|0b889596f4763676,1080,aihub_source_suffix:224_22472,source_filename_suffix_validated_by_exact_duplicates,,,low_light,cv_first_middle_last_majority,storage/vision/datasets/classification/raw_videos/차대자전거/aihub_train_00002711_bb_1_150906_bike_224_22472.mp4,True,auto_enriched_needs_human_review,,,fd0a0836b0e4c0303c58ed852530ca0312ce79014fc294fd707c2b70b841e914,,,/workspace/SKN27-FINAL-3Team/storage/vision/datasets/classification/raw_videos/차대자전거/aihub_train_00002711_bb_1_150906_bike_224_22472.mp4,train,fd0a0836b0e4c0303c58ed852530ca0312ce79014fc294fd707c2b70b841e914,blackbox_unspecified,filename_capture_code:bb,bicycle,dataset_coarse_label,1920
aihub_train_00002722_bb_1_160804_bike_089_531512,car_vs_bicycle,car_vs_bicycle,,,10.0,car_vs_bicycle,,,,15.0,150,999a8ae3f716d884|0f0afb34b4e45b1a|b3bb990aed0c6534|b39b9b00ed2ce534|e39b9908ed0ce536,1080,aihub_source_suffix:089_531512,source_filename_suffix_validated_by_exact_duplicates,,,day,cv_first_middle_last_majority,storage/vision/datasets/classification/raw_videos/차대자전거/aihub_train_00002722_bb_1_160804_bike_089_531512.mp4,True,auto_enriched_needs_human_review,,,ddd3f70d271aa480f360c0553cb032eb015af23d73f9ed0ed7fd68ca1af380c2,,,/workspace/SKN27-FINAL-3Team/storage/vision/datasets/classification/raw_videos/차대자전거/aihub_train_00002722_bb_1_160804_bike_089_531512.mp4,val,ddd3f70d271aa480f360c0553cb032eb015af23d73f9ed0ed7fd68ca1af380c2,blackbox_unspecified,filename_capture_code:bb,bicycle,dataset_coarse_label,1920
aihub_train_00002748_bb_1_190612_bike_130_247,car_vs_bicycle,car_vs_bicycle,,,10.0,car_vs_bicycle,,,,15.0,150,999d8866e70a7d98|999f2d6667325318|99998dcee3307538|99999787c780f1ac|191b87e7c782d392,332,aihub_source_suffix:130_247,source_filename_suffix_validated_by_exact_duplicates,,,low_light,cv_first_middle_last_majority,storage/vision/datasets/classification/raw_videos/차대자전거/aihub_train_00002748_bb_1_190612_bike_130_247.mp4,True,auto_enriched_needs_human_review,,,31e1d37039f047f079982fa4c5ee5abbba4e693e7292fd14f755d91e3632a0b7,,,/workspace/SKN27-FINAL-3Team/storage/vision/datasets/classification/raw_videos/차대자전거/aihub_train_00002748_bb_1_190612_bike_130_247.mp4,train,31e1d37039f047f079982fa4c5ee5abbba4e693e7292fd14f755d91e3632a0b7,blackbox_unspecified,filename_capture_code:bb,bicycle,dataset_coarse_label,640
aihub_train_00002842_bb_1_121129_bike_199_051,car_vs_bicycle,car_vs_bicycle,,,10.0,car_vs_bicycle,,,,15.0,150,46d47d1e35e8d036|e0f01c0f27ead63c|2a4a6d3397ccd436|247c3d85a5aab336|247c25c585aaf736,1080,aihub_source_suffix:199_051,source_filename_suffix_validated_by_exact_duplicates,,,low_light,cv_first_middle_last_majority,storage/vision/datasets/classification/raw_videos/차대자전거/aihub_train_00002842_bb_1_121129_bike_199_051.mp4,True,auto_enriched_needs_human_review,,,bc7caece66b5d9af7c74927263c46b1044201e4f1d4bfbfdbc96cd11f2057456,,,/workspace/SKN27-FINAL-3Team/storage/vision/datasets/classification/raw_videos/차대자전거/aihub_train_00002842_bb_1_121129_bike_199_051.mp4,train,bc7caece66b5d9af7c74927263c46b1044201e4f1d4bfbfdbc96cd11f2057456,blackbox_unspecified,filename_capture_code:bb,bicycle,dataset_coarse_label,1920
aihub_train_00002732_bb_1_180407_bike_148_276,car_vs_bicycle,car_vs_bicycle,,,10.0,car_vs_bicycle,,,,15.0,150,bbbbacc54570b224|93332cedad4875a2|931276ff0dc839a4|979772f38d185862|959672658dd878e2,664,aihub_source_suffix:148_276,source_filename_suffix_validated_by_exact_duplicates,,,day,cv_first_middle_last_majority,storage/vision/datasets/classification/raw_videos/차대자전거/aihub_train_00002732_bb_1_180407_bike_148_276.mp4,True,auto_enriched_needs_human_review,,,8df87efdb039b7da45d63e2c22511f24b039b6aea2a98926a94076869a0df34c,,,/workspace/SKN27-FINAL-3Team/storage/vision/datasets/classification/raw_videos/차대자전거/aihub_train_00002732_bb_1_180407_bike_148_276.mp4,train,8df87efdb039b7da45d63e2c22511f24b039b6aea2a98926a94076869a0df34c,blackbox_unspecified,filename_capture_code:bb,bicycle,dataset_coarse_label,1128
aihub_train_00002704_bb_1_141105_bike_120_183,car_vs_bicycle,car_vs_bicycle,,,10.0,car_vs_bicycle,,,,15.0,150,19397d9604eeae52|1b3a698d9716474e|1b1a898796474fba|1b1b898796464fba|1b1b898796464fba,1080,aihub_source_suffix:120_183,source_filename_suffix_validated_by_exact_duplicates,,,day,cv_first_middle_last_majority,storage/vision/datasets/classification/raw_videos/차대자전거/aihub_train_00002704_bb_1_141105_bike_120_183.mp4,True,auto_enriched_needs_human_review,,,58565da5111015b2b043048251a79508fa1d8328c3bc287b2876ee4ba2b06a3c,,,/workspace/SKN27-FINAL-3Team/storage/vision/datasets/classification/raw_videos/차대자전거/aihub_train_00002704_bb_1_141105_bike_120_183.mp4,val,58565da5111015b2b043048251a79508fa1d8328c3bc287b2876ee4ba2b06a3c,blackbox_unspecified,filename_capture_code:bb,bicycle,dataset_coarse_label,1920
aihub_train_00002790_bb_1_210624_bike_149_195,car_vs_bicycle,car_vs_bicycle,,,10.0,car_vs_bicycle,,,,15.0,150,31314b364ecb3a76|21b505b668f33ed2|03134386ecf57af2|49932b99e4e65ad2|491be393e0e676d0,1080,aihub_source_suffix:149_195,source_filename_suffix_validated_by_exact_duplicates,,,day,cv_first_middle_last_majority,storage/vision/datasets/classification/raw_videos/차대자전거/aihub_train_00002790_bb_1_210624_bike_149_195.mp4,True,auto_enriched_needs_human_review,,,309034a93edc6b311d0d524c6c028c3f5f17104b5c96c4980b512db1baeb7f25,,,/workspace/SKN27-FINAL-3Team/storage/vision/datasets/classification/raw_videos/차대자전거/aihub_train_00002790_bb_1_210624_bike_149_195.mp4,train,309034a93edc6b311d0d524c6c028c3f5f17104b5c96c4980b512db1baeb7f25,blackbox_unspecified,filename_capture_code:bb,bicycle,dataset_coarse_label,1920
aihub_train_00002772_bb_1_200921_bike_216_22549,car_vs_bicycle,car_vs_bicycle,,,10.0,car_vs_bicycle,,,,15.0,150,4a3c95c23bcfe438|0a6d9dc61ae79668|c2382fe23c1ff4b0|d02e0fe0be1f41f8|d02e0fe0be1f41f8,926,aihub_source_suffix:216_22549,source_filename_suffix_validated_by_exact_duplicates,,,night,cv_first_middle_last_majority,storage/vision/datasets/classification/raw_videos/차대자전거/aihub_train_00002772_bb_1_200921_bike_216_22549.mp4,True,auto_enriched_needs_human_review,,,d421207189a32afd66a60fa02f294f37dabfad102e2ad3fea055883caea4b522,,,/workspace/SKN27-FINAL-3Team/storage/vision/datasets/classification/raw_videos/차대자전거/aihub_train_00002772_bb_1_200921_bike_216_22549.mp4,val,d421207189a32afd66a60fa02f294f37dabfad102e2ad3fea055883caea4b522,blackbox_unspecified,filename_capture_code:bb,bicycle,dataset_coarse_label,1920
aihub_train_00002752_bb_1_190713_bike_246_21667,car_vs_bicycle,car_vs_bicycle,,,10.0,car_vs_bicycle,,,,15.0,150,38ce5738cc57b18c|32c47db0c27f8db0|98e6679990679d98|906e67905c6fe398|906c6f92786f8798,1080,aihub_source_suffix:246_21667,source_filename_suffix_validated_by_exact_duplicates,,,night,cv_first_middle_last_majority,storage/vision/datasets/classification/raw_videos/차대자전거/aihub_train_00002752_bb_1_190713_bike_246_21667.mp4,True,auto_enriched_needs_human_review,,,a6485f3e3862b9238f45b0276477057e648c8d42ac22b4fe815d068ac3b38dba,,,/workspace/SKN27-FINAL-3Team/storage/vision/datasets/classification/raw_videos/차대자전거/aihub_train_00002752_bb_1_190713_bike_246_21667.mp4,val,a6485f3e3862b9238f45b0276477057e648c8d42ac22b4fe815d068ac3b38dba,blackbox_unspecified,filename_capture_code:bb,bicycle,dataset_coarse_label,1920
aihub_train_00002787_bb_1_210503_bike_130_184,car_vs_bicycle,car_vs_bicycle,,,10.0,car_vs_bicycle,,,,15.0,150,129fc6e74b00fb4a|9099a6b763b158e6|b2b18ce4e39ef04c|424b20e63ff3de24|889f2c7e1de0f648,720,aihub_source_suffix:130_184,source_filename_suffix_validated_by_exact_duplicates,,,day,cv_first_middle_last_majority,storage/vision/datasets/classification/raw_videos/차대자전거/aihub_train_00002787_bb_1_210503_bike_130_184.mp4,True,auto_enriched_needs_human_review,,,edae0c3ae2a78baed1d6370748ff7e91b952709693436f86481b97bfe679f06a,,,/workspace/SKN27-FINAL-3Team/storage/vision/datasets/classification/raw_videos/차대자전거/aihub_train_00002787_bb_1_210503_bike_130_184.mp4,train,edae0c3ae2a78baed1d6370748ff7e91b952709693436f86481b97bfe679f06a,blackbox_unspecified,filename_capture_code:bb,bicycle,dataset_coarse_label,1280
aihub_train_00002814_bb_3_140525_bike_38_007,car_vs_bicycle,car_vs_bicycle,,,10.0,car_vs_bicycle,,,,15.0,150,999382e2787d94f4|8393a2eb9c6574f0|8393a2eb9e6534f0|8f93a0af9c6534f0|8393a3eb9e657430,1080,aihub_source_suffix:38_007,source_filename_suffix_validated_by_exact_duplicates,,,day,cv_first_middle_last_majority,storage/vision/datasets/classification/raw_videos/차대자전거/aihub_train_00002814_bb_3_140525_bike_38_007.mp4,True,auto_enriched_needs_human_review,,,523b4b5e6e081a149b7dc965d71011e5f29d7efb7710a1d60da3d313bf728013,,,/workspace/SKN27-FINAL-3Team/storage/vision/datasets/classification/raw_videos/차대자전거/aihub_train_00002814_bb_3_140525_bike_38_007.mp4,val,523b4b5e6e081a149b7dc965d71011e5f29d7efb7710a1d60da3d313bf728013,blackbox_unspecified,filename_capture_code:bb,bicycle,dataset_coarse_label,1920
aihub_train_00002742_bb_1_190402_bike_192_105,car_vs_bicycle,car_vs_bicycle,,,10.0,car_vs_bicycle,,,,15.0,150,3ec2413eca50bdce|14ee6ba8740eabf0|986667bcd2679922|906e67b01b66e31e|906a6fb07b6e8b18,1080,aihub_source_suffix:192_105,source_filename_suffix_validated_by_exact_duplicates,,,night,cv_first_middle_last_majority,storage/vision/datasets/classification/raw_videos/차대자전거/aihub_train_00002742_bb_1_190402_bike_192_105.mp4,True,auto_enriched_needs_human_review,,,5eee71eeac281814bf0bc523425986f3c45f1ec5866d784bc4c7a7e2b7689d87,,,/workspace/SKN27-FINAL-3Team/storage/vision/datasets/classification/raw_videos/차대자전거/aihub_train_00002742_bb_1_190402_bike_192_105.mp4,val,5eee71eeac281814bf0bc523425986f3c45f1ec5866d784bc4c7a7e2b7689d87,blackbox_unspecified,filename_capture_code:bb,bicycle,dataset_coarse_label,1920
aihub_train_00002725_bb_1_170306_bike_120_196,car_vs_bicycle,car_vs_bicycle,,,10.0,car_vs_bicycle,,,,15.0,150,8b9b4b4ed53ac194|898bc2c64f1ed7a4|8983c2787d8ec796|83827a7c4f0ed51e|83827a7c4b0ed71e,1080,aihub_source_suffix:120_196,source_filename_suffix_validated_by_exact_duplicates,,,day,cv_first_middle_last_majority,storage/vision/datasets/classification/raw_videos/차대자전거/aihub_train_00002725_bb_1_170306_bike_120_196.mp4,True,auto_enriched_needs_human_review,,,64ef537659c9293656d6257fbda83a2763ad61b45326ab4daa7a3e3cba8b2770,,,/workspace/SKN27-FINAL-3Team/storage/vision/datasets/classification/raw_videos/차대자전거/aihub_train_00002725_bb_1_170306_bike_120_196.mp4,train,64ef537659c9293656d6257fbda83a2763ad61b45326ab4daa7a3e3cba8b2770,blackbox_unspecified,filename_capture_code:bb,bicycle,dataset_coarse_label,1920
aihub_train_00002753_bb_1_190727_bike_259_20146,car_vs_bicycle,car_vs_bicycle,,,10.0,car_vs_bicycle,,,,15.0,150,31392ccecec2daca|399990e6ce5a72d8|919180cc66767e7e|99999fe6e6666060|393996c6c6c6d2d2,1080,aihub_source_suffix:259_20146,source_filename_suffix_validated_by_exact_duplicates,,,night,cv_first_middle_last_majority,storage/vision/datasets/classification/raw_videos/차대자전거/aihub_train_00002753_bb_1_190727_bike_259_20146.mp4,True,auto_enriched_needs_human_review,,,ba6f90fe9e453c7f293a3ddf277c3f84c173ab886813b767ec6c419e1064553f,,,/workspace/SKN27-FINAL-3Team/storage/vision/datasets/classification/raw_videos/차대자전거/aihub_train_00002753_bb_1_190727_bike_259_20146.mp4,test,ba6f90fe9e453c7f293a3ddf277c3f84c173ab886813b767ec6c419e1064553f,blackbox_unspecified,filename_capture_code:bb,bicycle,dataset_coarse_label,1920
aihub_train_00002749_bb_1_190623_bike_200_176,car_vs_bicycle,car_vs_bicycle,,,10.0,car_vs_bicycle,,,,15.0,150,8bafbc59e2c61ca0|2325881be7d23f8e|23a98999ecb4df42|32dbcd3467925b48|2365c492e5ad3ace,1080,aihub_source_suffix:200_176,source_filename_suffix_validated_by_exact_duplicates,,,day,cv_first_middle_last_majority,storage/vision/datasets/classification/raw_videos/차대자전거/aihub_train_00002749_bb_1_190623_bike_200_176.mp4,True,auto_enriched_needs_human_review,,,55abb831e66bc734c805212de34e5668781bcf287d86e869833594b5800dea81,,,/workspace/SKN27-FINAL-3Team/storage/vision/datasets/classification/raw_videos/차대자전거/aihub_train_00002749_bb_1_190623_bike_200_176.mp4,train,55abb831e66bc734c805212de34e5668781bcf287d86e869833594b5800dea81,blackbox_unspecified,filename_capture_code:bb,bicycle,dataset_coarse_label,1920
aihub_train_00002712_bb_1_150930_bike_120_189,car_vs_bicycle,car_vs_bicycle,,,10.0,car_vs_bicycle,,,,15.0,150,9ddd191d2a2e6386|8f9f91918c6c7a16|8bcf687185ab6a34|8bef69f1b1896230|8bcf69f181a9e834,1080,aihub_source_suffix:120_189,source_filename_suffix_validated_by_exact_duplicates,,,day,cv_first_middle_last_majority,storage/vision/datasets/classification/raw_videos/차대자전거/aihub_train_00002712_bb_1_150930_bike_120_189.mp4,True,auto_enriched_needs_human_review,,,9ea5cbad03bf133e297f5e85e6b3685aa20a2a01ad2d60fc4f8051a1830dcbfb,,,/workspace/SKN27-FINAL-3Team/storage/vision/datasets/classification/raw_videos/차대자전거/aihub_train_00002712_bb_1_150930_bike_120_189.mp4,train,9ea5cbad03bf133e297f5e85e6b3685aa20a2a01ad2d60fc4f8051a1830dcbfb,blackbox_unspecified,filename_capture_code:bb,bicycle,dataset_coarse_label,1920
aihub_train_00002758_bb_1_191008_bike_145_166,car_vs_bicycle,car_vs_bicycle,,,10.0,car_vs_bicycle,,,,15.0,150,aba7ac1863c61fb0|23259c18e7a47f8e|23218999efa49f2e|276bcd18d7b43990|2365c490efb43b4e,1080,aihub_source_suffix:145_166,source_filename_suffix_validated_by_exact_duplicates,,,day,cv_first_middle_last_majority,storage/vision/datasets/classification/raw_videos/차대자전거/aihub_train_00002758_bb_1_191008_bike_145_166.mp4,True,auto_enriched_needs_human_review,,,e17d331c2c597c962c70f683257fc8bfee408178a0148585f771559f28590e6e,,,/workspace/SKN27-FINAL-3Team/storage/vision/datasets/classification/raw_videos/차대자전거/aihub_train_00002758_bb_1_191008_bike_145_166.mp4,train,e17d331c2c597c962c70f683257fc8bfee408178a0148585f771559f28590e6e,blackbox_unspecified,filename_capture_code:bb,bicycle,dataset_coarse_label,1920
aihub_train_00002708_bb_1_150520_bike_218_20830,car_vs_bicycle,car_vs_bicycle,,,10.0,car_vs_bicycle,,,,15.0,150,89987b36e666e684|8d9cd2326c66736a|89cc647097967a76|8bece012d7947e32|8bec6092d7947876,1080,aihub_source_suffix:218_20830,source_filename_suffix_validated_by_exact_duplicates,,,low_light,cv_first_middle_last_majority,storage/vision/datasets/classification/raw_videos/차대자전거/aihub_train_00002708_bb_1_150520_bike_218_20830.mp4,True,auto_enriched_needs_human_review,,,955135e82cd61ff8d64b0ddc9d338617e85d8eaaa61a9ec975ed2174c07b0312,,,/workspace/SKN27-FINAL-3Team/storage/vision/datasets/classification/raw_videos/차대자전거/aihub_train_00002708_bb_1_150520_bike_218_20830.mp4,test,955135e82cd61ff8d64b0ddc9d338617e85d8eaaa61a9ec975ed2174c07b0312,blackbox_unspecified,filename_capture_code:bb,bicycle,dataset_coarse_label,1920
aihub_train_00002709_bb_1_150703_bike_200_109,car_vs_bicycle,car_vs_bicycle,,,10.0,car_vs_bicycle,,,,15.0,150,20de659a76d93386|36ce65326ccd3670|82c67d3866db386c|34d6713843959ece|24d6717a47950ece,1080,aihub_source_suffix:200_109,source_filename_suffix_validated_by_exact_duplicates,,,night,cv_first_middle_last_majority,storage/vision/datasets/classification/raw_videos/차대자전거/aihub_train_00002709_bb_1_150703_bike_200_109.mp4,True,auto_enriched_needs_human_review,,,bda9b60ad53b8cf3615330851cf7eba66d97f8d665558107527c7f8d5830d05a,,,/workspace/SKN27-FINAL-3Team/storage/vision/datasets/classification/raw_videos/차대자전거/aihub_train_00002709_bb_1_150703_bike_200_109.mp4,val,bda9b60ad53b8cf3615330851cf7eba66d97f8d665558107527c7f8d5830d05a,blackbox_unspecified,filename_capture_code:bb,bicycle,dataset_coarse_label,1920
aihub_train_00002756_bb_1_191001_bike_200_175,car_vs_bicycle,car_vs_bicycle,,,10.0,car_vs_bicycle,,,,15.0,150,998cc586673a79b8|9b87c70663b87938|998d8726e1f07d38|998d81a2e3a67d3c|998d81a2e3a67d3c,1080,aihub_source_suffix:200_175,source_filename_suffix_validated_by_exact_duplicates,,,day,cv_first_middle_last_majority,storage/vision/datasets/classification/raw_videos/차대자전거/aihub_train_00002756_bb_1_191001_bike_200_175.mp4,True,auto_enriched_needs_human_review,,,1da0a97f3d182dbe485c37fe06f820b147516ceb38e7d9725e7a5feae002d155,,,/workspace/SKN27-FINAL-3Team/storage/vision/datasets/classification/raw_videos/차대자전거/aihub_train_00002756_bb_1_191001_bike_200_175.mp4,train,1da0a97f3d182dbe485c37fe06f820b147516ceb38e7d9725e7a5feae002d155,blackbox_unspecified,filename_capture_code:bb,bicycle,dataset_coarse_label,1920
aihub_train_00002824_bb_3_181202_bike_213_22092,car_vs_bicycle,car_vs_bicycle,,,10.0,car_vs_bicycle,,,,15.0,150,899a86e4707c7ce6|8b9ab2e47c6474b4|8b9ab2e47c6474b4|8b9aa2e47c6474bc|8b9ab2e47c747434,1080,aihub_source_suffix:213_22092,source_filename_suffix_validated_by_exact_duplicates,,,low_light,cv_first_middle_last_majority,storage/vision/datasets/classification/raw_videos/차대자전거/aihub_train_00002824_bb_3_181202_bike_213_22092.mp4,True,auto_enriched_needs_human_review,,,32e67b15e1e4725b519edaa1af94ceea5aba348b677c837412d472471741b681,,,/workspace/SKN27-FINAL-3Team/storage/vision/datasets/classification/raw_videos/차대자전거/aihub_train_00002824_bb_3_181202_bike_213_22092.mp4,train,32e67b15e1e4725b519edaa1af94ceea5aba348b677c837412d472471741b681,blackbox_unspecified,filename_capture_code:bb,bicycle,dataset_coarse_label,1920
aihub_train_00002827_bb_3_210816_bike_144_105,car_vs_bicycle,car_vs_bicycle,,,10.0,car_vs_bicycle,,,,15.0,150,1323774c68a3be74|1323674c6cabbd2c|1333774c68abad2c|1331774e68abac3c|1331774e68abac3c,1080,aihub_source_suffix:144_105,source_filename_suffix_validated_by_exact_duplicates,,,day,cv_first_middle_last_majority,storage/vision/datasets/classification/raw_videos/차대자전거/aihub_train_00002827_bb_3_210816_bike_144_105.mp4,True,auto_enriched_needs_human_review,,,f7a0d1866d85ea883e4afa6c117d117b7fd7bff6f0d77d3eb1bef5f79a47fd85,,,/workspace/SKN27-FINAL-3Team/storage/vision/datasets/classification/raw_videos/차대자전거/aihub_train_00002827_bb_3_210816_bike_144_105.mp4,test,f7a0d1866d85ea883e4afa6c117d117b7fd7bff6f0d77d3eb1bef5f79a47fd85,blackbox_unspecified,filename_capture_code:bb,bicycle,dataset_coarse_label,1920
aihub_train_00002803_bb_1_211205_bike_120_207,car_vs_bicycle,car_vs_bicycle,,,10.0,car_vs_bicycle,,,,15.0,150,1313a2e654df9674|bdafe2e24b9b1240|0f1f22e0ed97d342|07073efce40f92f0|c1013ebe37e39a58,1080,aihub_source_suffix:120_207,source_filename_suffix_validated_by_exact_duplicates,,,day,cv_first_middle_last_majority,storage/vision/datasets/classification/raw_videos/차대자전거/aihub_train_00002803_bb_1_211205_bike_120_207.mp4,True,auto_enriched_needs_human_review,,,4c46ca1866cc8ba5c2bce652406fbfd809aa2a770a6fe9ec0dfbbb9625a90043,,,/workspace/SKN27-FINAL-3Team/storage/vision/datasets/classification/raw_videos/차대자전거/aihub_train_00002803_bb_1_211205_bike_120_207.mp4,train,4c46ca1866cc8ba5c2bce652406fbfd809aa2a770a6fe9ec0dfbbb9625a90043,blackbox_unspecified,filename_capture_code:bb,bicycle,dataset_coarse_label,1920
aihub_train_00002692_bb_1_100227_bike_117_117,car_vs_bicycle,car_vs_bicycle,,,10.0,car_vs_bicycle,,,,15.0,150,052adaed272ad4ae|032adaed052afcec|032a30dedd6336ba|032c7cda532f969a|032c7cda532f969a,1080,aihub_source_suffix:117_117,source_filename_suffix_validated_by_exact_duplicates,,,day,cv_first_middle_last_majority,storage/vision/datasets/classification/raw_videos/차대자전거/aihub_train_00002692_bb_1_100227_bike_117_117.mp4,True,auto_enriched_needs_human_review,,,c0e7a0965bf440f489be4bdc35e6650bcc018ccf3b3f94b41d4eae84376c4a48,,,/workspace/SKN27-FINAL-3Team/storage/vision/datasets/classification/raw_videos/차대자전거/aihub_train_00002692_bb_1_100227_bike_117_117.mp4,test,c0e7a0965bf440f489be4bdc35e6650bcc018ccf3b3f94b41d4eae84376c4a48,blackbox_unspecified,filename_capture_code:bb,bicycle,dataset_coarse_label,1920
aihub_train_00002738_bb_1_190118_bike_204_22475,car_vs_bicycle,car_vs_bicycle,,,10.0,car_vs_bicycle,,,,15.0,150,8392956a6e4eece4|b398db26664c68f2|2b86d736d8d868d8|8b82792ee4dcd8d4|8b82792cc6dcd8dc,1080,aihub_source_suffix:204_22475,source_filename_suffix_validated_by_exact_duplicates,,,low_light,cv_first_middle_last_majority,storage/vision/datasets/classification/raw_videos/차대자전거/aihub_train_00002738_bb_1_190118_bike_204_22475.mp4,True,auto_enriched_needs_human_review,,,f3986d7662d1f18988c87a1af2ba01cfaf985be42d8f42b13506a45d2a4d2868,,,/workspace/SKN27-FINAL-3Team/storage/vision/datasets/classification/raw_videos/차대자전거/aihub_train_00002738_bb_1_190118_bike_204_22475.mp4,train,f3986d7662d1f18988c87a1af2ba01cfaf985be42d8f42b13506a45d2a4d2868,blackbox_unspecified,filename_capture_code:bb,bicycle,dataset_coarse_label,1920
aihub_train_00002751_bb_1_190708_bike_192_098,car_vs_bicycle,car_vs_bicycle,,,10.0,car_vs_bicycle,,,,15.0,150,1366ecb993c6cd18|876278d98eb6b906|455898aef326693e|13927c2ce666edb0|13927cac0e67ed98,1080,aihub_source_suffix:192_098,source_filename_suffix_validated_by_exact_duplicates,,,night,cv_first_middle_last_majority,storage/vision/datasets/classification/raw_videos/차대자전거/aihub_train_00002751_bb_1_190708_bike_192_098.mp4,True,auto_enriched_needs_human_review,,,a971752daf4e3539a2788a1c85d4c574da7b24b1a4befa8fe7ae2655897b2a70,,,/workspace/SKN27-FINAL-3Team/storage/vision/datasets/classification/raw_videos/차대자전거/aihub_train_00002751_bb_1_190708_bike_192_098.mp4,val,a971752daf4e3539a2788a1c85d4c574da7b24b1a4befa8fe7ae2655897b2a70,blackbox_unspecified,filename_capture_code:bb,bicycle,dataset_coarse_label,1920
aihub_train_00002838_cc_3_220114_bike_114_132,car_vs_bicycle,car_vs_bicycle,,,10.0,car_vs_bicycle,,,,15.0,150,819475decfd14b06|c1b473cec7d04b0e|81d471de6fd90b06|819675cecfd04b0e|919475cecbd14b0e,1080,aihub_source_suffix:114_132,source_filename_suffix_validated_by_exact_duplicates,,,day,cv_first_middle_last_majority,storage/vision/datasets/classification/raw_videos/차대자전거/aihub_train_00002838_cc_3_220114_bike_114_132.mp4,True,auto_enriched_needs_human_review,,,b9a7869483ea6d9120566415114efa6301daa7ea6c6c33954344fb8563a3b24b,,,/workspace/SKN27-FINAL-3Team/storage/vision/datasets/classification/raw_videos/차대자전거/aihub_train_00002838_cc_3_220114_bike_114_132.mp4,train,b9a7869483ea6d9120566415114efa6301daa7ea6c6c33954344fb8563a3b24b,cctv_fixed,filename_capture_code:cc,bicycle,dataset_coarse_label,1920
aihub_train_00002741_bb_1_190329_bike_232_20660,car_vs_bicycle,car_vs_bicycle,,,10.0,car_vs_bicycle,,,,15.0,150,81a23f8ecc4c7c7c|b13363a04ccece5e|0b092b6af4b4f4f4|2b6b2d34d4965ad8|2b6b2d34d4965ad8,1080,aihub_source_suffix:232_20660,source_filename_suffix_validated_by_exact_duplicates,,,night,cv_first_middle_last_majority,storage/vision/datasets/classification/raw_videos/차대자전거/aihub_train_00002741_bb_1_190329_bike_232_20660.mp4,True,auto_enriched_needs_human_review,,,787764b109e54bb6791f574ddfad14871ae77de6e4994dc7b65170bc12c9b59c,,,/workspace/SKN27-FINAL-3Team/storage/vision/datasets/classification/raw_videos/차대자전거/aihub_train_00002741_bb_1_190329_bike_232_20660.mp4,train,787764b109e54bb6791f574ddfad14871ae77de6e4994dc7b65170bc12c9b59c,blackbox_unspecified,filename_capture_code:bb,bicycle,dataset_coarse_label,1920
aihub_train_00002710_bb_1_150709_bike_207_22191,car_vs_bicycle,car_vs_bicycle,,,10.0,car_vs_bicycle,,,,15.0,150,996c65991ac6e738|8fe2681db6664c9c|0b6ad494734b1e7c|939aece527627838|9b9aece567623038,1080,aihub_source_suffix:207_22191,source_filename_suffix_validated_by_exact_duplicates,,,night,cv_first_middle_last_majority,storage/vision/datasets/classification/raw_videos/차대자전거/aihub_train_00002710_bb_1_150709_bike_207_22191.mp4,True,auto_enriched_needs_human_review,,,09d4db2214c94a378d67b8cce988c49b9d766d20ef79e5bcf0fa0888fd3ba5ce,,,/workspace/SKN27-FINAL-3Team/storage/vision/datasets/classification/raw_videos/차대자전거/aihub_train_00002710_bb_1_150709_bike_207_22191.mp4,train,09d4db2214c94a378d67b8cce988c49b9d766d20ef79e5bcf0fa0888fd3ba5ce,blackbox_unspecified,filename_capture_code:bb,bicycle,dataset_coarse_label,1920
aihub_train_00002819_bb_3_161014_bike_112_273,car_vs_bicycle,car_vs_bicycle,,,10.0,car_vs_bicycle,,,,15.0,150,2381a4e1e77e7c98|39abafc4e422455e|2585a3ca686c779e|1597a5cc747a2d54|35a1a1c8eaca7f1a,1080,aihub_source_suffix:112_273,source_filename_suffix_validated_by_exact_duplicates,,,low_light,cv_first_middle_last_majority,storage/vision/datasets/classification/raw_videos/차대자전거/aihub_train_00002819_bb_3_161014_bike_112_273.mp4,True,auto_enriched_needs_human_review,,,e2049452f20b92536fb56b5e8b1df2deca0c548aa70e142549294ff8849e8ea0,,,/workspace/SKN27-FINAL-3Team/storage/vision/datasets/classification/raw_videos/차대자전거/aihub_train_00002819_bb_3_161014_bike_112_273.mp4,train,e2049452f20b92536fb56b5e8b1df2deca0c548aa70e142549294ff8849e8ea0,blackbox_unspecified,filename_capture_code:bb,bicycle,dataset_coarse_label,1920
aihub_train_00002797_bb_1_210901_bike_198_094,car_vs_bicycle,car_vs_bicycle,,,10.0,car_vs_bicycle,,,,15.0,150,3328ce5a7b9cd522|3b28ccd25b4cdf22|554b8a42b53e9eaa|997b77e6708c2e02|997b77e6708c2e02,1080,aihub_source_suffix:198_094,source_filename_suffix_validated_by_exact_duplicates,,,day,cv_first_middle_last_majority,storage/vision/datasets/classification/raw_videos/차대자전거/aihub_train_00002797_bb_1_210901_bike_198_094.mp4,True,auto_enriched_needs_human_review,,,d037174728accbcdeaa2996b7e40b0c1fd471d17f2e08cd57b19b698beb69119,,,/workspace/SKN27-FINAL-3Team/storage/vision/datasets/classification/raw_videos/차대자전거/aihub_train_00002797_bb_1_210901_bike_198_094.mp4,train,d037174728accbcdeaa2996b7e40b0c1fd471d17f2e08cd57b19b698beb69119,blackbox_unspecified,filename_capture_code:bb,bicycle,dataset_coarse_label,1920
aihub_train_00002706_bb_1_141118_bike_20_009,car_vs_bicycle,car_vs_bicycle,,,10.0,car_vs_bicycle,,,,15.0,150,d3d3c2442ab9bc8e|9993974c51196cf6|d99bb744e6a1690a|d9b9a7c2a0a9ea1a|d9bb87c4a0a9ea1a,1080,aihub_source_suffix:20_009,source_filename_suffix_validated_by_exact_duplicates,,,day,cv_first_middle_last_majority,storage/vision/datasets/classification/raw_videos/차대자전거/aihub_train_00002706_bb_1_141118_bike_20_009.mp4,True,auto_enriched_needs_human_review,,,35986ac8680fd0b6b3f25ceb28820002466f9c341e0793db30e460540ff90f9b,,,/workspace/SKN27-FINAL-3Team/storage/vision/datasets/classification/raw_videos/차대자전거/aihub_train_00002706_bb_1_141118_bike_20_009.mp4,test,35986ac8680fd0b6b3f25ceb28820002466f9c341e0793db30e460540ff90f9b,blackbox_unspecified,filename_capture_code:bb,bicycle,dataset_coarse_label,1920
aihub_train_00002761_bb_1_200226_bike_230_21572,car_vs_bicycle,car_vs_bicycle,,,10.0,car_vs_bicycle,,,,15.0,150,3332cccc94d4ccde|2b22d6dc9cd6d4c4|3b3accc4d6c2ccd4|2b28c4c6d676745e|2b28c4c6d6747c5e,1080,aihub_source_suffix:230_21572,source_filename_suffix_validated_by_exact_duplicates,,,night,cv_first_middle_last_majority,storage/vision/datasets/classification/raw_videos/차대자전거/aihub_train_00002761_bb_1_200226_bike_230_21572.mp4,True,auto_enriched_needs_human_review,,,81044574e589735ac067b5b56749edfdb86a0f60d1a06b2c1adfaaf866480670,,,/workspace/SKN27-FINAL-3Team/storage/vision/datasets/classification/raw_videos/차대자전거/aihub_train_00002761_bb_1_200226_bike_230_21572.mp4,test,81044574e589735ac067b5b56749edfdb86a0f60d1a06b2c1adfaaf866480670,blackbox_unspecified,filename_capture_code:bb,bicycle,dataset_coarse_label,1920
aihub_train_00002828_bb_3_220124_bike_116_248,car_vs_bicycle,car_vs_bicycle,,,10.0,car_vs_bicycle,,,,15.0,150,81a0567e7cc9c39e|898876767ed8d186|a1a05e3e78e1ab8e|232acc9c72e7ad8c|81a07e7ed6d79128,1080,aihub_source_suffix:116_248,source_filename_suffix_validated_by_exact_duplicates,,,low_light,cv_first_middle_last_majority,storage/vision/datasets/classification/raw_videos/차대자전거/aihub_train_00002828_bb_3_220124_bike_116_248.mp4,True,auto_enriched_needs_human_review,,,412ff6035d062c07c2e97d8ce6fc624729638507246e16bd636e9c607ec9b02b,,,/workspace/SKN27-FINAL-3Team/storage/vision/datasets/classification/raw_videos/차대자전거/aihub_train_00002828_bb_3_220124_bike_116_248.mp4,train,412ff6035d062c07c2e97d8ce6fc624729638507246e16bd636e9c607ec9b02b,blackbox_unspecified,filename_capture_code:bb,bicycle,dataset_coarse_label,1920
aihub_train_00002765_bb_1_200607_bike_130_274,car_vs_bicycle,car_vs_bicycle,,,10.0,car_vs_bicycle,,,,15.0,150,9997276869a8cf62|9b93a6ec6134391e|91b7a7c44139b89e|87b7b1f868f50e02|83a7b9ec384ee328,720,aihub_source_suffix:130_274,source_filename_suffix_validated_by_exact_duplicates,,,day,cv_first_middle_last_majority,storage/vision/datasets/classification/raw_videos/차대자전거/aihub_train_00002765_bb_1_200607_bike_130_274.mp4,True,auto_enriched_needs_human_review,,,4210991eba4012d6eb1bd3252eb5ea56baa73178a9721ed15b2f7dde32256c73,,,/workspace/SKN27-FINAL-3Team/storage/vision/datasets/classification/raw_videos/차대자전거/aihub_train_00002765_bb_1_200607_bike_130_274.mp4,train,4210991eba4012d6eb1bd3252eb5ea56baa73178a9721ed15b2f7dde32256c73,blackbox_unspecified,filename_capture_code:bb,bicycle,dataset_coarse_label,1280
aihub_train_00002716_bb_1_160427_bike_198_029,car_vs_bicycle,car_vs_bicycle,,,10.0,car_vs_bicycle,,,,15.0,150,b9bd3724cc58a8d2|99f991807122d7f6|b3bb91a0419877ec|b3bb919041d875ec|b3bb919041d875ec,720,aihub_source_suffix:198_029,source_filename_suffix_validated_by_exact_duplicates,,,day,cv_first_middle_last_majority,storage/vision/datasets/classification/raw_videos/차대자전거/aihub_train_00002716_bb_1_160427_bike_198_029.mp4,True,auto_enriched_needs_human_review,,,93d55ee296deb6f71dfe6514bc858f2c4e2104c7c2ee43dc8d836230aae8a5ef,,,/workspace/SKN27-FINAL-3Team/storage/vision/datasets/classification/raw_videos/차대자전거/aihub_train_00002716_bb_1_160427_bike_198_029.mp4,train,93d55ee296deb6f71dfe6514bc858f2c4e2104c7c2ee43dc8d836230aae8a5ef,blackbox_unspecified,filename_capture_code:bb,bicycle,dataset_coarse_label,1280
aihub_train_00002707_bb_1_150415_bike_130_241,car_vs_bicycle,car_vs_bicycle,,,10.0,car_vs_bicycle,,,,15.0,150,236e69b916c6dc38|8762584db7b3470e|63488aacf1a26dbe|1392cc8dc747f9b0|9392ee8c4767b0b8,720,aihub_source_suffix:130_241,source_filename_suffix_validated_by_exact_duplicates,,,night,cv_first_middle_last_majority,storage/vision/datasets/classification/raw_videos/차대자전거/aihub_train_00002707_bb_1_150415_bike_130_241.mp4,True,auto_enriched_needs_human_review,,,0ddf0e21ec404fcd8d6c7a80bdb4fbccdbcf0792dcbd21741a6529a8a884fc18,,,/workspace/SKN27-FINAL-3Team/storage/vision/datasets/classification/raw_videos/차대자전거/aihub_train_00002707_bb_1_150415_bike_130_241.mp4,train,0ddf0e21ec404fcd8d6c7a80bdb4fbccdbcf0792dcbd21741a6529a8a884fc18,blackbox_unspecified,filename_capture_code:bb,bicycle,dataset_coarse_label,1280
aihub_train_00002843_bb_1_130401_bike_118_002,car_vs_bicycle,car_vs_bicycle,,,10.0,car_vs_bicycle,,,,15.0,150,2b0b0ec6f13969e6|29291a6a6f3e9a78|89a127e6c30adb3e|898964e1f39ac72e|89a964e1d39ac72e,1080,aihub_source_suffix:118_002,source_filename_suffix_validated_by_exact_duplicates,,,low_light,cv_first_middle_last_majority,storage/vision/datasets/classification/raw_videos/차대자전거/aihub_train_00002843_bb_1_130401_bike_118_002.mp4,True,auto_enriched_needs_human_review,,,80d308e71860476e2ba1a29cb505cfe13a1fde127937c5af6667af25d34958c1,,,/workspace/SKN27-FINAL-3Team/storage/vision/datasets/classification/raw_videos/차대자전거/aihub_train_00002843_bb_1_130401_bike_118_002.mp4,train,80d308e71860476e2ba1a29cb505cfe13a1fde127937c5af6667af25d34958c1,blackbox_unspecified,filename_capture_code:bb,bicycle,dataset_coarse_label,1920
aihub_train_00002705_bb_1_141107_bike_215_20260,car_vs_bicycle,car_vs_bicycle,,,10.0,car_vs_bicycle,,,,15.0,150,3392cccce7339398|3130dece6f27b190|3132dece4f27b190|3130dece4f27b198|3132dece4f27b190,1080,aihub_source_suffix:215_20260,source_filename_suffix_validated_by_exact_duplicates,,,night,cv_first_middle_last_majority,storage/vision/datasets/classification/raw_videos/차대자전거/aihub_train_00002705_bb_1_141107_bike_215_20260.mp4,True,auto_enriched_needs_human_review,,,cc43e22dc5629248d25c117104dc6b562c4b0f96c0bd5028475c36d0f262c81d,,,/workspace/SKN27-FINAL-3Team/storage/vision/datasets/classification/raw_videos/차대자전거/aihub_train_00002705_bb_1_141107_bike_215_20260.mp4,train,cc43e22dc5629248d25c117104dc6b562c4b0f96c0bd5028475c36d0f262c81d,blackbox_unspecified,filename_capture_code:bb,bicycle,dataset_coarse_label,1920
aihub_train_00002801_bb_1_211018_bike_204_20944,car_vs_bicycle,car_vs_bicycle,,,10.0,car_vs_bicycle,,,,15.0,150,8f2662c6787873d8|83b078e07a4e7dcc|873675c0787c707c|81c26e78733c7c3a|81e0625e773c6f38,1080,aihub_source_suffix:204_20944,source_filename_suffix_validated_by_exact_duplicates,,,night,cv_first_middle_last_majority,storage/vision/datasets/classification/raw_videos/차대자전거/aihub_train_00002801_bb_1_211018_bike_204_20944.mp4,True,auto_enriched_needs_human_review,,,8468b0c838a42edb902ec5433633a1cfe566a94966a3cdfd525d70921701ba83,,,/workspace/SKN27-FINAL-3Team/storage/vision/datasets/classification/raw_videos/차대자전거/aihub_train_00002801_bb_1_211018_bike_204_20944.mp4,train,8468b0c838a42edb902ec5433633a1cfe566a94966a3cdfd525d70921701ba83,blackbox_unspecified,filename_capture_code:bb,bicycle,dataset_coarse_label,1920
aihub_train_00002809_bb_1_220309_bike_217_21083,car_vs_bicycle,car_vs_bicycle,,,10.0,car_vs_bicycle,,,,15.0,150,2b28dcd6d6e498d8|2b2ad6f4d4cc32b2|2b2ad4d4dc7c94d4|2b2ad2d4f4b4d2d2|2b2ad2d4f4b4d2d2,1080,aihub_source_suffix:217_21083,source_filename_suffix_validated_by_exact_duplicates,,,low_light,cv_first_middle_last_majority,storage/vision/datasets/classification/raw_videos/차대자전거/aihub_train_00002809_bb_1_220309_bike_217_21083.mp4,True,auto_enriched_needs_human_review,,,7e58b962b20237c072ba0a42887ef0be600e98bc456ff810a2c40bf3aa469d3d,,,/workspace/SKN27-FINAL-3Team/storage/vision/datasets/classification/raw_videos/차대자전거/aihub_train_00002809_bb_1_220309_bike_217_21083.mp4,train,7e58b962b20237c072ba0a42887ef0be600e98bc456ff810a2c40bf3aa469d3d,blackbox_unspecified,filename_capture_code:bb,bicycle,dataset_coarse_label,1920
aihub_train_00002750_bb_1_190625_bike_121_148,car_vs_bicycle,car_vs_bicycle,,,10.0,car_vs_bicycle,,,,15.0,150,2387c9a0f02e3f3e|a1a3ce1e75351cca|8983e2e8fc1f1f06|8181e3eae8ec3e96|8181e3eae8ec3e96,720,aihub_source_suffix:121_148,source_filename_suffix_validated_by_exact_duplicates,,,day,cv_first_middle_last_majority,storage/vision/datasets/classification/raw_videos/차대자전거/aihub_train_00002750_bb_1_190625_bike_121_148.mp4,True,auto_enriched_needs_human_review,,,23e3afc6d5244c5a3917f0d7ebc338edfe3850a53c2dbdf4da3db7fccbf2f568,,,/workspace/SKN27-FINAL-3Team/storage/vision/datasets/classification/raw_videos/차대자전거/aihub_train_00002750_bb_1_190625_bike_121_148.mp4,train,23e3afc6d5244c5a3917f0d7ebc338edfe3850a53c2dbdf4da3db7fccbf2f568,blackbox_unspecified,filename_capture_code:bb,bicycle,dataset_coarse_label,1280
aihub_train_00002817_bb_3_150923_bike_112_272,car_vs_bicycle,car_vs_bicycle,,,10.0,car_vs_bicycle,,,,15.0,150,a181813d2cdedef4|a181813d6cde7ed4|a18181256cde7ef6|a181812e6cde5ef6|838189266e5edcf6,1080,aihub_source_suffix:112_272,source_filename_suffix_validated_by_exact_duplicates,,,day,cv_first_middle_last_majority,storage/vision/datasets/classification/raw_videos/차대자전거/aihub_train_00002817_bb_3_150923_bike_112_272.mp4,True,auto_enriched_needs_human_review,,,7a3ed822a3fa3a5b2458be0e5e41e538c94c21b5ff65c807795ddbe6aaa1ab10,,,/workspace/SKN27-FINAL-3Team/storage/vision/datasets/classification/raw_videos/차대자전거/aihub_train_00002817_bb_3_150923_bike_112_272.mp4,train,7a3ed822a3fa3a5b2458be0e5e41e538c94c21b5ff65c807795ddbe6aaa1ab10,blackbox_unspecified,filename_capture_code:bb,bicycle,dataset_coarse_label,1920
aihub_train_00002736_bb_1_181024_bike_216_22252,car_vs_bicycle,car_vs_bicycle,,,10.0,car_vs_bicycle,,,,15.0,150,9998c66666766c6c|0d8cf0f4f6c64a5a|81901c2e6e7c7ef2|81981c2e6e7c76f2|81981c6e6c7c76f2,1080,aihub_source_suffix:216_22252,source_filename_suffix_validated_by_exact_duplicates,,,low_light,cv_first_middle_last_majority,storage/vision/datasets/classification/raw_videos/차대자전거/aihub_train_00002736_bb_1_181024_bike_216_22252.mp4,True,auto_enriched_needs_human_review,,,43b82c5a165bc79a1e27600257567fb00a3167e4a56249e8f6a7708e53e7a1bd,,,/workspace/SKN27-FINAL-3Team/storage/vision/datasets/classification/raw_videos/차대자전거/aihub_train_00002736_bb_1_181024_bike_216_22252.mp4,train,43b82c5a165bc79a1e27600257567fb00a3167e4a56249e8f6a7708e53e7a1bd,blackbox_unspecified,filename_capture_code:bb,bicycle,dataset_coarse_label,1920
aihub_train_00002701_bb_1_140209_bike_148_008,car_vs_bicycle,car_vs_bicycle,,,10.0,car_vs_bicycle,,,,15.0,150,1b1b9b9a57664b90|0983979e6de0d31e|1f17b5ac549ae9c0|171795bc54eae950|1797b59c546ae990,1080,aihub_source_suffix:148_008,source_filename_suffix_validated_by_exact_duplicates,,,day,cv_first_middle_last_majority,storage/vision/datasets/classification/raw_videos/차대자전거/aihub_train_00002701_bb_1_140209_bike_148_008.mp4,True,auto_enriched_needs_human_review,,,e3ef84df409c96a4fa8262b96ab6043ef0c4d4cf6f871b3196a31fba2c47fb53,,,/workspace/SKN27-FINAL-3Team/storage/vision/datasets/classification/raw_videos/차대자전거/aihub_train_00002701_bb_1_140209_bike_148_008.mp4,test,e3ef84df409c96a4fa8262b96ab6043ef0c4d4cf6f871b3196a31fba2c47fb53,blackbox_unspecified,filename_capture_code:bb,bicycle,dataset_coarse_label,1920
aihub_train_00002728_bb_1_170606_bike_228_22977,car_vs_bicycle,car_vs_bicycle,,,10.0,car_vs_bicycle,,,,15.0,150,31b9ec7adb1e44c0|9381ee7add0e6d08|898b62329cd5f0fa|cfeb300aae5598f0|cfcb30198e5798e2,926,aihub_source_suffix:228_22977,source_filename_suffix_validated_by_exact_duplicates,,,day,cv_first_middle_last_majority,storage/vision/datasets/classification/raw_videos/차대자전거/aihub_train_00002728_bb_1_170606_bike_228_22977.mp4,True,auto_enriched_needs_human_review,,,6f4d0feb4022364f88801a6d1668a5152aca05365a812db8df751a8f8241c065,,,/workspace/SKN27-FINAL-3Team/storage/vision/datasets/classification/raw_videos/차대자전거/aihub_train_00002728_bb_1_170606_bike_228_22977.mp4,train,6f4d0feb4022364f88801a6d1668a5152aca05365a812db8df751a8f8241c065,blackbox_unspecified,filename_capture_code:bb,bicycle,dataset_coarse_label,1920
aihub_train_00002702_bb_1_141004_bike_47_001,car_vs_bicycle,car_vs_bicycle,,,10.0,car_vs_bicycle,,,,15.0,150,b131bd34c7c85ba8|b1951d6645e555b8|1b139f66a4e8eb90|099b8726e6637d98|09bb8726e6633d98,1080,aihub_source_suffix:47_001,source_filename_suffix_validated_by_exact_duplicates,,,day,cv_first_middle_last_majority,storage/vision/datasets/classification/raw_videos/차대자전거/aihub_train_00002702_bb_1_141004_bike_47_001.mp4,True,auto_enriched_needs_human_review,,,e3897fff3e0a2fc3fc2c7c11f18dff6ac1b78f1ffc1209a3180e4695069ab2b2,,,/workspace/SKN27-FINAL-3Team/storage/vision/datasets/classification/raw_videos/차대자전거/aihub_train_00002702_bb_1_141004_bike_47_001.mp4,train,e3897fff3e0a2fc3fc2c7c11f18dff6ac1b78f1ffc1209a3180e4695069ab2b2,blackbox_unspecified,filename_capture_code:bb,bicycle,dataset_coarse_label,1920
aihub_train_00002782_bb_1_210221_bike_233_20263,car_vs_bicycle,car_vs_bicycle,,,10.0,car_vs_bicycle,,,,15.0,150,0b0ae6e47ef8b464|95a5e2425a5a7a7a|0b2ba0e4d4ded276|0b0a34f4d4deded0|0b0a34f4f6d4dc78,1080,aihub_source_suffix:233_20263,source_filename_suffix_validated_by_exact_duplicates,,,low_light,cv_first_middle_last_majority,storage/vision/datasets/classification/raw_videos/차대자전거/aihub_train_00002782_bb_1_210221_bike_233_20263.mp4,True,auto_enriched_needs_human_review,,,9cd92b8ba47f2c24a86ce1b4de6b83e46f0624cf72b8c31bcf9e63c0dc69f73f,,,/workspace/SKN27-FINAL-3Team/storage/vision/datasets/classification/raw_videos/차대자전거/aihub_train_00002782_bb_1_210221_bike_233_20263.mp4,train,9cd92b8ba47f2c24a86ce1b4de6b83e46f0624cf72b8c31bcf9e63c0dc69f73f,blackbox_unspecified,filename_capture_code:bb,bicycle,dataset_coarse_label,1920
aihub_train_00002802_bb_1_211102_bike_130_169,car_vs_bicycle,car_vs_bicycle,,,10.0,car_vs_bicycle,,,,15.0,150,81a08e5a7ed4747e|a326ccd81c5c7676|a322d4dc5c5c563e|a322d4dc5c5c563e|a322d4dc5c5c563e,336,aihub_source_suffix:130_169,source_filename_suffix_validated_by_exact_duplicates,,,low_light,cv_first_middle_last_majority,storage/vision/datasets/classification/raw_videos/차대자전거/aihub_train_00002802_bb_1_211102_bike_130_169.mp4,True,auto_enriched_needs_human_review,,,8a1959b5553acf07a0e19eb055a87a3472a552dbe696374ca95504f9616a0a35,,,/workspace/SKN27-FINAL-3Team/storage/vision/datasets/classification/raw_videos/차대자전거/aihub_train_00002802_bb_1_211102_bike_130_169.mp4,train,8a1959b5553acf07a0e19eb055a87a3472a552dbe696374ca95504f9616a0a35,blackbox_unspecified,filename_capture_code:bb,bicycle,dataset_coarse_label,568
aihub_train_00002721_bb_1_160727_bike_240_20397,car_vs_bicycle,car_vs_bicycle,,,10.0,car_vs_bicycle,,,,15.0,150,a1a05a5cd4786e7e|0b8286cefc3c7c78|2b08d636f4d4b4d6|2b28d494dc5cd6d6|2b28c494d4ded6d6,1080,aihub_source_suffix:240_20397,source_filename_suffix_validated_by_exact_duplicates,,,low_light,cv_first_middle_last_majority,storage/vision/datasets/classification/raw_videos/차대자전거/aihub_train_00002721_bb_1_160727_bike_240_20397.mp4,True,auto_enriched_needs_human_review,,,241560982d79989ee1b7ea59f63ce714b4167c333b85e7eb216a00a51f465922,,,/workspace/SKN27-FINAL-3Team/storage/vision/datasets/classification/raw_videos/차대자전거/aihub_train_00002721_bb_1_160727_bike_240_20397.mp4,train,241560982d79989ee1b7ea59f63ce714b4167c333b85e7eb216a00a51f465922,blackbox_unspecified,filename_capture_code:bb,bicycle,dataset_coarse_label,1920
aihub_train_00002743_bb_1_190405_bike_120_203,car_vs_bicycle,car_vs_bicycle,,,10.0,car_vs_bicycle,,,,15.0,150,8fcf303323ae3a52|b1b4b46c4b93b466|a9a8266699397756|a9a922e289ad3f72|a9a922e289ad3f72,1080,aihub_source_suffix:120_203,source_filename_suffix_validated_by_exact_duplicates,,,day,cv_first_middle_last_majority,storage/vision/datasets/classification/raw_videos/차대자전거/aihub_train_00002743_bb_1_190405_bike_120_203.mp4,True,auto_enriched_needs_human_review,,,79eeb64433b4247a58bbe7ce94c58d402c2810662ad154954314401435c27c7a,,,/workspace/SKN27-FINAL-3Team/storage/vision/datasets/classification/raw_videos/차대자전거/aihub_train_00002743_bb_1_190405_bike_120_203.mp4,train,79eeb64433b4247a58bbe7ce94c58d402c2810662ad154954314401435c27c7a,blackbox_unspecified,filename_capture_code:bb,bicycle,dataset_coarse_label,1920
aihub_train_00002810_bb_1_220422_bike_248_20817,car_vs_bicycle,car_vs_bicycle,,,10.0,car_vs_bicycle,,,,15.0,150,89886076767e3e1e|8181c2727e7c7c3e|8180d87a72767e5e|8988dad2707c6e5e|89889ad674747e1e,1080,aihub_source_suffix:248_20817,source_filename_suffix_validated_by_exact_duplicates,,,night,cv_first_middle_last_majority,storage/vision/datasets/classification/raw_videos/차대자전거/aihub_train_00002810_bb_1_220422_bike_248_20817.mp4,True,auto_enriched_needs_human_review,,,1f4d55f2d2aa1d014697783ff09a226d4b2ff4fa09cef90bb6a41d719c175756,,,/workspace/SKN27-FINAL-3Team/storage/vision/datasets/classification/raw_videos/차대자전거/aihub_train_00002810_bb_1_220422_bike_248_20817.mp4,val,1f4d55f2d2aa1d014697783ff09a226d4b2ff4fa09cef90bb6a41d719c175756,blackbox_unspecified,filename_capture_code:bb,bicycle,dataset_coarse_label,1920
aihub_train_00002724_bb_1_161120_bike_214_20922,car_vs_bicycle,car_vs_bicycle,,,10.0,car_vs_bicycle,,,,15.0,150,9b984c6ee67064d6|8988c2767e7c74e4|8f8ec27078dad2f0|8f8e787878d2f070|8f8e787878d2f070,1080,aihub_source_suffix:214_20922,source_filename_suffix_validated_by_exact_duplicates,,,low_light,cv_first_middle_last_majority,storage/vision/datasets/classification/raw_videos/차대자전거/aihub_train_00002724_bb_1_161120_bike_214_20922.mp4,True,auto_enriched_needs_human_review,,,90dfa467a92193ffe665cba79ec48442b691af2cdd87b761593b91b4b7a9770c,,,/workspace/SKN27-FINAL-3Team/storage/vision/datasets/classification/raw_videos/차대자전거/aihub_train_00002724_bb_1_161120_bike_214_20922.mp4,test,90dfa467a92193ffe665cba79ec48442b691af2cdd87b761593b91b4b7a9770c,blackbox_unspecified,filename_capture_code:bb,bicycle,dataset_coarse_label,1920
aihub_train_00002783_bb_1_210315_bike_231_22261,car_vs_bicycle,car_vs_bicycle,,,10.0,car_vs_bicycle,,,,15.0,150,2b2a5e94d4e2366e|393a5f94c4e4b44e|6a52df28b4d5945a|2ec6d339e0c50f1e|626a4fb4b47590d6,1080,aihub_source_suffix:231_22261,source_filename_suffix_validated_by_exact_duplicates,,,night,cv_first_middle_last_majority,storage/vision/datasets/classification/raw_videos/차대자전거/aihub_train_00002783_bb_1_210315_bike_231_22261.mp4,True,auto_enriched_needs_human_review,,,78f778db3f9fee21f3c95ccfbf5c66b750eba97f5e4069b2bc76c43732d740c7,,,/workspace/SKN27-FINAL-3Team/storage/vision/datasets/classification/raw_videos/차대자전거/aihub_train_00002783_bb_1_210315_bike_231_22261.mp4,train,78f778db3f9fee21f3c95ccfbf5c66b750eba97f5e4069b2bc76c43732d740c7,blackbox_unspecified,filename_capture_code:bb,bicycle,dataset_coarse_label,1920
aihub_train_00002764_bb_1_200531_bike_117_192,car_vs_bicycle,car_vs_bicycle,,,10.0,car_vs_bicycle,,,,15.0,150,296bed0272b7c13a|2b6bed22f291a03e|296bff30f293802e|296ff700fa91b03c|296df512f495b03c,1080,aihub_source_suffix:117_192,source_filename_suffix_validated_by_exact_duplicates,,,low_light,cv_first_middle_last_majority,storage/vision/datasets/classification/raw_videos/차대자전거/aihub_train_00002764_bb_1_200531_bike_117_192.mp4,True,auto_enriched_needs_human_review,,,e8a2cac668baf1bb12fa1af44c4c7474c3ecfcddb9e3e84e2e30ed6573675c89,,,/workspace/SKN27-FINAL-3Team/storage/vision/datasets/classification/raw_videos/차대자전거/aihub_train_00002764_bb_1_200531_bike_117_192.mp4,train,e8a2cac668baf1bb12fa1af44c4c7474c3ecfcddb9e3e84e2e30ed6573675c89,blackbox_unspecified,filename_capture_code:bb,bicycle,dataset_coarse_label,1920
aihub_train_00002726_bb_1_170320_bike_236_22284,car_vs_bicycle,car_vs_bicycle,,,10.0,car_vs_bicycle,,,,15.0,150,39386cccd6d2d2c6|3934c6ce5ad87866|2d2c66c6c6dad266|0d2d6ce6d2d2d2d2|193c6666cad2d2f2,1080,aihub_source_suffix:236_22284,source_filename_suffix_validated_by_exact_duplicates,,,night,cv_first_middle_last_majority,storage/vision/datasets/classification/raw_videos/차대자전거/aihub_train_00002726_bb_1_170320_bike_236_22284.mp4,True,auto_enriched_needs_human_review,,,b9393330898829e181f1600fa6783994f19af7e13fedd8df1d9c2b3010255c35,,,/workspace/SKN27-FINAL-3Team/storage/vision/datasets/classification/raw_videos/차대자전거/aihub_train_00002726_bb_1_170320_bike_236_22284.mp4,test,b9393330898829e181f1600fa6783994f19af7e13fedd8df1d9c2b3010255c35,blackbox_unspecified,filename_capture_code:bb,bicycle,dataset_coarse_label,1920
aihub_train_00014826,TS_차대차_영상_직선도로,car_vs_car,Ai_Hub,https://drive.google.com/uc?id=180BbTu78AB_eGL3wvBgpmPNkzMVXJjNJ,10.0,,,.mp4,bb_1_200906_vehicle_202_51922.mp4,15.0,150,878678787987878e|81807e7e2f123e6e|9190f06c0e3e7e5e|0b8af4951b6b7a70|83827c7cd9839c3e,1080,aihub_source_suffix:202_51922,,video,차대차_직선도로,,,storage/vision/staging/per_label_300/raw/car_vs_car/aihub_train_00014826.mp4,True,,classification_frame_extraction,full_candidate,cfd71dc41f403127a45d15da371a78a5ba1695b9eabd8275869985341ca02989,Ai_Hub/Train,Ai_Hub/Train/TS_차대차_영상_직선도로/bb_1_200906_vehicle_202_51922.mp4,,train,,,,,,1920
aihub_train_00009896,TS_차대차_영상_직선도로,car_vs_car,Ai_Hub,https://drive.google.com/uc?id=1GWG8fmNTEegTGMgI0TSq661DQF2GuAit,10.0,,,.mp4,bb_1_020225_vehicle_112_099.mp4,15.0,150,b92bb508cb56953a|190b050ccff6d5ba|130b0da8e9fab5ca|9b1b6726e5a4252e|9b1b4726e5ad252a,1080,aihub_source_suffix:112_099,,video,차대차_직선도로,,,storage/vision/staging/per_label_300/raw/car_vs_car/aihub_train_00009896.mp4,True,,classification_frame_extraction,full_candidate,77e5ef3506e23c6d07a5e66653129e178159d4793641dba75f520d79f2444766,Ai_Hub/Train,Ai_Hub/Train/TS_차대차_영상_직선도로/bb_1_020225_vehicle_112_099.mp4,,train,,,,,,1920
aihub_train_00014326,TS_차대차_영상_직선도로,car_vs_car,Ai_Hub,https://drive.google.com/uc?id=1QFWVo7kA-WcKOFj8yfOAFGdxAPBllep6,10.0,,,.mp4,bb_1_200117_vehicle_202_26336.mp4,15.0,150,36c8d936c8cd36cc|1d9c707272955d9c|1d9c707272955d9c|1d9c707272955d9c|1d9c707272955d9c,926,aihub_source_suffix:202_26336,,video,차대차_직선도로,,,storage/vision/staging/per_label_300/raw/car_vs_car/aihub_train_00014326.mp4,True,,classification_frame_extraction,full_candidate,07bc22618e504de413897d3c65c3e2d2caff087e2a4850881d88e5475240fe18,Ai_Hub/Train,Ai_Hub/Train/TS_차대차_영상_직선도로/bb_1_200117_vehicle_202_26336.mp4,,train,,,,,,1920
aihub_train_00008912,TS_차대차_영상_사거리교차로(신호등있음),car_vs_car,Ai_Hub,https://drive.google.com/uc?id=1TpopAHchBxIIxeWvwUofv_VQQzdO3EDG,10.0,,,.mp4,bb_3_150324_vehicle_21_221.mp4,15.0,150,0878d796696c5f92|0a6a95956b4a9fb4|0a5af5a45b5b4f90|2a5eb5a4736b4ab0|3a4ae5b4cb6b4ab0,1080,aihub_source_suffix:21_221,,video,차대차_사거리교차로(신호등있음),,,storage/vision/staging/per_label_300/raw/car_vs_car/aihub_train_00008912.mp4,True,,classification_frame_extraction,full_candidate,8fcbe39e12faa5d82a7face0ae4b321de2a6e14f1c7046e6923c77b3a45aab62,Ai_Hub/Train,Ai_Hub/Train/TS_차대차_영상_사거리교차로(신호등있음)/bb_3_150324_vehicle_21_221.mp4,,train,,,,,,1920
aihub_train_00013730,TS_차대차_영상_직선도로,car_vs_car,Ai_Hub,https://drive.google.com/uc?id=1j3-fLsyLnk-W2EvW_vKzlggBqkYVu5gB,10.0,,,.mp4,bb_1_190310_vehicle_231_54044.mp4,15.0,150,26cc36db9ab4c932|26ca72fd84b6d922|a0ce3ef9a1365d30|8678c78e79867986|26dc6a9b8d22dd2a,1080,aihub_source_suffix:231_54044,,video,차대차_직선도로,,,storage/vision/staging/per_label_300/raw/car_vs_car/aihub_train_00013730.mp4,True,,classification_frame_extraction,full_candidate,17ada12b2feab9fc34a6d282b4138089b9372fb6fe78bec64395345a367cd001,Ai_Hub/Train,Ai_Hub/Train/TS_차대차_영상_직선도로/bb_1_190310_vehicle_231_54044.mp4,,val,,,,,,1920
aihub_train_00014192,TS_차대차_영상_직선도로,car_vs_car,Ai_Hub,https://drive.google.com/uc?id=1SasB92lK6suuCxVq1Yr835row3wnXnKA,10.0,,,.mp4,bb_1_191027_vehicle_220_27287.mp4,15.0,150,b565a1130b8dcd3e|e16de5b3038383ea|d3cdc5d349151d4a|878d951c72631ece|999f3326756cd520,926,aihub_source_suffix:220_27287,,video,차대차_직선도로,,,storage/vision/staging/per_label_300/raw/car_vs_car/aihub_train_00014192.mp4,True,,classification_frame_extraction,full_candidate,c3239cc53b707546387b96f71f1aa43fdaf79d651e486aad6926ecb546a8aa2c,Ai_Hub/Train,Ai_Hub/Train/TS_차대차_영상_직선도로/bb_1_191027_vehicle_220_27287.mp4,,train,,,,,,1920
aihub_train_00005377,TS_차대차_영상_고속도로(자동차전용도로)포함,car_vs_car,Ai_Hub,https://drive.google.com/uc?id=1RU4HqsfFhGP8nUI-eS5ToldYhlgZdPTz,10.0,,,.mp4,bb_1_210906_vehicle_314_131.mp4,15.0,150,9b92e66419cbe274|9b8be4a49ddac2b0|99a1b6670d0ef3e0|99b3b2661d8a63f0|9bb3a465190ae7b4,1080,aihub_source_suffix:314_131,,video,차대차_고속도로(자동차전용도로)포함,,,storage/vision/staging/per_label_300/raw/car_vs_car/aihub_train_00005377.mp4,True,,classification_frame_extraction,full_candidate,2f86238581f9a8c88e08638e2be84b306f587429ea14ea766e27105b420fcf77,Ai_Hub/Train,Ai_Hub/Train/TS_차대차_영상_고속도로(자동차전용도로)포함/bb_1_210906_vehicle_314_131.mp4,,train,,,,,,1920
aihub_train_00015789,TS_차대차_영상_회전교차로,car_vs_car,Ai_Hub,https://drive.google.com/uc?id=1nKPNZvs0R9e97_3HTEPOMjR1Aj-lFoRi,10.0,,,.mp4,bb_1_220220_vehicle_44_227.mp4,15.0,150,938191326d3f36e6|8183a138673f3ee6|8381a9b07d3fb26c|9901657667bf9868|031b5b4a5bc77896,1080,aihub_source_suffix:44_227,,video,차대차_회전교차로,,,storage/vision/staging/per_label_300/raw/car_vs_car/aihub_train_00015789.mp4,True,,classification_frame_extraction,full_candidate,16b5591cfbb76ce662d69a4db27629c82b1ef644410bb62c6d4ca9976608555b,Ai_Hub/Train,Ai_Hub/Train/TS_차대차_영상_회전교차로/bb_1_220220_vehicle_44_227.mp4,,train,,,,,,1920
aihub_train_00003521,TS_차대자전거_영상_직선도로,car_vs_bicycle,Ai_Hub,https://drive.google.com/uc?id=1iGtEUJViCCjvp1yeiurbcx77rah6i2bv,10.0,,,.mp4,bb_3_170403_bike_246_22006.mp4,15.0,150,81887d2e66d6c676|29087a6ee6e6c4f4|21203c5e5a5eded6|0b4a7294b47cfcf0|0b4a7294b47cfcf0,1080,aihub_source_suffix:246_22006,,video,차대자전거_직선도로,,,storage/vision/staging/per_label_300/raw/car_vs_bicycle/aihub_train_00003521.mp4,True,,classification_frame_extraction,full_candidate,f3024dd05bd09d613ca8cfc9c8161b5f60150a85b2580dc9151af6f17d112020,Ai_Hub/Train,Ai_Hub/Train/TS_차대자전거_영상_직선도로/bb_3_170403_bike_246_22006.mp4,,val,,,,,,1920
aihub_train_00003253,TS_차대자전거_영상_직선도로,car_vs_bicycle,Ai_Hub,https://drive.google.com/uc?id=1Iqn4x_-SJFRgRB2EKK9t-sXwaQds6ewe,10.0,,,.mp4,bb_1_190714_bike_38_012.mp4,15.0,150,919b83c76687837a|1199a5cb646d93f2|911b35cf6c6b845c|b139a787466f82d2|abb86dcc6c47126a,1080,aihub_source_suffix:38_012,,video,차대자전거_직선도로,,,storage/vision/staging/per_label_300/raw/car_vs_bicycle/aihub_train_00003253.mp4,True,,classification_frame_extraction,full_candidate,58ac46c5c741578ac0f58d772eb5640488e8de2207be4d83628b44bb1b308a6b,Ai_Hub/Train,Ai_Hub/Train/TS_차대자전거_영상_직선도로/bb_1_190714_bike_38_012.mp4,,test,,,,,,1920
aihub_train_00001086,TS_차대이륜차_영상_사거리교차로(신호등없음),car_vs_motorcycle,Ai_Hub,https://drive.google.com/uc?id=1yGPDY1qZTmLVOriAvCF5DIK5UH5GtYxV,10.0,,,.mp4,bb_1_211028_two-wheeled-vehicle_222_22478.mp4,15.0,150,085da5a857e26fca|885d25b27bc47726|2ab7176ad5805f8c|22579f2cd58c5f88|22579b2cd59c5f88,1080,aihub_source_suffix:222_22478,,video,차대이륜차_사거리교차로(신호등없음),,,storage/vision/staging/per_label_300/raw/car_vs_motorcycle/aihub_train_00001086.mp4,True,,classification_frame_extraction,full_candidate,140f6dffd00825f91bd9f6ba05b11be0d227917d55f69fdeca0bcde9708df2ed,Ai_Hub/Train,Ai_Hub/Train/TS_차대이륜차_영상_사거리교차로(신호등없음)/bb_1_211028_two-wheeled-vehicle_222_22478.mp4,,train,,,,,,1920
aihub_train_00000322,TS_차대보행자_영상_횡단보도(신호등있음)부근,car_vs_pedestrian,Ai_Hub,https://drive.google.com/uc?id=1NIMphHT6z5tUxBzdtTCVBQchK5NR1wzO,10.0,,,.mp4,bb_1_180922_pedestrian_236_22395.mp4,15.0,150,bcc2632b9c9d6466|2f2c90d09fbb6266|268568fb0afd2734|365edb1b67141a8a|2d6ad69694972b68,926,aihub_source_suffix:236_22395,,video,차대보행자_횡단보도(신호등있음)부근,,,storage/vision/staging/per_label_300/raw/car_vs_pedestrian/aihub_train_00000322.mp4,True,,classification_frame_extraction,full_candidate,aa3e8290c0da19edeefa2038c7f4a9c20528dadc6bf03320b21e5a61ac302218,Ai_Hub/Train,Ai_Hub/Train/TS_차대보행자_영상_횡단보도(신호등있음)부근/bb_1_180922_pedestrian_236_22395.mp4,,train,,,,,,1920
aihub_train_00004388,TS_차대차_영상_T자형교차로,car_vs_car,Ai_Hub,https://drive.google.com/uc?id=1DHy9nSfcyiXdxo6KXIcEBCHNGAJEW02d,10.0,,,.mp4,bb_1_210531_vehicle_44_251.mp4,15.0,150,2d8ed232f26c6c6c|2526db98daf27262|2d3cda70c2e2d38e|2524f298dadacace|2524d398dadacace,1080,aihub_source_suffix:44_251,,video,차대차_T자형교차로,,,storage/vision/staging/per_label_300/raw/car_vs_car/aihub_train_00004388.mp4,True,,classification_frame_extraction,full_candidate,c74a2ad74a62460e800bfd62d45aab88c440f3ff4a69c5ff1713a99ebb3d63d6,Ai_Hub/Train,Ai_Hub/Train/TS_차대차_영상_T자형교차로/bb_1_210531_vehicle_44_251.mp4,,train,,,,,,1920
aihub_train_00013797,TS_차대차_영상_직선도로,car_vs_car,Ai_Hub,https://drive.google.com/uc?id=1Qh00u77SFOVozk956wEtUK1zS-W958X7,10.0,,,.mp4,bb_1_190410_vehicle_248_53489.mp4,15.0,150,b1168ad9e1765b98|930ed8cd3664b94e|b11a1ed9e9d2f80c|919a5ec962f42dc6|91ba5ec9e6702d46,232,aihub_source_suffix:248_53489,,video,차대차_직선도로,,,storage/vision/staging/per_label_300/raw/car_vs_car/aihub_train_00013797.mp4,True,,classification_frame_extraction,full_candidate,a744b58c718374dfbd4be2da2e28c9ceda2b16daa08b1ab117bc035749c98f22,Ai_Hub/Train,Ai_Hub/Train/TS_차대차_영상_직선도로/bb_1_190410_vehicle_248_53489.mp4,,test,,,,,,480
aihub_train_00007024,TS_차대차_영상_사거리교차로(신호등없음),car_vs_car,Ai_Hub,https://drive.google.com/uc?id=1UpXEM-eLOlxVmzynI0tuN0EnmEiJrCG4,10.0,,,.mp4,bb_3_150630_vehicle_217_22461.mp4,15.0,150,8b8c7476525a7674|898c7476725a7674|838e3c78587a7666|838e3c78587a7666|838e3c78587a7666,1080,aihub_source_suffix:217_22461,,video,차대차_사거리교차로(신호등없음),,,storage/vision/staging/per_label_300/raw/car_vs_car/aihub_train_00007024.mp4,True,,classification_frame_extraction,full_candidate,d222f42f4acef6c4face88bb36f7f3272d2b7ae8dbafdbedecd7f4083eac143a,Ai_Hub/Train,Ai_Hub/Train/TS_차대차_영상_사거리교차로(신호등없음)/bb_3_150630_vehicle_217_22461.mp4,,val,,,,,,1920
aihub_train_00013707,TS_차대차_영상_직선도로,car_vs_car,Ai_Hub,https://drive.google.com/uc?id=16XIn4LK4wB7T5rAE20oRODggzOuStmD6,10.0,,,.mp4,bb_1_190302_vehicle_130_266.mp4,15.0,150,a1a46ed9aa646d1e|a12b6e499076d5bc|3927668bab629e94|bd256c499a72e61c|bd2d60491af2f712,720,aihub_source_suffix:130_266,,video,차대차_직선도로,,,storage/vision/staging/per_label_300/raw/car_vs_car/aihub_train_00013707.mp4,True,,classification_frame_extraction,full_candidate,9ab24204697b0bb2a709972fd33b2bb9ac58e88ec11b18970747824b76c08938,Ai_Hub/Train,Ai_Hub/Train/TS_차대차_영상_직선도로/bb_1_190302_vehicle_130_266.mp4,,train,,,,,,1280
aihub_train_00011524,TS_차대차_영상_직선도로,car_vs_car,Ai_Hub,https://drive.google.com/uc?id=10W7UF8hE0Jo_uSitcg942Y4DQGWJtKSm,10.0,,,.mp4,bb_1_160310_vehicle_147_086.mp4,15.0,150,8399366c62d79d2c|c7f939090676f9a0|f3f0ecedb9306240|6766dad8c8c8da92|3372cccf664cc8cc,1080,aihub_source_suffix:147_086,,video,차대차_직선도로,,,storage/vision/staging/per_label_300/raw/car_vs_car/aihub_train_00011524.mp4,True,,classification_frame_extraction,full_candidate,c3363c7a7d4344e816cc529ef22f70bdfb3613a5388d5664f1673867643218a2,Ai_Hub/Train,Ai_Hub/Train/TS_차대차_영상_직선도로/bb_1_160310_vehicle_147_086.mp4,,train,,,,,,1920
aihub_train_00001694,TS_차대이륜차_영상_직선도로,car_vs_motorcycle,Ai_Hub,https://drive.google.com/uc?id=1a-jHXgrHUScUMmT0dItYAUVaKoAC96_p,10.0,,,.mp4,bb_1_150819_two-wheeled-vehicle_127_068.mp4,15.0,150,9f90b372b40f88b6|979033757e8b28aa|97d133747689883e|9f903176148fe8ba|9597b376178841ba,1080,aihub_source_suffix:127_068,,video,차대이륜차_직선도로,,,storage/vision/staging/per_label_300/raw/car_vs_motorcycle/aihub_train_00001694.mp4,True,,classification_frame_extraction,full_candidate,2d39ee9618d97c2b235c8f565161318e3956a650b9e24ee9fe828b2a63ad09d9,Ai_Hub/Train,Ai_Hub/Train/TS_차대이륜차_영상_직선도로/bb_1_150819_two-wheeled-vehicle_127_068.mp4,,train,,,,,,1920
aihub_train_00007966,TS_차대차_영상_사거리교차로(신호등있음),car_vs_car,Ai_Hub,https://drive.google.com/uc?id=1FPoLdqIpySA2QJabBWE3E442QMBNpTed,10.0,,,.mp4,bb_1_180628_vehicle_193_006.mp4,15.0,150,9848e7b2cd177668|92d8f524cd9362ec|92427d3ced9342e6|32d8e53ecd2732d0|b27679c04c1dc63e,1080,aihub_source_suffix:193_006,,video,차대차_사거리교차로(신호등있음),,,storage/vision/staging/per_label_300/raw/car_vs_car/aihub_train_00007966.mp4,True,,classification_frame_extraction,full_candidate,2c015a0466ac8e0c4ccee2ef68edf583ced09ee0093efefdecfe5ee3a982bed9,Ai_Hub/Train,Ai_Hub/Train/TS_차대차_영상_사거리교차로(신호등있음)/bb_1_180628_vehicle_193_006.mp4,,train,,,,,,1920
aihub_train_00000578,TS_차대보행자_영상_횡단보도없음,car_vs_pedestrian,Ai_Hub,https://drive.google.com/uc?id=1ItjA26mAm3yN_DhT8ssU_YDtnEjvxrod,10.0,,,.mp4,bb_1_200801_pedestrian_215_25464.mp4,15.0,150,1903e2c09d757dbc|191d636b2f6631b4|9f86e2781d6713c4|9f86e2f03c4e3394|9f86e2f03c4e3394,926,aihub_source_suffix:215_25464,,video,차대보행자_횡단보도없음,,,storage/vision/staging/per_label_300/raw/car_vs_pedestrian/aihub_train_00000578.mp4,True,,classification_frame_extraction,full_candidate,7b066d0ad33b4a71202e7b2e20fe4c6623339b2cd7190aa4e11c49bec52da89e,Ai_Hub/Train,Ai_Hub/Train/TS_차대보행자_영상_횡단보도없음/bb_1_200801_pedestrian_215_25464.mp4,,train,,,,,,1920
aihub_train_00004440,TS_차대차_영상_T자형교차로,car_vs_car,Ai_Hub,https://drive.google.com/uc?id=17YUG1ad5B2NBuO5JFuTdisynRu61PjOP,10.0,,,.mp4,bb_1_211030_vehicle_312_080.mp4,15.0,150,9d8d3f26632a51b8|9fbdbd2663284892|b999296c656a49b6|99998f26676e41b4|99999f26676e40b4,690,aihub_source_suffix:312_080,,video,차대차_T자형교차로,,,storage/vision/staging/per_label_300/raw/car_vs_car/aihub_train_00004440.mp4,True,,classification_frame_extraction,full_candidate,a7f108c3312dc47700c174ed4f06b2e9f6e11569e0e51b6d302da949120ba80f,Ai_Hub/Train,Ai_Hub/Train/TS_차대차_영상_T자형교차로/bb_1_211030_vehicle_312_080.mp4,,test,,,,,,1280
aihub_train_00010548,TS_차대차_영상_직선도로,car_vs_car,Ai_Hub,https://drive.google.com/uc?id=1H4osw5IGFQc_ySq9tPINADzOFgKZ7Tng,10.0,,,.mp4,bb_1_131026_vehicle_216_28623.mp4,15.0,150,abeb545497a85c16|b1695a5635a8eb32|9983e6f37984c61c|8f9fb1e1630a15f0|8f9bb1e1630a15f4,926,aihub_source_suffix:216_28623,,video,차대차_직선도로,,,storage/vision/staging/per_label_300/raw/car_vs_car/aihub_train_00010548.mp4,True,,classification_frame_extraction,full_candidate,b1a0db6451ffdb5c5285c9a6bf2284b62e86021619d229c3884a02c1abf954f1,Ai_Hub/Train,Ai_Hub/Train/TS_차대차_영상_직선도로/bb_1_131026_vehicle_216_28623.mp4,,test,,,,,,1920
aihub_train_00009744,TS_차대차_영상_주차장(또는차도가아닌장소),car_vs_car,Ai_Hub,https://drive.google.com/uc?id=18Z62K-AcT_5B7aAbeQ_p_3vsvOipEmFw,10.0,,,.mp4,bb_1_220328_vehicle_233_41556.mp4,15.0,150,31356d6b3b0e4d1a|31356d691b2e4f98|8f9f31372734312c|81818b1fbbb33b38|81818b1fbfb31b38,616,aihub_source_suffix:233_41556,,video,차대차_주차장(또는차도가아닌장소),,,storage/vision/staging/per_label_300/raw/car_vs_car/aihub_train_00009744.mp4,True,,classification_frame_extraction,full_candidate,8a5211fbeec420bf31e319c14b286fdd52140dd48549b4f9e4ed6c5893221cde,Ai_Hub/Train,Ai_Hub/Train/TS_차대차_영상_주차장(또는차도가아닌장소)/bb_1_220328_vehicle_233_41556.mp4,,test,,,,,,1280
aihub_train_00001761,TS_차대이륜차_영상_직선도로,car_vs_motorcycle,Ai_Hub,https://drive.google.com/uc?id=1KA-O5RafJcnd5TPLUEDEPmSWruGAEYo2,10.0,,,.mp4,bb_1_161218_two-wheeled-vehicle_258_21561.mp4,15.0,150,91b5e67e785902e2|9393e66c38c98e66|9397c56570bd2e42|9797c2e1fc1d0e50|8585f0f396de125a,926,aihub_source_suffix:258_21561,,video,차대이륜차_직선도로,,,storage/vision/staging/per_label_300/raw/car_vs_motorcycle/aihub_train_00001761.mp4,True,,classification_frame_extraction,full_candidate,52a1cd2dd4f41686d9f79df310c0fffd23371f6d27a0f098fcf9c80357580f36,Ai_Hub/Train,Ai_Hub/Train/TS_차대이륜차_영상_직선도로/bb_1_161218_two-wheeled-vehicle_258_21561.mp4,,train,,,,,,1920
aihub_train_00004777,TS_차대차_영상_고속도로(자동차전용도로)포함,car_vs_car,Ai_Hub,https://drive.google.com/uc?id=1SpLsjGgGfjgEMLknQdJpfdCCa_ACDLwL,10.0,,,.mp4,bb_1_150318_vehicle_257_22462.mp4,15.0,150,8982c6787cf47c74|8b0ac67870f47cf4|8b8af0f07c1e7654|89a2e072765c7ed4|8922e0727e5c7ed4,1080,aihub_source_suffix:257_22462,,video,차대차_고속도로(자동차전용도로)포함,,,storage/vision/staging/per_label_300/raw/car_vs_car/aihub_train_00004777.mp4,True,,classification_frame_extraction,full_candidate,0185292c2c11b902ffcea45df614fad19935a953f8e3ee5d5642779afd8d97e6,Ai_Hub/Train,Ai_Hub/Train/TS_차대차_영상_고속도로(자동차전용도로)포함/bb_1_150318_vehicle_257_22462.mp4,,train,,,,,,1920
aihub_train_00010723,TS_차대차_영상_직선도로,car_vs_car,Ai_Hub,https://drive.google.com/uc?id=1pZ5NFC5w8eKspxWMHmENGWlgpVHqPkzL,10.0,,,.mp4,bb_1_140523_vehicle_147_132.mp4,15.0,150,9795e4e85a1746b8|abab6e6f7831c202|b929e684f4be0ae8|9dad7253d21568ac|9dad7253d21568ac,1080,aihub_source_suffix:147_132,,video,차대차_직선도로,,,storage/vision/staging/per_label_300/raw/car_vs_car/aihub_train_00010723.mp4,True,,classification_frame_extraction,full_candidate,247df6fd0cd8a4105d5674d093745b5504c6438768c1dacf6ea9c733f189f94b,Ai_Hub/Train,Ai_Hub/Train/TS_차대차_영상_직선도로/bb_1_140523_vehicle_147_132.mp4,,train,,,,,,1920
aihub_train_00007375,TS_차대차_영상_사거리교차로(신호등있음),car_vs_car,Ai_Hub,https://drive.google.com/uc?id=1XvHPUw_WTeXKWNZabmndnl5u62GVvnz8,10.0,,,.mp4,bb_1_140910_vehicle_224_35681.mp4,15.0,150,93329fcc6c6c62d8|2928ed92d2d6566e|23e0db890c5e97b6|2322575a5a5cfce4|a3b2756d4c4ccaca,1080,aihub_source_suffix:224_35681,,video,차대차_사거리교차로(신호등있음),,,storage/vision/staging/per_label_300/raw/car_vs_car/aihub_train_00007375.mp4,True,,classification_frame_extraction,full_candidate,71433917a91801a6240885648a550865117c395f7fc4610d793d167c9bd63033,Ai_Hub/Train,Ai_Hub/Train/TS_차대차_영상_사거리교차로(신호등있음)/bb_1_140910_vehicle_224_35681.mp4,,train,,,,,,1920
aihub_train_00014960,TS_차대차_영상_직선도로,car_vs_car,Ai_Hub,https://drive.google.com/uc?id=1LrI2LKxV91q0CFU0mduXGueM9Vpm5pPF,10.0,,,.mp4,bb_1_201105_vehicle_145_204.mp4,15.0,150,838b2b6a73c5c87a|8b8b2b6263cdc8da|8387b732e3cd18cc|8187973272cdc8fc|8187973273cdc87c,1080,aihub_source_suffix:145_204,,video,차대차_직선도로,,,storage/vision/staging/per_label_300/raw/car_vs_car/aihub_train_00014960.mp4,True,,classification_frame_extraction,full_candidate,92406502c42c3e9814c1caecb98e82036218f2cf3217e8e69a5dbaed8497a33e,Ai_Hub/Train,Ai_Hub/Train/TS_차대차_영상_직선도로/bb_1_201105_vehicle_145_204.mp4,,train,,,,,,1920
aihub_train_00009824,TS_차대차_영상_주차장(또는차도가아닌장소),car_vs_car,Ai_Hub,https://drive.google.com/uc?id=1aKUJO6zU2Z8SFSurqpbsKbuw-NNoLN0J,10.0,,,.mp4,cc_3_170114_vehicle_45_178.mp4,15.0,150,8336f34a7d5a85a2|8236f3ca7d5a8da0|8236f38a7d4ac5e2|0b34f7827d62d5c2|8236d38a3f72d5c2,1080,aihub_source_suffix:45_178,,video,차대차_주차장(또는차도가아닌장소),,,storage/vision/staging/per_label_300/raw/car_vs_car/aihub_train_00009824.mp4,True,,classification_frame_extraction,full_candidate,5c10519d9e1e1f4dd4ec2a2d3091580a96a72d01800bf30a789a2468298bb070,Ai_Hub/Train,Ai_Hub/Train/TS_차대차_영상_주차장(또는차도가아닌장소)/cc_3_170114_vehicle_45_178.mp4,,train,,,,,,1920
aihub_train_00011204,TS_차대차_영상_직선도로,car_vs_car,Ai_Hub,https://drive.google.com/uc?id=1azR5ng8bDjt5pWNxIOKVz_tpymrUXAnv,10.0,,,.mp4,bb_1_150716_vehicle_47_243.mp4,15.0,150,e0181de3821f7ff0|e0181df3821e7ff0|c03c3de1c21e3ff0|e0181df3820f7e7c|e0181de3821f7ff0,1080,aihub_source_suffix:47_243,,video,차대차_직선도로,,,storage/vision/staging/per_label_300/raw/car_vs_car/aihub_train_00011204.mp4,True,,classification_frame_extraction,full_candidate,5eb9fb29bb96067cec52adfec9896cd5c750cfaf730f808a00ae5fc6fc1d5877,Ai_Hub/Train,Ai_Hub/Train/TS_차대차_영상_직선도로/bb_1_150716_vehicle_47_243.mp4,,val,,,,,,1920
aihub_train_00004057,TS_차대차_영상_T자형교차로,car_vs_car,Ai_Hub,https://drive.google.com/uc?id=1qVgJmBwP6_oLVpKPQOmL7Vhk6o3IkeFf,10.0,,,.mp4,bb_1_180501_vehicle_129_087.mp4,15.0,150,8b89b1b87fad84e0|8d8db93a67859178|b793db6c240dc3e0|93b26e198365fd12|93b26e1983e4fd12,1080,aihub_source_suffix:129_087,,video,차대차_T자형교차로,,,storage/vision/staging/per_label_300/raw/car_vs_car/aihub_train_00004057.mp4,True,,classification_frame_extraction,full_candidate,4743170fa05ddf202cbb166eb52863cc2eee0b3a4edb4932f6b271f0310966e3,Ai_Hub/Train,Ai_Hub/Train/TS_차대차_영상_T자형교차로/bb_1_180501_vehicle_129_087.mp4,,train,,,,,,1920
aihub_train_00006843,TS_차대차_영상_사거리교차로(신호등없음),car_vs_car,Ai_Hub,https://drive.google.com/uc?id=1x9CW2xUPBxgFGOQI-eRFlWun9nVPp603,10.0,,,.mp4,bb_1_210531_vehicle_207_25443.mp4,15.0,150,91a6666cd5b8658e|93b67649c5946d2c|99b2662ddbd426c8|93b66c99d2264bb2|93b66c99d6264b92,926,aihub_source_suffix:207_25443,,video,차대차_사거리교차로(신호등없음),,,storage/vision/staging/per_label_300/raw/car_vs_car/aihub_train_00006843.mp4,True,,classification_frame_extraction,full_candidate,b90c034a991b6649ef3ef9e45e557c0055e4d1ea2dbfe12ca3df673c9b018eaa,Ai_Hub/Train,Ai_Hub/Train/TS_차대차_영상_사거리교차로(신호등없음)/bb_1_210531_vehicle_207_25443.mp4,,train,,,,,,1920
aihub_train_00003895,TS_차대차_영상_T자형교차로,car_vs_car,Ai_Hub,https://drive.google.com/uc?id=1IDcNpdOzFGRvGDbsqc_hmh1pEdp912xe,10.0,,,.mp4,bb_1_170123_vehicle_141_085.mp4,15.0,150,3b01107af7a7895e|370b562cf9b58354|a5abb41657c12b3c|85abb49afa5d2b20|a5afb58a5a51a934,1080,aihub_source_suffix:141_085,,video,차대차_T자형교차로,,,storage/vision/staging/per_label_300/raw/car_vs_car/aihub_train_00003895.mp4,True,,classification_frame_extraction,full_candidate,44a7cc4d398b715789d49840a6a39a1df748c620427c4ba5bce5c2d19c35978e,Ai_Hub/Train,Ai_Hub/Train/TS_차대차_영상_T자형교차로/bb_1_170123_vehicle_141_085.mp4,,train,,,,,,1920
aihub_train_00012498,TS_차대차_영상_직선도로,car_vs_car,Ai_Hub,https://drive.google.com/uc?id=1CaSYnm7m2yFmiBqLlwqBee1_qaL49zzU,10.0,,,.mp4,bb_1_170815_vehicle_210_24789.mp4,15.0,150,b9ee565183a67858|bdd8ca662599c266|8191fe7f212134de|8393fcde4b212cd2|8781f8fc57233994,616,aihub_source_suffix:210_24789,,video,차대차_직선도로,,,storage/vision/staging/per_label_300/raw/car_vs_car/aihub_train_00012498.mp4,True,,classification_frame_extraction,full_candidate,1b3248b7ed598a8074df1680bdb8d0741de2b219540f39ad3d1335edc6f6ecf4,Ai_Hub/Train,Ai_Hub/Train/TS_차대차_영상_직선도로/bb_1_170815_vehicle_210_24789.mp4,,train,,,,,,1280
aihub_train_00015109,TS_차대차_영상_직선도로,car_vs_car,Ai_Hub,https://drive.google.com/uc?id=1Yjn-sDguGDUUZAExAFM-eIyFiXWTKuUY,10.0,,,.mp4,bb_1_210208_vehicle_148_207.mp4,15.0,150,9252fb3a712cc66c|2646f72c7d90f324|8e66353ce978e506|c2e1e186cf2ac78e|c4f0410e6f3ec63e,1080,aihub_source_suffix:148_207,,video,차대차_직선도로,,,storage/vision/staging/per_label_300/raw/car_vs_car/aihub_train_00015109.mp4,True,,classification_frame_extraction,full_candidate,137d74fe6b0ed973666f97201595d89e99a8e97d309565fb5c8e1da9ffd52515,Ai_Hub/Train,Ai_Hub/Train/TS_차대차_영상_직선도로/bb_1_210208_vehicle_148_207.mp4,,train,,,,,,1920
aihub_train_00014351,TS_차대차_영상_직선도로,car_vs_car,Ai_Hub,https://drive.google.com/uc?id=1yLwta7O81K_IHGfELH6WyXNQlxWLOK74,10.0,,,.mp4,bb_1_200127_vehicle_157_031.mp4,15.0,150,21f9cfccdd26144c|17094cd4d6b369ce|0f2f4b447623975c|2d1ec2de279a5c64|2d1c52c6a79fd864,1080,aihub_source_suffix:157_031,,video,차대차_직선도로,,,storage/vision/staging/per_label_300/raw/car_vs_car/aihub_train_00014351.mp4,True,,classification_frame_extraction,full_candidate,f51646a6bb32afa32bb3194e8ae12774764202b01921887d2cf2995b36144b4e,Ai_Hub/Train,Ai_Hub/Train/TS_차대차_영상_직선도로/bb_1_200127_vehicle_157_031.mp4,,train,,,,,,1920
aihub_train_00004998,TS_차대차_영상_고속도로(자동차전용도로)포함,car_vs_car,Ai_Hub,https://drive.google.com/uc?id=1IxsBIvchqh6FgAvYst7P95P-HXe0n4Q4,10.0,,,.mp4,bb_1_171003_vehicle_235_30544.mp4,15.0,150,0b0a46d4f07c7cde|090bc6d4f43e3e66|8189287e7ed6363c|81807a7ed4bc7666|2182f45e5e1ed674,1080,aihub_source_suffix:235_30544,,video,차대차_고속도로(자동차전용도로)포함,,,storage/vision/staging/per_label_300/raw/car_vs_car/aihub_train_00004998.mp4,True,,classification_frame_extraction,full_candidate,669c8cb090c7356a52a6863410ed9038c1621747b380dcd2f746123d8535f1f3,Ai_Hub/Train,Ai_Hub/Train/TS_차대차_영상_고속도로(자동차전용도로)포함/bb_1_171003_vehicle_235_30544.mp4,,train,,,,,,1920
aihub_train_00005470,TS_차대차_영상_고속도로(자동차전용도로)포함,car_vs_car,Ai_Hub,https://drive.google.com/uc?id=1N9TIbngOOgbFJ5UTwy2tvIRXdkSNdPlD,10.0,,,.mp4,bb_1_220520_vehicle_218_21710.mp4,15.0,150,2b0acec6f078d8f4|2b0ac2f0707cde76|838ac0f07c7e5e36|8382c0f07c7e5e76|8b82c0f07c7e4e76,1080,aihub_source_suffix:218_21710,,video,차대차_고속도로(자동차전용도로)포함,,,storage/vision/staging/per_label_300/raw/car_vs_car/aihub_train_00005470.mp4,True,,classification_frame_extraction,full_candidate,d536b9dc971a826638b3a8e998cd17be0963aa7ef7325df42ab79f2f42666250,Ai_Hub/Train,Ai_Hub/Train/TS_차대차_영상_고속도로(자동차전용도로)포함/bb_1_220520_vehicle_218_21710.mp4,,train,,,,,,1920
aihub_train_00007352,TS_차대차_영상_사거리교차로(신호등있음),car_vs_car,Ai_Hub,https://drive.google.com/uc?id=1aTN-Vif1PcxUNZEyEGLVmIDoVPD62VeX,10.0,,,.mp4,bb_1_140624_vehicle_29_221.mp4,15.0,150,8f0faba2b2a1e0f2|577b3b03e1a584d4|5c55094a1dab7af4|486d4f12bad5678c|32636d0c39d346be,1080,aihub_source_suffix:29_221,,video,차대차_사거리교차로(신호등있음),,,storage/vision/staging/per_label_300/raw/car_vs_car/aihub_train_00007352.mp4,True,,classification_frame_extraction,full_candidate,b5c2ffc29802e2c3d5a03cf737b8604de19e811abb41887e8894bd581a96c934,Ai_Hub/Train,Ai_Hub/Train/TS_차대차_영상_사거리교차로(신호등있음)/bb_1_140624_vehicle_29_221.mp4,,train,,,,,,1920
aihub_train_00002238,TS_차대이륜차_영상_직선도로,car_vs_motorcycle,Ai_Hub,https://drive.google.com/uc?id=1jmkS3uyY2oBz44EdFSwfWabd15QH-F1U,10.0,,,.mp4,bb_1_220731_two-wheeled-vehicle_240_21717.mp4,15.0,150,99e0607c0f1fc65e|8da6725b09e9e41e|8ff2605d9f21c784|8190687c3f2fe3e2|8192687c3f2fe3c2,926,aihub_source_suffix:240_21717,,video,차대이륜차_직선도로,,,storage/vision/staging/per_label_300/raw/car_vs_motorcycle/aihub_train_00002238.mp4,True,,classification_frame_extraction,full_candidate,7368b52f5015f66458eddfcb41395a6ba443f23b2abb1886081f9b460284e635,Ai_Hub/Train,Ai_Hub/Train/TS_차대이륜차_영상_직선도로/bb_1_220731_two-wheeled-vehicle_240_21717.mp4,,train,,,,,,1920
aihub_train_00011671,TS_차대차_영상_직선도로,car_vs_car,Ai_Hub,https://drive.google.com/uc?id=1UJyG9kIHO4f63RqwlX_9okEJFFpOzxtL,10.0,,,.mp4,bb_1_160601_vehicle_141_173.mp4,15.0,150,3b3e9c9c773a104c|231cdc3a698b3a7c|0b38346e3bb4ac6e|83183a6e3db1327e|813a7efe2d20187e,1080,aihub_source_suffix:141_173,,video,차대차_직선도로,,,storage/vision/staging/per_label_300/raw/car_vs_car/aihub_train_00011671.mp4,True,,classification_frame_extraction,full_candidate,98f992d9afa1d894a3e475beeb257a3b17d54bc902164e6558ed17903977bb48,Ai_Hub/Train,Ai_Hub/Train/TS_차대차_영상_직선도로/bb_1_160601_vehicle_141_173.mp4,,train,,,,,,1920
aihub_train_00006116,TS_차대차_영상_사거리교차로(신호등없음),car_vs_car,Ai_Hub,https://drive.google.com/uc?id=166prdyHKRGAmqQngVweMWBPH6wvHoHoO,10.0,,,.mp4,bb_1_150629_vehicle_210_22354.mp4,15.0,150,3b3bd8cec63464c4|2b3adac4c4c6d47c|2138dac66e7cd0d6|8b0ecce072f2c67a|0b0ecce072f2d47e,1080,aihub_source_suffix:210_22354,,video,차대차_사거리교차로(신호등없음),,,storage/vision/staging/per_label_300/raw/car_vs_car/aihub_train_00006116.mp4,True,,classification_frame_extraction,full_candidate,89ec88f5933005f4462877aff0a0f5293163250e471f02ea2e9848dd3a50be23,Ai_Hub/Train,Ai_Hub/Train/TS_차대차_영상_사거리교차로(신호등없음)/bb_1_150629_vehicle_210_22354.mp4,,val,,,,,,1920
aihub_train_00006290,TS_차대차_영상_사거리교차로(신호등없음),car_vs_car,Ai_Hub,https://drive.google.com/uc?id=1eu-3429jPGDv49MAu79FiMlvb4eGmiDF,10.0,,,.mp4,bb_1_161010_vehicle_214_24559.mp4,15.0,150,b3320613c7b336dc|cbf6f78851638690|a2fcdb367d801c62|827cdf967d883066|827cdf967d803266,926,aihub_source_suffix:214_24559,,video,차대차_사거리교차로(신호등없음),,,storage/vision/staging/per_label_300/raw/car_vs_car/aihub_train_00006290.mp4,True,,classification_frame_extraction,full_candidate,24c55ca6ffdfee7ff508509d40a5adaabfac0effc68807bfd9a6293a4739ea0e,Ai_Hub/Train,Ai_Hub/Train/TS_차대차_영상_사거리교차로(신호등없음)/bb_1_161010_vehicle_214_24559.mp4,,train,,,,,,1920
aihub_train_00010108,TS_차대차_영상_직선도로,car_vs_car,Ai_Hub,https://drive.google.com/uc?id=1a0YycFd-BbrUxRIO0IsoZ5YL3lZb1ZfZ,10.0,,,.mp4,bb_1_120221_vehicle_230_51842.mp4,15.0,150,333332cce6cccc66|333332cceccccc66|333332cceacccc66|393336ccd8cccc66|993336ccccccc666,1080,aihub_source_suffix:230_51842,,video,차대차_직선도로,,,storage/vision/staging/per_label_300/raw/car_vs_car/aihub_train_00010108.mp4,True,,classification_frame_extraction,full_candidate,93d194ecb06df87a38e99965b5c3dc45393d89632bb5bfe1245ee5a0485d4dc6,Ai_Hub/Train,Ai_Hub/Train/TS_차대차_영상_직선도로/bb_1_120221_vehicle_230_51842.mp4,,train,,,,,,1920
aihub_train_00010106,TS_차대차_영상_직선도로,car_vs_car,Ai_Hub,https://drive.google.com/uc?id=1D9cR_X8jT4_emLnfG06n8sLJbYV7xRCG,10.0,,,.mp4,bb_1_120217_vehicle_229_46446.mp4,15.0,150,0b83876cf47b0b6a|83a1878c66dfd9c2|a3290b94e6e6f586|83298fa466e7e586|83298f8666c7f19a,926,aihub_source_suffix:229_46446,,video,차대차_직선도로,,,storage/vision/staging/per_label_300/raw/car_vs_car/aihub_train_00010106.mp4,True,,classification_frame_extraction,full_candidate,6d8a66a2fa8ebb1e0247fead28d7203c59ddf360a6c6255ff8ed53b36f36f825,Ai_Hub/Train,Ai_Hub/Train/TS_차대차_영상_직선도로/bb_1_120217_vehicle_229_46446.mp4,,test,,,,,,1920
aihub_train_00003062,TS_차대자전거_영상_직선도로,car_vs_bicycle,Ai_Hub,https://drive.google.com/uc?id=1C2_T35gS8yx04wqF9xY5nzbHEUL3hnIt,10.0,,,.mp4,bb_1_160810_bike_241_21596.mp4,15.0,150,a1a45fcad2c2f474|2b0ac7a4f0f2d47c|a1a25b1858d6f47e|8b0a57a0707cfc7c|0b8cf762f2cc5872,1080,aihub_source_suffix:241_21596,,video,차대자전거_직선도로,,,storage/vision/staging/per_label_300/raw/car_vs_bicycle/aihub_train_00003062.mp4,True,,classification_frame_extraction,full_candidate,cc3001f37ea0ad22e87f1beadc1a0cb676a56ed382b4d6e08ef45790fd8cab4d,Ai_Hub/Train,Ai_Hub/Train/TS_차대자전거_영상_직선도로/bb_1_160810_bike_241_21596.mp4,,train,,,,,,1920
aihub_train_00013498,TS_차대차_영상_직선도로,car_vs_car,Ai_Hub,https://drive.google.com/uc?id=1ZSdW5evrQDrVGWuv-8vGrGYmEJLhHxoq,10.0,,,.mp4,bb_1_181029_vehicle_116_108.mp4,15.0,150,e4545bd1f43e0be0|64d45b2abeabd980|9a5a9bb4666e91a8|981c99b84f0ef56a|981c99b84e8ef762,1080,aihub_source_suffix:116_108,,video,차대차_직선도로,,,storage/vision/staging/per_label_300/raw/car_vs_car/aihub_train_00013498.mp4,True,,classification_frame_extraction,full_candidate,934e2f29aa2b6e3ff4c3142cd071e8ea53c30e04c3a48153edad92062b7549a9,Ai_Hub/Train,Ai_Hub/Train/TS_차대차_영상_직선도로/bb_1_181029_vehicle_116_108.mp4,,train,,,,,,1920
aihub_train_00008201,TS_차대차_영상_사거리교차로(신호등있음),car_vs_car,Ai_Hub,https://drive.google.com/uc?id=1Oigm34fyPjIPXE1mOKCqlk4h5biIkkd0,10.0,,,.mp4,bb_1_190927_vehicle_129_234.mp4,15.0,150,77677a1a1e878740|6367761c1c2fa6c2|73737e1e862720d8|33729c8169dcb72a|33729c8169dcb72a,1080,aihub_source_suffix:129_234,,video,차대차_사거리교차로(신호등있음),,,storage/vision/staging/per_label_300/raw/car_vs_car/aihub_train_00008201.mp4,True,,classification_frame_extraction,full_candidate,a4b9f0b16828bfc110494993e4d553cd1cd0dd381e5139d659eae7a3106dcb44,Ai_Hub/Train,Ai_Hub/Train/TS_차대차_영상_사거리교차로(신호등있음)/bb_1_190927_vehicle_129_234.mp4,,val,,,,,,1920
aihub_train_00006192,TS_차대차_영상_사거리교차로(신호등없음),car_vs_car,Ai_Hub,https://drive.google.com/uc?id=1yw3jIaIKBa9bpLk0yviebmnPGF_YWoT0,10.0,,,.mp4,bb_1_160213_vehicle_30_232.mp4,15.0,150,27635bbed8d38064|33391d4e845b9be4|233279589c1f1fac|33333d58885d1bae|333a7918881d9fce,1080,aihub_source_suffix:30_232,,video,차대차_사거리교차로(신호등없음),,,storage/vision/staging/per_label_300/raw/car_vs_car/aihub_train_00006192.mp4,True,,classification_frame_extraction,full_candidate,2c5472a3b8b7c29e89deb8cde92dda80884e6768e0f57b1a1cb23b0e2f82a5d4,Ai_Hub/Train,Ai_Hub/Train/TS_차대차_영상_사거리교차로(신호등없음)/bb_1_160213_vehicle_30_232.mp4,,train,,,,,,1920
aihub_train_00013014,TS_차대차_영상_직선도로,car_vs_car,Ai_Hub,https://drive.google.com/uc?id=10CO4O8Wbn_zIMBaP7QVlSy379ORgmctZ,10.0,,,.mp4,bb_1_180325_vehicle_240_50193.mp4,15.0,150,8246703f8ee2f38e|806e7b8d80767f98|9866639c666799f0|98666399cc6733cc|904fe31bcc6733c8,1080,aihub_source_suffix:240_50193,,video,차대차_직선도로,,,storage/vision/staging/per_label_300/raw/car_vs_car/aihub_train_00013014.mp4,True,,classification_frame_extraction,full_candidate,88d199106f857b5b9da06833dd1df380651e64dfd04ea4af869135df6bddbc6e,Ai_Hub/Train,Ai_Hub/Train/TS_차대차_영상_직선도로/bb_1_180325_vehicle_240_50193.mp4,,train,,,,,,1920
aihub_train_00005334,TS_차대차_영상_고속도로(자동차전용도로)포함,car_vs_car,Ai_Hub,https://drive.google.com/uc?id=1p3JYCwbccYTQhw6fpfSNWchysXAZQqCd,10.0,,,.mp4,bb_1_210525_vehicle_40_141.mp4,15.0,150,8bab687ad09527e4|83a36978d34b17e4|8bab2a6cd9529764|97a3687ada9416e4|83bb6a68db1694e4,1080,aihub_source_suffix:40_141,,video,차대차_고속도로(자동차전용도로)포함,,,storage/vision/staging/per_label_300/raw/car_vs_car/aihub_train_00005334.mp4,True,,classification_frame_extraction,full_candidate,f21c166edb79f6c95e8519db94e9e563ce2d917cde1f09c95997fd34736ae4a9,Ai_Hub/Train,Ai_Hub/Train/TS_차대차_영상_고속도로(자동차전용도로)포함/bb_1_210525_vehicle_40_141.mp4,,train,,,,,,1920
aihub_train_00006606,TS_차대차_영상_사거리교차로(신호등없음),car_vs_car,Ai_Hub,https://drive.google.com/uc?id=1-S7gz8Ms6J17n9kvxmAuei098H3zq1HZ,10.0,,,.mp4,bb_1_190409_vehicle_259_21272.mp4,15.0,150,81885ee6e67e70d2|3130eccacad2765e|292cb4d25ad6765a|c162e6961edc5cd4|c16266961edc7cd4,1080,aihub_source_suffix:259_21272,,video,차대차_사거리교차로(신호등없음),,,storage/vision/staging/per_label_300/raw/car_vs_car/aihub_train_00006606.mp4,True,,classification_frame_extraction,full_candidate,883cd70aa01a527cfe662e152b8c568572d2a1ea5eb0a1e6b10fb4e35828100f,Ai_Hub/Train,Ai_Hub/Train/TS_차대차_영상_사거리교차로(신호등없음)/bb_1_190409_vehicle_259_21272.mp4,,test,,,,,,1920
aihub_train_00013195,TS_차대차_영상_직선도로,car_vs_car,Ai_Hub,https://drive.google.com/uc?id=1jyIM6KKIR843Pum9b39xsNB7nbkcj8MG,10.0,,,.mp4,bb_1_180611_vehicle_235_22370.mp4,15.0,150,f9e60e1fe1641bc0|926e4f916f6e18d0|26c8dbb7c84b36c8|38dac5673390c96e|36c8c9379b8d6472,926,aihub_source_suffix:235_22370,,video,차대차_직선도로,,,storage/vision/staging/per_label_300/raw/car_vs_car/aihub_train_00013195.mp4,True,,classification_frame_extraction,full_candidate,024840fa6e637388ccc52f3bf9ebeacf7c791006377e4c8776eb9b2260c5719d,Ai_Hub/Train,Ai_Hub/Train/TS_차대차_영상_직선도로/bb_1_180611_vehicle_235_22370.mp4,,train,,,,,,1920
aihub_train_00006968,TS_차대차_영상_사거리교차로(신호등없음),car_vs_car,Ai_Hub,https://drive.google.com/uc?id=1MaMeN-43WqqdXhd8a8qW2KTUJssk9mjB,10.0,,,.mp4,bb_1_220722_vehicle_123_079.mp4,15.0,150,befc4180584fb672|9658fdb479c9940c|3649b7cc5b26c932|14e8d51ceb55aa74|ac70c1acf14b95f2,1080,aihub_source_suffix:123_079,,video,차대차_사거리교차로(신호등없음),,,storage/vision/staging/per_label_300/raw/car_vs_car/aihub_train_00006968.mp4,True,,classification_frame_extraction,full_candidate,477772caaf06f8a849949ab133f7fa953643aab5598458a2f0fb2616b2d77f8c,Ai_Hub/Train,Ai_Hub/Train/TS_차대차_영상_사거리교차로(신호등없음)/bb_1_220722_vehicle_123_079.mp4,,train,,,,,,1920
aihub_train_00005142,TS_차대차_영상_고속도로(자동차전용도로)포함,car_vs_car,Ai_Hub,https://drive.google.com/uc?id=1qDL9gr6Stdvl_mpgZzj4ecHsqToZ4WT4,10.0,,,.mp4,bb_1_190305_vehicle_217_30288.mp4,15.0,150,2b1e3e66e662d4d0|2b9c3e6ec26ad4d0|8b2a62c0d8fcf46e|0b0242f0f4fcd67e|0b024af0f4fcd66e,1080,aihub_source_suffix:217_30288,,video,차대차_고속도로(자동차전용도로)포함,,,storage/vision/staging/per_label_300/raw/car_vs_car/aihub_train_00005142.mp4,True,,classification_frame_extraction,full_candidate,1ae39ca9f82557684f8d5f9ac536c90c35d64f32e4f16e47ab979f7e36cd30f3,Ai_Hub/Train,Ai_Hub/Train/TS_차대차_영상_고속도로(자동차전용도로)포함/bb_1_190305_vehicle_217_30288.mp4,,train,,,,,,1920
aihub_train_00012013,TS_차대차_영상_직선도로,car_vs_car,Ai_Hub,https://drive.google.com/uc?id=1qlPXoKPNwRCTNvx_lRDG78i-STdNSs8d,10.0,,,.mp4,bb_1_170110_vehicle_238_50887.mp4,15.0,150,8180e26e7c7e5ec6|89c0d4963e7b2e6c|2120dadade4e1edc|2120d8dade4e4ede|2120d8dade4e4ede,1080,aihub_source_suffix:238_50887,,video,차대차_직선도로,,,storage/vision/staging/per_label_300/raw/car_vs_car/aihub_train_00012013.mp4,True,,classification_frame_extraction,full_candidate,2f2ca3793f2ae3da24bd97c0e39245bc89f1951ac686b3becf81f75ace5cd775,Ai_Hub/Train,Ai_Hub/Train/TS_차대차_영상_직선도로/bb_1_170110_vehicle_238_50887.mp4,,train,,,,,,1920
aihub_train_00001488,TS_차대이륜차_영상_사거리교차로(신호등있음),car_vs_motorcycle,Ai_Hub,https://drive.google.com/uc?id=1BBwl-Kr9T8BqIZkberO4f6tgYlCC5xp6,10.0,,,.mp4,bb_3_180106_two-wheeled-vehicle_224_22326.mp4,15.0,150,8382626efc7c7c94|81804e7a567e7e36|0b82f43ed4747e1a|8b82c70e7474747e|9392c70c746c7a7a,1080,aihub_source_suffix:224_22326,,video,차대이륜차_사거리교차로(신호등있음),,,storage/vision/staging/per_label_300/raw/car_vs_motorcycle/aihub_train_00001488.mp4,True,,classification_frame_extraction,full_candidate,322ccfb2c5988ea99440e4965fa2c135a3bf088e92d8b7e25f14a57cf8fd41c9,Ai_Hub/Train,Ai_Hub/Train/TS_차대이륜차_영상_사거리교차로(신호등있음)/bb_3_180106_two-wheeled-vehicle_224_22326.mp4,,val,,,,,,1920
aihub_train_00003357,TS_차대자전거_영상_직선도로,car_vs_bicycle,Ai_Hub,https://drive.google.com/uc?id=1O0oLubkLNb3A0C4dqTAb6VR8AHd-4k2Z,10.0,,,.mp4,bb_1_210601_bike_113_229.mp4,15.0,150,81e07f0bc67f8c62|81c46c1bee3d1bc6|91e0681fe6f83e46|89c06718af7198fe|89c0741ee731be6c,1080,aihub_source_suffix:113_229,,video,차대자전거_직선도로,,,storage/vision/staging/per_label_300/raw/car_vs_bicycle/aihub_train_00003357.mp4,True,,classification_frame_extraction,full_candidate,cce9ec49816df89fef6ee470361cf1af9e07e5a4e06c13e40ccb84147e4e6f8e,Ai_Hub/Train,Ai_Hub/Train/TS_차대자전거_영상_직선도로/bb_1_210601_bike_113_229.mp4,,val,,,,,,1920
aihub_train_00003345,TS_차대자전거_영상_직선도로,car_vs_bicycle,Ai_Hub,https://drive.google.com/uc?id=1Ezp0V4bSmTF8PYy91yYUhEycJpT9hzXf,10.0,,,.mp4,bb_1_210430_bike_30_015.mp4,15.0,150,9b93d7232cace84a|03275960b397cb6e|850ffde3eb010a1e|ab3b514585af7c18|9b13647cf272e470,1080,aihub_source_suffix:30_015,,video,차대자전거_직선도로,,,storage/vision/staging/per_label_300/raw/car_vs_bicycle/aihub_train_00003345.mp4,True,,classification_frame_extraction,full_candidate,6da58387655bcfdfe101f4aa3dbe7ac2298d76e42024d6f7d09d0ae570188a80,Ai_Hub/Train,Ai_Hub/Train/TS_차대자전거_영상_직선도로/bb_1_210430_bike_30_015.mp4,,train,,,,,,1920
aihub_train_00001056,TS_차대이륜차_영상_사거리교차로(신호등없음),car_vs_motorcycle,Ai_Hub,https://drive.google.com/uc?id=18RWFTGZplPrkEFEGCj4BFSU4LtzvtKGl,10.0,,,.mp4,bb_1_210204_two-wheeled-vehicle_144_168.mp4,15.0,150,3130056ec6db7aec|2b38d96ce6d512cc|31394c48f2f316de|2323cdc8c2437afe|232bc9c8425b7afc,1080,aihub_source_suffix:144_168,,video,차대이륜차_사거리교차로(신호등없음),,,storage/vision/staging/per_label_300/raw/car_vs_motorcycle/aihub_train_00001056.mp4,True,,classification_frame_extraction,full_candidate,da24c3d31d36421d7b1a795383cd68a11cf0c447dda87502f41360d2f2cefdc3,Ai_Hub/Train,Ai_Hub/Train/TS_차대이륜차_영상_사거리교차로(신호등없음)/bb_1_210204_two-wheeled-vehicle_144_168.mp4,,train,,,,,,1920
aihub_train_00001781,TS_차대이륜차_영상_직선도로,car_vs_motorcycle,Ai_Hub,https://drive.google.com/uc?id=13bBjVw7J2rE1T9ZCKMMM3W7JwFVdCli5,10.0,,,.mp4,bb_1_170508_two-wheeled-vehicle_119_229.mp4,15.0,150,1919290f2e4fcf66|99185d1b327acb2e|9d98999b36743526|9b9b919636662726|9b9b979636266306,1080,aihub_source_suffix:119_229,,video,차대이륜차_직선도로,,,storage/vision/staging/per_label_300/raw/car_vs_motorcycle/aihub_train_00001781.mp4,True,,classification_frame_extraction,full_candidate,ea7780878550c8485b2443ef9fc82710653cab8dba2c881cc4dc7602d7f55e0d,Ai_Hub/Train,Ai_Hub/Train/TS_차대이륜차_영상_직선도로/bb_1_170508_two-wheeled-vehicle_119_229.mp4,,train,,,,,,1920
aihub_train_00004619,TS_차대차_영상_T자형교차로,car_vs_car,Ai_Hub,https://drive.google.com/uc?id=1tXiyEvlymWivzIWAv9iWRD1nCODZXdHb,10.0,,,.mp4,cc_3_190118_vehicle_131_066.mp4,15.0,150,00b8a6d25e3d7dd2|073f87fbecc0c070|077b9ff5e842a026|0f378fead46892c4|0f3f9fdae4488066,1080,aihub_source_suffix:131_066,,video,차대차_T자형교차로,,,storage/vision/staging/per_label_300/raw/car_vs_car/aihub_train_00004619.mp4,True,,classification_frame_extraction,full_candidate,f2a1b417932755e1f2479dd2dca319b7c895872011d5449cd4b1cc695d05f4b0,Ai_Hub/Train,Ai_Hub/Train/TS_차대차_영상_T자형교차로/cc_3_190118_vehicle_131_066.mp4,,train,,,,,,1920
aihub_train_00009312,TS_차대차_영상_주차장(또는차도가아닌장소),car_vs_car,Ai_Hub,https://drive.google.com/uc?id=1H8T6xf92-ObUsRRRxNfKFOTZe7EyK71_,10.0,,,.mp4,bb_1_140126_vehicle_250_44445.mp4,15.0,150,9c1d8982d7a0d5be|9a1b1b9c07827dba|286929c47fb2693e|286929c47fb26b3c|2869298c773aef0e,926,aihub_source_suffix:250_44445,,video,차대차_주차장(또는차도가아닌장소),,,storage/vision/staging/per_label_300/raw/car_vs_car/aihub_train_00009312.mp4,True,,classification_frame_extraction,full_candidate,67bad1c2cfde580f9b1ad71d793c7d61f74d294c2b5323ff7f4ddf9055b6fa41,Ai_Hub/Train,Ai_Hub/Train/TS_차대차_영상_주차장(또는차도가아닌장소)/bb_1_140126_vehicle_250_44445.mp4,,train,,,,,,1920
aihub_train_00004734,TS_차대차_영상_고속도로(자동차전용도로)포함,car_vs_car,Ai_Hub,https://drive.google.com/uc?id=1Cd0RvgGb9UJCcjyx8lUVJYJEQXabrpm6,10.0,,,.mp4,bb_1_140606_vehicle_234_21586.mp4,15.0,150,0b88f4747476dc5c|2180d67e7c56dc56|2b82d4b47c3ed64c|812ee39c7e62dc1c|0328c6f67cc6dc72,1080,aihub_source_suffix:234_21586,,video,차대차_고속도로(자동차전용도로)포함,,,storage/vision/staging/per_label_300/raw/car_vs_car/aihub_train_00004734.mp4,True,,classification_frame_extraction,full_candidate,bf8df71d61848e40d1ca3075515d58df91387c50da65a6217847683808914bba,Ai_Hub/Train,Ai_Hub/Train/TS_차대차_영상_고속도로(자동차전용도로)포함/bb_1_140606_vehicle_234_21586.mp4,,val,,,,,,1920
aihub_train_00009175,TS_차대차_영상_사거리교차로(신호등있음),car_vs_car,Ai_Hub,https://drive.google.com/uc?id=1KfnMOqU07EAArMdvwR3uxOTakNf-L1qq,10.0,,,.mp4,bb_3_181124_vehicle_117_172.mp4,15.0,150,2b8b3d2068f54edc|2b8b2ba268f56ad4|0b8b2da37275c8d6|2b8b2ba360f58ad6|2b8b2ba360f58ad6,1080,aihub_source_suffix:117_172,,video,차대차_사거리교차로(신호등있음),,,storage/vision/staging/per_label_300/raw/car_vs_car/aihub_train_00009175.mp4,True,,classification_frame_extraction,full_candidate,98f6fc12e8471a89cb171ed7db7e76d909b4b04e96ccc451cb443870eedc61db,Ai_Hub/Train,Ai_Hub/Train/TS_차대차_영상_사거리교차로(신호등있음)/bb_3_181124_vehicle_117_172.mp4,,train,,,,,,1920
aihub_train_00002082,TS_차대이륜차_영상_직선도로,car_vs_motorcycle,Ai_Hub,https://drive.google.com/uc?id=1Fylz-_Zc1KtGGkCvf3TBdVUgXuWyJaQW,10.0,,,.mp4,bb_1_201210_two-wheeled-vehicle_221_40932.mp4,15.0,150,9d9b8b9d9c738380|8d8dad9d9e63c190|8d89ab8d9c75d390|8d0ba98d9c75d594|8b0b6b899cf5a594,926,aihub_source_suffix:221_40932,,video,차대이륜차_직선도로,,,storage/vision/staging/per_label_300/raw/car_vs_motorcycle/aihub_train_00002082.mp4,True,,classification_frame_extraction,full_candidate,7b241ca0c67e8eb74ae96be711b7835c37d0c97e586ddf3b3c7739f811edf097,Ai_Hub/Train,Ai_Hub/Train/TS_차대이륜차_영상_직선도로/bb_1_201210_two-wheeled-vehicle_221_40932.mp4,,train,,,,,,1920
aihub_train_00002569,TS_차대이륜차_영상_차도와차도가아닌장소,car_vs_motorcycle,Ai_Hub,https://drive.google.com/uc?id=1t-0HlTz3uwIWyq2UBmi1XUGgK_tFGX5q,10.0,,,.mp4,bb_1_110526_two-wheeled-vehicle_130_166.mp4,15.0,150,21a8487e77816e7e|29a2d65eb7806ad6|298adc76b3807af4|292ad4de75a05af4|2928f4dfb7205ad4,720,aihub_source_suffix:130_166,,video,차대이륜차_차도와차도가아닌장소,,,storage/vision/staging/per_label_300/raw/car_vs_motorcycle/aihub_train_00002569.mp4,True,,classification_frame_extraction,full_candidate,4463659015769fdd94763bc06da0af12099f6585a8745b41f9df3463a92a0eaf,Ai_Hub/Train,Ai_Hub/Train/TS_차대이륜차_영상_차도와차도가아닌장소/bb_1_110526_two-wheeled-vehicle_130_166.mp4,,train,,,,,,1280
aihub_train_00015438,TS_차대차_영상_차도와차도가아닌장소,car_vs_car,Ai_Hub,https://drive.google.com/uc?id=1HEdySJwCu6OaAWb1sQs1CxVhjzQQchFe,10.0,,,.mp4,bb_1_180830_vehicle_239_22052.mp4,15.0,150,812a7ed4d63c7cc2|892ac2d47c3ef256|0b02767cfc94f46c|83907c6c4cf27a3e|a380f46e4ef452b6,1080,aihub_source_suffix:239_22052,,video,차대차_차도와차도가아닌장소,,,storage/vision/staging/per_label_300/raw/car_vs_car/aihub_train_00015438.mp4,True,,classification_frame_extraction,full_candidate,ac26c440d0662e674edd9376dee976adb3928b26468311269fc47823adac6d41,Ai_Hub/Train,Ai_Hub/Train/TS_차대차_영상_차도와차도가아닌장소/bb_1_180830_vehicle_239_22052.mp4,,train,,,,,,1920
aihub_train_00008830,TS_차대차_영상_사거리교차로(신호등있음),car_vs_car,Ai_Hub,https://drive.google.com/uc?id=1KNe4CWaZjBdCyIZq943KIks0l9mLiHXa,10.0,,,.mp4,bb_3_130407_vehicle_197_007.mp4,15.0,150,2928db82c4d6fa7a|2928cf86c4d67a7a|2928cf86c4d67a7a|2928cb86c4d673fa|2928cf86c4d67a7a,720,aihub_source_suffix:197_007,,video,차대차_사거리교차로(신호등있음),,,storage/vision/staging/per_label_300/raw/car_vs_car/aihub_train_00008830.mp4,True,,classification_frame_extraction,full_candidate,509e85c4fd249a35e5806274e39988d2dbccee0cc18d06c765b58edfba5772b9,Ai_Hub/Train,Ai_Hub/Train/TS_차대차_영상_사거리교차로(신호등있음)/bb_3_130407_vehicle_197_007.mp4,,train,,,,,,1280
aihub_train_00013368,TS_차대차_영상_직선도로,car_vs_car,Ai_Hub,https://drive.google.com/uc?id=1YdQr5iZiYsXg6Whk07ifgatfzCEi59ld,10.0,,,.mp4,bb_1_180831_vehicle_31_088.mp4,15.0,150,2b6b4a5b4b4b2f24|6b6b4a5b4b4b2b24|2b6b4adb4b0b2f24|8e7270cf8a786b86|8e3270df8a786b86,1080,aihub_source_suffix:31_088,,video,차대차_직선도로,,,storage/vision/staging/per_label_300/raw/car_vs_car/aihub_train_00013368.mp4,True,,classification_frame_extraction,full_candidate,15c8081c6adddde06aa1ab3edcd34050ed38f0fb87d6021e73beeac231cd10c0,Ai_Hub/Train,Ai_Hub/Train/TS_차대차_영상_직선도로/bb_1_180831_vehicle_31_088.mp4,,train,,,,,,1920
aihub_train_00005856,TS_차대차_영상_고속도로(자동차전용도로)포함,car_vs_car,Ai_Hub,https://drive.google.com/uc?id=1cKeSDJXw0oXiKS6jGDRPp4XDpMdXfLnE,10.0,,,.mp4,bb_3_200814_vehicle_207_32109.mp4,15.0,150,81a07e5e96b46cda|810a7ed595687ed4|89027edd85627adc|890a7ed6b460ce9e|8b0276dd9de0d61c,1080,aihub_source_suffix:207_32109,,video,차대차_고속도로(자동차전용도로)포함,,,storage/vision/staging/per_label_300/raw/car_vs_car/aihub_train_00005856.mp4,True,,classification_frame_extraction,full_candidate,d4ea128e929456a95ad51519e4154f322696db7dbefd66d501cf135bcf152d02,Ai_Hub/Train,Ai_Hub/Train/TS_차대차_영상_고속도로(자동차전용도로)포함/bb_3_200814_vehicle_207_32109.mp4,,val,,,,,,1920
aihub_train_00008677,TS_차대차_영상_사거리교차로(신호등있음),car_vs_car,Ai_Hub,https://drive.google.com/uc?id=16YVJ2NCOiv3ZhN2D6wKpSkSjHm5xz16o,10.0,,,.mp4,bb_1_220412_vehicle_217_23039.mp4,15.0,150,99984e76721ef446|bda4267e5248fe06|8989f706363ccce6|998bf236303ec6e2|998be236361ec4e6,926,aihub_source_suffix:217_23039,,video,차대차_사거리교차로(신호등있음),,,storage/vision/staging/per_label_300/raw/car_vs_car/aihub_train_00008677.mp4,True,,classification_frame_extraction,full_candidate,001218c3df72d951901404bb07c0ed861effb5ee5c2ae81cf73c55c14ab201e9,Ai_Hub/Train,Ai_Hub/Train/TS_차대차_영상_사거리교차로(신호등있음)/bb_1_220412_vehicle_217_23039.mp4,,test,,,,,,1920
aihub_train_00007756,TS_차대차_영상_사거리교차로(신호등있음),car_vs_car,Ai_Hub,https://drive.google.com/uc?id=1qRiy5J6aqRKRSw_zBS9wj4F7JWbFhUJU,10.0,,,.mp4,bb_1_170414_vehicle_189_039.mp4,15.0,150,9b1b9b99862cc13e|339a9196cc6c4f96|83932d2c6c7de13a|89998f0ec36fe198|89998f0ec76f6198,1080,aihub_source_suffix:189_039,,video,차대차_사거리교차로(신호등있음),,,storage/vision/staging/per_label_300/raw/car_vs_car/aihub_train_00007756.mp4,True,,classification_frame_extraction,full_candidate,87c06a4cb64754b34a2532f515adeeb2887db48b5f0b950b223d2f505e27c807,Ai_Hub/Train,Ai_Hub/Train/TS_차대차_영상_사거리교차로(신호등있음)/bb_1_170414_vehicle_189_039.mp4,,test,,,,,,1920
aihub_train_00007840,TS_차대차_영상_사거리교차로(신호등있음),car_vs_car,Ai_Hub,https://drive.google.com/uc?id=14bQygCQaFMfeAGe5BoQfDETtUOy-n6UM,10.0,,,.mp4,bb_1_170925_vehicle_21_146.mp4,15.0,150,91956c6c389aec7c|b32b6c6839baa62c|93136c7c593b464e|95956c687a3b16ca|95956c6c393e5742,1080,aihub_source_suffix:21_146,,video,차대차_사거리교차로(신호등있음),,,storage/vision/staging/per_label_300/raw/car_vs_car/aihub_train_00007840.mp4,True,,classification_frame_extraction,full_candidate,33175f1be7d6fd535e91d15515b1507e0d4a13beaa7aa8cbafb1fff9a63cf46a,Ai_Hub/Train,Ai_Hub/Train/TS_차대차_영상_사거리교차로(신호등있음)/bb_1_170925_vehicle_21_146.mp4,,train,,,,,,1920
aihub_train_00000206,TS_차대보행자_영상_횡단보도(신호등있음),car_vs_pedestrian,Ai_Hub,https://drive.google.com/uc?id=1zhPkDXMY3SD2lipVN2ye3yyIafqQJtcu,10.0,,,.mp4,bb_1_210909_pedestrian_209_21601.mp4,15.0,150,28f4d70ba8d6d728|0b4af4b5835afca4|2d6cd2929b4b7358|2b6ad0b49cd72672|2b6ad0b49cd72672,1080,aihub_source_suffix:209_21601,,video,차대보행자_횡단보도(신호등있음),,,storage/vision/staging/per_label_300/raw/car_vs_pedestrian/aihub_train_00000206.mp4,True,,classification_frame_extraction,full_candidate,4b883d18288f587912f422e253b74e4a21a9153f66864b52958f303f3cd275cf,Ai_Hub/Train,Ai_Hub/Train/TS_차대보행자_영상_횡단보도(신호등있음)/bb_1_210909_pedestrian_209_21601.mp4,,test,,,,,,1920
aihub_train_00003018,TS_차대자전거_영상_직선도로,car_vs_bicycle,Ai_Hub,https://drive.google.com/uc?id=1eOUHKSAASUAAk7keMij8OuFcKQcNHuUJ,10.0,,,.mp4,bb_1_150622_bike_129_161.mp4,15.0,150,a1e87d3e06969716|32329b9ac9996d66|54cecb5270eae926|1ececd9474f0e922|1ccecf9474f0e922,1080,aihub_source_suffix:129_161,,video,차대자전거_직선도로,,,storage/vision/staging/per_label_300/raw/car_vs_bicycle/aihub_train_00003018.mp4,True,,classification_frame_extraction,full_candidate,cdf1b8e77c137f1367f010b7acd93428eb3a9972a12f0d57833d4f9ba28ebadd,Ai_Hub/Train,Ai_Hub/Train/TS_차대자전거_영상_직선도로/bb_1_150622_bike_129_161.mp4,,val,,,,,,1920
aihub_train_00014412,TS_차대차_영상_직선도로,car_vs_car,Ai_Hub,https://drive.google.com/uc?id=1W_--dBfQjr5niiWmA6MZOR20S1jl2YIy,10.0,,,.mp4,bb_1_200226_vehicle_44_203.mp4,15.0,150,97b465696b82ee28|95b47f4a4b2b48b4|5d2a6180d53f6eaa|37a5486a7bac44b6|37a5486a7bac44b6,1080,aihub_source_suffix:44_203,,video,차대차_직선도로,,,storage/vision/staging/per_label_300/raw/car_vs_car/aihub_train_00014412.mp4,True,,classification_frame_extraction,full_candidate,2023623c9b5a5e4b68bc782cd9d0cb28196ced02f698258714634038ad9e5ba4,Ai_Hub/Train,Ai_Hub/Train/TS_차대차_영상_직선도로/bb_1_200226_vehicle_44_203.mp4,,train,,,,,,1920
aihub_train_00008425,TS_차대차_영상_사거리교차로(신호등있음),car_vs_car,Ai_Hub,https://drive.google.com/uc?id=1fPwP1oCM7AEjljFfyAOixBNNseY5cAL0,10.0,,,.mp4,bb_1_210203_vehicle_244_34907.mp4,15.0,150,2b2acce474d2da4e|a12ac4f47ed41ec6|812ad46c7ed45c5e|a120d44e7ed45e5e|a120d64e7ed41e5e,1080,aihub_source_suffix:244_34907,,video,차대차_사거리교차로(신호등있음),,,storage/vision/staging/per_label_300/raw/car_vs_car/aihub_train_00008425.mp4,True,,classification_frame_extraction,full_candidate,6b32e0737b42ed2b2b755683e16021b4ca89e5e09b6dff6dee7bf061d58b94c7,Ai_Hub/Train,Ai_Hub/Train/TS_차대차_영상_사거리교차로(신호등있음)/bb_1_210203_vehicle_244_34907.mp4,,test,,,,,,1920
aihub_train_00011090,TS_차대차_영상_직선도로,car_vs_car,Ai_Hub,https://drive.google.com/uc?id=1vDghP2Cp0QVktHtfZwOTagUgFvMbofFC,10.0,,,.mp4,bb_1_150429_vehicle_252_27309.mp4,15.0,150,8b2b68e44f9f8196|0b29e8f4c58f99d2|892b226e4d9b9736|a9296a4a5f939536|898d226a699b9bb6,926,aihub_source_suffix:252_27309,,video,차대차_직선도로,,,storage/vision/staging/per_label_300/raw/car_vs_car/aihub_train_00011090.mp4,True,,classification_frame_extraction,full_candidate,e976a9e53dc1c5880865d92aa1c048f6e285ac02ca894002b54c8be9b45c3b1d,Ai_Hub/Train,Ai_Hub/Train/TS_차대차_영상_직선도로/bb_1_150429_vehicle_252_27309.mp4,,train,,,,,,1920
aihub_train_00000328,TS_차대보행자_영상_횡단보도(신호등있음)부근,car_vs_pedestrian,Ai_Hub,https://drive.google.com/uc?id=15Y9Z69isnwq-T2HpzyPd0V8kG6VUXJDa,10.0,,,.mp4,bb_1_190404_pedestrian_142_193.mp4,15.0,150,267671396386dcd8|86c2cb987d2cb8d6|2664719c73359da6|8f866326d78f8722|87247062db9adbc6,1080,aihub_source_suffix:142_193,,video,차대보행자_횡단보도(신호등있음)부근,,,storage/vision/staging/per_label_300/raw/car_vs_pedestrian/aihub_train_00000328.mp4,True,,classification_frame_extraction,full_candidate,0b8e1702bda35b75df45652e8fa92c9fe8d8b6d585fdbd23b1b3bfea763617b2,Ai_Hub/Train,Ai_Hub/Train/TS_차대보행자_영상_횡단보도(신호등있음)부근/bb_1_190404_pedestrian_142_193.mp4,,train,,,,,,1920
aihub_train_00002419,TS_차대이륜차_영상_직선도로,car_vs_motorcycle,Ai_Hub,https://drive.google.com/uc?id=1BBD0RKwetEN1y69p1QS3hsv4p--12wwD,10.0,,,.mp4,bb_3_190630_two-wheeled-vehicle_215_22262.mp4,15.0,150,74f1a336375e1780|34f3a336375c3780|34f1a336375e3780|34f3a336375e1780|34f3a336375c1788,926,aihub_source_suffix:215_22262,,video,차대이륜차_직선도로,,,storage/vision/staging/per_label_300/raw/car_vs_motorcycle/aihub_train_00002419.mp4,True,,classification_frame_extraction,full_candidate,e584e67977fa3a443b00bc4ad0c70afb84b6209812807c30c27f432d840671e0,Ai_Hub/Train,Ai_Hub/Train/TS_차대이륜차_영상_직선도로/bb_3_190630_two-wheeled-vehicle_215_22262.mp4,,train,,,,,,1920
aihub_train_00010498,TS_차대차_영상_직선도로,car_vs_car,Ai_Hub,https://drive.google.com/uc?id=1EXbxedPm9Aj2aUFVNo5uTZRZN6E0l2mX,10.0,,,.mp4,bb_1_130902_vehicle_145_194.mp4,15.0,150,9999938c73f22e32|919d93806bfb5076|f71d318a8f319d84|9725b1cc77c8463a|9127bdcc7648e638,1080,aihub_source_suffix:145_194,,video,차대차_직선도로,,,storage/vision/staging/per_label_300/raw/car_vs_car/aihub_train_00010498.mp4,True,,classification_frame_extraction,full_candidate,2bd329318d5ba0c81fad7853bebae00f7dd9032b87b4dc74cd7a0184014cc2e2,Ai_Hub/Train,Ai_Hub/Train/TS_차대차_영상_직선도로/bb_1_130902_vehicle_145_194.mp4,,val,,,,,,1920
aihub_train_00002124,TS_차대이륜차_영상_직선도로,car_vs_motorcycle,Ai_Hub,https://drive.google.com/uc?id=13158gaQPBIf0aHidDQZuQoDIVjAUF_ne,10.0,,,.mp4,bb_1_210620_two-wheeled-vehicle_191_166.mp4,15.0,150,2c6c7983d25a9f86|537230b0bf6fcb10|7e7e77184d279104|367e5f886d33d024|347e5f884d779124,1080,aihub_source_suffix:191_166,,video,차대이륜차_직선도로,,,storage/vision/staging/per_label_300/raw/car_vs_motorcycle/aihub_train_00002124.mp4,True,,classification_frame_extraction,full_candidate,282a3e933ec6183cf39e4e125e9d38cd45fa7875dad5bb0dfb1902e787a59eea,Ai_Hub/Train,Ai_Hub/Train/TS_차대이륜차_영상_직선도로/bb_1_210620_two-wheeled-vehicle_191_166.mp4,,val,,,,,,1920
aihub_train_00009411,TS_차대차_영상_주차장(또는차도가아닌장소),car_vs_car,Ai_Hub,https://drive.google.com/uc?id=1PCIzIQbhJ4RczdPXNGUPN6i7E3WNaZiT,10.0,,,.mp4,bb_1_150912_vehicle_245_43811.mp4,15.0,150,8c5f8e97a6eb6030|844f5f87c6d65780|ba400dbf0447f6f2|92490dbf40c7f6e2|92518dbf0447f6e2,926,aihub_source_suffix:245_43811,,video,차대차_주차장(또는차도가아닌장소),,,storage/vision/staging/per_label_300/raw/car_vs_car/aihub_train_00009411.mp4,True,,classification_frame_extraction,full_candidate,7d63ac60ad5a9b76236749ce5698ba60aee5ab2c4eb636823e3f435fb3910d90,Ai_Hub/Train,Ai_Hub/Train/TS_차대차_영상_주차장(또는차도가아닌장소)/bb_1_150912_vehicle_245_43811.mp4,,train,,,,,,1920
aihub_train_00004410,TS_차대차_영상_T자형교차로,car_vs_car,Ai_Hub,https://drive.google.com/uc?id=1Y6Q589ve2grgSFFfAmSBhxMJs2o1q3JK,10.0,,,.mp4,bb_1_210725_vehicle_47_014.mp4,15.0,150,25356b8ad892eeb4|c9d55f1e7830c1ca|b53c4c0a42e3f5bc|975e4e8ec1e1e11a|8b0b6000e5bdbfce,1080,aihub_source_suffix:47_014,,video,차대차_T자형교차로,,,storage/vision/staging/per_label_300/raw/car_vs_car/aihub_train_00004410.mp4,True,,classification_frame_extraction,full_candidate,ba3e5dd33b6cddef85eec9db3656d4c696900a5474803e29e2044dd7e1c5c936,Ai_Hub/Train,Ai_Hub/Train/TS_차대차_영상_T자형교차로/bb_1_210725_vehicle_47_014.mp4,,train,,,,,,1920
aihub_train_00004221,TS_차대차_영상_T자형교차로,car_vs_car,Ai_Hub,https://drive.google.com/uc?id=1iJHtMgwjHlCPkSXa1Arld8NPtMHTH30u,10.0,,,.mp4,bb_1_190822_vehicle_229_30496.mp4,15.0,150,c1803e6a96e67a76|81807e7e7e427a78|c1a0d6563c6e7c3c|a980d25e1e6cd65e|a980d25e1e6cd65e,1080,aihub_source_suffix:229_30496,,video,차대차_T자형교차로,,,storage/vision/staging/per_label_300/raw/car_vs_car/aihub_train_00004221.mp4,True,,classification_frame_extraction,full_candidate,e021241280afc09b0c8d54bed531ee2cbdb68199d52b5c13e2908809a670ab2f,Ai_Hub/Train,Ai_Hub/Train/TS_차대차_영상_T자형교차로/bb_1_190822_vehicle_229_30496.mp4,,train,,,,,,1920
aihub_train_00013508,TS_차대차_영상_직선도로,car_vs_car,Ai_Hub,https://drive.google.com/uc?id=1UhHObiBTSRMUvPFiqSD_sfJyw-ZqMaSm,10.0,,,.mp4,bb_1_181102_vehicle_259_53693.mp4,15.0,150,3736c8d932cc8db2|3736c99b32c88db2|3732c98c72e98cf2|3670c98e70cfcd32|3736c89b32ccdd90,1080,aihub_source_suffix:259_53693,,video,차대차_직선도로,,,storage/vision/staging/per_label_300/raw/car_vs_car/aihub_train_00013508.mp4,True,,classification_frame_extraction,full_candidate,24df66d8aa1fc57e6fb519ecc9e2ad88e2ffc1db1cc4d8466d4ca1293b1683f0,Ai_Hub/Train,Ai_Hub/Train/TS_차대차_영상_직선도로/bb_1_181102_vehicle_259_53693.mp4,,train,,,,,,1920
aihub_train_00014687,TS_차대차_영상_직선도로,car_vs_car,Ai_Hub,https://drive.google.com/uc?id=1qYxyWMkmhofVQUIa2DgohjHUg0rnrhYG,10.0,,,.mp4,bb_1_200630_vehicle_27_069.mp4,15.0,150,fd1496d27d8e4192|fd0c92f25dca4594|0186d3b08d5f7eb4|0386d1f8857f7e84|0382d1f8857f7ec4,1080,aihub_source_suffix:27_069,,video,차대차_직선도로,,,storage/vision/staging/per_label_300/raw/car_vs_car/aihub_train_00014687.mp4,True,,classification_frame_extraction,full_candidate,e25739165dc6cf087988136b77db3603ca787365d1d90431787264eb18c2f1f4,Ai_Hub/Train,Ai_Hub/Train/TS_차대차_영상_직선도로/bb_1_200630_vehicle_27_069.mp4,,train,,,,,,1920
aihub_train_00006789,TS_차대차_영상_사거리교차로(신호등없음),car_vs_car,Ai_Hub,https://drive.google.com/uc?id=1VGG5oeUGFvIn0igfFImSARHYlrUWL3G7,10.0,,,.mp4,bb_1_201018_vehicle_123_258.mp4,15.0,150,2f2f9050f4ac4f1e|3d795906c6aed858|35353982ce5e5b92|19191faee68ccc96|0f0f1ba2e2a6c6dc,1080,aihub_source_suffix:123_258,,video,차대차_사거리교차로(신호등없음),,,storage/vision/staging/per_label_300/raw/car_vs_car/aihub_train_00006789.mp4,True,,classification_frame_extraction,full_candidate,4117d069bb4ae0e483feb5cc00c460fec263a73ec7fbd043c25f4f894d72fe65,Ai_Hub/Train,Ai_Hub/Train/TS_차대차_영상_사거리교차로(신호등없음)/bb_1_201018_vehicle_123_258.mp4,,train,,,,,,1920
aihub_train_00009807,TS_차대차_영상_주차장(또는차도가아닌장소),car_vs_car,Ai_Hub,https://drive.google.com/uc?id=1sv7AYYZLujsNre3NbLezV_M-ZnoB4K9E,10.0,,,.mp4,bb_3_190227_vehicle_190_048.mp4,15.0,150,1b1b3b28f534dca8|3b1b3b28f534d4a8|1b3b3b30d524fca8|1b3b3b30f524dca8|1b1b3b28f534dca8,1080,aihub_source_suffix:190_048,,video,차대차_주차장(또는차도가아닌장소),,,storage/vision/staging/per_label_300/raw/car_vs_car/aihub_train_00009807.mp4,True,,classification_frame_extraction,full_candidate,a3e5117df29a283a5d503415a6ba7dc125472044a6831f8a89a8df63ea8dc1a9,Ai_Hub/Train,Ai_Hub/Train/TS_차대차_영상_주차장(또는차도가아닌장소)/bb_3_190227_vehicle_190_048.mp4,,train,,,,,,1920
aihub_train_00005243,TS_차대차_영상_고속도로(자동차전용도로)포함,car_vs_car,Ai_Hub,https://drive.google.com/uc?id=12BQ_s6NK3mGJ3ny3LxUTJnopUCiP2GId,10.0,,,.mp4,bb_1_200503_vehicle_218_20233.mp4,15.0,150,81807e547e527c7e|81807e767e4a6c76|81805e767a4e6e7a|81887e765c6c5a76|81887e563c647a7e,1080,aihub_source_suffix:218_20233,,video,차대차_고속도로(자동차전용도로)포함,,,storage/vision/staging/per_label_300/raw/car_vs_car/aihub_train_00005243.mp4,True,,classification_frame_extraction,full_candidate,17b7867d3debefc7a8c50c2fb4426878ef0ab08dbdf5bde98151a5419464e61e,Ai_Hub/Train,Ai_Hub/Train/TS_차대차_영상_고속도로(자동차전용도로)포함/bb_1_200503_vehicle_218_20233.mp4,,val,,,,,,1920
aihub_train_00004947,TS_차대차_영상_고속도로(자동차전용도로)포함,car_vs_car,Ai_Hub,https://drive.google.com/uc?id=1fn045Fhi_DuUctzYWvQc7XmrqFQhJXko,10.0,,,.mp4,bb_1_170401_vehicle_127_111.mp4,15.0,150,bdb4e5a0b98b0d86|a9ea6521bf734238|e9e5a594074b9a96|4d4ecf92a22f80fa|2db683047dcadb1c,1080,aihub_source_suffix:127_111,,video,차대차_고속도로(자동차전용도로)포함,,,storage/vision/staging/per_label_300/raw/car_vs_car/aihub_train_00004947.mp4,True,,classification_frame_extraction,full_candidate,07459f4f560cf31dc8f0b7b9d77ff4d68ff62e2176cb5badcd8cf695bc639e52,Ai_Hub/Train,Ai_Hub/Train/TS_차대차_영상_고속도로(자동차전용도로)포함/bb_1_170401_vehicle_127_111.mp4,,train,,,,,,1920
aihub_train_00007389,TS_차대차_영상_사거리교차로(신호등있음),car_vs_car,Ai_Hub,https://drive.google.com/uc?id=1ihiycgavNGU-k03RfT0r5eMHQwjf3B5v,10.0,,,.mp4,bb_1_141101_vehicle_196_064.mp4,15.0,150,05b8ed64e0f15e96|878ab164e06b5bda|84fd47dc700a72e6|23e102d89abb3eba|23e182d09bae7b9c,1080,aihub_source_suffix:196_064,,video,차대차_사거리교차로(신호등있음),,,storage/vision/staging/per_label_300/raw/car_vs_car/aihub_train_00007389.mp4,True,,classification_frame_extraction,full_candidate,916a56a0c0ef9cfff993d38afc00be25eeaaa1d56fa40b1d5ff3a24ecd793cae,Ai_Hub/Train,Ai_Hub/Train/TS_차대차_영상_사거리교차로(신호등있음)/bb_1_141101_vehicle_196_064.mp4,,train,,,,,,1920
aihub_train_00008557,TS_차대차_영상_사거리교차로(신호등있음),car_vs_car,Ai_Hub,https://drive.google.com/uc?id=1wB_r8ql06OssP87lTSzRrXqqDTyWE_NG,10.0,,,.mp4,bb_1_210827_vehicle_27_037.mp4,15.0,150,88666f99e22e1fb0|a25e5da5c33e69c0|9662333e7b96e910|b672333e6f96e100|b672333e6f96e100,1080,aihub_source_suffix:27_037,,video,차대차_사거리교차로(신호등있음),,,storage/vision/staging/per_label_300/raw/car_vs_car/aihub_train_00008557.mp4,True,,classification_frame_extraction,full_candidate,af0308a86b9e0aad8d12432c385ddceb2783dcaaea746d5c4fee97f9389f9599,Ai_Hub/Train,Ai_Hub/Train/TS_차대차_영상_사거리교차로(신호등있음)/bb_1_210827_vehicle_27_037.mp4,,test,,,,,,1920
aihub_train_00008430,TS_차대차_영상_사거리교차로(신호등있음),car_vs_car,Ai_Hub,https://drive.google.com/uc?id=1BJzXKMJM1ESLVtw15U-o48mLL2_dkHr_,10.0,,,.mp4,bb_1_210209_vehicle_247_33996.mp4,15.0,150,b2644d9b8d3532ce|a466dbc98f34708e|2b4ad495956a73cc|a2e27ccdc93a62c6|a266fc9d8b2a72c4,1080,aihub_source_suffix:247_33996,,video,차대차_사거리교차로(신호등있음),,,storage/vision/staging/per_label_300/raw/car_vs_car/aihub_train_00008430.mp4,True,,classification_frame_extraction,full_candidate,5bf7d579c369c2c63ac2e4741987221a93964fb187a1fa7d6e8858b5ba786959,Ai_Hub/Train,Ai_Hub/Train/TS_차대차_영상_사거리교차로(신호등있음)/bb_1_210209_vehicle_247_33996.mp4,,train,,,,,,1920
aihub_train_00011031,TS_차대차_영상_직선도로,car_vs_car,Ai_Hub,https://drive.google.com/uc?id=1pH_QymETW2BFQMPJfTSl8AjxuQxi4nUs,10.0,,,.mp4,bb_1_150323_vehicle_108_215.mp4,15.0,150,2382cc6a687c7ed6|a1a1c84a4e5eded6|2b2bcb4ac4d4f4d4|2323604e5e5e5ed6|8181c8587c7e767e,1080,aihub_source_suffix:108_215,,video,차대차_직선도로,,,storage/vision/staging/per_label_300/raw/car_vs_car/aihub_train_00011031.mp4,True,,classification_frame_extraction,full_candidate,f84835d0cde1892f2f17ffc3853db48847e86d698b772eb0758701fd0ec4e3f5,Ai_Hub/Train,Ai_Hub/Train/TS_차대차_영상_직선도로/bb_1_150323_vehicle_108_215.mp4,,train,,,,,,1920
aihub_train_00005003,TS_차대차_영상_고속도로(자동차전용도로)포함,car_vs_car,Ai_Hub,https://drive.google.com/uc?id=1lsjXNwIMN1MfD5WIk3VN2T68yjomrovl,10.0,,,.mp4,bb_1_171028_vehicle_252_21156.mp4,15.0,150,838260787d9f96d6|81806a7e7e96f46c|81806a7e7e96d47c|81806a7e7e9cd07e|a1e0c41e1e3e3e7c,1080,aihub_source_suffix:252_21156,,video,차대차_고속도로(자동차전용도로)포함,,,storage/vision/staging/per_label_300/raw/car_vs_car/aihub_train_00005003.mp4,True,,classification_frame_extraction,full_candidate,dae68f7e034e57bceebd490844a6e5fd63cb3b494d76d67c14eb1e58ff609500,Ai_Hub/Train,Ai_Hub/Train/TS_차대차_영상_고속도로(자동차전용도로)포함/bb_1_171028_vehicle_252_21156.mp4,,val,,,,,,1920
aihub_train_00009523,TS_차대차_영상_주차장(또는차도가아닌장소),car_vs_car,Ai_Hub,https://drive.google.com/uc?id=1s_fGqXfJ1QSp62O8pNCyyf5iHYrH0FEp,10.0,,,.mp4,bb_1_180121_vehicle_124_090.mp4,15.0,150,a6361bd38e2c78ca|a63613d3ae2c78ca|a63613d1ae2c78da|e43e71d10fe058ce|e43e71d10fe058ce,1080,aihub_source_suffix:124_090,,video,차대차_주차장(또는차도가아닌장소),,,storage/vision/staging/per_label_300/raw/car_vs_car/aihub_train_00009523.mp4,True,,classification_frame_extraction,full_candidate,8464200756e0cd4e4ad0cd0db5707d730815effed5817b24eaac93e8babe04f4,Ai_Hub/Train,Ai_Hub/Train/TS_차대차_영상_주차장(또는차도가아닌장소)/bb_1_180121_vehicle_124_090.mp4,,test,,,,,,1920
aihub_train_00010198,TS_차대차_영상_직선도로,car_vs_car,Ai_Hub,https://drive.google.com/uc?id=1NWCxUJC6qvVN4t9NO-Lr1AhKlpRp6S0o,10.0,,,.mp4,bb_1_120819_vehicle_214_45907.mp4,15.0,150,299894f666db2d98|191998ca66d3aef2|890db5b0dadf6066|89299cf8f8cba564|89299cf8f8cba664,926,aihub_source_suffix:214_45907,,video,차대차_직선도로,,,storage/vision/staging/per_label_300/raw/car_vs_car/aihub_train_00010198.mp4,True,,classification_frame_extraction,full_candidate,b4c62a696faa51a6b2bd395c3ce1e10098ab60e58f3aeedc6f2fc2d8be1f22b4,Ai_Hub/Train,Ai_Hub/Train/TS_차대차_영상_직선도로/bb_1_120819_vehicle_214_45907.mp4,,train,,,,,,1920
aihub_train_00006899,TS_차대차_영상_사거리교차로(신호등없음),car_vs_car,Ai_Hub,https://drive.google.com/uc?id=1cnb1r_KNbKhB0BTgH3if0MyL2uJmiJZH,10.0,,,.mp4,bb_1_211204_vehicle_144_241.mp4,15.0,150,85a87b4658b1b7a6|2b6ac5247edbc1a4|1f0105fed0b37f28|275e79a8c6276352|03077db8e427793c,1080,aihub_source_suffix:144_241,,video,차대차_사거리교차로(신호등없음),,,storage/vision/staging/per_label_300/raw/car_vs_car/aihub_train_00006899.mp4,True,,classification_frame_extraction,full_candidate,b915da17622234018bdc6f0854db99038d3e13c294d73fb5ef3dfacccf7cb33e,Ai_Hub/Train,Ai_Hub/Train/TS_차대차_영상_사거리교차로(신호등없음)/bb_1_211204_vehicle_144_241.mp4,,train,,,,,,1920
aihub_train_00008696,TS_차대차_영상_사거리교차로(신호등있음),car_vs_car,Ai_Hub,https://drive.google.com/uc?id=1G-z1Qck4aq11nzhjagMYmHZb-DSoPi3B,10.0,,,.mp4,bb_1_220507_vehicle_36_218.mp4,15.0,150,61525b3e2ebed0a4|5356ad195b12f954|b7e64189eff63200|2d6cd792c38a62d6|2d6cd692c34a6ad6,1080,aihub_source_suffix:36_218,,video,차대차_사거리교차로(신호등있음),,,storage/vision/staging/per_label_300/raw/car_vs_car/aihub_train_00008696.mp4,True,,classification_frame_extraction,full_candidate,93490c5c225c06264dac597bd8c4bb0f86b73f7e678cf77908a86633f180dd4b,Ai_Hub/Train,Ai_Hub/Train/TS_차대차_영상_사거리교차로(신호등있음)/bb_1_220507_vehicle_36_218.mp4,,train,,,,,,1920
aihub_train_00012115,TS_차대차_영상_직선도로,car_vs_car,Ai_Hub,https://drive.google.com/uc?id=1Q6jvaKPq_qrZ4c4LqalFVO9CsQehgPOB,10.0,,,.mp4,bb_1_170223_vehicle_113_120.mp4,15.0,150,89c9685277b66c6a|89c9685277b66c6a|8d8b685c739c6c6a|ab8b2a72d70a7d0a|ab892a72d70a7d2a,1080,aihub_source_suffix:113_120,,video,차대차_직선도로,,,storage/vision/staging/per_label_300/raw/car_vs_car/aihub_train_00012115.mp4,True,,classification_frame_extraction,full_candidate,080e0a4b686b2d3d7719a130c3ac8353eeb8dbe53fd76c06b763289363f71424,Ai_Hub/Train,Ai_Hub/Train/TS_차대차_영상_직선도로/bb_1_170223_vehicle_113_120.mp4,,train,,,,,,1920
aihub_train_00013425,TS_차대차_영상_직선도로,car_vs_car,Ai_Hub,https://drive.google.com/uc?id=1CO6-XafstIXx2kvenxYdHk0UYDOCXuVc,10.0,,,.mp4,bb_1_180928_vehicle_46_355.mp4,15.0,150,99cae783518fec18|8782c78f138b8b9e|8f8ecf9738786070|8d9c571360f8f664|1c58eb8e5155aeaa,1080,aihub_source_suffix:46_355,,video,차대차_직선도로,,,storage/vision/staging/per_label_300/raw/car_vs_car/aihub_train_00013425.mp4,True,,classification_frame_extraction,full_candidate,0fc8f09e7e45045c8fe733a8b202fd4f2ba9f7e06d91b2421834442967c412f2,Ai_Hub/Train,Ai_Hub/Train/TS_차대차_영상_직선도로/bb_1_180928_vehicle_46_355.mp4,,val,,,,,,1920
aihub_train_00004242,TS_차대차_영상_T자형교차로,car_vs_car,Ai_Hub,https://drive.google.com/uc?id=1xNHYknFtTQUkxroeBlLzrb0B3U-uqbnH,10.0,,,.mp4,bb_1_191101_vehicle_46_254.mp4,15.0,150,fcd441a2ba4fc532|b8f67728c44519e6|bbf667bcd04064c8|bff64700d0fe6c80|bff64500d2df6c08,1080,aihub_source_suffix:46_254,,video,차대차_T자형교차로,,,storage/vision/staging/per_label_300/raw/car_vs_car/aihub_train_00004242.mp4,True,,classification_frame_extraction,full_candidate,5c0e23d83d440eb309c8cad4f65d730bc8f2a93f0ec939fb0f49837cf564eb8d,Ai_Hub/Train,Ai_Hub/Train/TS_차대차_영상_T자형교차로/bb_1_191101_vehicle_46_254.mp4,,train,,,,,,1920
aihub_train_00007282,TS_차대차_영상_사거리교차로(신호등있음),car_vs_car,Ai_Hub,https://drive.google.com/uc?id=1TNDYRJCpbw45ajGjJNS2L_gXUXYCVYk3,10.0,,,.mp4,bb_1_130512_vehicle_217_33866.mp4,15.0,150,892a70d45c7e7ec4|812a76d05e7c74f2|812a66d0de7e7cc4|8382703cdcded6f0|a122789cdee4d6e8,1080,aihub_source_suffix:217_33866,,video,차대차_사거리교차로(신호등있음),,,storage/vision/staging/per_label_300/raw/car_vs_car/aihub_train_00007282.mp4,True,,classification_frame_extraction,full_candidate,058fb53239722bda0edb2c1c01c8fe64f39a971aa34aae2db85d00858c9371e2,Ai_Hub/Train,Ai_Hub/Train/TS_차대차_영상_사거리교차로(신호등있음)/bb_1_130512_vehicle_217_33866.mp4,,train,,,,,,1920
aihub_train_00008560,TS_차대차_영상_사거리교차로(신호등있음),car_vs_car,Ai_Hub,https://drive.google.com/uc?id=1t4Z6bSBoyhqT_xslJCQd3qurRujYfbV-,10.0,,,.mp4,bb_1_210902_vehicle_314_018.mp4,15.0,150,b9b9aba3064e1e58|b9b9abaf86420a5c|b9b9ebe3224e2e08|199dfdf762422a88|1d9df1e362622ccc,720,aihub_source_suffix:314_018,,video,차대차_사거리교차로(신호등있음),,,storage/vision/staging/per_label_300/raw/car_vs_car/aihub_train_00008560.mp4,True,,classification_frame_extraction,full_candidate,28462ca964267f996154f2dbfd01defd6bb9016ffba459638fcee739dfa03b58,Ai_Hub/Train,Ai_Hub/Train/TS_차대차_영상_사거리교차로(신호등있음)/bb_1_210902_vehicle_314_018.mp4,,train,,,,,,1280
aihub_train_00013874,TS_차대차_영상_직선도로,car_vs_car,Ai_Hub,https://drive.google.com/uc?id=1t3qrg_rmmdFWWtDtFx4gTy3vjk6quzKf,10.0,,,.mp4,bb_1_190520_vehicle_126_140.mp4,15.0,150,b0c3c46d3b9d9b0a|9872e58c66e78d38|9e60cd31338e739c|32cecd3912e731ca|38e6cd19a6e719c8,1080,aihub_source_suffix:126_140,,video,차대차_직선도로,,,storage/vision/staging/per_label_300/raw/car_vs_car/aihub_train_00013874.mp4,True,,classification_frame_extraction,full_candidate,2ae7f555e959d48b18c6d1d5014890083c61bcea6b9f914996dac9eca818354a,Ai_Hub/Train,Ai_Hub/Train/TS_차대차_영상_직선도로/bb_1_190520_vehicle_126_140.mp4,,train,,,,,,1920
aihub_train_00005539,TS_차대차_영상_고속도로(자동차전용도로)포함,car_vs_car,Ai_Hub,https://drive.google.com/uc?id=1YowlWgjrc-CBJaUcuJkIgncvSHOcu3ZG,10.0,,,.mp4,bb_3_120312_vehicle_200_30168.mp4,15.0,150,8b82e4703e1e6ef2|8b82e47c3e1e6672|9b82e07c3e1e6672|9b82e07c3e1e6672|9b82e07c3e1e6672,1080,aihub_source_suffix:200_30168,,video,차대차_고속도로(자동차전용도로)포함,,,storage/vision/staging/per_label_300/raw/car_vs_car/aihub_train_00005539.mp4,True,,classification_frame_extraction,full_candidate,238ebb540b7f175a2155819004fffe66a74335c095ac094434fbfb7c8c8869c8,Ai_Hub/Train,Ai_Hub/Train/TS_차대차_영상_고속도로(자동차전용도로)포함/bb_3_120312_vehicle_200_30168.mp4,,test,,,,,,1920
aihub_train_00004880,TS_차대차_영상_고속도로(자동차전용도로)포함,car_vs_car,Ai_Hub,https://drive.google.com/uc?id=1WT6bXLv36PlTDn-mzF8iwRrnOmqEKb6F,10.0,,,.mp4,bb_1_160628_vehicle_195_097.mp4,15.0,150,20cd26c7b0cde6d6|20cf64c738d9e336|30cec79932cdb1b2|827c39c33c7dc31c|825d39c3a67dc386,1080,aihub_source_suffix:195_097,,video,차대차_고속도로(자동차전용도로)포함,,,storage/vision/staging/per_label_300/raw/car_vs_car/aihub_train_00004880.mp4,True,,classification_frame_extraction,full_candidate,e5019a5c9665e088ce26bc9f23053a6272611549dd0d5b950677b6e2454f03ea,Ai_Hub/Train,Ai_Hub/Train/TS_차대차_영상_고속도로(자동차전용도로)포함/bb_1_160628_vehicle_195_097.mp4,,train,,,,,,1920
aihub_train_00013102,TS_차대차_영상_직선도로,car_vs_car,Ai_Hub,https://drive.google.com/uc?id=1_0FZGhEWruo_8yzOITk4hFvgFdeTPIer,10.0,,,.mp4,bb_1_180505_vehicle_110_161.mp4,15.0,150,2ac4d71b6cb7324c|20e4d733ec3d32cc|28ccd33be855b5c8|7ac491a5ea2d55d2|6ad6912eb4ab49d4,1080,aihub_source_suffix:110_161,,video,차대차_직선도로,,,storage/vision/staging/per_label_300/raw/car_vs_car/aihub_train_00013102.mp4,True,,classification_frame_extraction,full_candidate,7fbf8bc6534377331bbbeec2596cfeda862c35c3eebe663d72750cf58d285ccc,Ai_Hub/Train,Ai_Hub/Train/TS_차대차_영상_직선도로/bb_1_180505_vehicle_110_161.mp4,,train,,,,,,1920
aihub_train_00003225,TS_차대자전거_영상_직선도로,car_vs_bicycle,Ai_Hub,https://drive.google.com/uc?id=10-VzHZyrERiKEe1n5HkP17XkHNgFJdsP,10.0,,,.mp4,bb_1_190119_bike_130_251.mp4,15.0,150,2da5e10e53caed70|2b7f5facc3c2c410|25e5fbaa1904bd38|855551b8fb6a6d24|0f8fb5347548d962,720,aihub_source_suffix:130_251,,video,차대자전거_직선도로,,,storage/vision/staging/per_label_300/raw/car_vs_bicycle/aihub_train_00003225.mp4,True,,classification_frame_extraction,full_candidate,6e5ee89afbf64689be989b7f0340e21f49d22d5bcaa10d9b1b57dba3d2a25d06,Ai_Hub/Train,Ai_Hub/Train/TS_차대자전거_영상_직선도로/bb_1_190119_bike_130_251.mp4,,train,,,,,,1280
aihub_train_00011631,TS_차대차_영상_직선도로,car_vs_car,Ai_Hub,https://drive.google.com/uc?id=17Xxaau7qoTLedgi4PY20xHw_cc0WsJ24,10.0,,,.mp4,bb_1_160508_vehicle_237_21651.mp4,15.0,150,839327a76f61e078|83932fa7e3616478|839127a7e371f078|8791a527e730707e|8391a5a7e730717c,616,aihub_source_suffix:237_21651,,video,차대차_직선도로,,,storage/vision/staging/per_label_300/raw/car_vs_car/aihub_train_00011631.mp4,True,,classification_frame_extraction,full_candidate,48db2d5268997d4e22ffdd6d11ea0106469d9262d2d355f3be11cdea5e41e382,Ai_Hub/Train,Ai_Hub/Train/TS_차대차_영상_직선도로/bb_1_160508_vehicle_237_21651.mp4,,train,,,,,,1280
aihub_train_00012720,TS_차대차_영상_직선도로,car_vs_car,Ai_Hub,https://drive.google.com/uc?id=1gYuFpXhadep5e45Cfia2wG4w4Nyow8gW,10.0,,,.mp4,bb_1_171027_vehicle_238_50856.mp4,15.0,150,b787cc4c4a7a7270|2727cc68dad272f0|2520cecedad2727c|272cccc6d672726c|272cccc6d672726c,1080,aihub_source_suffix:238_50856,,video,차대차_직선도로,,,storage/vision/staging/per_label_300/raw/car_vs_car/aihub_train_00012720.mp4,True,,classification_frame_extraction,full_candidate,87083a9c97c4db7372182973ced7b73485b6b6321d557b22c6d823bc02d06412,Ai_Hub/Train,Ai_Hub/Train/TS_차대차_영상_직선도로/bb_1_171027_vehicle_238_50856.mp4,,test,,,,,,1920
aihub_train_00005649,TS_차대차_영상_고속도로(자동차전용도로)포함,car_vs_car,Ai_Hub,https://drive.google.com/uc?id=1TxlZuTNdOKIyEJ_-4QhSehbvUGTZfUhS,10.0,,,.mp4,bb_3_160201_vehicle_126_263.mp4,15.0,150,6f6c6c3d1b0c6722|e7fc7c9f1a4e0202|035a6c3f1f4ee132|2b6ad4971b4b6ab0|a3685c1e1aced3b2,1080,aihub_source_suffix:126_263,,video,차대차_고속도로(자동차전용도로)포함,,,storage/vision/staging/per_label_300/raw/car_vs_car/aihub_train_00005649.mp4,True,,classification_frame_extraction,full_candidate,64e47f8634b4aea72e90f9399c3b89e86576bf22099d853b033d48f04a2bcc82,Ai_Hub/Train,Ai_Hub/Train/TS_차대차_영상_고속도로(자동차전용도로)포함/bb_3_160201_vehicle_126_263.mp4,,train,,,,,,1920
aihub_train_00004430,TS_차대차_영상_T자형교차로,car_vs_car,Ai_Hub,https://drive.google.com/uc?id=1KX-7ke6FqKzNXAQ4BL_fnZ7B4YIb9HYu,10.0,,,.mp4,bb_1_211007_vehicle_218_21052.mp4,15.0,150,81805e7e7d807e6e|8380f46c6f8a7a3e|8980f2767d8c7a72|81f07f0a762c5a76|2ad8f56e5aa64c1a,1080,aihub_source_suffix:218_21052,,video,차대차_T자형교차로,,,storage/vision/staging/per_label_300/raw/car_vs_car/aihub_train_00004430.mp4,True,,classification_frame_extraction,full_candidate,fdf2ea18501af27eb683d83e8c8aaef24ec658a8b89c378f3ce4301fac2ba354,Ai_Hub/Train,Ai_Hub/Train/TS_차대차_영상_T자형교차로/bb_1_211007_vehicle_218_21052.mp4,,train,,,,,,1920
aihub_train_00007347,TS_차대차_영상_사거리교차로(신호등있음),car_vs_car,Ai_Hub,https://drive.google.com/uc?id=1s9U7E4_77AYsS6qwv6WxXI4xonrEphBS,10.0,,,.mp4,bb_1_140603_vehicle_088_300727.mp4,15.0,150,894c66dcab867e4a|a94a26fc4b847e96|992a66dd23867c56|8b2456dd23867e66|8b2456dd23867e66,1080,aihub_source_suffix:088_300727,,video,차대차_사거리교차로(신호등있음),,,storage/vision/staging/per_label_300/raw/car_vs_car/aihub_train_00007347.mp4,True,,classification_frame_extraction,full_candidate,b7f71ce2755e0969502ef3b0e65b8a157142feb572f745f21f0d1908581a47b0,Ai_Hub/Train,Ai_Hub/Train/TS_차대차_영상_사거리교차로(신호등있음)/bb_1_140603_vehicle_088_300727.mp4,,test,,,,,,1920
aihub_train_00005620,TS_차대차_영상_고속도로(자동차전용도로)포함,car_vs_car,Ai_Hub,https://drive.google.com/uc?id=1CAAcGsn4nnBfUev_87L_ks0HJED3vR3u,10.0,,,.mp4,bb_3_150316_vehicle_39_181.mp4,15.0,150,9785656178795bc2|9585656178795bd2|978565d178685bd2|958525d978685bda|958525d97868dbd2,1080,aihub_source_suffix:39_181,,video,차대차_고속도로(자동차전용도로)포함,,,storage/vision/staging/per_label_300/raw/car_vs_car/aihub_train_00005620.mp4,True,,classification_frame_extraction,full_candidate,ca87edf355925e93e5c736ecca6420a81ffc8bf438304f3b641fc6bda533661d,Ai_Hub/Train,Ai_Hub/Train/TS_차대차_영상_고속도로(자동차전용도로)포함/bb_3_150316_vehicle_39_181.mp4,,train,,,,,,1920
aihub_train_00005572,TS_차대차_영상_고속도로(자동차전용도로)포함,car_vs_car,Ai_Hub,https://drive.google.com/uc?id=10u2jSa7QwuiBUqXhdUeZ2iocag-lavFl,10.0,,,.mp4,bb_3_130709_vehicle_198_060.mp4,15.0,150,8f036160d1dcf7b4|890b4160d1d8ffbe|0b0b23e2f1d8fda4|090143d2f4fcfdaa|090941e4f4fcff2a,720,aihub_source_suffix:198_060,,video,차대차_고속도로(자동차전용도로)포함,,,storage/vision/staging/per_label_300/raw/car_vs_car/aihub_train_00005572.mp4,True,,classification_frame_extraction,full_candidate,58de81694e6c4b2fc923614bd4a390b20b5573b42ddf3858b3263621472feef0,Ai_Hub/Train,Ai_Hub/Train/TS_차대차_영상_고속도로(자동차전용도로)포함/bb_3_130709_vehicle_198_060.mp4,,val,,,,,,1280
aihub_train_00010493,TS_차대차_영상_직선도로,car_vs_car,Ai_Hub,https://drive.google.com/uc?id=1SHfZ4Bb5qIu0f4R1tzKIV4qvXHGaiQif,10.0,,,.mp4,bb_1_130826_vehicle_240_51789.mp4,15.0,150,9192ccce6e76703c|939a8fc4c666f078|933fc8e24ee46784|3b1acbcc64e474f0|331acbce646476f0,1080,aihub_source_suffix:240_51789,,video,차대차_직선도로,,,storage/vision/staging/per_label_300/raw/car_vs_car/aihub_train_00010493.mp4,True,,classification_frame_extraction,full_candidate,7fd6a5353ec51e967c39be16e3b06597a909a3c91c2dbd6f7000d9234b1458cd,Ai_Hub/Train,Ai_Hub/Train/TS_차대차_영상_직선도로/bb_1_130826_vehicle_240_51789.mp4,,train,,,,,,1920
aihub_train_00011985,TS_차대차_영상_직선도로,car_vs_car,Ai_Hub,https://drive.google.com/uc?id=1jwUBtq867O-YGQ6TyvOoDLd2TpqDqq-S,10.0,,,.mp4,bb_1_161229_vehicle_112_112.mp4,15.0,150,3b4dc4e0b80f2e6e|3bc9e4f69a8b8264|9992663489c37aee|89f33236acc54c7a|89f33236acc54c7a,1080,aihub_source_suffix:112_112,,video,차대차_직선도로,,,storage/vision/staging/per_label_300/raw/car_vs_car/aihub_train_00011985.mp4,True,,classification_frame_extraction,full_candidate,15d3de8533771ead4e5d1ff76cad729b6264e4171d24491d55121619007047e4,Ai_Hub/Train,Ai_Hub/Train/TS_차대차_영상_직선도로/bb_1_161229_vehicle_112_112.mp4,,train,,,,,,1920
aihub_train_00012989,TS_차대차_영상_직선도로,car_vs_car,Ai_Hub,https://drive.google.com/uc?id=1gkctymE5nZAKbXIPhYfay3HxOQkWnM4K,10.0,,,.mp4,bb_1_180314_vehicle_129_268.mp4,15.0,150,a26c5dc8f13fc6c0|22ca3dcc73332ed8|28ca93ac679b26f2|22ccb58a6f36c936|22ccb59a4db4d966,1080,aihub_source_suffix:129_268,,video,차대차_직선도로,,,storage/vision/staging/per_label_300/raw/car_vs_car/aihub_train_00012989.mp4,True,,classification_frame_extraction,full_candidate,e501c0785324eea529e3f854999e7e9b6a456c98c84c2cb63ccd40dfa98539e3,Ai_Hub/Train,Ai_Hub/Train/TS_차대차_영상_직선도로/bb_1_180314_vehicle_129_268.mp4,,train,,,,,,1920
aihub_train_00011762,TS_차대차_영상_직선도로,car_vs_car,Ai_Hub,https://drive.google.com/uc?id=1KZ6C23KMO7xRl9LGVmVSnlqlD3Zqokgl,10.0,,,.mp4,bb_1_160728_vehicle_190_175.mp4,15.0,150,2d753a3a4ae535c8|a9b98ac6ca7d3c30|1b8383f0ec6c3f1a|037d81b0f8ec3f1a|037d81b0f8ec3f1a,1080,aihub_source_suffix:190_175,,video,차대차_직선도로,,,storage/vision/staging/per_label_300/raw/car_vs_car/aihub_train_00011762.mp4,True,,classification_frame_extraction,full_candidate,d6f8fd4d5135a12a0a246e2c978ffe0e373d72b7a191c788ca181b60b7c53785,Ai_Hub/Train,Ai_Hub/Train/TS_차대차_영상_직선도로/bb_1_160728_vehicle_190_175.mp4,,train,,,,,,1920
aihub_train_00002607,TS_차대이륜차_영상_차도와차도가아닌장소,car_vs_motorcycle,Ai_Hub,https://drive.google.com/uc?id=1vTuBS5rHIoclRUPwTkAHUjXvu21zmAGy,10.0,,,.mp4,bb_1_171127_two-wheeled-vehicle_211_22195.mp4,15.0,150,b13333a5e9c0e6f0|b33327aec1c3eca0|393037fdc1cae5a0|9b0133dde1827ee4|0f013bd9e1ad3dd0,926,aihub_source_suffix:211_22195,,video,차대이륜차_차도와차도가아닌장소,,,storage/vision/staging/per_label_300/raw/car_vs_motorcycle/aihub_train_00002607.mp4,True,,classification_frame_extraction,full_candidate,d748d6e69e0424282adcf96246889810de6d0430ca0e7f01419a0c563903fa08,Ai_Hub/Train,Ai_Hub/Train/TS_차대이륜차_영상_차도와차도가아닌장소/bb_1_171127_two-wheeled-vehicle_211_22195.mp4,,train,,,,,,1920
aihub_train_00007531,TS_차대차_영상_사거리교차로(신호등있음),car_vs_car,Ai_Hub,https://drive.google.com/uc?id=1dkXAuYX_fK1hlt7Nhqe6lQK9jbWtJdLi,10.0,,,.mp4,bb_1_151111_vehicle_250_34731.mp4,15.0,150,8180667e7e4cda7a|81846c7c5e5af27a|81a07a7a7c56d2dc|2b2aced4f4c6d4c4|2b2accd4f4d4d4d4,1080,aihub_source_suffix:250_34731,,video,차대차_사거리교차로(신호등있음),,,storage/vision/staging/per_label_300/raw/car_vs_car/aihub_train_00007531.mp4,True,,classification_frame_extraction,full_candidate,2698ea6905ecb83960c174b2ac9795f589f5aa0514a63426354e33d9c79d1403,Ai_Hub/Train,Ai_Hub/Train/TS_차대차_영상_사거리교차로(신호등있음)/bb_1_151111_vehicle_250_34731.mp4,,val,,,,,,1920
aihub_train_00010070,TS_차대차_영상_직선도로,car_vs_car,Ai_Hub,https://drive.google.com/uc?id=17YQv0NDr_FoPyl0LqfsJ56kLgY239FB2,10.0,,,.mp4,bb_1_111104_vehicle_27_018.mp4,15.0,150,29c8d4d66666db2c|0d199d996e66d32c|89299db0d87fcd30|89298db4d87ec9a6|89298db4d87ec9a6,1080,aihub_source_suffix:27_018,,video,차대차_직선도로,,,storage/vision/staging/per_label_300/raw/car_vs_car/aihub_train_00010070.mp4,True,,classification_frame_extraction,full_candidate,4cc26642cdc38d8a86f42eaeeee3c269e6f325204593630d3f975cac2bc0942c,Ai_Hub/Train,Ai_Hub/Train/TS_차대차_영상_직선도로/bb_1_111104_vehicle_27_018.mp4,,val,,,,,,1920
aihub_train_00011448,TS_차대차_영상_직선도로,car_vs_car,Ai_Hub,https://drive.google.com/uc?id=1GYBD8mepiZc40F3mnTB7m9ev7zhAUQG0,10.0,,,.mp4,bb_1_160203_vehicle_190_086.mp4,15.0,150,8b9be25630578cec|9793e740285dbdc2|8d8df3b2781f4a0c|8dcde1f2641f0e86|8dcdf1f8685f0c06,1080,aihub_source_suffix:190_086,,video,차대차_직선도로,,,storage/vision/staging/per_label_300/raw/car_vs_car/aihub_train_00011448.mp4,True,,classification_frame_extraction,full_candidate,51daecaee9c6a09cdec2635e4277543a8b54a40f11644be11e7d5dee7f698098,Ai_Hub/Train,Ai_Hub/Train/TS_차대차_영상_직선도로/bb_1_160203_vehicle_190_086.mp4,,test,,,,,,1920
aihub_train_00004215,TS_차대차_영상_T자형교차로,car_vs_car,Ai_Hub,https://drive.google.com/uc?id=1q4OdJTjPUC5KBfq54_z-1UOw55WuDLDN,10.0,,,.mp4,bb_1_190802_vehicle_126_045.mp4,15.0,150,1574cb8701d4dfd4|2beed19d072ad894|2dfef0994d4492ac|2dfef0994d4492ac|2cf6f3994d4e90a8,1080,aihub_source_suffix:126_045,,video,차대차_T자형교차로,,,storage/vision/staging/per_label_300/raw/car_vs_car/aihub_train_00004215.mp4,True,,classification_frame_extraction,full_candidate,96fd59bab1ac7182ac256733bc23951df0dcab3732d72afa5700d1ae641c89bf,Ai_Hub/Train,Ai_Hub/Train/TS_차대차_영상_T자형교차로/bb_1_190802_vehicle_126_045.mp4,,train,,,,,,1920
aihub_train_00007051,TS_차대차_영상_사거리교차로(신호등없음),car_vs_car,Ai_Hub,https://drive.google.com/uc?id=1trRydQfPvQ9lgMFC2lgSxx8H9sm8U9Aq,10.0,,,.mp4,bb_3_160928_vehicle_205_23179.mp4,15.0,150,a3838a78773789e8|8b83286c769f9bc8|232b88dc77338fc4|212188ce5f3fd6c6|2323829c7d3fb9d0,926,aihub_source_suffix:205_23179,,video,차대차_사거리교차로(신호등없음),,,storage/vision/staging/per_label_300/raw/car_vs_car/aihub_train_00007051.mp4,True,,classification_frame_extraction,full_candidate,6ea5fd989aff262ae90f40f01750791e708257de70ca5b4af39b20044d784274,Ai_Hub/Train,Ai_Hub/Train/TS_차대차_영상_사거리교차로(신호등없음)/bb_3_160928_vehicle_205_23179.mp4,,train,,,,,,1920
aihub_train_00001749,TS_차대이륜차_영상_직선도로,car_vs_motorcycle,Ai_Hub,https://drive.google.com/uc?id=1cRK_dWEwRJksizfgBmOubHAH7uW3lCD7,10.0,,,.mp4,bb_1_160812_two-wheeled-vehicle_231_21899.mp4,15.0,150,8d8d3365a5e165a6|8f83337383d171cc|8d9b72678731338c|999d666d9522758c|999d666d95226798,232,aihub_source_suffix:231_21899,,video,차대이륜차_직선도로,,,storage/vision/staging/per_label_300/raw/car_vs_motorcycle/aihub_train_00001749.mp4,True,,classification_frame_extraction,full_candidate,3191e10e8e25505acc3338801a65bf65783bf48f777c905127670589983ede10,Ai_Hub/Train,Ai_Hub/Train/TS_차대이륜차_영상_직선도로/bb_1_160812_two-wheeled-vehicle_231_21899.mp4,,train,,,,,,480
aihub_train_00003404,TS_차대자전거_영상_직선도로,car_vs_bicycle,Ai_Hub,https://drive.google.com/uc?id=1ZEceEVfXprNXWnxFtlRFV6Bu5CVY-47M,10.0,,,.mp4,bb_1_220124_bike_210_21550.mp4,15.0,150,0920c6cd1f67cedc|3320ed691a4f573a|8982e6363d8c7ec6|0983c7c7f070f0fc|131e0f8d998ee4bc,926,aihub_source_suffix:210_21550,,video,차대자전거_직선도로,,,storage/vision/staging/per_label_300/raw/car_vs_bicycle/aihub_train_00003404.mp4,True,,classification_frame_extraction,full_candidate,64150530f1c043ccf8a3b661a7ffe5ad48362f3cca893f2465fe87405b12b21c,Ai_Hub/Train,Ai_Hub/Train/TS_차대자전거_영상_직선도로/bb_1_220124_bike_210_21550.mp4,,train,,,,,,1920
aihub_train_00004244,TS_차대차_영상_T자형교차로,car_vs_car,Ai_Hub,https://drive.google.com/uc?id=1tdIUtyV-4e14F9-crkEK3BitvgWTiZ4_,10.0,,,.mp4,bb_1_191108_vehicle_112_394.mp4,15.0,150,01c03feab453bcf2|adea33d3544b24d4|31687bca947d28da|a3684bf6946d08de|a3684bf6946d08de,1080,aihub_source_suffix:112_394,,video,차대차_T자형교차로,,,storage/vision/staging/per_label_300/raw/car_vs_car/aihub_train_00004244.mp4,True,,classification_frame_extraction,full_candidate,0bc562972a97cb691fe7457ecc877aaabe1a75c110ec5ee22a9ac1291ca63854,Ai_Hub/Train,Ai_Hub/Train/TS_차대차_영상_T자형교차로/bb_1_191108_vehicle_112_394.mp4,,train,,,,,,1920
aihub_train_00003381,TS_차대자전거_영상_직선도로,car_vs_bicycle,Ai_Hub,https://drive.google.com/uc?id=1WtCK6fxKR1Wi6UBheAdIgGsEKBxAv5Hx,10.0,,,.mp4,bb_1_210903_bike_38_023.mp4,15.0,150,9b9983c47c6a3b2c|9b9997cc6a32994a|999996667b0cb962|8dcd96e2732c9916|87c59678392e1f4c,1080,aihub_source_suffix:38_023,,video,차대자전거_직선도로,,,storage/vision/staging/per_label_300/raw/car_vs_bicycle/aihub_train_00003381.mp4,True,,classification_frame_extraction,full_candidate,b1e48b7d093ac2f183c2f8a41a094e6253b204f4200cd86df7def30921489ee7,Ai_Hub/Train,Ai_Hub/Train/TS_차대자전거_영상_직선도로/bb_1_210903_bike_38_023.mp4,,train,,,,,,1920
aihub_train_00015211,TS_차대차_영상_직선도로,car_vs_car,Ai_Hub,https://drive.google.com/uc?id=1S6dEm3iKuGoJq9rV9aol8FpAm1BHA9He,10.0,,,.mp4,bb_1_210319_vehicle_222_51044.mp4,15.0,150,0b1a6666e4fcf868|0b1a6666e4fcf868|0b1a6666e4f8fc68|0b1a6666e4fcf078|9b9a766664ec7070,1080,aihub_source_suffix:222_51044,,video,차대차_직선도로,,,storage/vision/staging/per_label_300/raw/car_vs_car/aihub_train_00015211.mp4,True,,classification_frame_extraction,full_candidate,7e7eaff47fe280e47e71f97a1a721b7210b56fb99bb5bf20713f4797638f5cf9,Ai_Hub/Train,Ai_Hub/Train/TS_차대차_영상_직선도로/bb_1_210319_vehicle_222_51044.mp4,,test,,,,,,1920
aihub_train_00014141,TS_차대차_영상_직선도로,car_vs_car,Ai_Hub,https://drive.google.com/uc?id=1b1qcXurgi2mhQKPVQiwwjLG1gsp1UWRd,10.0,,,.mp4,bb_1_191006_vehicle_200_157.mp4,15.0,150,296eef28786ca938|2ad4951a7ab4b56a|807c7da0c32e3fca|36266792da48dcda|8e5871b2ce7930ce,1080,aihub_source_suffix:200_157,,video,차대차_직선도로,,,storage/vision/staging/per_label_300/raw/car_vs_car/aihub_train_00014141.mp4,True,,classification_frame_extraction,full_candidate,05564d2824c3fabd098ff3f07a6bc15ad2e29e3afa2c2f2149b37ccfc2b90d06,Ai_Hub/Train,Ai_Hub/Train/TS_차대차_영상_직선도로/bb_1_191006_vehicle_200_157.mp4,,train,,,,,,1920
aihub_train_00012646,TS_차대차_영상_직선도로,car_vs_car,Ai_Hub,https://drive.google.com/uc?id=1ozxDWx4tMZU9LMJXA7NQqo79aj-ebiX3,10.0,,,.mp4,bb_1_171001_vehicle_121_102.mp4,15.0,150,b6c83e4db1a0da6c|9ee660493ab1dc4e|0a956ad9976ab568|32ce4f32eccb324c|30cee530cf3334ce,720,aihub_source_suffix:121_102,,video,차대차_직선도로,,,storage/vision/staging/per_label_300/raw/car_vs_car/aihub_train_00012646.mp4,True,,classification_frame_extraction,full_candidate,8687cca2cc4715078527b7be7064cee39f9798bf227ac2986217295c1efe7492,Ai_Hub/Train,Ai_Hub/Train/TS_차대차_영상_직선도로/bb_1_171001_vehicle_121_102.mp4,,train,,,,,,1280
aihub_train_00010545,TS_차대차_영상_직선도로,car_vs_car,Ai_Hub,https://drive.google.com/uc?id=1rciF4wYNcV4kG0dg3uRvIqeGvsMx7ift,10.0,,,.mp4,bb_1_131024_vehicle_216_53337.mp4,15.0,150,0b02f03c7ef8d476|8b82f01e46f0fc5e|8182743c567afcf4|8182763ec27a7ed8|8982741ec6f87ed4,1080,aihub_source_suffix:216_53337,,video,차대차_직선도로,,,storage/vision/staging/per_label_300/raw/car_vs_car/aihub_train_00010545.mp4,True,,classification_frame_extraction,full_candidate,a84819b026da3e4a805630f98ac89c4332a99024ef08c4fff5337198e255a617,Ai_Hub/Train,Ai_Hub/Train/TS_차대차_영상_직선도로/bb_1_131024_vehicle_216_53337.mp4,,val,,,,,,1920
aihub_train_00001151,TS_차대이륜차_영상_사거리교차로(신호등있음),car_vs_motorcycle,Ai_Hub,https://drive.google.com/uc?id=15LdJHg2XsV4OzT-kgM7Uc_qnqxW8D9M7,10.0,,,.mp4,bb_1_010827_two-wheeled-vehicle_207_22034.mp4,15.0,150,9d9272718ece4c78|8fb27071cece4c70|2c92936cd64decd2|8f9e7271a58ecd20|8d9a7265a58acd6c,1080,aihub_source_suffix:207_22034,,video,차대이륜차_사거리교차로(신호등있음),,,storage/vision/staging/per_label_300/raw/car_vs_motorcycle/aihub_train_00001151.mp4,True,,classification_frame_extraction,full_candidate,ed230553a224afbb6e6eb6136cc40e4ec5f7513390ff06c7efd0eec291ab7c7a,Ai_Hub/Train,Ai_Hub/Train/TS_차대이륜차_영상_사거리교차로(신호등있음)/bb_1_010827_two-wheeled-vehicle_207_22034.mp4,,train,,,,,,1920
aihub_train_00005325,TS_차대차_영상_고속도로(자동차전용도로)포함,car_vs_car,Ai_Hub,https://drive.google.com/uc?id=1QdOgwyJqBDXGPTP9flzU1UBds0BK0DTx,10.0,,,.mp4,bb_1_210427_vehicle_231_22318.mp4,15.0,150,8980d27c7e1ec6f4|898ae0f47e0ec6f4|818078fe5e2672de|81807e5edf32705e|81a07e5edf227076,1080,aihub_source_suffix:231_22318,,video,차대차_고속도로(자동차전용도로)포함,,,storage/vision/staging/per_label_300/raw/car_vs_car/aihub_train_00005325.mp4,True,,classification_frame_extraction,full_candidate,bb099f5c6e0eac549d01e8c8ee6087cef91cae75d8c922df89e8b7d863164da5,Ai_Hub/Train,Ai_Hub/Train/TS_차대차_영상_고속도로(자동차전용도로)포함/bb_1_210427_vehicle_231_22318.mp4,,train,,,,,,1920
aihub_train_00012850,TS_차대차_영상_직선도로,car_vs_car,Ai_Hub,https://drive.google.com/uc?id=1ua--muzCCauJy8YMthf7qtgzFJHlJOsu,10.0,,,.mp4,bb_1_180119_vehicle_245_22104.mp4,15.0,150,81809e7ed5833b7a|81809c7ed5d32fb2|81819e7ed5832fb2|8389a8f4df63a594|8983927c7cd78ad8,926,aihub_source_suffix:245_22104,,video,차대차_직선도로,,,storage/vision/staging/per_label_300/raw/car_vs_car/aihub_train_00012850.mp4,True,,classification_frame_extraction,full_candidate,024cabd432f3a3a10a1795ebb0685e8e53830e2ddf87b12d7a9a4c3fb0cc5c00,Ai_Hub/Train,Ai_Hub/Train/TS_차대차_영상_직선도로/bb_1_180119_vehicle_245_22104.mp4,,train,,,,,,1920
aihub_train_00003495,TS_차대자전거_영상_직선도로,car_vs_bicycle,Ai_Hub,https://drive.google.com/uc?id=1LmcWAwdOhWrcI0RISRhVmS34jwjQPrWC,10.0,,,.mp4,bb_3_150428_bike_130_254.mp4,15.0,150,8d8de3d03863378e|9989eb9226773ac4|9999c79a26772ac4|9989c79a26772acc|9989c79a26772acc,720,aihub_source_suffix:130_254,,video,차대자전거_직선도로,,,storage/vision/staging/per_label_300/raw/car_vs_bicycle/aihub_train_00003495.mp4,True,,classification_frame_extraction,full_candidate,e81068743cfe61d22c0415350400827ea905bea1898e3504f6861dd65d6ec76b,Ai_Hub/Train,Ai_Hub/Train/TS_차대자전거_영상_직선도로/bb_3_150428_bike_130_254.mp4,,train,,,,,,1280
aihub_train_00006834,TS_차대차_영상_사거리교차로(신호등없음),car_vs_car,Ai_Hub,https://drive.google.com/uc?id=18PoGfqDXAhYwdYppRBHpHa_msVJFskD8,10.0,,,.mp4,bb_1_210421_vehicle_247_21538.mp4,15.0,150,8183b67e6c5c4c6e|8383327e6cdccce4|81a1263e6e6cdada|81a1263e6e5cdada|81a1263e7e4cdada,1080,aihub_source_suffix:247_21538,,video,차대차_사거리교차로(신호등없음),,,storage/vision/staging/per_label_300/raw/car_vs_car/aihub_train_00006834.mp4,True,,classification_frame_extraction,full_candidate,8dffe8e669f645cdc4f2cc7205d29602ec6bd30d9068ebd9255b66b0c9ce8666,Ai_Hub/Train,Ai_Hub/Train/TS_차대차_영상_사거리교차로(신호등없음)/bb_1_210421_vehicle_247_21538.mp4,,train,,,,,,1920
aihub_train_00007951,TS_차대차_영상_사거리교차로(신호등있음),car_vs_car,Ai_Hub,https://drive.google.com/uc?id=1CVC7FPAiXn1VdNEdtK0X5VPv4kvQnvL3,10.0,,,.mp4,bb_1_180602_vehicle_235_24380.mp4,15.0,150,e1e01f8fe1181fc6|90665f80e71efbc0|fe00948bfb2425f6|e01fc03fc0fd06f8|e01fc03fc3f007f8,926,aihub_source_suffix:235_24380,,video,차대차_사거리교차로(신호등있음),,,storage/vision/staging/per_label_300/raw/car_vs_car/aihub_train_00007951.mp4,True,,classification_frame_extraction,full_candidate,f496935f232106aff10255978f320bd3c1f4aec264e2dd4fa571fdaa215909ee,Ai_Hub/Train,Ai_Hub/Train/TS_차대차_영상_사거리교차로(신호등있음)/bb_1_180602_vehicle_235_24380.mp4,,train,,,,,,1920
aihub_train_00004075,TS_차대차_영상_T자형교차로,car_vs_car,Ai_Hub,https://drive.google.com/uc?id=1nKk-y4Mk4wjEl0DEID8BA7-L0J5pRPHL,10.0,,,.mp4,bb_1_180708_vehicle_114_061.mp4,15.0,150,2a6ab394d786d86a|3077a7b066af886a|166db3926d32cc6a|8647baf905e79c48|8647baf907e79448,1080,aihub_source_suffix:114_061,,video,차대차_T자형교차로,,,storage/vision/staging/per_label_300/raw/car_vs_car/aihub_train_00004075.mp4,True,,classification_frame_extraction,full_candidate,7bae3c4b04850802bdbc2cca455721f00abe996f15cc0654fc1eba6d1387ccbe,Ai_Hub/Train,Ai_Hub/Train/TS_차대차_영상_T자형교차로/bb_1_180708_vehicle_114_061.mp4,,train,,,,,,1920
aihub_train_00012327,TS_차대차_영상_직선도로,car_vs_car,Ai_Hub,https://drive.google.com/uc?id=1Tf9_gAtq0DHK7Jh_GQBzIVO0Hr9b54yD,10.0,,,.mp4,bb_1_170604_vehicle_256_54171.mp4,15.0,150,a1a03e5a5c4e5e76|a1212e5edcdc9c36|81812e2e7c74e67e|81813e6e78766e78|81812e6e78766e3e,1080,aihub_source_suffix:256_54171,,video,차대차_직선도로,,,storage/vision/staging/per_label_300/raw/car_vs_car/aihub_train_00012327.mp4,True,,classification_frame_extraction,full_candidate,0a9c46666a844ca9bfdff3e079766d3dc6b70db4eaa860c4edd028a175f8151b,Ai_Hub/Train,Ai_Hub/Train/TS_차대차_영상_직선도로/bb_1_170604_vehicle_256_54171.mp4,,train,,,,,,1920
aihub_train_00003934,TS_차대차_영상_T자형교차로,car_vs_car,Ai_Hub,https://drive.google.com/uc?id=1mGFhyY2TU2NQoaAUzyJyNZdW2zdHyyYh,10.0,,,.mp4,bb_1_170505_vehicle_116_055.mp4,15.0,150,030b6074d5be6faa|a9ab7256553545d2|898d6c605b9af33a|2b6d6d52d09633ac|2b6d6d52d09633ac,1080,aihub_source_suffix:116_055,,video,차대차_T자형교차로,,,storage/vision/staging/per_label_300/raw/car_vs_car/aihub_train_00003934.mp4,True,,classification_frame_extraction,full_candidate,fcfc2fb0f502ea6bb890df45adda962ac46b640585a909570a664ea6923ae6a1,Ai_Hub/Train,Ai_Hub/Train/TS_차대차_영상_T자형교차로/bb_1_170505_vehicle_116_055.mp4,,train,,,,,,1920
aihub_train_00011739,TS_차대차_영상_직선도로,car_vs_car,Ai_Hub,https://drive.google.com/uc?id=1Vjy-DXvLPvXZ_WuC0I2Nyu9EvQhQMra-,10.0,,,.mp4,bb_1_160715_vehicle_203_53144.mp4,15.0,150,8679867f8c721dc2|c63bc43b8c718e78|9c639c639c679866|c47b803fc51c63dc|c67982783fc23fc0,926,aihub_source_suffix:203_53144,,video,차대차_직선도로,,,storage/vision/staging/per_label_300/raw/car_vs_car/aihub_train_00011739.mp4,True,,classification_frame_extraction,full_candidate,b63f039234f476684b153c38fe7b5c08e238352029ad39cfaac7e5eff826e7a8,Ai_Hub/Train,Ai_Hub/Train/TS_차대차_영상_직선도로/bb_1_160715_vehicle_203_53144.mp4,,test,,,,,,1920
aihub_train_00008123,TS_차대차_영상_사거리교차로(신호등있음),car_vs_car,Ai_Hub,https://drive.google.com/uc?id=1vMli65uiVWpaBosi8Yqs1vvM4TkciUrI,10.0,,,.mp4,bb_1_190516_vehicle_119_290.mp4,15.0,150,b262cd98cc8d33e6|a6332cfb24716f60|b8460fbe43b1ee42|ba4205bee715ace2|ba424dbe4337ae42,1080,aihub_source_suffix:119_290,,video,차대차_사거리교차로(신호등있음),,,storage/vision/staging/per_label_300/raw/car_vs_car/aihub_train_00008123.mp4,True,,classification_frame_extraction,full_candidate,832b5933c0ff08111a1e1761b7f409683d436c62f15d2d817a97929ff040c62b,Ai_Hub/Train,Ai_Hub/Train/TS_차대차_영상_사거리교차로(신호등있음)/bb_1_190516_vehicle_119_290.mp4,,train,,,,,,1920
aihub_train_00007746,TS_차대차_영상_사거리교차로(신호등있음),car_vs_car,Ai_Hub,https://drive.google.com/uc?id=1pg_lf7ubSFRh_W75b48kebUY0XD2RuL0,10.0,,,.mp4,bb_1_170403_vehicle_145_113.mp4,15.0,150,cd5af7416bc8e980|89882e1676de7a6a|c5c4656d2e926f2c|899ccdd3aac077b0|899ccdd3aac077b0,1080,aihub_source_suffix:145_113,,video,차대차_사거리교차로(신호등있음),,,storage/vision/staging/per_label_300/raw/car_vs_car/aihub_train_00007746.mp4,True,,classification_frame_extraction,full_candidate,80d77d033651c27d3ff48403572a27a1056a639c39ae30194f089a08d9c8a990,Ai_Hub/Train,Ai_Hub/Train/TS_차대차_영상_사거리교차로(신호등있음)/bb_1_170403_vehicle_145_113.mp4,,train,,,,,,1920
aihub_train_00005663,TS_차대차_영상_고속도로(자동차전용도로)포함,car_vs_car,Ai_Hub,https://drive.google.com/uc?id=18Zv8YiHWnevJwJS8e6NcvJ0wiXhdv-d9,10.0,,,.mp4,bb_3_160709_vehicle_206_20337.mp4,15.0,150,81806e7e5e5ed2d4|8180667e5a5adaf6|8180666e7c7adad6|8180766e6c78dade|8180766e6c78dade,1080,aihub_source_suffix:206_20337,,video,차대차_고속도로(자동차전용도로)포함,,,storage/vision/staging/per_label_300/raw/car_vs_car/aihub_train_00005663.mp4,True,,classification_frame_extraction,full_candidate,cfe2f6c09b90d40d5de6ebcbb42fd10bd093079c07479cb8a3c18db7f3c7747a,Ai_Hub/Train,Ai_Hub/Train/TS_차대차_영상_고속도로(자동차전용도로)포함/bb_3_160709_vehicle_206_20337.mp4,,train,,,,,,1920
aihub_train_00010332,TS_차대차_영상_직선도로,car_vs_car,Ai_Hub,https://drive.google.com/uc?id=1Yy_32rXsOWmvfqTjeh-P9_Q7VVSyw0B5,10.0,,,.mp4,bb_1_130314_vehicle_251_55214.mp4,15.0,150,9797d7666ca98828|971755642cabae38|9797554c2ceb8a38|3535d14cac4b2eb6|2535d9d888ada65e,616,aihub_source_suffix:251_55214,,video,차대차_직선도로,,,storage/vision/staging/per_label_300/raw/car_vs_car/aihub_train_00010332.mp4,True,,classification_frame_extraction,full_candidate,94c4f670d373a57d392921e2d8b019f9594477477aec14f5c0403cffdef18207,Ai_Hub/Train,Ai_Hub/Train/TS_차대차_영상_직선도로/bb_1_130314_vehicle_251_55214.mp4,,val,,,,,,1280
aihub_train_00012603,TS_차대차_영상_직선도로,car_vs_car,Ai_Hub,https://drive.google.com/uc?id=1kWCGFeLdtQlBuKqCvumXcLJaJCg4K4zd,10.0,,,.mp4,bb_1_170916_vehicle_255_53125.mp4,15.0,150,85b7a46a7e1c6b06|f993977818162ee2|9fb1a6f63f1c2202|a1859b463f74b670|f6f901823b06be1e,616,aihub_source_suffix:255_53125,,video,차대차_직선도로,,,storage/vision/staging/per_label_300/raw/car_vs_car/aihub_train_00012603.mp4,True,,classification_frame_extraction,full_candidate,f79086ad7c04a70f36c9aca205da326f3cb45243d3fd4ed04aa87f56f5e3652f,Ai_Hub/Train,Ai_Hub/Train/TS_차대차_영상_직선도로/bb_1_170916_vehicle_255_53125.mp4,,train,,,,,,1280
aihub_train_00013720,TS_차대차_영상_직선도로,car_vs_car,Ai_Hub,https://drive.google.com/uc?id=1B2vZEviUK45MDt5gyDm-Vr15uBgckGr4,10.0,,,.mp4,bb_1_190306_vehicle_259_43102.mp4,15.0,150,5950b4babb6b4954|595aa6b9b96b4350|5b5898b3b36b4954|189caf56a72b5ca4|189c2f56a73b54a6,926,aihub_source_suffix:259_43102,,video,차대차_직선도로,,,storage/vision/staging/per_label_300/raw/car_vs_car/aihub_train_00013720.mp4,True,,classification_frame_extraction,full_candidate,d0c6c588cce4de567bc9f02424339129b7f7b6b5f323ce32204901512f1358ca,Ai_Hub/Train,Ai_Hub/Train/TS_차대차_영상_직선도로/bb_1_190306_vehicle_259_43102.mp4,,test,,,,,,1920
aihub_train_00015693,TS_차대차_영상_회전교차로,car_vs_car,Ai_Hub,https://drive.google.com/uc?id=14JaKT_X4872lEsrMGGEEphW62VvmJsGl,10.0,,,.mp4,bb_1_200206_vehicle_46_319.mp4,15.0,150,2b2a8e5635785f86|297a6a6d9d62a788|532ad451a54eddf0|bf7e46c8912465ca|e33efcc601e07f10,664,aihub_source_suffix:46_319,,video,차대차_회전교차로,,,storage/vision/staging/per_label_300/raw/car_vs_car/aihub_train_00015693.mp4,True,,classification_frame_extraction,full_candidate,2da745444edd80932d66ea3242ce9286d0da99df68584470b70ff99d7fe8372d,Ai_Hub/Train,Ai_Hub/Train/TS_차대차_영상_회전교차로/bb_1_200206_vehicle_46_319.mp4,,train,,,,,,1184
aihub_train_00001245,TS_차대이륜차_영상_사거리교차로(신호등있음),car_vs_motorcycle,Ai_Hub,https://drive.google.com/uc?id=1pvc0lYLLRCdqXTd9N7EuYeILVRkdpdHQ,10.0,,,.mp4,bb_1_180324_two-wheeled-vehicle_218_20910.mp4,15.0,150,2864c99cd74a7b3c|0a6cc5b2f3ca798c|296464b2d5ce739a|2af4d53663ca9a34|884e94f46ba87f92,1080,aihub_source_suffix:218_20910,,video,차대이륜차_사거리교차로(신호등있음),,,storage/vision/staging/per_label_300/raw/car_vs_motorcycle/aihub_train_00001245.mp4,True,,classification_frame_extraction,full_candidate,aaed9de60e5f97b562b1b0ffa9ba5c04e7e798b559fa56cd74d8ea7f105cf06c,Ai_Hub/Train,Ai_Hub/Train/TS_차대이륜차_영상_사거리교차로(신호등있음)/bb_1_180324_two-wheeled-vehicle_218_20910.mp4,,train,,,,,,1920
aihub_train_00012890,TS_차대차_영상_직선도로,car_vs_car,Ai_Hub,https://drive.google.com/uc?id=1s040vza7xi1wdahEEGIDzEo6pw1hGf3O,10.0,,,.mp4,bb_1_180203_vehicle_260_55759.mp4,15.0,150,2b7914daa9b4c25e|2d3d0e5853365d66|2b3b0ed9c738869c|0b3b94c64f38db4c|0b3b94c65f18db4c,926,aihub_source_suffix:260_55759,,video,차대차_직선도로,,,storage/vision/staging/per_label_300/raw/car_vs_car/aihub_train_00012890.mp4,True,,classification_frame_extraction,full_candidate,bdf1dfa2eef7f006ca4c70adfe1166de42e810438f65d7951b67023c3633f967,Ai_Hub/Train,Ai_Hub/Train/TS_차대차_영상_직선도로/bb_1_180203_vehicle_260_55759.mp4,,train,,,,,,1920
aihub_train_00012652,TS_차대차_영상_직선도로,car_vs_car,Ai_Hub,https://drive.google.com/uc?id=1_g9h1CH5JgLxWiUPTtzh3iTCuQW7v8UC,10.0,,,.mp4,bb_1_171002_vehicle_243_21563.mp4,15.0,150,a5a9885e783e32ce|2b8f92f0c5713ae8|0b7980f8ec3f3a0e|0b7980f8ec3f3a0e|0b7980f8ec3f3a0e,926,aihub_source_suffix:243_21563,,video,차대차_직선도로,,,storage/vision/staging/per_label_300/raw/car_vs_car/aihub_train_00012652.mp4,True,,classification_frame_extraction,full_candidate,0e9a665691515b6709535b126c9f559d939615270a6af278940f8f6646164c03,Ai_Hub/Train,Ai_Hub/Train/TS_차대차_영상_직선도로/bb_1_171002_vehicle_243_21563.mp4,,val,,,,,,1920
aihub_train_00008074,TS_차대차_영상_사거리교차로(신호등있음),car_vs_car,Ai_Hub,https://drive.google.com/uc?id=1fiIOHEfAw0Y9iPfyaCdGNQwuqb2er3CC,10.0,,,.mp4,bb_1_190130_vehicle_195_181.mp4,15.0,150,bff7228219794a2c|bbd7e26018bca742|fbf303a31ec70138|b32366c5803ab7ec|93635445883ab7fc,1080,aihub_source_suffix:195_181,,video,차대차_사거리교차로(신호등있음),,,storage/vision/staging/per_label_300/raw/car_vs_car/aihub_train_00008074.mp4,True,,classification_frame_extraction,full_candidate,e641ee6fcbb844deb9c31a57d95f2d8e424fb3008d2deb4c01a4d87f2b3b03c2,Ai_Hub/Train,Ai_Hub/Train/TS_차대차_영상_사거리교차로(신호등있음)/bb_1_190130_vehicle_195_181.mp4,,train,,,,,,1920
aihub_train_00001788,TS_차대이륜차_영상_직선도로,car_vs_motorcycle,Ai_Hub,https://drive.google.com/uc?id=1thg2j-hM1hZ5jZJFflOlsRIO_6qKP5d4,10.0,,,.mp4,bb_1_170611_two-wheeled-vehicle_221_21649.mp4,15.0,150,83bf8bcc0ec1f03a|a1b90bcd8dc5c3e2|819b3bc50e60f79c|81fd06a71ad8e3d8|c9d10ff027f1323c,926,aihub_source_suffix:221_21649,,video,차대이륜차_직선도로,,,storage/vision/staging/per_label_300/raw/car_vs_motorcycle/aihub_train_00001788.mp4,True,,classification_frame_extraction,full_candidate,487ecc247708d7a9a3741b6569dba3d3c872f419897141db9339cefc35086904,Ai_Hub/Train,Ai_Hub/Train/TS_차대이륜차_영상_직선도로/bb_1_170611_two-wheeled-vehicle_221_21649.mp4,,test,,,,,,1920
aihub_train_00015508,TS_차대차_영상_차도와차도가아닌장소,car_vs_car,Ai_Hub,https://drive.google.com/uc?id=1LxgERGio8nJo5SDZAGZzXhJNZjMAf_33,10.0,,,.mp4,bb_1_210613_vehicle_145_155.mp4,15.0,150,01607ffae02fcf50|81a0fffe4147fc40|81907f5e84a57bd2|81487f9648a7fa78|81487f9e48a7ba78,1080,aihub_source_suffix:145_155,,video,차대차_차도와차도가아닌장소,,,storage/vision/staging/per_label_300/raw/car_vs_car/aihub_train_00015508.mp4,True,,classification_frame_extraction,full_candidate,d6df6c68a9804c1e21fadd95bdb8c88566c4c631814b9443011de2e8d5bb16eb,Ai_Hub/Train,Ai_Hub/Train/TS_차대차_영상_차도와차도가아닌장소/bb_1_210613_vehicle_145_155.mp4,,train,,,,,,1920
aihub_train_00006945,TS_차대차_영상_사거리교차로(신호등없음),car_vs_car,Ai_Hub,https://drive.google.com/uc?id=1cXbPf_QfJ2pmIVNHkpcA6QUKwkRQdXxh,10.0,,,.mp4,bb_1_220427_vehicle_203_24565.mp4,15.0,150,b9bbe7650188e698|1b99e6ed194c54a6|7b7b7858c0e5a702|7b7b7858c0e5a702|7b7b7858c0e5a702,926,aihub_source_suffix:203_24565,,video,차대차_사거리교차로(신호등없음),,,storage/vision/staging/per_label_300/raw/car_vs_car/aihub_train_00006945.mp4,True,,classification_frame_extraction,full_candidate,19f088a858456c7be11b7ae31ca2a3e9582f22c62d5e4f6d631fcc2e6a63474c,Ai_Hub/Train,Ai_Hub/Train/TS_차대차_영상_사거리교차로(신호등없음)/bb_1_220427_vehicle_203_24565.mp4,,train,,,,,,1920
aihub_train_00005415,TS_차대차_영상_고속도로(자동차전용도로)포함,car_vs_car,Ai_Hub,https://drive.google.com/uc?id=1v3wIlhXt74jFGRYtcM_S6NhHwQUaraiv,10.0,,,.mp4,bb_1_220114_vehicle_260_21689.mp4,15.0,150,2d2cda9670dad2cc|2d28d296cad2d6ce|2d28d296ccd2d6e6|2d28d296ced2d2e6|2d28d296cad6d2e6,1080,aihub_source_suffix:260_21689,,video,차대차_고속도로(자동차전용도로)포함,,,storage/vision/staging/per_label_300/raw/car_vs_car/aihub_train_00005415.mp4,True,,classification_frame_extraction,full_candidate,448d8b315a750f174bfbfe170cba4ff2cc313818ea0b10f02391b2a63b1f4591,Ai_Hub/Train,Ai_Hub/Train/TS_차대차_영상_고속도로(자동차전용도로)포함/bb_1_220114_vehicle_260_21689.mp4,,test,,,,,,1920
aihub_train_00001763,TS_차대이륜차_영상_직선도로,car_vs_motorcycle,Ai_Hub,https://drive.google.com/uc?id=1ocm7J0wIi9Xbaq8f399j7rfrGjFBZKfu,10.0,,,.mp4,bb_1_170101_two-wheeled-vehicle_219_22390.mp4,15.0,150,232e739adda4ccd0|2b6ad79fd0c4cc48|212c7c9ed3e26cd8|3a6cd59ac1947674|292cdf8ab6965c70,1080,aihub_source_suffix:219_22390,,video,차대이륜차_직선도로,,,storage/vision/staging/per_label_300/raw/car_vs_motorcycle/aihub_train_00001763.mp4,True,,classification_frame_extraction,full_candidate,233d6cb896ab945f9d5d7380d57d531f899aca63bd03f79ab1341c83277266c7,Ai_Hub/Train,Ai_Hub/Train/TS_차대이륜차_영상_직선도로/bb_1_170101_two-wheeled-vehicle_219_22390.mp4,,train,,,,,,1920
aihub_train_00008292,TS_차대차_영상_사거리교차로(신호등있음),car_vs_car,Ai_Hub,https://drive.google.com/uc?id=1w3E9hBTygJlLbSuQgD1T5U7GUEepVYdQ,10.0,,,.mp4,bb_1_200413_vehicle_256_21471.mp4,15.0,150,998cec7666723076|99b1e24a6e4e5c5c|a13072c67edccc5c|a13072c67edccc5c|213132ceeedccc5c,1080,aihub_source_suffix:256_21471,,video,차대차_사거리교차로(신호등있음),,,storage/vision/staging/per_label_300/raw/car_vs_car/aihub_train_00008292.mp4,True,,classification_frame_extraction,full_candidate,f7a9ed3e78ed4a74baaf111c15f9e8012a14a5c064f052185bab38d0b510ced9,Ai_Hub/Train,Ai_Hub/Train/TS_차대차_영상_사거리교차로(신호등있음)/bb_1_200413_vehicle_256_21471.mp4,,train,,,,,,1920
aihub_train_00005738,TS_차대차_영상_고속도로(자동차전용도로)포함,car_vs_car,Ai_Hub,https://drive.google.com/uc?id=1k9k3QhIeAYExmGUZh6EgfPqeXVsqbEX0,10.0,,,.mp4,bb_3_180120_vehicle_260_21924.mp4,15.0,150,3d2cc2d3978e4e52|3524cecad2d65e98|3d2cc2d2f66c48da|3d2cc2d2f66c48da|3d2cc6d2766c6872,1080,aihub_source_suffix:260_21924,,video,차대차_고속도로(자동차전용도로)포함,,,storage/vision/staging/per_label_300/raw/car_vs_car/aihub_train_00005738.mp4,True,,classification_frame_extraction,full_candidate,53529fd4e5927e9622f75ed43a76cb8d6b3904879f05503b49da00fc4d3cc483,Ai_Hub/Train,Ai_Hub/Train/TS_차대차_영상_고속도로(자동차전용도로)포함/bb_3_180120_vehicle_260_21924.mp4,,train,,,,,,1920
aihub_train_00003221,TS_차대자전거_영상_직선도로,car_vs_bicycle,Ai_Hub,https://drive.google.com/uc?id=15GUrK4q9H4q7Cd-xQ34fAEioZccHvYpi,10.0,,,.mp4,bb_1_181130_bike_118_011.mp4,15.0,150,8ac6f43959c7c718|807f1ae10ef9273c|827f8ce11ef0ce38|926d8c6d92f26c5c|926d8c6d92f26c5c,1080,aihub_source_suffix:118_011,,video,차대자전거_직선도로,,,storage/vision/staging/per_label_300/raw/car_vs_bicycle/aihub_train_00003221.mp4,True,,classification_frame_extraction,full_candidate,7dd54fdde70319cfb6d9604d5cdc23a34a8c1d875f42a2631881d1e829d431cc,Ai_Hub/Train,Ai_Hub/Train/TS_차대자전거_영상_직선도로/bb_1_181130_bike_118_011.mp4,,train,,,,,,1920
aihub_train_00002039,TS_차대이륜차_영상_직선도로,car_vs_motorcycle,Ai_Hub,https://drive.google.com/uc?id=1P8yIT7WHAoav8tkC9s_WLVrJPewOmLMT,10.0,,,.mp4,bb_1_200727_two-wheeled-vehicle_254_21903.mp4,15.0,150,3327285996b58eea|9b3b2e6d0ce91664|393d246c96d1ca76|991f266726acac74|991f266726acac74,926,aihub_source_suffix:254_21903,,video,차대이륜차_직선도로,,,storage/vision/staging/per_label_300/raw/car_vs_motorcycle/aihub_train_00002039.mp4,True,,classification_frame_extraction,full_candidate,645264e4a2b4ae5f17fe5e865dee8799f5549d30c077db3a2b33c388d3a300b9,Ai_Hub/Train,Ai_Hub/Train/TS_차대이륜차_영상_직선도로/bb_1_200727_two-wheeled-vehicle_254_21903.mp4,,val,,,,,,1920
aihub_train_00004377,TS_차대차_영상_T자형교차로,car_vs_car,Ai_Hub,https://drive.google.com/uc?id=1T9TSYXQlIluR3N791CoiM5sPqEDPbwIO,10.0,,,.mp4,bb_1_210414_vehicle_209_25107.mp4,15.0,150,9b9fb2c347b50458|39bdb6dacb851580|81917e77827e35c2|9fbfe6c10120e53c|9f97e4e10964751c,926,aihub_source_suffix:209_25107,,video,차대차_T자형교차로,,,storage/vision/staging/per_label_300/raw/car_vs_car/aihub_train_00004377.mp4,True,,classification_frame_extraction,full_candidate,964510d70ad89ad440efed2b967e84c9af9bccc0be1f473895cc9072dff5bc7d,Ai_Hub/Train,Ai_Hub/Train/TS_차대차_영상_T자형교차로/bb_1_210414_vehicle_209_25107.mp4,,train,,,,,,1920
aihub_train_00004560,TS_차대차_영상_T자형교차로,car_vs_car,Ai_Hub,https://drive.google.com/uc?id=1__zZNxL-VuNIyYKH1lpoTqIhhY0-XRlh,10.0,,,.mp4,bb_3_150506_vehicle_40_033.mp4,15.0,150,0b2a6ef4d98b6670|292a6ada93ac6cda|232a6a76b796487a|292a4a7ab5a4ce7a|292a4a7ab5a4ce7a,1080,aihub_source_suffix:40_033,,video,차대차_T자형교차로,,,storage/vision/staging/per_label_300/raw/car_vs_car/aihub_train_00004560.mp4,True,,classification_frame_extraction,full_candidate,a7db68a2d9bc6912c839045fb99208eac151f0384c4471cdb8607a24fb255a3e,Ai_Hub/Train,Ai_Hub/Train/TS_차대차_영상_T자형교차로/bb_3_150506_vehicle_40_033.mp4,,train,,,,,,1920
aihub_train_00010818,TS_차대차_영상_직선도로,car_vs_car,Ai_Hub,https://drive.google.com/uc?id=16DPoUbrlmXrizUpas_sI_N6O6JzzJzSh,10.0,,,.mp4,bb_1_140830_vehicle_113_080.mp4,15.0,150,8989cde2723acd8e|8989cde2723acd8e|8989cde2703acf8e|8989cde2683acf8e|8989cde2623add8e,1080,aihub_source_suffix:113_080,,video,차대차_직선도로,,,storage/vision/staging/per_label_300/raw/car_vs_car/aihub_train_00010818.mp4,True,,classification_frame_extraction,full_candidate,8e9ad13c3e10475fc7b1d0bacb43d02d97532ed0625433ff744b80d532efb42c,Ai_Hub/Train,Ai_Hub/Train/TS_차대차_영상_직선도로/bb_1_140830_vehicle_113_080.mp4,,test,,,,,,1920
aihub_train_00005839,TS_차대차_영상_고속도로(자동차전용도로)포함,car_vs_car,Ai_Hub,https://drive.google.com/uc?id=1B5yyucG25_96fqVGLXKZuyg_ztdYqEd7,10.0,,,.mp4,bb_3_200205_vehicle_29_327.mp4,15.0,150,bddca3227266cd24|bfd583021e3e7c60|290a0ef5fef4d406|0f02abfea0aab4f8|0f02a9fea0eab4f8,1080,aihub_source_suffix:29_327,,video,차대차_고속도로(자동차전용도로)포함,,,storage/vision/staging/per_label_300/raw/car_vs_car/aihub_train_00005839.mp4,True,,classification_frame_extraction,full_candidate,13309c931c3a8d0a42e36eefc9ca19dc8cb1e3da236f020324cc50add0d7c4b3,Ai_Hub/Train,Ai_Hub/Train/TS_차대차_영상_고속도로(자동차전용도로)포함/bb_3_200205_vehicle_29_327.mp4,,test,,,,,,1920
aihub_train_00005166,TS_차대차_영상_고속도로(자동차전용도로)포함,car_vs_car,Ai_Hub,https://drive.google.com/uc?id=1xpZvuv-RQdrGGOrBvq1XyLWDBK83JCfI,10.0,,,.mp4,bb_1_190627_vehicle_141_224.mp4,15.0,150,96699e427d86718e|946b96647b86798a|324fb16acfb04e94|9ecd9e7ae1306132|9c61a79c619b9c72,1080,aihub_source_suffix:141_224,,video,차대차_고속도로(자동차전용도로)포함,,,storage/vision/staging/per_label_300/raw/car_vs_car/aihub_train_00005166.mp4,True,,classification_frame_extraction,full_candidate,b8fe1c5fb96a3ab9d1d2ff231cccd21fda5901b41d1c2b83b28c1c50b3c857b4,Ai_Hub/Train,Ai_Hub/Train/TS_차대차_영상_고속도로(자동차전용도로)포함/bb_1_190627_vehicle_141_224.mp4,,train,,,,,,1920
aihub_train_00012043,TS_차대차_영상_직선도로,car_vs_car,Ai_Hub,https://drive.google.com/uc?id=1tc-Q9FurqvAnQn0421rEHnbleMGDxoIt,10.0,,,.mp4,bb_1_170124_vehicle_212_54681.mp4,15.0,150,35344ccad274dce6|9b0a6c685cd6d4f4|91a0665e4e5a7e66|2b2b625cd6d49c66|2b2ae8dcdc9696c4,1080,aihub_source_suffix:212_54681,,video,차대차_직선도로,,,storage/vision/staging/per_label_300/raw/car_vs_car/aihub_train_00012043.mp4,True,,classification_frame_extraction,full_candidate,e3eb6e9e079138486beee1691eb1fb08a5980d697980f052838a4eeb2b50c4f8,Ai_Hub/Train,Ai_Hub/Train/TS_차대차_영상_직선도로/bb_1_170124_vehicle_212_54681.mp4,,val,,,,,,1920
aihub_train_00001386,TS_차대이륜차_영상_사거리교차로(신호등있음),car_vs_motorcycle,Ai_Hub,https://drive.google.com/uc?id=1s7LExu4SXCNoYLfdvr4l7Wy8NlJDobEM,10.0,,,.mp4,bb_3_120406_two-wheeled-vehicle_19_006.mp4,15.0,150,85a676b7972664e0|81a676f7972662e0|8986f63d37966360|0d8ed6943d2e7b60|2dcad695852e7b60,1080,aihub_source_suffix:19_006,,video,차대이륜차_사거리교차로(신호등있음),,,storage/vision/staging/per_label_300/raw/car_vs_motorcycle/aihub_train_00001386.mp4,True,,classification_frame_extraction,full_candidate,e0004b71193681baa69c02100ea8879f111b8d420d707f1911cf6cee4d98f42d,Ai_Hub/Train,Ai_Hub/Train/TS_차대이륜차_영상_사거리교차로(신호등있음)/bb_3_120406_two-wheeled-vehicle_19_006.mp4,,test,,,,,,1920
aihub_train_00002349,TS_차대이륜차_영상_직선도로,car_vs_motorcycle,Ai_Hub,https://drive.google.com/uc?id=1xIIsXN2zrsc0oyW2wxEb30qcWVZcCjP3,10.0,,,.mp4,bb_3_161102_two-wheeled-vehicle_124_104.mp4,15.0,150,36caa9344d33a7cc|364ea9b04d33e1dc|36c8a9b64933a3dc|36c8a9b64933a7cc|02defd22633fc14a,480,aihub_source_suffix:124_104,,video,차대이륜차_직선도로,,,storage/vision/staging/per_label_300/raw/car_vs_motorcycle/aihub_train_00002349.mp4,True,,classification_frame_extraction,full_candidate,a7dae75549d037c74c64edcdca6e460302aacf54d0435ab11bdd98107e4562a8,Ai_Hub/Train,Ai_Hub/Train/TS_차대이륜차_영상_직선도로/bb_3_161102_two-wheeled-vehicle_124_104.mp4,,train,,,,,,854
aihub_train_00015066,TS_차대차_영상_직선도로,car_vs_car,Ai_Hub,https://drive.google.com/uc?id=1lQmSB3LLWIbsbV6n4a2-ZXYVS3M436-_,10.0,,,.mp4,bb_1_210121_vehicle_203_27910.mp4,15.0,150,5854b792acad2b6a|a27255ad6813977a|5e84abec3a51f40e|bed041ecde13e04e|fe5101eede11e04e,926,aihub_source_suffix:203_27910,,video,차대차_직선도로,,,storage/vision/staging/per_label_300/raw/car_vs_car/aihub_train_00015066.mp4,True,,classification_frame_extraction,full_candidate,d34249f9ba758fd2b7bc6605e68f438977d587c1877f396c3b79b49badc727fd,Ai_Hub/Train,Ai_Hub/Train/TS_차대차_영상_직선도로/bb_1_210121_vehicle_203_27910.mp4,,val,,,,,,1920
aihub_train_00014589,TS_차대차_영상_직선도로,car_vs_car,Ai_Hub,https://drive.google.com/uc?id=1Oa8ilnlCgApGiSjMF2S5UI3BjpW_W4_R,10.0,,,.mp4,bb_1_200516_vehicle_215_45662.mp4,15.0,150,2b2b2f4ec2d27370|939383c6c68d9f16|b3b3a33332c6c60e|272763496dccda34|27276f4d434b5b12,926,aihub_source_suffix:215_45662,,video,차대차_직선도로,,,storage/vision/staging/per_label_300/raw/car_vs_car/aihub_train_00014589.mp4,True,,classification_frame_extraction,full_candidate,126d7f09b3e56207b4a25381447d002e8318abb1ef2aed566d46c324a11f3293,Ai_Hub/Train,Ai_Hub/Train/TS_차대차_영상_직선도로/bb_1_200516_vehicle_215_45662.mp4,,val,,,,,,1920
aihub_train_00002114,TS_차대이륜차_영상_직선도로,car_vs_motorcycle,Ai_Hub,https://drive.google.com/uc?id=1e1XdodvAUZHF7atL4Cfm6PUXI-lEwoDr,10.0,,,.mp4,bb_1_210510_two-wheeled-vehicle_260_21845.mp4,15.0,150,2b6ad6972b28e4b4|3332d2dbcc6c64cc|c34a6ec5b4b4e49c|b1b0721e0e6e6dcc|292cf4d69692d3ca,1080,aihub_source_suffix:260_21845,,video,차대이륜차_직선도로,,,storage/vision/staging/per_label_300/raw/car_vs_motorcycle/aihub_train_00002114.mp4,True,,classification_frame_extraction,full_candidate,725772e6030e925ee3a8571f9c4a5dc24b47da066f81decc0932c087bba8023b,Ai_Hub/Train,Ai_Hub/Train/TS_차대이륜차_영상_직선도로/bb_1_210510_two-wheeled-vehicle_260_21845.mp4,,val,,,,,,1920
aihub_train_00007888,TS_차대차_영상_사거리교차로(신호등있음),car_vs_car,Ai_Hub,https://drive.google.com/uc?id=1oM7gAHIE0eLxKkjJ08DseW0scQXJgnwl,10.0,,,.mp4,bb_1_180203_vehicle_237_20679.mp4,15.0,150,927cc72e78d10f62|265ec33cd8d137a4|8e78718e79879a70|8678f18679a79278|8678798679a79278,1080,aihub_source_suffix:237_20679,,video,차대차_사거리교차로(신호등있음),,,storage/vision/staging/per_label_300/raw/car_vs_car/aihub_train_00007888.mp4,True,,classification_frame_extraction,full_candidate,94df39bc6f2f756e78873022b85b0031c6f6d0d4b25774ffc73108dc85281f33,Ai_Hub/Train,Ai_Hub/Train/TS_차대차_영상_사거리교차로(신호등있음)/bb_1_180203_vehicle_237_20679.mp4,,train,,,,,,1920
aihub_train_00011320,TS_차대차_영상_직선도로,car_vs_car,Ai_Hub,https://drive.google.com/uc?id=11To2tWt2aNUqe5lr1unbqE2HM5-QyLnQ,10.0,,,.mp4,bb_1_151016_vehicle_118_132.mp4,15.0,150,abbc5442b99c6f06|adfa4240fd9a6706|bdaa6250bd9c7702|abb69442f99d6b02|addac264fd9a6304,1080,aihub_source_suffix:118_132,,video,차대차_직선도로,,,storage/vision/staging/per_label_300/raw/car_vs_car/aihub_train_00011320.mp4,True,,classification_frame_extraction,full_candidate,319967804f012e62a54a288634bcc0ba162bab4049dfffa9952d39ea0e8479af,Ai_Hub/Train,Ai_Hub/Train/TS_차대차_영상_직선도로/bb_1_151016_vehicle_118_132.mp4,,train,,,,,,1920
aihub_train_00014470,TS_차대차_영상_직선도로,car_vs_car,Ai_Hub,https://drive.google.com/uc?id=1C8Ktg1qyYpZey4dEQchoOrZi56udlldk,10.0,,,.mp4,bb_1_200322_vehicle_227_55724.mp4,15.0,150,9787c478392d6e4a|b5a5cdf2791e4602|31a5c1c0f9397c5e|31a1c5c2f1396f2e|31a5c5c2f1396d2e,926,aihub_source_suffix:227_55724,,video,차대차_직선도로,,,storage/vision/staging/per_label_300/raw/car_vs_car/aihub_train_00014470.mp4,True,,classification_frame_extraction,full_candidate,ee6e0088c9a7f78579f3fdee930509d3c183d935c944a95b6b2a5966946319a2,Ai_Hub/Train,Ai_Hub/Train/TS_차대차_영상_직선도로/bb_1_200322_vehicle_227_55724.mp4,,train,,,,,,1920
aihub_train_00004234,TS_차대차_영상_T자형교차로,car_vs_car,Ai_Hub,https://drive.google.com/uc?id=1pLzVVIwHucY4fS82FSN0IePFI7oCN_HR,10.0,,,.mp4,bb_1_190925_vehicle_254_30186.mp4,15.0,150,090ae6f6f65c5cd0|090ae2f6f65cc8f4|0b0ae6f4f4784adc|0b0a66f4f4784ade|0b0ae6f4f4784adc,1080,aihub_source_suffix:254_30186,,video,차대차_T자형교차로,,,storage/vision/staging/per_label_300/raw/car_vs_car/aihub_train_00004234.mp4,True,,classification_frame_extraction,full_candidate,200c02d9bcf49302aefc6c18a19ee0a423f5f1b5d13d4df9b356335ad1f20512,Ai_Hub/Train,Ai_Hub/Train/TS_차대차_영상_T자형교차로/bb_1_190925_vehicle_254_30186.mp4,,train,,,,,,1920
aihub_train_00011153,TS_차대차_영상_직선도로,car_vs_car,Ai_Hub,https://drive.google.com/uc?id=1HcSufm5fSdK6lUjS6f_hAKq64md9OPGk,10.0,,,.mp4,bb_1_150610_vehicle_129_284.mp4,15.0,150,86938be67da07570|b9d183a665a27f30|acbd8de6d5a0e1a0|a81b0fc6f7a06da8|2e1f8bc6dfa06928,1080,aihub_source_suffix:129_284,,video,차대차_직선도로,,,storage/vision/staging/per_label_300/raw/car_vs_car/aihub_train_00011153.mp4,True,,classification_frame_extraction,full_candidate,a37977d227a67d1746894d33335d7452064a934c9cd4a8b9d15ebcaf06fc3ea8,Ai_Hub/Train,Ai_Hub/Train/TS_차대차_영상_직선도로/bb_1_150610_vehicle_129_284.mp4,,val,,,,,,1920
aihub_train_00006613,TS_차대차_영상_사거리교차로(신호등없음),car_vs_car,Ai_Hub,https://drive.google.com/uc?id=1j7lOSD74jv-dilabSg7gNLu5gnr9jekq,10.0,,,.mp4,bb_1_190427_vehicle_126_183.mp4,15.0,150,39390b6cf4844fb6|2b3adba075974266|0b8af3a8e4373ec8|8b0bf9bae20f0e62|a1e05b2a3293feac,1080,aihub_source_suffix:126_183,,video,차대차_사거리교차로(신호등없음),,,storage/vision/staging/per_label_300/raw/car_vs_car/aihub_train_00006613.mp4,True,,classification_frame_extraction,full_candidate,9150fb7e07111da860fca9be4e8552faa22b957c5c1e4f3215d80b72bf372fa5,Ai_Hub/Train,Ai_Hub/Train/TS_차대차_영상_사거리교차로(신호등없음)/bb_1_190427_vehicle_126_183.mp4,,train,,,,,,1920
aihub_train_00003923,TS_차대차_영상_T자형교차로,car_vs_car,Ai_Hub,https://drive.google.com/uc?id=1plp817SdQoD0L1R1d0KtSKXGF5TBbI-o,10.0,,,.mp4,bb_1_170405_vehicle_111_059.mp4,15.0,150,cb8d1d48b6eb52a2|a5ad56356e955e10|c3f9e4802fcf382c|ebf7f4010769c434|ebf7f4010769c434,1080,aihub_source_suffix:111_059,,video,차대차_T자형교차로,,,storage/vision/staging/per_label_300/raw/car_vs_car/aihub_train_00003923.mp4,True,,classification_frame_extraction,full_candidate,82a784eca219f5843ed5493be1fa5628020d8700b877345bb7254ac145bbc48c,Ai_Hub/Train,Ai_Hub/Train/TS_차대차_영상_T자형교차로/bb_1_170405_vehicle_111_059.mp4,,train,,,,,,1920
aihub_train_00013662,TS_차대차_영상_직선도로,car_vs_car,Ai_Hub,https://drive.google.com/uc?id=1N5F6NxuDvJ2549kyrAKBks_VgxBVP5Av,10.0,,,.mp4,bb_1_190206_vehicle_227_53182.mp4,15.0,150,898036766e4e7ed2|8992367660ce6eec|81883e7e7666666c|81803c7a76667e6e|81803c7e76666e6e,1080,aihub_source_suffix:227_53182,,video,차대차_직선도로,,,storage/vision/staging/per_label_300/raw/car_vs_car/aihub_train_00013662.mp4,True,,classification_frame_extraction,full_candidate,df0496c76c99c8135cac35db8854b0e090dcc2cdc50662479c6e63533a4a5d34,Ai_Hub/Train,Ai_Hub/Train/TS_차대차_영상_직선도로/bb_1_190206_vehicle_227_53182.mp4,,val,,,,,,1920
aihub_train_00001803,TS_차대이륜차_영상_직선도로,car_vs_motorcycle,Ai_Hub,https://drive.google.com/uc?id=16cglCXYria8ROlXaKCaOWwc6FVJCZ93n,10.0,,,.mp4,bb_1_170813_two-wheeled-vehicle_121_080.mp4,15.0,150,b1a5e54d6a5b186c|1f0f434742dbb86c|b9abebcb6a2d10c0|030f3f6d70d1165e|b9ab6363605994d6,720,aihub_source_suffix:121_080,,video,차대이륜차_직선도로,,,storage/vision/staging/per_label_300/raw/car_vs_motorcycle/aihub_train_00001803.mp4,True,,classification_frame_extraction,full_candidate,27fb96f97ae36c23a1670d3ac383816d24c25020d02d0ea79f0ee947d7ae5d99,Ai_Hub/Train,Ai_Hub/Train/TS_차대이륜차_영상_직선도로/bb_1_170813_two-wheeled-vehicle_121_080.mp4,,val,,,,,,1280
aihub_train_00004680,TS_차대차_영상_고속도로(자동차전용도로)포함,car_vs_car,Ai_Hub,https://drive.google.com/uc?id=107M51l3EAsduHxeYmiAd8d2rfnGp7g1B,10.0,,,.mp4,bb_1_130219_vehicle_125_064.mp4,15.0,150,27e14146f339b4b6|21f14786e531fae4|010105eaff3d7f2a|21a14181fedede4e|39b979098ed2c34e,1080,aihub_source_suffix:125_064,,video,차대차_고속도로(자동차전용도로)포함,,,storage/vision/staging/per_label_300/raw/car_vs_car/aihub_train_00004680.mp4,True,,classification_frame_extraction,full_candidate,3799a7d0ea8e1d1be21f043a176072cf4ef7a7d987b5412778c8f0c9993cf0cb,Ai_Hub/Train,Ai_Hub/Train/TS_차대차_영상_고속도로(자동차전용도로)포함/bb_1_130219_vehicle_125_064.mp4,,train,,,,,,1920
aihub_train_00015764,TS_차대차_영상_회전교차로,car_vs_car,Ai_Hub,https://drive.google.com/uc?id=1k8AfuEdscL9cFE9beBo9VLhY03kBfTAi,10.0,,,.mp4,bb_1_210811_vehicle_244_22296.mp4,15.0,150,2ba46c5af47ad494|0b84d85af46af4f4|0b84c27af46af4f4|2ba4da5ad44af4b4|0b80766ed45af4f4,1080,aihub_source_suffix:244_22296,,video,차대차_회전교차로,,,storage/vision/staging/per_label_300/raw/car_vs_car/aihub_train_00015764.mp4,True,,classification_frame_extraction,full_candidate,5388e404260831419be45915734412d4228d4060b482a8ce9821d9b516d360cc,Ai_Hub/Train,Ai_Hub/Train/TS_차대차_영상_회전교차로/bb_1_210811_vehicle_244_22296.mp4,,train,,,,,,1920
aihub_train_00007361,TS_차대차_영상_사거리교차로(신호등있음),car_vs_car,Ai_Hub,https://drive.google.com/uc?id=1FpcgecrUvJcwoyn6jI1LpDTkZVnj8deZ,10.0,,,.mp4,bb_1_140723_vehicle_39_106.mp4,15.0,150,4343cd8c8e2f0fdc|858599387a7b8ace|9995b7e2627b1c0c|999db76262791a0e|999db57262791a0e,1080,aihub_source_suffix:39_106,,video,차대차_사거리교차로(신호등있음),,,storage/vision/staging/per_label_300/raw/car_vs_car/aihub_train_00007361.mp4,True,,classification_frame_extraction,full_candidate,fe96958f292751daf4a4f9bd1741ae944a1e571f2710d27aee0521e368175b19,Ai_Hub/Train,Ai_Hub/Train/TS_차대차_영상_사거리교차로(신호등있음)/bb_1_140723_vehicle_39_106.mp4,,train,,,,,,1920
aihub_train_00007108,TS_차대차_영상_사거리교차로(신호등없음),car_vs_car,Ai_Hub,https://drive.google.com/uc?id=1o6mnXgQc6H9I2WLaA_-tjLDdNVgaNXsY,10.0,,,.mp4,bb_3_201031_vehicle_205_21713.mp4,15.0,150,33394c4cd6f4d4d4|333b4cccc66674f0|3b3b4cccc64674f0|3b3b4cccc6467670|333348cccccedc74,1080,aihub_source_suffix:205_21713,,video,차대차_사거리교차로(신호등없음),,,storage/vision/staging/per_label_300/raw/car_vs_car/aihub_train_00007108.mp4,True,,classification_frame_extraction,full_candidate,528222b4c0afa9f1045bef4285d29ecdf9b2b638b62a0cb86aed845bf9cb597b,Ai_Hub/Train,Ai_Hub/Train/TS_차대차_영상_사거리교차로(신호등없음)/bb_3_201031_vehicle_205_21713.mp4,,train,,,,,,1920
aihub_train_00015431,TS_차대차_영상_차도와차도가아닌장소,car_vs_car,Ai_Hub,https://drive.google.com/uc?id=1eKWuiv0E63DZUWr5diGVWiXg8nCOPTHl,10.0,,,.mp4,bb_1_180702_vehicle_212_41827.mp4,15.0,150,39b4caced154e29c|3938daccd52a56b4|35389acce76b5494|35389acce72b5694|3938daccd52a56b4,926,aihub_source_suffix:212_41827,,video,차대차_차도와차도가아닌장소,,,storage/vision/staging/per_label_300/raw/car_vs_car/aihub_train_00015431.mp4,True,,classification_frame_extraction,full_candidate,3876d4e164ab10ef8484d0c2ede9415f1c09c7b81dedd3f1808f173ca610e3a7,Ai_Hub/Train,Ai_Hub/Train/TS_차대차_영상_차도와차도가아닌장소/bb_1_180702_vehicle_212_41827.mp4,,train,,,,,,1920
aihub_train_00014287,TS_차대차_영상_직선도로,car_vs_car,Ai_Hub,https://drive.google.com/uc?id=1aYbRLKOCGwR1wDTPpRsWP55sfXKio0CK,10.0,,,.mp4,bb_1_191223_vehicle_141_096.mp4,15.0,150,29337817dc4b9768|2937781fdc499760|213b3bc319d6ccb4|23337855984bb5ea|2333685b984bb5ea,1080,aihub_source_suffix:141_096,,video,차대차_직선도로,,,storage/vision/staging/per_label_300/raw/car_vs_car/aihub_train_00014287.mp4,True,,classification_frame_extraction,full_candidate,f73da29d032e8fb5c231691c398849a92fc143b6d34d9e5e4984b40b0e1a6c23,Ai_Hub/Train,Ai_Hub/Train/TS_차대차_영상_직선도로/bb_1_191223_vehicle_141_096.mp4,,train,,,,,,1920
aihub_train_00015188,TS_차대차_영상_직선도로,car_vs_car,Ai_Hub,https://drive.google.com/uc?id=1_5NMIeAKE6qGrBpHKbW6b2R9KBJH-GMV,10.0,,,.mp4,bb_1_210311_vehicle_44_201.mp4,15.0,150,85956b4a5b8bad26|1987e5645f8be924|919569224fcdabb2|9197b3325545ed94|9193bb364545dd1c,1080,aihub_source_suffix:44_201,,video,차대차_직선도로,,,storage/vision/staging/per_label_300/raw/car_vs_car/aihub_train_00015188.mp4,True,,classification_frame_extraction,full_candidate,00e4dc674b3ae36080a1d69a92833780e4bca99b6eb5cd435efe5682122004b5,Ai_Hub/Train,Ai_Hub/Train/TS_차대차_영상_직선도로/bb_1_210311_vehicle_44_201.mp4,,val,,,,,,1920
aihub_train_00006958,TS_차대차_영상_사거리교차로(신호등없음),car_vs_car,Ai_Hub,https://drive.google.com/uc?id=1UR623ToEKUumzybyP-FOXd2CG1ZXZ8Aj,10.0,,,.mp4,bb_1_220612_vehicle_241_21567.mp4,15.0,150,81a0647a5ed2d6f6|81a0727a5e96f674|81a87a16d4f474fc|81a07ec8de36367c|81a07c4ede9236fc,1080,aihub_source_suffix:241_21567,,video,차대차_사거리교차로(신호등없음),,,storage/vision/staging/per_label_300/raw/car_vs_car/aihub_train_00006958.mp4,True,,classification_frame_extraction,full_candidate,e5f5fe4b931f20c7270aecc2650bc020b4fc2b971b0e5a6a365e5e51a699d0b3,Ai_Hub/Train,Ai_Hub/Train/TS_차대차_영상_사거리교차로(신호등없음)/bb_1_220612_vehicle_241_21567.mp4,,val,,,,,,1920
aihub_train_00014322,TS_차대차_영상_직선도로,car_vs_car,Ai_Hub,https://drive.google.com/uc?id=1N6i0LjhDnKuPQy9rZvG9anovVwpe6pxT,10.0,,,.mp4,bb_1_200115_vehicle_131_187.mp4,15.0,150,8981f0f47e1f5654|8d89f9786a05aab6|8181797efe95806e|9b8974366f8af064|93937c246f1fd860,1080,aihub_source_suffix:131_187,,video,차대차_직선도로,,,storage/vision/staging/per_label_300/raw/car_vs_car/aihub_train_00014322.mp4,True,,classification_frame_extraction,full_candidate,dc1d50843a86555287635fc91210afa620c678b8d0e846c087cd7f92baf178e8,Ai_Hub/Train,Ai_Hub/Train/TS_차대차_영상_직선도로/bb_1_200115_vehicle_131_187.mp4,,train,,,,,,1920
aihub_train_00005399,TS_차대차_영상_고속도로(자동차전용도로)포함,car_vs_car,Ai_Hub,https://drive.google.com/uc?id=1ZchLRbwNh3dhefmvdUTSs9UHwFzuSY9a,10.0,,,.mp4,bb_1_211107_vehicle_230_21552.mp4,15.0,150,3b696930c4d696ce|6b6ca4da94dcd294|6b2cb4dad494d2d2|24dcdb28db372c16|24dcdb28db372c16,1080,aihub_source_suffix:230_21552,,video,차대차_고속도로(자동차전용도로)포함,,,storage/vision/staging/per_label_300/raw/car_vs_car/aihub_train_00005399.mp4,True,,classification_frame_extraction,full_candidate,d6b9537d7bd1ab8613b5e151e7d810ed650ac33726a883b84fef9150d27081bc,Ai_Hub/Train,Ai_Hub/Train/TS_차대차_영상_고속도로(자동차전용도로)포함/bb_1_211107_vehicle_230_21552.mp4,,test,,,,,,1920
aihub_train_00001721,TS_차대이륜차_영상_직선도로,car_vs_motorcycle,Ai_Hub,https://drive.google.com/uc?id=1lpVqy3GMZF0vCUYqB4aE0F6CknXf3lp6,10.0,,,.mp4,bb_1_160303_two-wheeled-vehicle_214_22091.mp4,15.0,150,939726666078787e|999eb6e660785874|9b9e2666607858fa|9396e6646078d87e|9396e6646078d87e,1080,aihub_source_suffix:214_22091,,video,차대이륜차_직선도로,,,storage/vision/staging/per_label_300/raw/car_vs_motorcycle/aihub_train_00001721.mp4,True,,classification_frame_extraction,full_candidate,2e6488d1ab815dbae9cf0d803a1c477bd007b5fc43d64437d35c2cd99bd37f08,Ai_Hub/Train,Ai_Hub/Train/TS_차대이륜차_영상_직선도로/bb_1_160303_two-wheeled-vehicle_214_22091.mp4,,val,,,,,,1920
aihub_train_00004757,TS_차대차_영상_고속도로(자동차전용도로)포함,car_vs_car,Ai_Hub,https://drive.google.com/uc?id=1DQpsC9sDWIWPUqpp3lNJL4Naj2w_ADun,10.0,,,.mp4,bb_1_141020_vehicle_46_179.mp4,15.0,150,878706cf878f0ecc|97926267bfb92848|831ff07de40fb212|9d06669d9c66639c|99c26799986667cc,1080,aihub_source_suffix:46_179,,video,차대차_고속도로(자동차전용도로)포함,,,storage/vision/staging/per_label_300/raw/car_vs_car/aihub_train_00004757.mp4,True,,classification_frame_extraction,full_candidate,fd23283c4a41116fcfb7e6cb80e449206541635e6712afa78fab7d49110c6b4c,Ai_Hub/Train,Ai_Hub/Train/TS_차대차_영상_고속도로(자동차전용도로)포함/bb_1_141020_vehicle_46_179.mp4,,train,,,,,,1920
aihub_train_00008839,TS_차대차_영상_사거리교차로(신호등있음),car_vs_car,Ai_Hub,https://drive.google.com/uc?id=1afKbZilE1CoETMMkPuWnoSAb_SxDRcyX,10.0,,,.mp4,bb_3_130606_vehicle_222_21242.mp4,15.0,150,a5246e5adad2a4ec|25246edadad2a6cc|25246edadad2c666|25245adad2d796d8|83927a6c6c9e94f4,1080,aihub_source_suffix:222_21242,,video,차대차_사거리교차로(신호등있음),,,storage/vision/staging/per_label_300/raw/car_vs_car/aihub_train_00008839.mp4,True,,classification_frame_extraction,full_candidate,9b28068ef0a742e3e0a97f78a48953260366167ae0e446b83fcf5a94d0f53bfd,Ai_Hub/Train,Ai_Hub/Train/TS_차대차_영상_사거리교차로(신호등있음)/bb_3_130606_vehicle_222_21242.mp4,,test,,,,,,1920
aihub_train_00003662,TS_차대차_영상_T자형교차로,car_vs_car,Ai_Hub,https://drive.google.com/uc?id=18Ma1lWYtwyXLhzmWu9a7plwOUM3nbrAz,10.0,,,.mp4,bb_1_141117_vehicle_44_139.mp4,15.0,150,939f1d8ec27702b2|331f3786c27f84b0|839f3586625f8794|2b2b338eccb58936|2b2b338ecc9d8936,1080,aihub_source_suffix:44_139,,video,차대차_T자형교차로,,,storage/vision/staging/per_label_300/raw/car_vs_car/aihub_train_00003662.mp4,True,,classification_frame_extraction,full_candidate,2017dcf3345a44dc9a70804aab46736e46d6d388a58737b24e8e07afdd309bf0,Ai_Hub/Train,Ai_Hub/Train/TS_차대차_영상_T자형교차로/bb_1_141117_vehicle_44_139.mp4,,test,,,,,,1920
aihub_train_00008672,TS_차대차_영상_사거리교차로(신호등있음),car_vs_car,Ai_Hub,https://drive.google.com/uc?id=17VKNaJBjMKvWXc3qcTwbqpqhuTNQr9Rn,10.0,,,.mp4,bb_1_220401_vehicle_207_25330.mp4,15.0,150,a9a8da94b5cc5b32|a5a66a7b1c84633e|a3a5e86b1a46d1bc|93b0667f99c0698e|939276159de6698c,926,aihub_source_suffix:207_25330,,video,차대차_사거리교차로(신호등있음),,,storage/vision/staging/per_label_300/raw/car_vs_car/aihub_train_00008672.mp4,True,,classification_frame_extraction,full_candidate,ae7b85cad2d32c5d577e9689eda9d105651db0576c16e88f02f3ab0e49b5f2a4,Ai_Hub/Train,Ai_Hub/Train/TS_차대차_영상_사거리교차로(신호등있음)/bb_1_220401_vehicle_207_25330.mp4,,train,,,,,,1920
aihub_train_00000297,TS_차대보행자_영상_횡단보도(신호등있음)부근,car_vs_pedestrian,Ai_Hub,https://drive.google.com/uc?id=1lP3H_nNTf5nVBUtSaqHNeilGtnZtMnMs,10.0,,,.mp4,bb_1_171005_pedestrian_126_190.mp4,15.0,150,0b84e4689f9eeb34|81c0567b6fa26c3e|034a6e84b73f54f2|0360d6162f8f76dc|814056367f9e7678,1080,aihub_source_suffix:126_190,,video,차대보행자_횡단보도(신호등있음)부근,,,storage/vision/staging/per_label_300/raw/car_vs_pedestrian/aihub_train_00000297.mp4,True,,classification_frame_extraction,full_candidate,28aac424548612ae34023bdba80a4a6ef8f446486220887ff3f4566a0a4e63cb,Ai_Hub/Train,Ai_Hub/Train/TS_차대보행자_영상_횡단보도(신호등있음)부근/bb_1_171005_pedestrian_126_190.mp4,,train,,,,,,1920
aihub_train_00012189,TS_차대차_영상_직선도로,car_vs_car,Ai_Hub,https://drive.google.com/uc?id=1PW0Kz-W1LfNur12X9n3uKTzOe3R7ZEZA,10.0,,,.mp4,bb_1_170329_vehicle_226_46875.mp4,15.0,150,075db53706718676|f0f50f4b34cd8274|fc7f01f40ec1287c|8ccf63b26c752358|8ccf63b26c752358,926,aihub_source_suffix:226_46875,,video,차대차_직선도로,,,storage/vision/staging/per_label_300/raw/car_vs_car/aihub_train_00012189.mp4,True,,classification_frame_extraction,full_candidate,60d9711a3ef8eeb45c835fe46bb9013189dd1add350f8f85ab5c6449332f4a10,Ai_Hub/Train,Ai_Hub/Train/TS_차대차_영상_직선도로/bb_1_170329_vehicle_226_46875.mp4,,train,,,,,,1920
aihub_train_00015141,TS_차대차_영상_직선도로,car_vs_car,Ai_Hub,https://drive.google.com/uc?id=1hCpIiwGsoSnq8Rgta-30bsxrK9BL6cVL,10.0,,,.mp4,bb_1_210218_vehicle_220_46600.mp4,15.0,150,f800779e617b807e|883e719be27cc136|a66e411920efd93e|acec600dd27fca92|8a6c751fe04f835a,926,aihub_source_suffix:220_46600,,video,차대차_직선도로,,,storage/vision/staging/per_label_300/raw/car_vs_car/aihub_train_00015141.mp4,True,,classification_frame_extraction,full_candidate,c3512fa1851c5e20055fe9d932f7a1a53873119a0a36746ec4698590fbfc88e1,Ai_Hub/Train,Ai_Hub/Train/TS_차대차_영상_직선도로/bb_1_210218_vehicle_220_46600.mp4,,train,,,,,,1920
aihub_train_00009770,TS_차대차_영상_주차장(또는차도가아닌장소),car_vs_car,Ai_Hub,https://drive.google.com/uc?id=1kkUoxsmATYLDD1iReyhpphV-VXn4ER01,10.0,,,.mp4,bb_1_220719_vehicle_212_44769.mp4,15.0,150,cd9c31a16c651fd2|cd9c31a16c6d17d2|cd9c31216c6d3fc2|cd9c31a16de51fc0|cd9c39216ce51ef0,926,aihub_source_suffix:212_44769,,video,차대차_주차장(또는차도가아닌장소),,,storage/vision/staging/per_label_300/raw/car_vs_car/aihub_train_00009770.mp4,True,,classification_frame_extraction,full_candidate,e5c8c528e4843bfca35ddb70e9049c4fa748b76c154dcc03efd8f31470e8d34d,Ai_Hub/Train,Ai_Hub/Train/TS_차대차_영상_주차장(또는차도가아닌장소)/bb_1_220719_vehicle_212_44769.mp4,,train,,,,,,1920
aihub_train_00007544,TS_차대차_영상_사거리교차로(신호등있음),car_vs_car,Ai_Hub,https://drive.google.com/uc?id=1-c5W7kfqfyMvKmDDLBw2su_C0pWML3oZ,10.0,,,.mp4,bb_1_160103_vehicle_236_35915.mp4,15.0,150,399edecec320686c|3392dece6968646c|9998c666646c7e36|9998d6e6606c6e36|9998d6e6606c6e36,1080,aihub_source_suffix:236_35915,,video,차대차_사거리교차로(신호등있음),,,storage/vision/staging/per_label_300/raw/car_vs_car/aihub_train_00007544.mp4,True,,classification_frame_extraction,full_candidate,ded98355d7c9ef4ea312b93e31830d7518f08400d0d0fb1b34599c4b73ca7b9c,Ai_Hub/Train,Ai_Hub/Train/TS_차대차_영상_사거리교차로(신호등있음)/bb_1_160103_vehicle_236_35915.mp4,,train,,,,,,1920
aihub_train_00010751,TS_차대차_영상_직선도로,car_vs_car,Ai_Hub,https://drive.google.com/uc?id=1eM1rwF0S-zPocS-pV2NE-JmCTW4pM-jA,10.0,,,.mp4,bb_1_140623_vehicle_142_134.mp4,15.0,150,c2783d843c4bca7e|e2fa35841c0b5b7a|7e8085b6006ffb6a|fe0081fe00ff7b0a|7ad2c4b4044f7b6a,1080,aihub_source_suffix:142_134,,video,차대차_직선도로,,,storage/vision/staging/per_label_300/raw/car_vs_car/aihub_train_00010751.mp4,True,,classification_frame_extraction,full_candidate,9d1b81e49113416f6f85f7b4a4415c3cf3686baddd727d98339e365a7c443732,Ai_Hub/Train,Ai_Hub/Train/TS_차대차_영상_직선도로/bb_1_140623_vehicle_142_134.mp4,,train,,,,,,1920
aihub_train_00015576,TS_차대차_영상_회전교차로,car_vs_car,Ai_Hub,https://drive.google.com/uc?id=1mVc7nRSPrtYxRufH_NAMEnB1uf-Xlxhm,10.0,,,.mp4,bb_1_150530_vehicle_232_36477.mp4,15.0,150,dddc4260e762e662|db5a31856ce51770|7372b9c84cbf3058|7372b9c84c3f30d8|7372b9c84c3f30d8,926,aihub_source_suffix:232_36477,,video,차대차_회전교차로,,,storage/vision/staging/per_label_300/raw/car_vs_car/aihub_train_00015576.mp4,True,,classification_frame_extraction,full_candidate,bfbadd4fcef062c9684c5b86bfa98911eaa8c2da7f393b2f91c8ca9d59ff0b62,Ai_Hub/Train,Ai_Hub/Train/TS_차대차_영상_회전교차로/bb_1_150530_vehicle_232_36477.mp4,,train,,,,,,1920
aihub_train_00002703,TS_차대자전거_영상_사거리교차로(신호등없음),car_vs_bicycle,Ai_Hub,https://drive.google.com/uc?id=1_GAY9bHkkLDtfaeDwasurLCvRpkmjSgm,10.0,,,.mp4,bb_1_141018_bike_120_185.mp4,15.0,150,331accc46e673798|3138dcc6436fb5b0|3938d4ce476735b0|3938dcc6476735b0|3938dcc6476735b0,1080,aihub_source_suffix:120_185,,video,차대자전거_사거리교차로(신호등없음),,,storage/vision/staging/per_label_300/raw/car_vs_bicycle/aihub_train_00002703.mp4,True,,classification_frame_extraction,full_candidate,abc3d80c4839d2102b149b2e71cb05420403a9d8f8e039b1cc12a1932b136a95,Ai_Hub/Train,Ai_Hub/Train/TS_차대자전거_영상_사거리교차로(신호등없음)/bb_1_141018_bike_120_185.mp4,,val,,,,,,1920
aihub_train_00014780,TS_차대차_영상_직선도로,car_vs_car,Ai_Hub,https://drive.google.com/uc?id=1szzce2WmrHv3zknFnZ6OPZPLF7BBvQ0v,10.0,,,.mp4,bb_1_200814_vehicle_228_22100.mp4,15.0,150,9b930d67b3a64ec0|31956c0cf3967cd2|33336d6c591b86c6|9397b1666d961b22|9db2b2dc4b68b096,926,aihub_source_suffix:228_22100,,video,차대차_직선도로,,,storage/vision/staging/per_label_300/raw/car_vs_car/aihub_train_00014780.mp4,True,,classification_frame_extraction,full_candidate,99e68573e74c44f9f040a50400010b76f7aa671db00282cc8becbb9d43be593b,Ai_Hub/Train,Ai_Hub/Train/TS_차대차_영상_직선도로/bb_1_200814_vehicle_228_22100.mp4,,val,,,,,,1128
aihub_train_00004262,TS_차대차_영상_T자형교차로,car_vs_car,Ai_Hub,https://drive.google.com/uc?id=1BVGfSmj9oEYLRwbyaoBehf87yv0Ex3hT,10.0,,,.mp4,bb_1_200114_vehicle_218_47627.mp4,15.0,150,2b2b6d34b69494d6|b32ec59988cc6db2|0a2ee49d1a6add96|b83ec63d18c6c798|b03ec73938c6c798,1080,aihub_source_suffix:218_47627,,video,차대차_T자형교차로,,,storage/vision/staging/per_label_300/raw/car_vs_car/aihub_train_00004262.mp4,True,,classification_frame_extraction,full_candidate,e74ed0192e08cdefdaf24c75c48ffa2ec53a426953463b264742eb46e4ff55a0,Ai_Hub/Train,Ai_Hub/Train/TS_차대차_영상_T자형교차로/bb_1_200114_vehicle_218_47627.mp4,,train,,,,,,1920
aihub_train_00011509,TS_차대차_영상_직선도로,car_vs_car,Ai_Hub,https://drive.google.com/uc?id=1iXVyhwuUrDXTYEtI-UxMUJ9aGUzUgj9_,10.0,,,.mp4,bb_1_160302_vehicle_237_21656.mp4,15.0,150,cfc7cf8f03060e38|31304e6ee79999b8|b9930deec321be18|93938de462f7381c|939f80e4623fb85c,926,aihub_source_suffix:237_21656,,video,차대차_직선도로,,,storage/vision/staging/per_label_300/raw/car_vs_car/aihub_train_00011509.mp4,True,,classification_frame_extraction,full_candidate,f29a1c8f666beda66f1ab3abdec5a4d1853b52d612b1a18c9919bca1ae59a231,Ai_Hub/Train,Ai_Hub/Train/TS_차대차_영상_직선도로/bb_1_160302_vehicle_237_21656.mp4,,test,,,,,,1920
aihub_train_00015160,TS_차대차_영상_직선도로,car_vs_car,Ai_Hub,https://drive.google.com/uc?id=1JIHgudO67CEdekVOjpr6byjCO-IL8FVL,10.0,,,.mp4,bb_1_210224_vehicle_126_060.mp4,15.0,150,386e67b81d4ee390|9a666798d467b198|b8646f18e7e5b046|ae6e439bdbb86410|ae6e431afbba7400,1080,aihub_source_suffix:126_060,,video,차대차_직선도로,,,storage/vision/staging/per_label_300/raw/car_vs_car/aihub_train_00015160.mp4,True,,classification_frame_extraction,full_candidate,afa386a37a6f7be0550579c0b1f944ab456b47b5963a09d9d86de2b233d0ed85,Ai_Hub/Train,Ai_Hub/Train/TS_차대차_영상_직선도로/bb_1_210224_vehicle_126_060.mp4,,train,,,,,,1920
aihub_train_00002896,TS_차대자전거_영상_사거리교차로(신호등있음),car_vs_bicycle,Ai_Hub,https://drive.google.com/uc?id=168tA0JchxPlhZTLhFFrOk1BhcIj7-R5D,10.0,,,.mp4,bb_1_220514_bike_209_24004.mp4,15.0,150,30fceeebbb551010|1e8666d8d8c79734|2c25a57a5ab55ad2|b4592517e1f5170e|125335b4d57d530e,926,aihub_source_suffix:209_24004,,video,차대자전거_사거리교차로(신호등있음),,,storage/vision/staging/per_label_300/raw/car_vs_bicycle/aihub_train_00002896.mp4,True,,classification_frame_extraction,full_candidate,0712e98d4a88059bc94fa36e25c1417869fac62cdf2008fc1cf20d61c83f734c,Ai_Hub/Train,Ai_Hub/Train/TS_차대자전거_영상_사거리교차로(신호등있음)/bb_1_220514_bike_209_24004.mp4,,test,,,,,,1920
aihub_train_00000582,TS_차대보행자_영상_횡단보도없음,car_vs_pedestrian,Ai_Hub,https://drive.google.com/uc?id=1THy2G2mT4N--WNZgfekxycsC8ij-8uFj,10.0,,,.mp4,bb_1_201006_pedestrian_38_002.mp4,15.0,150,2323710d4e6d3eda|23263799e1cf3a58|332721496acf765a|232721496acf76da|232721496acf76da,1080,aihub_source_suffix:38_002,,video,차대보행자_횡단보도없음,,,storage/vision/staging/per_label_300/raw/car_vs_pedestrian/aihub_train_00000582.mp4,True,,classification_frame_extraction,full_candidate,55fa6d1153892a336abbe39e1672d46b52d19f637a5c515eed1c865c1f15f888,Ai_Hub/Train,Ai_Hub/Train/TS_차대보행자_영상_횡단보도없음/bb_1_201006_pedestrian_38_002.mp4,,train,,,,,,1920
aihub_train_00011616,TS_차대차_영상_직선도로,car_vs_car,Ai_Hub,https://drive.google.com/uc?id=1xLR8tlhSqmnI72MJtCuX8B1zIkN2QKBG,10.0,,,.mp4,bb_1_160503_vehicle_211_54264.mp4,15.0,150,2322cc8cde5e3e74|2b2ae0d87c7c1e56|885a57b63d82666e|89c2769c3c12cefc|894a6691b03e7ed6,1080,aihub_source_suffix:211_54264,,video,차대차_직선도로,,,storage/vision/staging/per_label_300/raw/car_vs_car/aihub_train_00011616.mp4,True,,classification_frame_extraction,full_candidate,d2ba44b147fdbf52bb891f6f6ef8556a46eeabb565b224b46df7deb70da8e72a,Ai_Hub/Train,Ai_Hub/Train/TS_차대차_영상_직선도로/bb_1_160503_vehicle_211_54264.mp4,,val,,,,,,1920
aihub_train_00001200,TS_차대이륜차_영상_사거리교차로(신호등있음),car_vs_motorcycle,Ai_Hub,https://drive.google.com/uc?id=1agSn1TCeGSBNIrCbmf9srORACHKena4w,10.0,,,.mp4,bb_1_160223_two-wheeled-vehicle_131_144.mp4,15.0,150,267adb4c7692352c|265adb6c32923f2c|7212dd4968d6b768|2634b34b5990b73e|2634b34b5990b73e,1080,aihub_source_suffix:131_144,,video,차대이륜차_사거리교차로(신호등있음),,,storage/vision/staging/per_label_300/raw/car_vs_motorcycle/aihub_train_00001200.mp4,True,,classification_frame_extraction,full_candidate,c325b05a4f3b1c44f2f10bc48e901fb091875fd9c6323b3367dfcffb931ef56e,Ai_Hub/Train,Ai_Hub/Train/TS_차대이륜차_영상_사거리교차로(신호등있음)/bb_1_160223_two-wheeled-vehicle_131_144.mp4,,train,,,,,,1920
aihub_train_00008075,TS_차대차_영상_사거리교차로(신호등있음),car_vs_car,Ai_Hub,https://drive.google.com/uc?id=1iuX55MLi7Avif9ZaN5xWQu0EkXiQ75GN,10.0,,,.mp4,bb_1_190131_vehicle_112_036.mp4,15.0,150,a90bcd8ae6f0f1b0|a92b8382c6f4f7b0|8182d72e6cf5347a|899fc7a2e4f1c988|899f87a2e6f1c988,1080,aihub_source_suffix:112_036,,video,차대차_사거리교차로(신호등있음),,,storage/vision/staging/per_label_300/raw/car_vs_car/aihub_train_00008075.mp4,True,,classification_frame_extraction,full_candidate,10a648f5c29a3f323ad47691df5cf8377ab2a2ddce5c835ce868db1111d7fdbd,Ai_Hub/Train,Ai_Hub/Train/TS_차대차_영상_사거리교차로(신호등있음)/bb_1_190131_vehicle_112_036.mp4,,val,,,,,,1920
aihub_train_00011069,TS_차대차_영상_직선도로,car_vs_car,Ai_Hub,https://drive.google.com/uc?id=150-9tcan1vOTc2gC4ThYgDYZo9mWuoo2,10.0,,,.mp4,bb_1_150419_vehicle_251_27818.mp4,15.0,150,91b27609887e5fd2|9988669b8d6653dc|8d85e0f93f3e1312|898a6a298e725bde|a9a876538b6a53d4,926,aihub_source_suffix:251_27818,,video,차대차_직선도로,,,storage/vision/staging/per_label_300/raw/car_vs_car/aihub_train_00011069.mp4,True,,classification_frame_extraction,full_candidate,f98d8a98998925c121500f658270ab25eeab1c14ef78cff3c295b98d07ebcdc0,Ai_Hub/Train,Ai_Hub/Train/TS_차대차_영상_직선도로/bb_1_150419_vehicle_251_27818.mp4,,train,,,,,,1920
aihub_train_00009634,TS_차대차_영상_주차장(또는차도가아닌장소),car_vs_car,Ai_Hub,https://drive.google.com/uc?id=1Ws-oKm2EJ7OFYgJmUvrG4Tb96dU7tLKO,10.0,,,.mp4,bb_1_200912_vehicle_246_40119.mp4,15.0,150,27267584d8599bb6|272665a46e5b9ad2|242c6da46c5b9bd6|296c2dc96c7b9714|296c2dc96c7b9714,926,aihub_source_suffix:246_40119,,video,차대차_주차장(또는차도가아닌장소),,,storage/vision/staging/per_label_300/raw/car_vs_car/aihub_train_00009634.mp4,True,,classification_frame_extraction,full_candidate,802f2404e93926dc6a1c9505ebc19c85864171885c0ce4840f19de49aed7c64e,Ai_Hub/Train,Ai_Hub/Train/TS_차대차_영상_주차장(또는차도가아닌장소)/bb_1_200912_vehicle_246_40119.mp4,,train,,,,,,1920
aihub_train_00012586,TS_차대차_영상_직선도로,car_vs_car,Ai_Hub,https://drive.google.com/uc?id=1DJ-qg6a_RumVidizeKzynufwan6PSkE-,10.0,,,.mp4,bb_1_170910_vehicle_145_126.mp4,15.0,150,8babe8fcf4350d02|9195e7663e29a9c8|9199c5c47abb3968|8d09d3e6fedb0d00|899bf3e6b40d0f06,1080,aihub_source_suffix:145_126,,video,차대차_직선도로,,,storage/vision/staging/per_label_300/raw/car_vs_car/aihub_train_00012586.mp4,True,,classification_frame_extraction,full_candidate,080353ec489686a201b0fe34002715271076077ca0d97a41e54257ee90190f38,Ai_Hub/Train,Ai_Hub/Train/TS_차대차_영상_직선도로/bb_1_170910_vehicle_145_126.mp4,,train,,,,,,1920
aihub_train_00014046,TS_차대차_영상_직선도로,car_vs_car,Ai_Hub,https://drive.google.com/uc?id=1syobPlt_FcFoN-C8oN8Xl9UjAN8qAqKa,10.0,,,.mp4,bb_1_190821_vehicle_123_218.mp4,15.0,150,9c639c639c679866|b4e198731e271e5a|9a67986798679866|8c619c739c67bc70|98e198639c671e6e,1080,aihub_source_suffix:123_218,,video,차대차_직선도로,,,storage/vision/staging/per_label_300/raw/car_vs_car/aihub_train_00014046.mp4,True,,classification_frame_extraction,full_candidate,e9440ebe6589c9cd8d753d6ad8374461859781fd14bdfcd4f2371d4685b58bb9,Ai_Hub/Train,Ai_Hub/Train/TS_차대차_영상_직선도로/bb_1_190821_vehicle_123_218.mp4,,test,,,,,,1920
aihub_train_00008810,TS_차대차_영상_사거리교차로(신호등있음),car_vs_car,Ai_Hub,https://drive.google.com/uc?id=1fG1jC-1b5U-9aby2HlyEwRoffCVNatqs,10.0,,,.mp4,bb_3_120929_vehicle_206_24898.mp4,15.0,150,8b83616b2f8e6738|8383a07c3f96e578|8385a47cdb826cfc|83832a787b876e6c|8ba124de5f996c62,926,aihub_source_suffix:206_24898,,video,차대차_사거리교차로(신호등있음),,,storage/vision/staging/per_label_300/raw/car_vs_car/aihub_train_00008810.mp4,True,,classification_frame_extraction,full_candidate,b8585cb2ab3301ca8eeb14dbe58bc321b3e27b1c67025fa10a1614605327fde1,Ai_Hub/Train,Ai_Hub/Train/TS_차대차_영상_사거리교차로(신호등있음)/bb_3_120929_vehicle_206_24898.mp4,,train,,,,,,1920
aihub_train_00013652,TS_차대차_영상_직선도로,car_vs_car,Ai_Hub,https://drive.google.com/uc?id=1BL8xjki3vbgjnjXRFMfMYueJef8xGatN,10.0,,,.mp4,bb_1_190204_vehicle_208_50502.mp4,15.0,150,8982767ecd686276|85b47e465a79c278|8b8c7434de46d2da|8b8c7434de4ed25a|8b8c7434de4ed2d8,1080,aihub_source_suffix:208_50502,,video,차대차_직선도로,,,storage/vision/staging/per_label_300/raw/car_vs_car/aihub_train_00013652.mp4,True,,classification_frame_extraction,full_candidate,eb35db487daf873ef2d9fd3eff7d56d036540a4d44efc7fe8598b1fa23286669,Ai_Hub/Train,Ai_Hub/Train/TS_차대차_영상_직선도로/bb_1_190204_vehicle_208_50502.mp4,,val,,,,,,1920
aihub_train_00014623,TS_차대차_영상_직선도로,car_vs_car,Ai_Hub,https://drive.google.com/uc?id=1lQfTeL7hHJeFFhszB0QqB3no2zUe2lv8,10.0,,,.mp4,bb_1_200604_vehicle_089_531547.mp4,15.0,150,0596e2785d1beb26|bf81e06c1f92d3a4|bd97e8685b928564|b3b5ec681b1ac54a|b3a5ec4abd0a47a4,1080,aihub_source_suffix:089_531547,,video,차대차_직선도로,,,storage/vision/staging/per_label_300/raw/car_vs_car/aihub_train_00014623.mp4,True,,classification_frame_extraction,full_candidate,0580a41bdcecfa25d42d441f1c609253301d6691c85f157fb9e152d71b1ba7b1,Ai_Hub/Train,Ai_Hub/Train/TS_차대차_영상_직선도로/bb_1_200604_vehicle_089_531547.mp4,,test,,,,,,1920
aihub_train_00008182,TS_차대차_영상_사거리교차로(신호등있음),car_vs_car,Ai_Hub,https://drive.google.com/uc?id=11kS7PKru3zpe2lfoannwTMZNzKzJ81h2,10.0,,,.mp4,bb_1_190825_vehicle_112_292.mp4,15.0,150,ad992d0acda466bc|ad992d268f8678b4|ad892d2f878468fc|b9a3271d8b8ee096|b9230f99cb8464de,1080,aihub_source_suffix:112_292,,video,차대차_사거리교차로(신호등있음),,,storage/vision/staging/per_label_300/raw/car_vs_car/aihub_train_00008182.mp4,True,,classification_frame_extraction,full_candidate,f877fd64a2cd2317e2aeb8cc7091e8784b3655d9e00022f549d11b97dc264c43,Ai_Hub/Train,Ai_Hub/Train/TS_차대차_영상_사거리교차로(신호등있음)/bb_1_190825_vehicle_112_292.mp4,,train,,,,,,1920
aihub_train_00007665,TS_차대차_영상_사거리교차로(신호등있음),car_vs_car,Ai_Hub,https://drive.google.com/uc?id=1TIFFFbQrlQglrIzSdh0Spll2umVwa1Sq,10.0,,,.mp4,bb_1_161011_vehicle_130_088.mp4,15.0,150,b5846c5a1f647d34|2b8e944e3b9a4c6e|95666a4a97d66e0a|916e7a9a95647a1a|916e7a9a95747a0a,720,aihub_source_suffix:130_088,,video,차대차_사거리교차로(신호등있음),,,storage/vision/staging/per_label_300/raw/car_vs_car/aihub_train_00007665.mp4,True,,classification_frame_extraction,full_candidate,a4f90f9dbd2c2d6ed8233e9712421df63d3f916f87c9ce58d8188c57ca49934a,Ai_Hub/Train,Ai_Hub/Train/TS_차대차_영상_사거리교차로(신호등있음)/bb_1_161011_vehicle_130_088.mp4,,test,,,,,,1280
aihub_train_00008077,TS_차대차_영상_사거리교차로(신호등있음),car_vs_car,Ai_Hub,https://drive.google.com/uc?id=11PRoyuUYxdVDLC_0YXw0n1eGRKmYBeIF,10.0,,,.mp4,bb_1_190203_vehicle_145_176.mp4,15.0,150,3bab687996469926|1b2b69690ee4d996|37a5695b286a9b2c|372d497b2c42bba4|372d495b2c4abb8c,1080,aihub_source_suffix:145_176,,video,차대차_사거리교차로(신호등있음),,,storage/vision/staging/per_label_300/raw/car_vs_car/aihub_train_00008077.mp4,True,,classification_frame_extraction,full_candidate,76e0da5a8f47d3e754260a22376c7f2d46fd6085a2873fb852bcc6ad20780998,Ai_Hub/Train,Ai_Hub/Train/TS_차대차_영상_사거리교차로(신호등있음)/bb_1_190203_vehicle_145_176.mp4,,train,,,,,,1920
aihub_train_00001602,TS_차대이륜차_영상_사거리교차로(신호등있음),car_vs_motorcycle,Ai_Hub,https://drive.google.com/uc?id=1Lo45mMrw3IQwnbVDRpT2H_xG3zsZP7H3,10.0,,,.mp4,bb_3_220625_two-wheeled-vehicle_130_160.mp4,15.0,150,81a3838adadcfbb0|81a3838adadef9b0|81a3838ada7ed9f0|81a3838ada5efbb0|81a3838adadcfbb0,720,aihub_source_suffix:130_160,,video,차대이륜차_사거리교차로(신호등있음),,,storage/vision/staging/per_label_300/raw/car_vs_motorcycle/aihub_train_00001602.mp4,True,,classification_frame_extraction,full_candidate,b39cd09f3ede8e4336d619a1c384d3db74d187db176e403c72210c66489a1ac2,Ai_Hub/Train,Ai_Hub/Train/TS_차대이륜차_영상_사거리교차로(신호등있음)/bb_3_220625_two-wheeled-vehicle_130_160.mp4,,train,,,,,,1280
aihub_train_00014146,TS_차대차_영상_직선도로,car_vs_car,Ai_Hub,https://drive.google.com/uc?id=1XRRD7VvLvEUV0KP5jG3nHANn5j8S84Au,10.0,,,.mp4,bb_1_191007_vehicle_200_22328.mp4,15.0,150,326c4d3b32cccdb2|36ecc93336ccc932|2cdad3252cda9726|2ed4db24b54a956a|26d6db32b4c99722,926,aihub_source_suffix:200_22328,,video,차대차_직선도로,,,storage/vision/staging/per_label_300/raw/car_vs_car/aihub_train_00014146.mp4,True,,classification_frame_extraction,full_candidate,3bceee05e821a100e9b272dbe6464b4313e5ad1a84eb9083181f15d3a41a9f7c,Ai_Hub/Train,Ai_Hub/Train/TS_차대차_영상_직선도로/bb_1_191007_vehicle_200_22328.mp4,,test,,,,,,1920
aihub_train_00009378,TS_차대차_영상_주차장(또는차도가아닌장소),car_vs_car,Ai_Hub,https://drive.google.com/uc?id=1fTMfeozOnZcPRnJJpxh4ZZN8AmgqahaK,10.0,,,.mp4,bb_1_150312_vehicle_190_050.mp4,15.0,150,21237a7295bc7aca|2b2bc8d41f0ecab6|8b81323ecf22dd2e|898170f90f927bbc|8b0f21f1cbc03df8,1080,aihub_source_suffix:190_050,,video,차대차_주차장(또는차도가아닌장소),,,storage/vision/staging/per_label_300/raw/car_vs_car/aihub_train_00009378.mp4,True,,classification_frame_extraction,full_candidate,7fd09b6a56fff5b2c888bc3adcf8998f0f5d1db41c8580d63bf11d4308e57d03,Ai_Hub/Train,Ai_Hub/Train/TS_차대차_영상_주차장(또는차도가아닌장소)/bb_1_150312_vehicle_190_050.mp4,,val,,,,,,1920
aihub_train_00010221,TS_차대차_영상_직선도로,car_vs_car,Ai_Hub,https://drive.google.com/uc?id=1Cy9dmSJixpIj4lFT7qUKiRlp5FMU3mo-,10.0,,,.mp4,bb_1_121001_vehicle_40_126.mp4,15.0,150,a32e4d8036f5ca7c|a32e4d8036f5ca7c|a32ad98076f1ca7c|a12ccd8236f9c87e|892e63d09ee5e03e,1080,aihub_source_suffix:40_126,,video,차대차_직선도로,,,storage/vision/staging/per_label_300/raw/car_vs_car/aihub_train_00010221.mp4,True,,classification_frame_extraction,full_candidate,b2d640377473fa2e9244bb5ab78e12c32ace411ce78ddff82d5101dbda61d3ed,Ai_Hub/Train,Ai_Hub/Train/TS_차대차_영상_직선도로/bb_1_121001_vehicle_40_126.mp4,,train,,,,,,1920
aihub_train_00014707,TS_차대차_영상_직선도로,car_vs_car,Ai_Hub,https://drive.google.com/uc?id=1Oa1Vz5IncU4UldcmitVRf2o_MAdP4vmm,10.0,,,.mp4,bb_1_200709_vehicle_143_106.mp4,15.0,150,179fbd16e0645c68|9b91817efc460a7c|3d9a8a66d36ce470|398a2674d4c4df74|398a2674d4c4df74,1080,aihub_source_suffix:143_106,,video,차대차_직선도로,,,storage/vision/staging/per_label_300/raw/car_vs_car/aihub_train_00014707.mp4,True,,classification_frame_extraction,full_candidate,19fc4c50ba0784462b37fa15db105d41ad93b170e2d3ad0884925a9fd9a3e645,Ai_Hub/Train,Ai_Hub/Train/TS_차대차_영상_직선도로/bb_1_200709_vehicle_143_106.mp4,,train,,,,,,1920
aihub_train_00012741,TS_차대차_영상_직선도로,car_vs_car,Ai_Hub,https://drive.google.com/uc?id=1-2p03YM85pvxHRSMZXrHopiBLr0rLPUm,10.0,,,.mp4,bb_1_171106_vehicle_203_46582.mp4,15.0,150,a3ab6964349ec4f2|a72d487b530c63f2|b12d6c7a1b8e63b0|b12d6c7b1b8e43b0|b12d6c7b1b8e43b0,926,aihub_source_suffix:203_46582,,video,차대차_직선도로,,,storage/vision/staging/per_label_300/raw/car_vs_car/aihub_train_00012741.mp4,True,,classification_frame_extraction,full_candidate,5c797ad22009d58003e64ee5e9715fb132f025851ca6158245a59c583f9c3272,Ai_Hub/Train,Ai_Hub/Train/TS_차대차_영상_직선도로/bb_1_171106_vehicle_203_46582.mp4,,train,,,,,,1920
aihub_train_00001244,TS_차대이륜차_영상_사거리교차로(신호등있음),car_vs_motorcycle,Ai_Hub,https://drive.google.com/uc?id=1sFe6j0GkyBQnNM7nA7AWSpjqeG3cTLyb,10.0,,,.mp4,bb_1_180307_two-wheeled-vehicle_221_24217.mp4,15.0,150,9393656ca98bea68|9393646ca98bea78|919777603d29aae2|93d367747da50268|9393776c3d89a06c,926,aihub_source_suffix:221_24217,,video,차대이륜차_사거리교차로(신호등있음),,,storage/vision/staging/per_label_300/raw/car_vs_motorcycle/aihub_train_00001244.mp4,True,,classification_frame_extraction,full_candidate,f48da664a47f44850082a15aef19be5ef0b5312c0fc25ddb932adec05812b8af,Ai_Hub/Train,Ai_Hub/Train/TS_차대이륜차_영상_사거리교차로(신호등있음)/bb_1_180307_two-wheeled-vehicle_221_24217.mp4,,val,,,,,,1920
aihub_train_00005362,TS_차대차_영상_고속도로(자동차전용도로)포함,car_vs_car,Ai_Hub,https://drive.google.com/uc?id=1d27uaF5fQMz5ZvoZtcEvegkDbW8bXFtK,10.0,,,.mp4,bb_1_210727_vehicle_114_169.mp4,15.0,150,8be47c0fc3f8ae02|9fe67c0842f1be42|83e4fc1e4271ae6a|83a67d0c607dee70|97b67989e03e0e70,1080,aihub_source_suffix:114_169,,video,차대차_고속도로(자동차전용도로)포함,,,storage/vision/staging/per_label_300/raw/car_vs_car/aihub_train_00005362.mp4,True,,classification_frame_extraction,full_candidate,f70a6859284b552d4cfdb2b10dadd96c8a7e0fb1290b9692d09f5648757d4e8c,Ai_Hub/Train,Ai_Hub/Train/TS_차대차_영상_고속도로(자동차전용도로)포함/bb_1_210727_vehicle_114_169.mp4,,train,,,,,,1920
aihub_train_00001059,TS_차대이륜차_영상_사거리교차로(신호등없음),car_vs_motorcycle,Ai_Hub,https://drive.google.com/uc?id=1LAhpPyD5M35o9fbX6Oi6FglVMF8WF6oF,10.0,,,.mp4,bb_1_210309_two-wheeled-vehicle_214_20045.mp4,15.0,150,818994965e7c76d6|818b94965a7c7676|8181a4da5a7c767e|81819a5a7e76e6cc|a12a6ed2b4e4dc78,1080,aihub_source_suffix:214_20045,,video,차대이륜차_사거리교차로(신호등없음),,,storage/vision/staging/per_label_300/raw/car_vs_motorcycle/aihub_train_00001059.mp4,True,,classification_frame_extraction,full_candidate,5c350a46816af473e302f9276f701b671573749bfc3c90f9ca9e0982bde0acc3,Ai_Hub/Train,Ai_Hub/Train/TS_차대이륜차_영상_사거리교차로(신호등없음)/bb_1_210309_two-wheeled-vehicle_214_20045.mp4,,val,,,,,,1920
aihub_train_00002919,TS_차대자전거_영상_사거리교차로(신호등있음),car_vs_bicycle,Ai_Hub,https://drive.google.com/uc?id=1Kd7VbmbMtS1yATQ3BFxjEuKJohuoFclr,10.0,,,.mp4,bb_3_190524_bike_249_20599.mp4,15.0,150,186a67bcc8e5b668|826a6f96e8edb640|184ae7bca8c5b768|9846e739c8c7b728|9866e71868e5996e,1080,aihub_source_suffix:249_20599,,video,차대자전거_사거리교차로(신호등있음),,,storage/vision/staging/per_label_300/raw/car_vs_bicycle/aihub_train_00002919.mp4,True,,classification_frame_extraction,full_candidate,17b8cc2d86f489760d27b32a15e1172d2da3e04ec1d9386db3222c9b5130e9fe,Ai_Hub/Train,Ai_Hub/Train/TS_차대자전거_영상_사거리교차로(신호등있음)/bb_3_190524_bike_249_20599.mp4,,train,,,,,,1920
aihub_train_00000490,TS_차대보행자_영상_횡단보도없음,car_vs_pedestrian,Ai_Hub,https://drive.google.com/uc?id=1miyeQOmS1uRz2fNAZFMnal98q2Ga9Ek0,10.0,,,.mp4,bb_1_180822_pedestrian_193_007.mp4,15.0,150,8188787cdd1a727e|81833278d9a7a67e|81813474df9f31f2|81813474df9fb172|81813474db9f33f2,1080,aihub_source_suffix:193_007,,video,차대보행자_횡단보도없음,,,storage/vision/staging/per_label_300/raw/car_vs_pedestrian/aihub_train_00000490.mp4,True,,classification_frame_extraction,full_candidate,b1d5ff28ff28217da4731ac8722b2dcb376c93bc152aa05992a177f449e37e4f,Ai_Hub/Train,Ai_Hub/Train/TS_차대보행자_영상_횡단보도없음/bb_1_180822_pedestrian_193_007.mp4,,val,,,,,,1920
aihub_train_00000398,TS_차대보행자_영상_횡단보도없음,car_vs_pedestrian,Ai_Hub,https://drive.google.com/uc?id=14t8FzWfvy48M9MwzG28ghy-BwIo74wJj,10.0,,,.mp4,bb_1_140823_pedestrian_45_009.mp4,15.0,150,d999f066379b8146|9999f2663fdb8102|d199f0663fdb8106|d199f0663fdb8106|d199b0663fdb9112,1080,aihub_source_suffix:45_009,,video,차대보행자_횡단보도없음,,,storage/vision/staging/per_label_300/raw/car_vs_pedestrian/aihub_train_00000398.mp4,True,,classification_frame_extraction,full_candidate,c65568a717a792d7176738be9be6d310d28eb8b37b9d410618d8f3d69461d671,Ai_Hub/Train,Ai_Hub/Train/TS_차대보행자_영상_횡단보도없음/bb_1_140823_pedestrian_45_009.mp4,,train,,,,,,1920
aihub_train_00015467,TS_차대차_영상_차도와차도가아닌장소,car_vs_car,Ai_Hub,https://drive.google.com/uc?id=1dcAx_CyPcQZagrBW81uNgq20YxtAHjWR,10.0,,,.mp4,bb_1_191008_vehicle_21_231.mp4,15.0,150,696d4ca2f7135a2c|694d4daaf2177c28|6d6d65a4fa13622c|23677294dd493a36|23677284dc5973a6,1080,aihub_source_suffix:21_231,,video,차대차_차도와차도가아닌장소,,,storage/vision/staging/per_label_300/raw/car_vs_car/aihub_train_00015467.mp4,True,,classification_frame_extraction,full_candidate,86f37ff54258151df970b44b3ab25e0f1bc91d337d3d3fe3b0b5c9ef68c4ddbd,Ai_Hub/Train,Ai_Hub/Train/TS_차대차_영상_차도와차도가아닌장소/bb_1_191008_vehicle_21_231.mp4,,train,,,,,,1920
aihub_train_00004082,TS_차대차_영상_T자형교차로,car_vs_car,Ai_Hub,https://drive.google.com/uc?id=1Z3WCn_is8BJ1OnjglrIy9u26XTZkGgmX,10.0,,,.mp4,bb_1_180807_vehicle_130_203.mp4,15.0,150,0f0d7059cc4b7f32|b79fcb85880c996a|715de2170b22cece|715166d71349b64e|715166d71349b64e,720,aihub_source_suffix:130_203,,video,차대차_T자형교차로,,,storage/vision/staging/per_label_300/raw/car_vs_car/aihub_train_00004082.mp4,True,,classification_frame_extraction,full_candidate,45695a295bc64fbdbce3371f5408272eba5f8804510fff4a8141655b617afbba,Ai_Hub/Train,Ai_Hub/Train/TS_차대차_영상_T자형교차로/bb_1_180807_vehicle_130_203.mp4,,train,,,,,,1280
aihub_train_00001019,TS_차대이륜차_영상_사거리교차로(신호등없음),car_vs_motorcycle,Ai_Hub,https://drive.google.com/uc?id=1QHLg8ZT0abSJO9bFGZSxFKSF3iNLIvED,10.0,,,.mp4,bb_1_191023_two-wheeled-vehicle_198_103.mp4,15.0,150,c84e2399ec270bee|f0480f37c80b3fdc|b3166cd3392ccc72|2938dedd253392c6|a2727a99d676198c,480,aihub_source_suffix:198_103,,video,차대이륜차_사거리교차로(신호등없음),,,storage/vision/staging/per_label_300/raw/car_vs_motorcycle/aihub_train_00001019.mp4,True,,classification_frame_extraction,full_candidate,540ffff13c9efd7402697dd6d07ad60c93e6d8a612680e56a25f09a9ebfabae4,Ai_Hub/Train,Ai_Hub/Train/TS_차대이륜차_영상_사거리교차로(신호등없음)/bb_1_191023_two-wheeled-vehicle_198_103.mp4,,test,,,,,,640
aihub_train_00003577,TS_차대차_영상_T자형교차로,car_vs_car,Ai_Hub,https://drive.google.com/uc?id=1L0Tnls4uRJgXKJpbXVzZDK6jeK0RQCnp,10.0,,,.mp4,bb_1_120608_vehicle_192_024.mp4,15.0,150,1bb12332cf0dcf8a|82d133be3f2ac3a2|2acb2f02c5b8df8c|2acbaf82c538d78c|0aebabc0dd80ff84,1080,aihub_source_suffix:192_024,,video,차대차_T자형교차로,,,storage/vision/staging/per_label_300/raw/car_vs_car/aihub_train_00003577.mp4,True,,classification_frame_extraction,full_candidate,a97797ee4b4da58fd1034b814039c075f0b432aa8928154269da591c9e83a225,Ai_Hub/Train,Ai_Hub/Train/TS_차대차_영상_T자형교차로/bb_1_120608_vehicle_192_024.mp4,,train,,,,,,1920
aihub_train_00011155,TS_차대차_영상_직선도로,car_vs_car,Ai_Hub,https://drive.google.com/uc?id=1yi92jEL4bTgXgdbz_bEN-XxEmmkEeLrz,10.0,,,.mp4,bb_1_150611_vehicle_209_26932.mp4,15.0,150,9b9ae71c65a51866|9b9ae71ec4a51866|199ee71ec6a51866|199ae71ed4a518e6|199ee71ed4a51866,926,aihub_source_suffix:209_26932,,video,차대차_직선도로,,,storage/vision/staging/per_label_300/raw/car_vs_car/aihub_train_00011155.mp4,True,,classification_frame_extraction,full_candidate,8f2a41317ad01e6ec03dd7a0e2dc5fc3feb01f17aceb6c583b752054f17fdb46,Ai_Hub/Train,Ai_Hub/Train/TS_차대차_영상_직선도로/bb_1_150611_vehicle_209_26932.mp4,,train,,,,,,1920
aihub_train_00011768,TS_차대차_영상_직선도로,car_vs_car,Ai_Hub,https://drive.google.com/uc?id=19Md0h9bJmEyHIQ4bs7XYDTwbqs355U0r,10.0,,,.mp4,bb_1_160801_vehicle_255_53152.mp4,15.0,150,8bb13c6ad295ad26|c7b929065679e18e|b1f6efb9b06240c8|6762d8d8c8dad392|3370cce76ec8c958,926,aihub_source_suffix:255_53152,,video,차대차_직선도로,,,storage/vision/staging/per_label_300/raw/car_vs_car/aihub_train_00011768.mp4,True,,classification_frame_extraction,full_candidate,6470213e8513d957e9ac8eda4b74bed744b563a1bef908572e1af98d2e704e57,Ai_Hub/Train,Ai_Hub/Train/TS_차대차_영상_직선도로/bb_1_160801_vehicle_255_53152.mp4,,val,,,,,,1920
aihub_train_00008488,TS_차대차_영상_사거리교차로(신호등있음),car_vs_car,Ai_Hub,https://drive.google.com/uc?id=1IQU9JGp3ffSCMsaRmbWd9zsc6TmTyKeP,10.0,,,.mp4,bb_1_210508_vehicle_239_23170.mp4,15.0,150,0f0151f1f47a2bb6|2b54549ba26c7d2e|ebeac287273684e8|6761f88c1643ebac|8fab33294cd495b4,926,aihub_source_suffix:239_23170,,video,차대차_사거리교차로(신호등있음),,,storage/vision/staging/per_label_300/raw/car_vs_car/aihub_train_00008488.mp4,True,,classification_frame_extraction,full_candidate,89e60a7b952183b3ad9edf6777b6e6bf4151dedc52563c227b19d2fb258757cd,Ai_Hub/Train,Ai_Hub/Train/TS_차대차_영상_사거리교차로(신호등있음)/bb_1_210508_vehicle_239_23170.mp4,,train,,,,,,1920
aihub_train_00002875,TS_차대자전거_영상_사거리교차로(신호등있음),car_vs_bicycle,Ai_Hub,https://drive.google.com/uc?id=1TP9P5QqN3o4atYPilGGkeClRyaTUVbrb,10.0,,,.mp4,bb_1_190820_bike_148_182.mp4,15.0,150,93d5ec6c1702e32e|93d3e41e6b82f126|99b9a54627847d3a|39e98e46cf28718e|39e98e66c728718e,1080,aihub_source_suffix:148_182,,video,차대자전거_사거리교차로(신호등있음),,,storage/vision/staging/per_label_300/raw/car_vs_bicycle/aihub_train_00002875.mp4,True,,classification_frame_extraction,full_candidate,24e807508ec514d9e0d846761a7248480db9b18bc3d364c514046d67ff60f410,Ai_Hub/Train,Ai_Hub/Train/TS_차대자전거_영상_사거리교차로(신호등있음)/bb_1_190820_bike_148_182.mp4,,test,,,,,,1920
aihub_train_00009357,TS_차대차_영상_주차장(또는차도가아닌장소),car_vs_car,Ai_Hub,https://drive.google.com/uc?id=1hTRcKbiSmCdAW-6FID7LeJduAMM8kOEx,10.0,,,.mp4,bb_1_141006_vehicle_47_121.mp4,15.0,150,4b5a5b0849edae3c|f9880f0cd933bc4e|f38e811ccd393c2e|d18e891ccd393a6e|d18e891ccd393a6e,1080,aihub_source_suffix:47_121,,video,차대차_주차장(또는차도가아닌장소),,,storage/vision/staging/per_label_300/raw/car_vs_car/aihub_train_00009357.mp4,True,,classification_frame_extraction,full_candidate,be19328072bd8bb2068d1cedaae35e23051a57fdecdd4adbb0e989ec5440c53e,Ai_Hub/Train,Ai_Hub/Train/TS_차대차_영상_주차장(또는차도가아닌장소)/bb_1_141006_vehicle_47_121.mp4,,val,,,,,,1920
aihub_train_00014227,TS_차대차_영상_직선도로,car_vs_car,Ai_Hub,https://drive.google.com/uc?id=1tgcKgfP-g9ayeeAcjvSbi3ukWNvMQl_s,10.0,,,.mp4,bb_1_191111_vehicle_190_059.mp4,15.0,150,1301ecd4be9f1ae2|1505c8e17adb2e5e|0709f8d1ba75985e|2701f8d172f70c7c|2701f8d172f38c7c,1080,aihub_source_suffix:190_059,,video,차대차_직선도로,,,storage/vision/staging/per_label_300/raw/car_vs_car/aihub_train_00014227.mp4,True,,classification_frame_extraction,full_candidate,a651e1abfc06c2292e66cb2f9104b8516a5b5c47276e0d119da63d9ad9b77c99,Ai_Hub/Train,Ai_Hub/Train/TS_차대차_영상_직선도로/bb_1_191111_vehicle_190_059.mp4,,test,,,,,,1920
aihub_train_00003041,TS_차대자전거_영상_직선도로,car_vs_bicycle,Ai_Hub,https://drive.google.com/uc?id=1lBf2nLg6BTZVjUpnqNTYIvq3aI0xvXF4,10.0,,,.mp4,bb_1_160227_bike_197_126.mp4,15.0,150,331bb3c6c4a4bd98|1b1b1d18d05677d6|a183231b9b3e79e8|a3e5a38a3b3e0f28|a3e92b829f161f2c,720,aihub_source_suffix:197_126,,video,차대자전거_직선도로,,,storage/vision/staging/per_label_300/raw/car_vs_bicycle/aihub_train_00003041.mp4,True,,classification_frame_extraction,full_candidate,63ea6f188d262c859eb09c4ea13fb819ebf99cc7db07b5747a533357e53b67db,Ai_Hub/Train,Ai_Hub/Train/TS_차대자전거_영상_직선도로/bb_1_160227_bike_197_126.mp4,,test,,,,,,1280
aihub_train_00001266,TS_차대이륜차_영상_사거리교차로(신호등있음),car_vs_motorcycle,Ai_Hub,https://drive.google.com/uc?id=1ZN5er7nE9v3pPVhD3nOgalDF1Mm984EP,10.0,,,.mp4,bb_1_190618_two-wheeled-vehicle_144_066.mp4,15.0,150,9a42b1b57864c7ce|9a4231b97a7c45ce|9360a1b5522eed5e|d1f0a9f94662e954|f3f0a9f90660e94c,1080,aihub_source_suffix:144_066,,video,차대이륜차_사거리교차로(신호등있음),,,storage/vision/staging/per_label_300/raw/car_vs_motorcycle/aihub_train_00001266.mp4,True,,classification_frame_extraction,full_candidate,5654f2799bd5ad3e1f9af22bc5ee031bc450531a36f9e475892e8e285dbcc221,Ai_Hub/Train,Ai_Hub/Train/TS_차대이륜차_영상_사거리교차로(신호등있음)/bb_1_190618_two-wheeled-vehicle_144_066.mp4,,val,,,,,,1920
aihub_train_00003806,TS_차대차_영상_T자형교차로,car_vs_car,Ai_Hub,https://drive.google.com/uc?id=1dcVr2p8qCahTCnTaOvZxcDykAhkSsckz,10.0,,,.mp4,bb_1_160503_vehicle_30_230.mp4,15.0,150,875fc6867dc95160|0d5dace7b1e71160|cdd90b223da79c94|85df9f52396a4322|0f1f2e24a7d790d8,1080,aihub_source_suffix:30_230,,video,차대차_T자형교차로,,,storage/vision/staging/per_label_300/raw/car_vs_car/aihub_train_00003806.mp4,True,,classification_frame_extraction,full_candidate,b09ecc14bfab5010c5147d958a0c62b84cb383e5278d4e0fcbf0878244a1b887,Ai_Hub/Train,Ai_Hub/Train/TS_차대차_영상_T자형교차로/bb_1_160503_vehicle_30_230.mp4,,train,,,,,,1920
aihub_train_00002555,TS_차대이륜차_영상_직선도로,car_vs_motorcycle,Ai_Hub,https://drive.google.com/uc?id=117Sd4S2-AwOqTGI82GWL5SVxsJzWuiIl,10.0,,,.mp4,bb_3_220629_two-wheeled-vehicle_196_078.mp4,15.0,150,747ccb8213e29ef0|7574c888ba929ef4|3532cbcce8c8d8d6|3118ab66e6ccccda|1d18a162eaccdeda,1080,aihub_source_suffix:196_078,,video,차대이륜차_직선도로,,,storage/vision/staging/per_label_300/raw/car_vs_motorcycle/aihub_train_00002555.mp4,True,,classification_frame_extraction,full_candidate,d2a92a6b8e0210106ade6fa1e45a1456759b7e9f170cbe9d1d340f216d6763b5,Ai_Hub/Train,Ai_Hub/Train/TS_차대이륜차_영상_직선도로/bb_3_220629_two-wheeled-vehicle_196_078.mp4,,test,,,,,,1920
aihub_train_00000136,TS_차대보행자_영상_횡단보도(신호등있음),car_vs_pedestrian,Ai_Hub,https://drive.google.com/uc?id=14Hhj5R7Ba-gynARiI635eucL7doldniM,10.0,,,.mp4,bb_1_161006_pedestrian_192_118.mp4,15.0,150,89c58a3972f627a6|88dd8cd130b7eda4|692ba4add0374aae|8cc1b09fc3723be4|8cd1b889e37a23f4,1080,aihub_source_suffix:192_118,,video,차대보행자_횡단보도(신호등있음),,,storage/vision/staging/per_label_300/raw/car_vs_pedestrian/aihub_train_00000136.mp4,True,,classification_frame_extraction,full_candidate,3e339ac5e099934f04f99442a59813cffe68bf41ac681f88212b4bd943decdd9,Ai_Hub/Train,Ai_Hub/Train/TS_차대보행자_영상_횡단보도(신호등있음)/bb_1_161006_pedestrian_192_118.mp4,,val,,,,,,1920
aihub_train_00002269,TS_차대이륜차_영상_직선도로,car_vs_motorcycle,Ai_Hub,https://drive.google.com/uc?id=14NnJ8qH3ZFm2Drds00WRFYA5Mmg7YK9N,10.0,,,.mp4,bb_3_130306_two-wheeled-vehicle_110_135.mp4,15.0,150,9785a5e87958af06|b9a1ad6c7b5291c8|a3a1a86a7bf2b708|b5b989ca43623bb8|b5b98bcac3439392,1080,aihub_source_suffix:110_135,,video,차대이륜차_직선도로,,,storage/vision/staging/per_label_300/raw/car_vs_motorcycle/aihub_train_00002269.mp4,True,,classification_frame_extraction,full_candidate,498800b8871f28430498b14ad8b908ba40a197f998709f9bd2fab9137edb8168,Ai_Hub/Train,Ai_Hub/Train/TS_차대이륜차_영상_직선도로/bb_3_130306_two-wheeled-vehicle_110_135.mp4,,train,,,,,,1920
aihub_train_00000372,TS_차대보행자_영상_횡단보도(신호등있음)부근,car_vs_pedestrian,Ai_Hub,https://drive.google.com/uc?id=1R3wJfCmdVewhG5vpFlzLLTCZKoU6032L,10.0,,,.mp4,bb_3_160917_pedestrian_119_335.mp4,15.0,150,8394e47c9eca4c3e|8394e47c9eca4e3c|8194e47c9eca4e7c|83906c7c9eca4e3e|87906c7c9ece483e,1080,aihub_source_suffix:119_335,,video,차대보행자_횡단보도(신호등있음)부근,,,storage/vision/staging/per_label_300/raw/car_vs_pedestrian/aihub_train_00000372.mp4,True,,classification_frame_extraction,full_candidate,d95d0c942606d830fc0c1954d133ffc4c5bee268fe9cf9b560753fe839d28b8d,Ai_Hub/Train,Ai_Hub/Train/TS_차대보행자_영상_횡단보도(신호등있음)부근/bb_3_160917_pedestrian_119_335.mp4,,train,,,,,,1920
aihub_train_00003161,TS_차대자전거_영상_직선도로,car_vs_bicycle,Ai_Hub,https://drive.google.com/uc?id=1s__SYT2QonWbcCvA40Mrw2Y8bYMn_Zm9,10.0,,,.mp4,bb_1_171121_bike_121_047.mp4,15.0,150,91b2672ecde0721e|f80e07f00e0ff26e|8ef26166cf70319c|8c7673c7c038738e|8c7673c7c038738e,720,aihub_source_suffix:121_047,,video,차대자전거_직선도로,,,storage/vision/staging/per_label_300/raw/car_vs_bicycle/aihub_train_00003161.mp4,True,,classification_frame_extraction,full_candidate,32dd6de49d625501b88fe245bdcdaad61a2b18e5c80d5fcade8fbfb411479d00,Ai_Hub/Train,Ai_Hub/Train/TS_차대자전거_영상_직선도로/bb_1_171121_bike_121_047.mp4,,test,,,,,,1280
aihub_train_00001455,TS_차대이륜차_영상_사거리교차로(신호등있음),car_vs_motorcycle,Ai_Hub,https://drive.google.com/uc?id=137w39PFn5Npup1KdLg0SXvh9_H-yHhEi,10.0,,,.mp4,bb_3_161009_two-wheeled-vehicle_244_22090.mp4,15.0,150,0872f59d6a699596|8872678c5bba6792|2a5ad5b56a4995b2|2adac5b5686995b2|3acac595686997b2,1080,aihub_source_suffix:244_22090,,video,차대이륜차_사거리교차로(신호등있음),,,storage/vision/staging/per_label_300/raw/car_vs_motorcycle/aihub_train_00001455.mp4,True,,classification_frame_extraction,full_candidate,9d6d84cbc08540258e5a687f622ab9ea8010ab18cbe03ddd46d7ceb5d49e665a,Ai_Hub/Train,Ai_Hub/Train/TS_차대이륜차_영상_사거리교차로(신호등있음)/bb_3_161009_two-wheeled-vehicle_244_22090.mp4,,train,,,,,,1920
aihub_train_00000546,TS_차대보행자_영상_횡단보도없음,car_vs_pedestrian,Ai_Hub,https://drive.google.com/uc?id=1kQBip10oszbRZ1fU30hVrqvb2E0XkGMS,10.0,,,.mp4,bb_1_191019_pedestrian_245_20025.mp4,15.0,150,8383846c7c7a7a7a|9393c0cc7e707e1c|93938e4e6cf07634|8313accc5e787636|9393a44cdc5a7e34,1080,aihub_source_suffix:245_20025,,video,차대보행자_횡단보도없음,,,storage/vision/staging/per_label_300/raw/car_vs_pedestrian/aihub_train_00000546.mp4,True,,classification_frame_extraction,full_candidate,63f83abb8f6baf5ddaa78c50b6f44d58dc2f291ca079f4347ca06949a54c0388,Ai_Hub/Train,Ai_Hub/Train/TS_차대보행자_영상_횡단보도없음/bb_1_191019_pedestrian_245_20025.mp4,,train,,,,,,1920
aihub_train_00003306,TS_차대자전거_영상_직선도로,car_vs_bicycle,Ai_Hub,https://drive.google.com/uc?id=1QZgDETBAYFBldW4bJq2eAHyLDViZsRW3,10.0,,,.mp4,bb_1_200902_bike_231_22408.mp4,15.0,150,898983c273d31e7e|99dbcbc268e88ce4|9d9d07d371f19460|d9df1e4b0263226e|4b5f076308796e66,926,aihub_source_suffix:231_22408,,video,차대자전거_직선도로,,,storage/vision/staging/per_label_300/raw/car_vs_bicycle/aihub_train_00003306.mp4,True,,classification_frame_extraction,full_candidate,ceed59a65539a5c93d3b84f256982b3e429dd486a786b2f232ae960418138a0a,Ai_Hub/Train,Ai_Hub/Train/TS_차대자전거_영상_직선도로/bb_1_200902_bike_231_22408.mp4,,train,,,,,,1920
aihub_train_00003176,TS_차대자전거_영상_직선도로,car_vs_bicycle,Ai_Hub,https://drive.google.com/uc?id=1c28Qc6DwwFgZh1zZFMZkWPF8iF_PWK9Q,10.0,,,.mp4,bb_1_180317_bike_117_083.mp4,15.0,150,939ba3c7c68f8854|b199a185e46790fe|9b9ab5cd6c258178|b1bb13cf6a6d8250|9bb9b58732b31a48,1080,aihub_source_suffix:117_083,,video,차대자전거_직선도로,,,storage/vision/staging/per_label_300/raw/car_vs_bicycle/aihub_train_00003176.mp4,True,,classification_frame_extraction,full_candidate,1f8f102154f6736640f84d5514c515873f924fbc474194828be260c5a262226e,Ai_Hub/Train,Ai_Hub/Train/TS_차대자전거_영상_직선도로/bb_1_180317_bike_117_083.mp4,,train,,,,,,1920
aihub_train_00000396,TS_차대보행자_영상_횡단보도없음,car_vs_pedestrian,Ai_Hub,https://drive.google.com/uc?id=1CnIxW6B3TFUuL29oS1ATkSNVpm65Yo6y,10.0,,,.mp4,bb_1_140607_pedestrian_200_132.mp4,15.0,150,832ee5c0d2366cde|292e6fc2c392f4d4|238edc64c19e7a6a|8b86776ae0946e78|8b86772ae0b46e78,1080,aihub_source_suffix:200_132,,video,차대보행자_횡단보도없음,,,storage/vision/staging/per_label_300/raw/car_vs_pedestrian/aihub_train_00000396.mp4,True,,classification_frame_extraction,full_candidate,f3128077a0da7e4d5bbbc39e0375588b9f35462667baae6b8c004b96b0f625f1,Ai_Hub/Train,Ai_Hub/Train/TS_차대보행자_영상_횡단보도없음/bb_1_140607_pedestrian_200_132.mp4,,train,,,,,,1920
aihub_train_00003359,TS_차대자전거_영상_직선도로,car_vs_bicycle,Ai_Hub,https://drive.google.com/uc?id=1oVKJznPEr36qqEiqbFqu2coaEHHtxO4i,10.0,,,.mp4,bb_1_210613_bike_38_022.mp4,15.0,150,9391e5e4e727324c|b5a58dcccbb5a070|990f27c6c2db90b6|9d0907c6f0d1b4be|990f27c6e2d1b0e6,1080,aihub_source_suffix:38_022,,video,차대자전거_직선도로,,,storage/vision/staging/per_label_300/raw/car_vs_bicycle/aihub_train_00003359.mp4,True,,classification_frame_extraction,full_candidate,cfeeeedd1c18a9e82efe6770e3d97bb36c7aad3e75b08ff5fb59f6d75582e6d6,Ai_Hub/Train,Ai_Hub/Train/TS_차대자전거_영상_직선도로/bb_1_210613_bike_38_022.mp4,,test,,,,,,1920
aihub_train_00002417,TS_차대이륜차_영상_직선도로,car_vs_motorcycle,Ai_Hub,https://drive.google.com/uc?id=1XeeqnRWufrlPjE9TlFFftIvcFZLbF8ju,10.0,,,.mp4,bb_3_190609_two-wheeled-vehicle_46_011.mp4,15.0,150,1b0befed74531214|9393a7ed68793814|9791a46d6a6b3a0e|9795a467686b3a0e|9791a4676a6b3a0e,1080,aihub_source_suffix:46_011,,video,차대이륜차_직선도로,,,storage/vision/staging/per_label_300/raw/car_vs_motorcycle/aihub_train_00002417.mp4,True,,classification_frame_extraction,full_candidate,3cafe90ee9dd8a0d0496e3c4142110a68073f1f8a3f5a74466bcc9ac5d2d01b9,Ai_Hub/Train,Ai_Hub/Train/TS_차대이륜차_영상_직선도로/bb_3_190609_two-wheeled-vehicle_46_011.mp4,,train,,,,,,1920
aihub_train_00001028,TS_차대이륜차_영상_사거리교차로(신호등없음),car_vs_motorcycle,Ai_Hub,https://drive.google.com/uc?id=1O1-ThMLRqO22wfxJHI90wV-l6nhPuCaG,10.0,,,.mp4,bb_1_200119_two-wheeled-vehicle_118_18.mp4,15.0,150,818b86e4733534fe|818783627f953c7c|8b8b236675b0cbc6|8b8b2b607d2db326|8b8b23603d2fb366,1080,aihub_source_suffix:118_18,,video,차대이륜차_사거리교차로(신호등없음),,,storage/vision/staging/per_label_300/raw/car_vs_motorcycle/aihub_train_00001028.mp4,True,,classification_frame_extraction,full_candidate,530c922f48bb7166f827949fde6cedf28bed1971369f733ddd7fb122e58d16f3,Ai_Hub/Train,Ai_Hub/Train/TS_차대이륜차_영상_사거리교차로(신호등없음)/bb_1_200119_two-wheeled-vehicle_118_18.mp4,,train,,,,,,1920
aihub_train_00002683,TS_차대이륜차_영상_차도와차도가아닌장소,car_vs_motorcycle,Ai_Hub,https://drive.google.com/uc?id=1Mw9VOVv9Ke2nX9RA6ABnApi8snZwOagD,10.0,,,.mp4,cc_3_160203_two-wheeled-vehicle_194_026.mp4,15.0,150,2a944e6ae2f4a66e|2a946e6a62e4ee4e|2a946e6a62e4ee4e|2a946c6ae2e4ee4e|2a946e6a62f4cc5e,1080,aihub_source_suffix:194_026,,video,차대이륜차_차도와차도가아닌장소,,,storage/vision/staging/per_label_300/raw/car_vs_motorcycle/aihub_train_00002683.mp4,True,,classification_frame_extraction,full_candidate,87bf0a63013ec1c54cbd258187dd67728793aba8cd59c563aef3b2aa7f4d5e84,Ai_Hub/Train,Ai_Hub/Train/TS_차대이륜차_영상_차도와차도가아닌장소/cc_3_160203_two-wheeled-vehicle_194_026.mp4,,train,,,,,,1920
aihub_train_00002165,TS_차대이륜차_영상_직선도로,car_vs_motorcycle,Ai_Hub,https://drive.google.com/uc?id=12Y5XBVy7x2Cb9NLoRf9vs-sBSK3dWGjK,10.0,,,.mp4,bb_1_220108_two-wheeled-vehicle_131_210.mp4,15.0,150,99c8f67e3c846272|89c8f6362f4a627c|8dc8f63e3e064674|89c8f6361e46727c|89c8f6361e46d27c,1080,aihub_source_suffix:131_210,,video,차대이륜차_직선도로,,,storage/vision/staging/per_label_300/raw/car_vs_motorcycle/aihub_train_00002165.mp4,True,,classification_frame_extraction,full_candidate,5b796954944db168b68b9d57a2374cfede04aed245235992865f7a678f89477b,Ai_Hub/Train,Ai_Hub/Train/TS_차대이륜차_영상_직선도로/bb_1_220108_two-wheeled-vehicle_131_210.mp4,,val,,,,,,1920
aihub_train_00000468,TS_차대보행자_영상_횡단보도없음,car_vs_pedestrian,Ai_Hub,https://drive.google.com/uc?id=1R3d1TPiU3onTew8Sm9UkjblYlebmon70,10.0,,,.mp4,bb_1_180322_pedestrian_201_23764.mp4,15.0,150,879f35307f878234|313d85a46de8d63c|0b0ea7b4f1b09adc|8d0db3b2743c4eca|8d0db3b2743c4eca,926,aihub_source_suffix:201_23764,,video,차대보행자_횡단보도없음,,,storage/vision/staging/per_label_300/raw/car_vs_pedestrian/aihub_train_00000468.mp4,True,,classification_frame_extraction,full_candidate,2124f6ff5b812cb994c45556e43801d80a04f31382e76d50243601e5ce4c6a67,Ai_Hub/Train,Ai_Hub/Train/TS_차대보행자_영상_횡단보도없음/bb_1_180322_pedestrian_201_23764.mp4,,test,,,,,,1920
aihub_train_00002673,TS_차대이륜차_영상_차도와차도가아닌장소,car_vs_motorcycle,Ai_Hub,https://drive.google.com/uc?id=1iptWTnMZlCAcYvKvqQ0lENMga582l4De,10.0,,,.mp4,bb_3_151213_two-wheeled-vehicle_194_033.mp4,15.0,150,8ae18dcbf18d6b84|0af58d4ad58de994|24dbaf24db24d0da|34cbb924db24c79a|34cbb924db24c79a,1080,aihub_source_suffix:194_033,,video,차대이륜차_차도와차도가아닌장소,,,storage/vision/staging/per_label_300/raw/car_vs_motorcycle/aihub_train_00002673.mp4,True,,classification_frame_extraction,full_candidate,ca00fdc89d41efd05976abefd2f744fe8cfbd46e22e36505e24aa6169bcb7969,Ai_Hub/Train,Ai_Hub/Train/TS_차대이륜차_영상_차도와차도가아닌장소/bb_3_151213_two-wheeled-vehicle_194_033.mp4,,train,,,,,,1920
aihub_train_00000364,TS_차대보행자_영상_횡단보도(신호등있음)부근,car_vs_pedestrian,Ai_Hub,https://drive.google.com/uc?id=1BM6wI-GvLsFi9nMRD8XUOK3s0yd3Fgha,10.0,,,.mp4,bb_1_210630_pedestrian_316_081.mp4,15.0,150,1382c7cccd5d3ab4|4141f1f38b5df254|8581e1f46a77ba1c|8181e5e46a7f9a78|8181e1e46a7f9af8,1080,aihub_source_suffix:316_081,,video,차대보행자_횡단보도(신호등있음)부근,,,storage/vision/staging/per_label_300/raw/car_vs_pedestrian/aihub_train_00000364.mp4,True,,classification_frame_extraction,full_candidate,e8c47a830ef498dca9f57f3c5b7ccd9c0ae643e5ef570d283506226dbc1dbd93,Ai_Hub/Train,Ai_Hub/Train/TS_차대보행자_영상_횡단보도(신호등있음)부근/bb_1_210630_pedestrian_316_081.mp4,,test,,,,,,1920
aihub_train_00000680,TS_차대보행자_영상_횡단보도없음,car_vs_pedestrian,Ai_Hub,https://drive.google.com/uc?id=1IFa0rs60xK3qVkdL0tpgyFGpMlu1aU1E,10.0,,,.mp4,bb_3_160317_pedestrian_216_20506.mp4,15.0,150,238adcf6cc64d8f0|a108dcd66e6eda64|213ada946c7ad66c|213ada946c7ad66c|23a2d5accc5ee4cc,1080,aihub_source_suffix:216_20506,,video,차대보행자_횡단보도없음,,,storage/vision/staging/per_label_300/raw/car_vs_pedestrian/aihub_train_00000680.mp4,True,,classification_frame_extraction,full_candidate,a102c82cb1bdc3cd9d8582a875a92ecda098e4879396b38b4de1edfc72849672,Ai_Hub/Train,Ai_Hub/Train/TS_차대보행자_영상_횡단보도없음/bb_3_160317_pedestrian_216_20506.mp4,,val,,,,,,1920
aihub_train_00001371,TS_차대이륜차_영상_사거리교차로(신호등있음),car_vs_motorcycle,Ai_Hub,https://drive.google.com/uc?id=1DABhUYJEgoAVl-dte9PG_x7mYyupsaCR,10.0,,,.mp4,bb_1_220619_two-wheeled-vehicle_46_021.mp4,15.0,150,2b3b1a7a79827f80|2b527c74f3e2832a|2b5d2c61316a97f8|2b1128f8c5caddf8|2b112c78e54addf8,1080,aihub_source_suffix:46_021,,video,차대이륜차_사거리교차로(신호등있음),,,storage/vision/staging/per_label_300/raw/car_vs_motorcycle/aihub_train_00001371.mp4,True,,classification_frame_extraction,full_candidate,2e3aab2d87fc2f5fc07e9f8998d30dfb508a510f0c038e7fae980ffa04231835,Ai_Hub/Train,Ai_Hub/Train/TS_차대이륜차_영상_사거리교차로(신호등있음)/bb_1_220619_two-wheeled-vehicle_46_021.mp4,,test,,,,,,1920
aihub_train_00002358,TS_차대이륜차_영상_직선도로,car_vs_motorcycle,Ai_Hub,https://drive.google.com/uc?id=1de-xJlpCjGvVb44b2XQ9U7vU0TMjv-ub,10.0,,,.mp4,bb_3_170319_two-wheeled-vehicle_205_35293.mp4,15.0,150,818072727e7c2e7e|818272727e5cde72|818270647e5cdef6|818274647e5ed67a|838170667e5c9ed6,1080,aihub_source_suffix:205_35293,,video,차대이륜차_직선도로,,,storage/vision/staging/per_label_300/raw/car_vs_motorcycle/aihub_train_00002358.mp4,True,,classification_frame_extraction,full_candidate,9af6f6d82affdfc9eb7ada60b48798e62fced34ebccf4f17d6445269d76712e4,Ai_Hub/Train,Ai_Hub/Train/TS_차대이륜차_영상_직선도로/bb_3_170319_two-wheeled-vehicle_205_35293.mp4,,train,,,,,,1920
aihub_train_00003393,TS_차대자전거_영상_직선도로,car_vs_bicycle,Ai_Hub,https://drive.google.com/uc?id=1ZhQGfW0fEl4UmyrKorDppNSLNAyvm4Zk,10.0,,,.mp4,bb_1_211031_bike_205_22019.mp4,15.0,150,2b3a398f1fc07c38|237a1e9f1c878f60|2b299899349e6e76|2b3f8f8e30c433c6|2b2bcd8338c65f70,616,aihub_source_suffix:205_22019,,video,차대자전거_직선도로,,,storage/vision/staging/per_label_300/raw/car_vs_bicycle/aihub_train_00003393.mp4,True,,classification_frame_extraction,full_candidate,5bd7ef908ad917b2e3ecdc1dc502882449b6dfdcef65aa91bbcd8db3a13a468b,Ai_Hub/Train,Ai_Hub/Train/TS_차대자전거_영상_직선도로/bb_1_211031_bike_205_22019.mp4,,train,,,,,,1280
aihub_train_00001496,TS_차대이륜차_영상_사거리교차로(신호등있음),car_vs_motorcycle,Ai_Hub,https://drive.google.com/uc?id=1Z74E4HP7rThMZTPdt7chV3lmbI16q9zZ,10.0,,,.mp4,bb_3_180407_two-wheeled-vehicle_19_030.mp4,15.0,150,bc161302feadf056|bc1e0300feaff056|bc1e0300feaff056|ac165322defdf006|bc1e13225eadf056,1080,aihub_source_suffix:19_030,,video,차대이륜차_사거리교차로(신호등있음),,,storage/vision/staging/per_label_300/raw/car_vs_motorcycle/aihub_train_00001496.mp4,True,,classification_frame_extraction,full_candidate,f6d385334c762cfe10f3bf797ee24b8946615efad0c861aeed0fcdc00ab2d283,Ai_Hub/Train,Ai_Hub/Train/TS_차대이륜차_영상_사거리교차로(신호등있음)/bb_3_180407_two-wheeled-vehicle_19_030.mp4,,val,,,,,,1920
aihub_train_00002014,TS_차대이륜차_영상_직선도로,car_vs_motorcycle,Ai_Hub,https://drive.google.com/uc?id=1w6WKI23wSvjiTQdaVdSfS3YBAUWykaAA,10.0,,,.mp4,bb_1_200331_two-wheeled-vehicle_236_21776.mp4,15.0,150,0a5e7b22e4e4f4e4|085e5b2ab6e6e4e4|0a5e7b2224f4f6e4|8a1e7b2a70e4f4e4|818c6d323efa7266,1080,aihub_source_suffix:236_21776,,video,차대이륜차_직선도로,,,storage/vision/staging/per_label_300/raw/car_vs_motorcycle/aihub_train_00002014.mp4,True,,classification_frame_extraction,full_candidate,42ce6b8f8eabc5d80fbddb80d5abff865ef6dfd94c4e824dfbac9b0d4b41d687,Ai_Hub/Train,Ai_Hub/Train/TS_차대이륜차_영상_직선도로/bb_1_200331_two-wheeled-vehicle_236_21776.mp4,,train,,,,,,1920
aihub_train_00003241,TS_차대자전거_영상_직선도로,car_vs_bicycle,Ai_Hub,https://drive.google.com/uc?id=1bFfTaCyeVqltdl8-BW2YwPi0bfamkk_0,10.0,,,.mp4,bb_1_190420_bike_242_22344.mp4,15.0,150,d99be7645f819488|4f37b0a2d3c46ba4|f7f120689d8a8a3e|e7ef4142f1928696|efef4142b1929616,926,aihub_source_suffix:242_22344,,video,차대자전거_직선도로,,,storage/vision/staging/per_label_300/raw/car_vs_bicycle/aihub_train_00003241.mp4,True,,classification_frame_extraction,full_candidate,eaa427d067a50471a0025901021410dbf355a5ef1465c304cdad570c64541227,Ai_Hub/Train,Ai_Hub/Train/TS_차대자전거_영상_직선도로/bb_1_190420_bike_242_22344.mp4,,train,,,,,,1920
aihub_train_00001586,TS_차대이륜차_영상_사거리교차로(신호등있음),car_vs_motorcycle,Ai_Hub,https://drive.google.com/uc?id=1siP0vlby1FXnB035g80jLi0dsldOcM9v,10.0,,,.mp4,bb_3_220103_two-wheeled-vehicle_089_396.mp4,15.0,150,aba9f914fc8585a2|a9a9f914fc8585b2|afa9f914fc8584a2|a9a9f934fd858432|aba9f8f4f4858470,1080,aihub_source_suffix:089_396,,video,차대이륜차_사거리교차로(신호등있음),,,storage/vision/staging/per_label_300/raw/car_vs_motorcycle/aihub_train_00001586.mp4,True,,classification_frame_extraction,full_candidate,ccab804e2fb420313e30bcc2527d5d0c101d3d603060a4100670f6feabbc2a7a,Ai_Hub/Train,Ai_Hub/Train/TS_차대이륜차_영상_사거리교차로(신호등있음)/bb_3_220103_two-wheeled-vehicle_089_396.mp4,,train,,,,,,1920
aihub_train_00001584,TS_차대이륜차_영상_사거리교차로(신호등있음),car_vs_motorcycle,Ai_Hub,https://drive.google.com/uc?id=1kxMekJUBDF_vPJG05aU97_8OO21mMQFm,10.0,,,.mp4,bb_3_211117_two-wheeled-vehicle_206_22561.mp4,15.0,150,8d8272dd0f267ad8|8d8272dd0f267ad8|8d8272dd0f267ad8|8da272dc0f267ad8|8da272dc0f267ad8,926,aihub_source_suffix:206_22561,,video,차대이륜차_사거리교차로(신호등있음),,,storage/vision/staging/per_label_300/raw/car_vs_motorcycle/aihub_train_00001584.mp4,True,,classification_frame_extraction,full_candidate,c34e3b63951336acdfc9bdd2cfa74c4c0c576496b0e071330e12154ad9659c8d,Ai_Hub/Train,Ai_Hub/Train/TS_차대이륜차_영상_사거리교차로(신호등있음)/bb_3_211117_two-wheeled-vehicle_206_22561.mp4,,train,,,,,,1920
aihub_train_00001568,TS_차대이륜차_영상_사거리교차로(신호등있음),car_vs_motorcycle,Ai_Hub,https://drive.google.com/uc?id=1BfBb1skh7Gh8Tdo6z746QaaWN5W93sBf,10.0,,,.mp4,bb_3_210515_two-wheeled-vehicle_226_21798.mp4,15.0,150,b2664d9c66339acc|3666c998c93736cc|3666d998c93736c8|3626d998c9373666|3666d998c93734ca,1080,aihub_source_suffix:226_21798,,video,차대이륜차_사거리교차로(신호등있음),,,storage/vision/staging/per_label_300/raw/car_vs_motorcycle/aihub_train_00001568.mp4,True,,classification_frame_extraction,full_candidate,e1c39e6a9398d729b9239fd17016973dfc9f2d2d859262c62f356964ae2dcf61,Ai_Hub/Train,Ai_Hub/Train/TS_차대이륜차_영상_사거리교차로(신호등있음)/bb_3_210515_two-wheeled-vehicle_226_21798.mp4,,test,,,,,,1920
aihub_train_00002754,TS_차대자전거_영상_사거리교차로(신호등없음),car_vs_bicycle,Ai_Hub,https://drive.google.com/uc?id=1293QVJyidF32lEiESRZdFrXWXpuJamFY,10.0,,,.mp4,bb_1_190821_bike_213_20745.mp4,15.0,150,632c9dc3623c97d2|636c9dc3623c96d2|636a9ed3612ea6d0|636a9ed3612e36d0|616a9ed3e12eacd0,1080,aihub_source_suffix:213_20745,,video,차대자전거_사거리교차로(신호등없음),,,storage/vision/staging/per_label_300/raw/car_vs_bicycle/aihub_train_00002754.mp4,True,,classification_frame_extraction,full_candidate,36d80b0b07250ca72d218ba0aca1879367c8827e404a3760428413a4f95391cc,Ai_Hub/Train,Ai_Hub/Train/TS_차대자전거_영상_사거리교차로(신호등없음)/bb_1_190821_bike_213_20745.mp4,,train,,,,,,1920
aihub_train_00002499,TS_차대이륜차_영상_직선도로,car_vs_motorcycle,Ai_Hub,https://drive.google.com/uc?id=1GYUj2d94M0Ez_7DK4QGg5-ndRL9ede0Y,10.0,,,.mp4,bb_3_210623_two-wheeled-vehicle_41_027.mp4,15.0,150,e0700f8e3de41f3a|367c6939b8e69710|166aea329546e73a|03686d3c9ec6b7b0|0368693a9cc6f33e,1080,aihub_source_suffix:41_027,,video,차대이륜차_직선도로,,,storage/vision/staging/per_label_300/raw/car_vs_motorcycle/aihub_train_00002499.mp4,True,,classification_frame_extraction,full_candidate,c69343c55f92c9337680eb67baca4b7c07f3226662ac8dc40f88cd13cb9029ab,Ai_Hub/Train,Ai_Hub/Train/TS_차대이륜차_영상_직선도로/bb_3_210623_two-wheeled-vehicle_41_027.mp4,,train,,,,,,1920
aihub_train_00002979,TS_차대자전거_영상_직선도로,car_vs_bicycle,Ai_Hub,https://drive.google.com/uc?id=1OpzmCwuA-xIbR0NqNTeb5N1ccE_x6l3L,10.0,,,.mp4,bb_1_140128_bike_197_154.mp4,15.0,150,9391e5e4e727324c|b5a58dcccbb7a060|990f27c6c2db90b6|9d0927c6f0d1b4b6|990f27c6e2d1b0e6,720,aihub_source_suffix:197_154,,video,차대자전거_직선도로,,,storage/vision/staging/per_label_300/raw/car_vs_bicycle/aihub_train_00002979.mp4,True,,classification_frame_extraction,full_candidate,6dd42260562e2e1754458c9e7425caa9bdd77c2f602a25418e7a72dc011266b9,Ai_Hub/Train,Ai_Hub/Train/TS_차대자전거_영상_직선도로/bb_1_140128_bike_197_154.mp4,,test,,,,,,1280
aihub_train_00003102,TS_차대자전거_영상_직선도로,car_vs_bicycle,Ai_Hub,https://drive.google.com/uc?id=1d2M-LJfQfGDIIXMLUQ2OZ4QqvaPgTRs3,10.0,,,.mp4,bb_1_170321_bike_259_21666.mp4,15.0,150,984ee731498fc798|807f9bc03f90679a|827d8dc23f90e71c|92658c6db39a6d98|92658c6db39a6d98,1080,aihub_source_suffix:259_21666,,video,차대자전거_직선도로,,,storage/vision/staging/per_label_300/raw/car_vs_bicycle/aihub_train_00003102.mp4,True,,classification_frame_extraction,full_candidate,667bcd1004c495a32b0007780dfa6f41dfd7f81b8ecbfe7fce555d9675b3d2f8,Ai_Hub/Train,Ai_Hub/Train/TS_차대자전거_영상_직선도로/bb_1_170321_bike_259_21666.mp4,,train,,,,,,1920
aihub_train_00000395,TS_차대보행자_영상_횡단보도없음,car_vs_pedestrian,Ai_Hub,https://drive.google.com/uc?id=1hliRH9swvOFC9GORPppfAK3wojg-cDO2,10.0,,,.mp4,bb_1_140511_pedestrian_45_007.mp4,15.0,150,476798194af6365a|c90920727c9f4fba|b1810e6769bd1bb8|b1810e6769bd1bb8|b1810e6769bd1bb8,1080,aihub_source_suffix:45_007,,video,차대보행자_횡단보도없음,,,storage/vision/staging/per_label_300/raw/car_vs_pedestrian/aihub_train_00000395.mp4,True,,classification_frame_extraction,full_candidate,17b806622340915916756c54f26d952bc366832d8d7033622fda642f8573993b,Ai_Hub/Train,Ai_Hub/Train/TS_차대보행자_영상_횡단보도없음/bb_1_140511_pedestrian_45_007.mp4,,test,,,,,,1920
aihub_train_00002155,TS_차대이륜차_영상_직선도로,car_vs_motorcycle,Ai_Hub,https://drive.google.com/uc?id=1BlTXEcSys87vgsvwWRZ6rk025Sf_Ofj_,10.0,,,.mp4,bb_1_211026_two-wheeled-vehicle_148_228.mp4,15.0,150,0dd8c985cbcaeaf0|89d8c9850f68ea7e|89d8c9858b487e7e|89dad985cb082e7e|8998d9858b6e3e78,1080,aihub_source_suffix:148_228,,video,차대이륜차_직선도로,,,storage/vision/staging/per_label_300/raw/car_vs_motorcycle/aihub_train_00002155.mp4,True,,classification_frame_extraction,full_candidate,37d374afad31b590b118bb96c38885b4586707bfeb4a135048398b88ad818510,Ai_Hub/Train,Ai_Hub/Train/TS_차대이륜차_영상_직선도로/bb_1_211026_two-wheeled-vehicle_148_228.mp4,,train,,,,,,1920
aihub_train_00000438,TS_차대보행자_영상_횡단보도없음,car_vs_pedestrian,Ai_Hub,https://drive.google.com/uc?id=11vKmQoOGg7cvONnlVT47e9-YNcBOrlSz,10.0,,,.mp4,bb_1_170429_pedestrian_259_25233.mp4,15.0,150,170f22ec4b3fa4aa|cd811eb6635b1696|ed85967ab3035c98|ed85977ab3031c98|ed85977ab3031c98,926,aihub_source_suffix:259_25233,,video,차대보행자_횡단보도없음,,,storage/vision/staging/per_label_300/raw/car_vs_pedestrian/aihub_train_00000438.mp4,True,,classification_frame_extraction,full_candidate,eb514c37b6a7c68454c7035a6da36a8f6991df23f3df502b03457a0d570a323d,Ai_Hub/Train,Ai_Hub/Train/TS_차대보행자_영상_횡단보도없음/bb_1_170429_pedestrian_259_25233.mp4,,train,,,,,,1920
aihub_train_00002283,TS_차대이륜차_영상_직선도로,car_vs_motorcycle,Ai_Hub,https://drive.google.com/uc?id=1haBkBWqD-55tq0p9dpsQw6P5a1R0kAh3,10.0,,,.mp4,bb_3_140312_two-wheeled-vehicle_127_029.mp4,15.0,150,99926679866739c6|999666798e66384e|999666798a6738cc|999666798a6738cc|999666798a6738cc,1080,aihub_source_suffix:127_029,,video,차대이륜차_직선도로,,,storage/vision/staging/per_label_300/raw/car_vs_motorcycle/aihub_train_00002283.mp4,True,,classification_frame_extraction,full_candidate,6d545e2dcb762cd9537e0bc82d0d0f45bd9a3215125ff308f3c18eb38689fe14,Ai_Hub/Train,Ai_Hub/Train/TS_차대이륜차_영상_직선도로/bb_3_140312_two-wheeled-vehicle_127_029.mp4,,train,,,,,,1920
aihub_train_00001142,TS_차대이륜차_영상_사거리교차로(신호등없음),car_vs_motorcycle,Ai_Hub,https://drive.google.com/uc?id=108Z7j6BVavzWOrk1BHWEBcjMySqm8ddD,10.0,,,.mp4,cc_3_180629_two-wheeled-vehicle_120_173.mp4,15.0,150,a1e0f4dec3fa5844|a9e0f4de82f85a4a|a9e0f4dec2f8584a|a9e0f4de82fa584a|a9e0f4de82fa584a,1080,aihub_source_suffix:120_173,,video,차대이륜차_사거리교차로(신호등없음),,,storage/vision/staging/per_label_300/raw/car_vs_motorcycle/aihub_train_00001142.mp4,True,,classification_frame_extraction,full_candidate,21bfa1f0c6ace6671525c6d7143d3dc9e60d646fc2562076b8f2de0ca05a4788,Ai_Hub/Train,Ai_Hub/Train/TS_차대이륜차_영상_사거리교차로(신호등없음)/cc_3_180629_two-wheeled-vehicle_120_173.mp4,,val,,,,,,1920
aihub_train_00003304,TS_차대자전거_영상_직선도로,car_vs_bicycle,Ai_Hub,https://drive.google.com/uc?id=1g2IpyDRTDETRkFS0o7F_qp2DPQYogNkz,10.0,,,.mp4,bb_1_200818_bike_48_003.mp4,15.0,150,3b0accf4d6d0c6c6|2b9ec662d0d8f662|390ae6f4dcd87264|2b8af4f4d4ccc278|2b0af4f4d4ce5278,1080,aihub_source_suffix:48_003,,video,차대자전거_직선도로,,,storage/vision/staging/per_label_300/raw/car_vs_bicycle/aihub_train_00003304.mp4,True,,classification_frame_extraction,full_candidate,cf8b8a0db588b83909660ff72ce3b994a0e1373bd090951386fc99ddede6195d,Ai_Hub/Train,Ai_Hub/Train/TS_차대자전거_영상_직선도로/bb_1_200818_bike_48_003.mp4,,test,,,,,,1920
aihub_train_00001671,TS_차대이륜차_영상_직선도로,car_vs_motorcycle,Ai_Hub,https://drive.google.com/uc?id=1VCwj2FkC4KxGcSw_IntGS595Hpr6g9Ua,10.0,,,.mp4,bb_1_150208_two-wheeled-vehicle_142_213.mp4,15.0,150,2124d2dacc6dbd3a|8872cfcc67379918|801e76727e1d8de2|801e76723f1d8de2|801e76703f999de2,1080,aihub_source_suffix:142_213,,video,차대이륜차_직선도로,,,storage/vision/staging/per_label_300/raw/car_vs_motorcycle/aihub_train_00001671.mp4,True,,classification_frame_extraction,full_candidate,8b1f33bdcba2561105debe7b08291bc0ef5125b3516370a51e5cdea4ff2a4ff5,Ai_Hub/Train,Ai_Hub/Train/TS_차대이륜차_영상_직선도로/bb_1_150208_two-wheeled-vehicle_142_213.mp4,,val,,,,,,1920
aihub_train_00002587,TS_차대이륜차_영상_차도와차도가아닌장소,car_vs_motorcycle,Ai_Hub,https://drive.google.com/uc?id=1FeBgk14RkR84I5KW_nTBMjtzQqNyUEHJ,10.0,,,.mp4,bb_1_151017_two-wheeled-vehicle_218_44122.mp4,15.0,150,9866d79867999866|30c46f3b98e7c938|8e718e39c6798e64|8e718e38c7999c66|9866db9867999266,926,aihub_source_suffix:218_44122,,video,차대이륜차_차도와차도가아닌장소,,,storage/vision/staging/per_label_300/raw/car_vs_motorcycle/aihub_train_00002587.mp4,True,,classification_frame_extraction,full_candidate,168c6049896711eaa4634ca754d2ae88f5c685318876bced6a062e98774c19d7,Ai_Hub/Train,Ai_Hub/Train/TS_차대이륜차_영상_차도와차도가아닌장소/bb_1_151017_two-wheeled-vehicle_218_44122.mp4,,train,,,,,,1920
aihub_train_00000243,TS_차대보행자_영상_횡단보도(신호등있음),car_vs_pedestrian,Ai_Hub,https://drive.google.com/uc?id=1XDdKBRNdjt2pwff-VQS3WWh6Cwa0VHuN,10.0,,,.mp4,bb_3_180529_pedestrian_204_22127.mp4,15.0,150,32cd32cced32cd32|32cd32cced32cd32|32cd32cced32cd32|32cd32cced32cd32|32cd32cced32cd32,926,aihub_source_suffix:204_22127,,video,차대보행자_횡단보도(신호등있음),,,storage/vision/staging/per_label_300/raw/car_vs_pedestrian/aihub_train_00000243.mp4,True,,classification_frame_extraction,full_candidate,a7b894d1f99c594094769b0a2a4fc53b2dab9d4add076f6109fb2d7dc3bc23cc,Ai_Hub/Train,Ai_Hub/Train/TS_차대보행자_영상_횡단보도(신호등있음)/bb_3_180529_pedestrian_204_22127.mp4,,train,,,,,,1920
aihub_train_00001835,TS_차대이륜차_영상_직선도로,car_vs_motorcycle,Ai_Hub,https://drive.google.com/uc?id=1zQaa5H1AJGlzw9Jv_65_yIdzqz335xKi,10.0,,,.mp4,bb_1_180209_two-wheeled-vehicle_195_070.mp4,15.0,150,33316d4c4b9a978e|9113174e4f2afba2|191b2f2eef20d49c|991d27666724acbc|991d27666724acbc,1080,aihub_source_suffix:195_070,,video,차대이륜차_직선도로,,,storage/vision/staging/per_label_300/raw/car_vs_motorcycle/aihub_train_00001835.mp4,True,,classification_frame_extraction,full_candidate,3309bdc324fddcdff52f0c289ad198e1e991f5299e29df34648329f8a72dd74e,Ai_Hub/Train,Ai_Hub/Train/TS_차대이륜차_영상_직선도로/bb_1_180209_two-wheeled-vehicle_195_070.mp4,,test,,,,,,1920
aihub_train_00003452,TS_차대자전거_영상_직선도로,car_vs_bicycle,Ai_Hub,https://drive.google.com/uc?id=1mj-PwOYY6atRXYFfud347pk6b88vQ2vS,10.0,,,.mp4,bb_1_220704_bike_241_21909.mp4,15.0,150,b93a0765e4e72664|9b1aa5a46677c26c|999a07cfdce80666|bb9a0746dffc0602|bb9a0706dfec0662,926,aihub_source_suffix:241_21909,,video,차대자전거_직선도로,,,storage/vision/staging/per_label_300/raw/car_vs_bicycle/aihub_train_00003452.mp4,True,,classification_frame_extraction,full_candidate,a85f2422c59fce8b3c0a32bd9ac38c259894e00ccc8ffad29ff20c4d8c6f0e3b,Ai_Hub/Train,Ai_Hub/Train/TS_차대자전거_영상_직선도로/bb_1_220704_bike_241_21909.mp4,,train,,,,,,1920
aihub_train_00003378,TS_차대자전거_영상_직선도로,car_vs_bicycle,Ai_Hub,https://drive.google.com/uc?id=11x6B0s3iU71xqKE6e4LNNHV_u3ZjJDCp,10.0,,,.mp4,bb_1_210825_bike_130_183.mp4,15.0,150,2b2a39938f3dc23c|236a1e1e9f1ec60e|2b3980fb8d349e2e|2b2f9fc27e10c632|2b2b89cec33cc61e,720,aihub_source_suffix:130_183,,video,차대자전거_직선도로,,,storage/vision/staging/per_label_300/raw/car_vs_bicycle/aihub_train_00003378.mp4,True,,classification_frame_extraction,full_candidate,cfe73d6e2c8fc35a9e963103262898caca37b5afdcb264e59db77f44674dc9d8,Ai_Hub/Train,Ai_Hub/Train/TS_차대자전거_영상_직선도로/bb_1_210825_bike_130_183.mp4,,train,,,,,,1280
aihub_train_00003137,TS_차대자전거_영상_직선도로,car_vs_bicycle,Ai_Hub,https://drive.google.com/uc?id=1bn8zLEDrXQ_HlLr7L_78otCZXjKZeMMZ,10.0,,,.mp4,bb_1_170803_bike_212_21546.mp4,15.0,150,8b0a69b2f4dcdc4a|0b0a5be074dcdb6a|0f0a7ab0f4d6d968|2160bc8ede5a6e66|2160bc9ede5a6e26,1080,aihub_source_suffix:212_21546,,video,차대자전거_직선도로,,,storage/vision/staging/per_label_300/raw/car_vs_bicycle/aihub_train_00003137.mp4,True,,classification_frame_extraction,full_candidate,9388d2c1b3408715c14e92078aebd84ef76b14b4d27581450ff411394b96a0e3,Ai_Hub/Train,Ai_Hub/Train/TS_차대자전거_영상_직선도로/bb_1_170803_bike_212_21546.mp4,,val,,,,,,1920
aihub_train_00003163,TS_차대자전거_영상_직선도로,car_vs_bicycle,Ai_Hub,https://drive.google.com/uc?id=1JpV0qX1f1-wKS_38AbtU2fOxsmrBSOCN,10.0,,,.mp4,bb_1_171130_bike_260_41542.mp4,15.0,150,b3a38dacca4b383a|33327928d95d2ce6|33234f38f118397e|37670af2b145d172|27674af2b145d172,926,aihub_source_suffix:260_41542,,video,차대자전거_직선도로,,,storage/vision/staging/per_label_300/raw/car_vs_bicycle/aihub_train_00003163.mp4,True,,classification_frame_extraction,full_candidate,f66208d7ac2199edc4807c8e9ca9ac953d9730a92495b3212188064d0416015f,Ai_Hub/Train,Ai_Hub/Train/TS_차대자전거_영상_직선도로/bb_1_171130_bike_260_41542.mp4,,train,,,,,,1920
aihub_train_00002351,TS_차대이륜차_영상_직선도로,car_vs_motorcycle,Ai_Hub,https://drive.google.com/uc?id=1l0G_T9XR3FfSxaNhRANRifCzhlxrSd0i,10.0,,,.mp4,bb_3_161121_two-wheeled-vehicle_39_004.mp4,15.0,150,36c8a9b64936a7cc|364aa9b44933fe4c|724ea9b05f23e0dc|344eadb04d33e1dc|324eadb04d33e1dc,1080,aihub_source_suffix:39_004,,video,차대이륜차_직선도로,,,storage/vision/staging/per_label_300/raw/car_vs_motorcycle/aihub_train_00002351.mp4,True,,classification_frame_extraction,full_candidate,2e6f91d39a48ac8031cae05a19e2a1b33d5784be926e0cf6201d1c7af2ba4ae7,Ai_Hub/Train,Ai_Hub/Train/TS_차대이륜차_영상_직선도로/bb_3_161121_two-wheeled-vehicle_39_004.mp4,,train,,,,,,1920
aihub_train_00003326,TS_차대자전거_영상_직선도로,car_vs_bicycle,Ai_Hub,https://drive.google.com/uc?id=1VHVAliuixzqWJ40lSA2N66i2XSpMfi97,10.0,,,.mp4,bb_1_210211_bike_116_283.mp4,15.0,150,312b2fce4ad2966c|313761cc4ada976c|b1b369e8485a966e|b12169ca5a729f5c|a12369ca5a769e6c,1080,aihub_source_suffix:116_283,,video,차대자전거_직선도로,,,storage/vision/staging/per_label_300/raw/car_vs_bicycle/aihub_train_00003326.mp4,True,,classification_frame_extraction,full_candidate,f75b411544695e5817c3c13d4d1ac7be925b2826d12c8aa9fda5377623d019b2,Ai_Hub/Train,Ai_Hub/Train/TS_차대자전거_영상_직선도로/bb_1_210211_bike_116_283.mp4,,val,,,,,,1920
aihub_train_00002603,TS_차대이륜차_영상_차도와차도가아닌장소,car_vs_motorcycle,Ai_Hub,https://drive.google.com/uc?id=1wRgImFKAeGDS5Ss-OJMnyqRd0XVD6jDa,10.0,,,.mp4,bb_1_171005_two-wheeled-vehicle_112_349.mp4,15.0,150,3558caa726cacb36|5fdb5424910b6d5a|5b5f5437110b535a|5b5f54b7190a5352|5b535e311da9594a,1080,aihub_source_suffix:112_349,,video,차대이륜차_차도와차도가아닌장소,,,storage/vision/staging/per_label_300/raw/car_vs_motorcycle/aihub_train_00002603.mp4,True,,classification_frame_extraction,full_candidate,1e6f56ed2dac678b80040e9dabe451d68c12df04de1fa1eaecdf1491ccaab507,Ai_Hub/Train,Ai_Hub/Train/TS_차대이륜차_영상_차도와차도가아닌장소/bb_1_171005_two-wheeled-vehicle_112_349.mp4,,train,,,,,,1920
aihub_train_00003331,TS_차대자전거_영상_직선도로,car_vs_bicycle,Ai_Hub,https://drive.google.com/uc?id=1F2ftfCgz2mGqxt7-zLPHHYvdz2IBEfm8,10.0,,,.mp4,bb_1_210302_bike_235_21997.mp4,15.0,150,a3b398e98324cd9e|218b02f9da2cdf3c|3b4b329d8731c936|0b8f9298cfb88f32|0fc7949c6d18cf32,926,aihub_source_suffix:235_21997,,video,차대자전거_직선도로,,,storage/vision/staging/per_label_300/raw/car_vs_bicycle/aihub_train_00003331.mp4,True,,classification_frame_extraction,full_candidate,c5b6d69250576df3e58a7a03a559bd2629ed423461849e0a6acc6529f973fc9f,Ai_Hub/Train,Ai_Hub/Train/TS_차대자전거_영상_직선도로/bb_1_210302_bike_235_21997.mp4,,train,,,,,,1920
aihub_train_00002213,TS_차대이륜차_영상_직선도로,car_vs_motorcycle,Ai_Hub,https://drive.google.com/uc?id=1pMAEPm8KYUzBn7uOYjPTEI-4HH4CfXyu,10.0,,,.mp4,bb_1_220522_two-wheeled-vehicle_258_21646.mp4,15.0,150,6b4a95b4d7b4a4c4|8f8d95946b6af450|b2ca0c0df7b2d86c|1ae4ed4eb11ac54e|1ae46c4eb19acd66,926,aihub_source_suffix:258_21646,,video,차대이륜차_직선도로,,,storage/vision/staging/per_label_300/raw/car_vs_motorcycle/aihub_train_00002213.mp4,True,,classification_frame_extraction,full_candidate,14568c06a2c96e0713dbae9a2bf28b4263d1b7b657b2451c6d34e954a11ef459,Ai_Hub/Train,Ai_Hub/Train/TS_차대이륜차_영상_직선도로/bb_1_220522_two-wheeled-vehicle_258_21646.mp4,,train,,,,,,1920
aihub_train_00001764,TS_차대이륜차_영상_직선도로,car_vs_motorcycle,Ai_Hub,https://drive.google.com/uc?id=1EcQjemHVYOU6ko7vRgDGBae7I0dS-7yH,10.0,,,.mp4,bb_1_170103_two-wheeled-vehicle_224_22147.mp4,15.0,150,9a91864ee24ff46c|b9198e46e056ea6e|30b38e4ec47fac46|33298cd4ccd4baec|33150c6eced9b2cc,926,aihub_source_suffix:224_22147,,video,차대이륜차_직선도로,,,storage/vision/staging/per_label_300/raw/car_vs_motorcycle/aihub_train_00001764.mp4,True,,classification_frame_extraction,full_candidate,ad18816abde6b832648af6940cda3f64b4b8ed540805fc0bf3a64b2bd35023b4,Ai_Hub/Train,Ai_Hub/Train/TS_차대이륜차_영상_직선도로/bb_1_170103_two-wheeled-vehicle_224_22147.mp4,,train,,,,,,1920
aihub_train_00002184,TS_차대이륜차_영상_직선도로,car_vs_motorcycle,Ai_Hub,https://drive.google.com/uc?id=1xNo2hbuhnVZwGjhzstIPGfVGHC96C6td,10.0,,,.mp4,bb_1_220301_two-wheeled-vehicle_236_21836.mp4,15.0,150,a7a72727247072f2|878f25b736627072|2d878f2762727076|a7872dae72626364|878f272672747166,926,aihub_source_suffix:236_21836,,video,차대이륜차_직선도로,,,storage/vision/staging/per_label_300/raw/car_vs_motorcycle/aihub_train_00002184.mp4,True,,classification_frame_extraction,full_candidate,827c6bf572f687afb6bf0fa77398f18a9d20628926c05932fee9be56a9f1cf0d,Ai_Hub/Train,Ai_Hub/Train/TS_차대이륜차_영상_직선도로/bb_1_220301_two-wheeled-vehicle_236_21836.mp4,,train,,,,,,1920
aihub_train_00001710,TS_차대이륜차_영상_직선도로,car_vs_motorcycle,Ai_Hub,https://drive.google.com/uc?id=1xa3ih_rmkQFDxHGV3ZqLWqccS_rFqy5-,10.0,,,.mp4,bb_1_151127_two-wheeled-vehicle_142_215.mp4,15.0,150,999b8383e2e58dcc|999d9793627184ce|2d252b1adb8e707a|252f2b5acb3c613a|33332d4d4b4a3bca,1080,aihub_source_suffix:142_215,,video,차대이륜차_직선도로,,,storage/vision/staging/per_label_300/raw/car_vs_motorcycle/aihub_train_00001710.mp4,True,,classification_frame_extraction,full_candidate,1156a63dfcba32251127041ed8248a5fcdfb65f4963b613ef4c7182131a49091,Ai_Hub/Train,Ai_Hub/Train/TS_차대이륜차_영상_직선도로/bb_1_151127_two-wheeled-vehicle_142_215.mp4,,train,,,,,,1920
aihub_train_00001541,TS_차대이륜차_영상_사거리교차로(신호등있음),car_vs_motorcycle,Ai_Hub,https://drive.google.com/uc?id=1I0YUOs1ZsZy4eOBUDjvwMBtIz3bKpkZZ,10.0,,,.mp4,bb_3_200725_two-wheeled-vehicle_144_073.mp4,15.0,150,8bea7c74c19b6a42|c3e26a6ac9d11e4e|93b5684aebb36a44|87f57c4c48d1b2f0|a1a37b6a48c1baba,1080,aihub_source_suffix:144_073,,video,차대이륜차_사거리교차로(신호등있음),,,storage/vision/staging/per_label_300/raw/car_vs_motorcycle/aihub_train_00001541.mp4,True,,classification_frame_extraction,full_candidate,0f525e13a89f99e45902bef4b166f6c351e89333fe3f084d5d52905123cfd1d7,Ai_Hub/Train,Ai_Hub/Train/TS_차대이륜차_영상_사거리교차로(신호등있음)/bb_3_200725_two-wheeled-vehicle_144_073.mp4,,val,,,,,,1920
aihub_train_00001827,TS_차대이륜차_영상_직선도로,car_vs_motorcycle,Ai_Hub,https://drive.google.com/uc?id=1hk64HGQBdkYQJbPopoGtE87U5Yoozeqr,10.0,,,.mp4,bb_1_180115_two-wheeled-vehicle_216_21510.mp4,15.0,150,a190ce4e7ef0706e|a180ce6e5ef87266|b1806e4e5e70f86e|9190666e7e1c5a76|819066665e3c7e76,1080,aihub_source_suffix:216_21510,,video,차대이륜차_직선도로,,,storage/vision/staging/per_label_300/raw/car_vs_motorcycle/aihub_train_00001827.mp4,True,,classification_frame_extraction,full_candidate,c6137d3f11542ed4ed644a830dd474bfefcba76f2f4f3148607e21b476d2b076,Ai_Hub/Train,Ai_Hub/Train/TS_차대이륜차_영상_직선도로/bb_1_180115_two-wheeled-vehicle_216_21510.mp4,,train,,,,,,1920
aihub_train_00002327,TS_차대이륜차_영상_직선도로,car_vs_motorcycle,Ai_Hub,https://drive.google.com/uc?id=188paGn4CsrYNKtaZJ1OYU68z9cJxspzO,10.0,,,.mp4,bb_3_160125_two-wheeled-vehicle_187_081.mp4,15.0,150,81d56f6a5ad0d1ac|a9d5472e2ad8d586|8b9b6164501e9fae|abfb25545a9895a8|a9b7454a5894bdac,1080,aihub_source_suffix:187_081,,video,차대이륜차_직선도로,,,storage/vision/staging/per_label_300/raw/car_vs_motorcycle/aihub_train_00002327.mp4,True,,classification_frame_extraction,full_candidate,7956e9bb06e320d3b75297a20de1e234618b82cebe64a08d0052a9f17788d2f6,Ai_Hub/Train,Ai_Hub/Train/TS_차대이륜차_영상_직선도로/bb_3_160125_two-wheeled-vehicle_187_081.mp4,,train,,,,,,1920
aihub_train_00002312,TS_차대이륜차_영상_직선도로,car_vs_motorcycle,Ai_Hub,https://drive.google.com/uc?id=1NaStLw1nzq9iGOB6NPUSQDspx5ffczYu,10.0,,,.mp4,bb_3_150701_two-wheeled-vehicle_194_040.mp4,15.0,150,8c5f27b26070bf8c|8adde1e2e879198c|809ba1f06a7f9bc4|839779685e662d98|a1e15b8ad462379e,1080,aihub_source_suffix:194_040,,video,차대이륜차_직선도로,,,storage/vision/staging/per_label_300/raw/car_vs_motorcycle/aihub_train_00002312.mp4,True,,classification_frame_extraction,full_candidate,8186c76f68adc82d516bfc1c815e10b3b8326589e799ce773547282b670e8d47,Ai_Hub/Train,Ai_Hub/Train/TS_차대이륜차_영상_직선도로/bb_3_150701_two-wheeled-vehicle_194_040.mp4,,train,,,,,,1920
aihub_train_00002923,TS_차대자전거_영상_사거리교차로(신호등있음),car_vs_bicycle,Ai_Hub,https://drive.google.com/uc?id=1rfr64V_aZGAiyZia0h-q_U5ZQJeQ8-IK,10.0,,,.mp4,bb_3_200410_bike_221_22336.mp4,15.0,150,8990d1c44e7e766e|8990f1c4ce76726e|29387accccd6d2c6|8992f6cc6c7672e0|899277cc4c7672e8,1080,aihub_source_suffix:221_22336,,video,차대자전거_사거리교차로(신호등있음),,,storage/vision/staging/per_label_300/raw/car_vs_bicycle/aihub_train_00002923.mp4,True,,classification_frame_extraction,full_candidate,da3e34694c1f4dcccdfc71f71b220894dfe7f785eab28de96ec9175623313341,Ai_Hub/Train,Ai_Hub/Train/TS_차대자전거_영상_사거리교차로(신호등있음)/bb_3_200410_bike_221_22336.mp4,,val,,,,,,1920
aihub_train_00002070,TS_차대이륜차_영상_직선도로,car_vs_motorcycle,Ai_Hub,https://drive.google.com/uc?id=1gwz3K046u5OvVGmopl-bajeFOl2YMr9L,10.0,,,.mp4,bb_1_201106_two-wheeled-vehicle_210_22287.mp4,15.0,150,8b94c76272707c6e|0988c266f6747c7e|a1b0d746765c4c5e|1b9ec2c2f8d86c6c|9b9ac2c2686c7cb6,1080,aihub_source_suffix:210_22287,,video,차대이륜차_직선도로,,,storage/vision/staging/per_label_300/raw/car_vs_motorcycle/aihub_train_00002070.mp4,True,,classification_frame_extraction,full_candidate,874c952d16fdc77126fb3934e61bf158e6c387f630081c018c08f0f33f7a77a4,Ai_Hub/Train,Ai_Hub/Train/TS_차대이륜차_영상_직선도로/bb_1_201106_two-wheeled-vehicle_210_22287.mp4,,test,,,,,,1920
aihub_train_00002399,TS_차대이륜차_영상_직선도로,car_vs_motorcycle,Ai_Hub,https://drive.google.com/uc?id=1_U1e3Vfrq3xXTpZ7mK7-0qU7_lIQTKk3,10.0,,,.mp4,bb_3_181010_two-wheeled-vehicle_130_129.mp4,15.0,150,abaa5455afea401e|abaa7e5591a46b0a|8bba744d8d225b9c|89eb7614c9ea6784|9393666da9a8b592,720,aihub_source_suffix:130_129,,video,차대이륜차_직선도로,,,storage/vision/staging/per_label_300/raw/car_vs_motorcycle/aihub_train_00002399.mp4,True,,classification_frame_extraction,full_candidate,c218e25c3b4d91285a3141f21fa1b32a9b771092142674c905fbc5c06fdb7f5f,Ai_Hub/Train,Ai_Hub/Train/TS_차대이륜차_영상_직선도로/bb_3_181010_two-wheeled-vehicle_130_129.mp4,,train,,,,,,1280
aihub_train_00003036,TS_차대자전거_영상_직선도로,car_vs_bicycle,Ai_Hub,https://drive.google.com/uc?id=1-PU6f8u3-keapu49aQxZtlQPmdUFgqx5,10.0,,,.mp4,bb_1_151126_bike_126_292.mp4,15.0,150,81267f9ce06d38ce|91226b99e2f698ce|89ac699cccc7b266|81a46d9ce0f393e6|81a46d9ce0f393e6,1080,aihub_source_suffix:126_292,,video,차대자전거_직선도로,,,storage/vision/staging/per_label_300/raw/car_vs_bicycle/aihub_train_00003036.mp4,True,,classification_frame_extraction,full_candidate,cdc3feb28db768b642a775d6c9c7a5e578b950d991e8396a3e463e5f3ad747be,Ai_Hub/Train,Ai_Hub/Train/TS_차대자전거_영상_직선도로/bb_1_151126_bike_126_292.mp4,,val,,,,,,1920
aihub_train_00001087,TS_차대이륜차_영상_사거리교차로(신호등없음),car_vs_motorcycle,Ai_Hub,https://drive.google.com/uc?id=1HDKImIvIMbWxUQ80-CRAT5BkV3H00oH-,10.0,,,.mp4,bb_1_211030_two-wheeled-vehicle_144_023.mp4,15.0,150,0faf236154d3999c|33b329a74e4d2978|36b535352ccd0ed2|32b535b52ccd86d2|36b535b52c4d86d2,1080,aihub_source_suffix:144_023,,video,차대이륜차_사거리교차로(신호등없음),,,storage/vision/staging/per_label_300/raw/car_vs_motorcycle/aihub_train_00001087.mp4,True,,classification_frame_extraction,full_candidate,ae1b88346e57ee89f3f9044f0b1e6698ac923b1277ec6867bb2e8e3b874c7931,Ai_Hub/Train,Ai_Hub/Train/TS_차대이륜차_영상_사거리교차로(신호등없음)/bb_1_211030_two-wheeled-vehicle_144_023.mp4,,test,,,,,,1920
aihub_train_00001873,TS_차대이륜차_영상_직선도로,car_vs_motorcycle,Ai_Hub,https://drive.google.com/uc?id=1Xs-OHC5QvilzVA4YSV-qL_zOQ4lv5Ake,10.0,,,.mp4,bb_1_180731_two-wheeled-vehicle_211_21558.mp4,15.0,150,81827a6c7c7c7cd2|8180dcd47e7e5ed0|c1c03e3e3e3c782e|8322d0d07e7e5ed8|81807c7e7ed4d41e,1080,aihub_source_suffix:211_21558,,video,차대이륜차_직선도로,,,storage/vision/staging/per_label_300/raw/car_vs_motorcycle/aihub_train_00001873.mp4,True,,classification_frame_extraction,full_candidate,10f63f94180855d48000e8aecd0be433565d5086f08c09080baff24ae0ed6b94,Ai_Hub/Train,Ai_Hub/Train/TS_차대이륜차_영상_직선도로/bb_1_180731_two-wheeled-vehicle_211_21558.mp4,,test,,,,,,1920
aihub_train_00000632,TS_차대보행자_영상_횡단보도없음,car_vs_pedestrian,Ai_Hub,https://drive.google.com/uc?id=1_O9r1Qu-vbh6-MDV_WwhaNcqUZTA5EzY,10.0,,,.mp4,bb_1_210721_pedestrian_196_071.mp4,15.0,150,1312d2c4eceeecaa|3b90f46cc44eee4a|131042eeec64f4fe|1310f84ecce8eeae|1310d24ecceaeeae,1080,aihub_source_suffix:196_071,,video,차대보행자_횡단보도없음,,,storage/vision/staging/per_label_300/raw/car_vs_pedestrian/aihub_train_00000632.mp4,True,,classification_frame_extraction,full_candidate,507fe3709ffbe56c048c76b36fe9be136a9cb6cfe2c6541799507947759dea02,Ai_Hub/Train,Ai_Hub/Train/TS_차대보행자_영상_횡단보도없음/bb_1_210721_pedestrian_196_071.mp4,,test,,,,,,1920
aihub_train_00001646,TS_차대이륜차_영상_직선도로,car_vs_motorcycle,Ai_Hub,https://drive.google.com/uc?id=1hWvcdgSiiSMh4GX9F_py5wZ4W9MMqEu5,10.0,,,.mp4,bb_1_130416_two-wheeled-vehicle_211_21880.mp4,15.0,150,23927e6cd4d4d3c2|2b82dc7cd4d8dd22|2b82de7cd4d2d982|2b92de6cf4d2d182|2b92d66cd4d2d3c2,1080,aihub_source_suffix:211_21880,,video,차대이륜차_직선도로,,,storage/vision/staging/per_label_300/raw/car_vs_motorcycle/aihub_train_00001646.mp4,True,,classification_frame_extraction,full_candidate,79045a0c6a330c883f4030f4285d719e69a0a8ed271372a8daaa0c3255bbc43b,Ai_Hub/Train,Ai_Hub/Train/TS_차대이륜차_영상_직선도로/bb_1_130416_two-wheeled-vehicle_211_21880.mp4,,train,,,,,,1920
aihub_train_00003223,TS_차대자전거_영상_직선도로,car_vs_bicycle,Ai_Hub,https://drive.google.com/uc?id=1u0qe0QzGiwWQ5_F8hoezrc-lhxjhwTXG,10.0,,,.mp4,bb_1_190105_bike_121_068.mp4,15.0,150,2726ab32f6dd0a68|3d2c9d1a6ec5469a|71380d1e5bc9a4f6|1919ad1a5bcda6c6|1919ad1a5bcda6c6,720,aihub_source_suffix:121_068,,video,차대자전거_직선도로,,,storage/vision/staging/per_label_300/raw/car_vs_bicycle/aihub_train_00003223.mp4,True,,classification_frame_extraction,full_candidate,d2924e194280adc1540df61c8e574cb268b10820c956cc1d0798654fe439ac15,Ai_Hub/Train,Ai_Hub/Train/TS_차대자전거_영상_직선도로/bb_1_190105_bike_121_068.mp4,,train,,,,,,1280
aihub_train_00003527,TS_차대자전거_영상_직선도로,car_vs_bicycle,Ai_Hub,https://drive.google.com/uc?id=1mnif6Pu0VuU38hMoYTMhM_CX9zItEs2T,10.0,,,.mp4,bb_3_170825_bike_142_283.mp4,15.0,150,9998666666c9ccce|9998666666c9dccc|9998666666ed98cc|9998666666cd9ccc|9998666666cd9ccc,1080,aihub_source_suffix:142_283,,video,차대자전거_직선도로,,,storage/vision/staging/per_label_300/raw/car_vs_bicycle/aihub_train_00003527.mp4,True,,classification_frame_extraction,full_candidate,45067a9c5ff08329f2b69e8b1606330614cd787551d153a6a7254aed763d5f3d,Ai_Hub/Train,Ai_Hub/Train/TS_차대자전거_영상_직선도로/bb_3_170825_bike_142_283.mp4,,train,,,,,,1920
aihub_train_00002226,TS_차대이륜차_영상_직선도로,car_vs_motorcycle,Ai_Hub,https://drive.google.com/uc?id=1dM8Nxc-gjMrNE7VdZtI8m20_OZWyx-eb,10.0,,,.mp4,bb_1_220701_two-wheeled-vehicle_126_255.mp4,15.0,150,a12a565cb58a797a|a12a5e56d5ac6b4a|a10a6e75a90ef96a|0b6a781ed1ba760e|c19d300f4f6ab5a6,1080,aihub_source_suffix:126_255,,video,차대이륜차_직선도로,,,storage/vision/staging/per_label_300/raw/car_vs_motorcycle/aihub_train_00002226.mp4,True,,classification_frame_extraction,full_candidate,39add87f9fb3870f300f2b64a95561ddf6c2af0f3d206ee06c6cc2250d49c893,Ai_Hub/Train,Ai_Hub/Train/TS_차대이륜차_영상_직선도로/bb_1_220701_two-wheeled-vehicle_126_255.mp4,,val,,,,,,1920
aihub_train_00001816,TS_차대이륜차_영상_직선도로,car_vs_motorcycle,Ai_Hub,https://drive.google.com/uc?id=1vAbMkZLqr7NdXADi3YlMZWQMnIjk8x2d,10.0,,,.mp4,bb_1_171107_two-wheeled-vehicle_191_159.mp4,15.0,150,8786f1b0fc3d68c8|a7a271b93c4c6cf0|a9e8e1e1e089cc7e|feff779c51600180|deff739c7c600180,1080,aihub_source_suffix:191_159,,video,차대이륜차_직선도로,,,storage/vision/staging/per_label_300/raw/car_vs_motorcycle/aihub_train_00001816.mp4,True,,classification_frame_extraction,full_candidate,b793377e81d3ad09288408f2303ebd042f892ee4180d11076957c6050cbbd225,Ai_Hub/Train,Ai_Hub/Train/TS_차대이륜차_영상_직선도로/bb_1_171107_two-wheeled-vehicle_191_159.mp4,,train,,,,,,1920
aihub_train_00002308,TS_차대이륜차_영상_직선도로,car_vs_motorcycle,Ai_Hub,https://drive.google.com/uc?id=1cgBOuoYRpqmr8mRDRDCXBx26jN6w-gE0,10.0,,,.mp4,bb_3_150511_two-wheeled-vehicle_231_21887.mp4,15.0,150,8b0ecfc27270b47c|8b8ecfe26070b47c|8b8ecfc27070b47c|0b8ecfe260f0b47c|8b8ecfe26070b47c,1080,aihub_source_suffix:231_21887,,video,차대이륜차_직선도로,,,storage/vision/staging/per_label_300/raw/car_vs_motorcycle/aihub_train_00002308.mp4,True,,classification_frame_extraction,full_candidate,6afb5516945c59dd3e5d291b980994dbc970409b79df6e36bdad704510c5ada8,Ai_Hub/Train,Ai_Hub/Train/TS_차대이륜차_영상_직선도로/bb_3_150511_two-wheeled-vehicle_231_21887.mp4,,train,,,,,,1920
aihub_train_00000592,TS_차대보행자_영상_횡단보도없음,car_vs_pedestrian,Ai_Hub,https://drive.google.com/uc?id=1Q4Jbz5-nj_QQ513alh-ERU5X8Wu3HT88,10.0,,,.mp4,bb_1_210111_pedestrian_38_001.mp4,15.0,150,373f7d4841131796|9997972667646598|9993a72665654d9c|9b93a72665654d98|9993a726654d3d98,1080,aihub_source_suffix:38_001,,video,차대보행자_횡단보도없음,,,storage/vision/staging/per_label_300/raw/car_vs_pedestrian/aihub_train_00000592.mp4,True,,classification_frame_extraction,full_candidate,ba4279babb63dd538176bcd34d6a9c4f7d50a0cbd5f2762dbbe635a66e46d4b4,Ai_Hub/Train,Ai_Hub/Train/TS_차대보행자_영상_횡단보도없음/bb_1_210111_pedestrian_38_001.mp4,,train,,,,,,1920
aihub_train_00002495,TS_차대이륜차_영상_직선도로,car_vs_motorcycle,Ai_Hub,https://drive.google.com/uc?id=1HGMUIuYcAxEFCmKQiND5aNatEQaoJeHB,10.0,,,.mp4,bb_3_210530_two-wheeled-vehicle_215_34946.mp4,15.0,150,80723f9f1a7865cc|82607f8f38387f8c|b0325b8a646cdf9a|4266bf91e12c6f92|826a3fb5a14a4f9c,1080,aihub_source_suffix:215_34946,,video,차대이륜차_직선도로,,,storage/vision/staging/per_label_300/raw/car_vs_motorcycle/aihub_train_00002495.mp4,True,,classification_frame_extraction,full_candidate,52b67b82dc415558b350d9e1ada0e24d561dc78b59eb18033720e71a7c72102e,Ai_Hub/Train,Ai_Hub/Train/TS_차대이륜차_영상_직선도로/bb_3_210530_two-wheeled-vehicle_215_34946.mp4,,train,,,,,,1920
aihub_train_00000404,TS_차대보행자_영상_횡단보도없음,car_vs_pedestrian,Ai_Hub,https://drive.google.com/uc?id=1izohwhr5bMyxSAnw_fjccfCc07x5LMJd,10.0,,,.mp4,bb_1_150219_pedestrian_222_22445.mp4,15.0,150,8b0a64e4ec5e76d4|81801e76767e5a5e|8184967a7af25f4a|8184967a7af26f4a|8184967a7ad27f4a,1080,aihub_source_suffix:222_22445,,video,차대보행자_횡단보도없음,,,storage/vision/staging/per_label_300/raw/car_vs_pedestrian/aihub_train_00000404.mp4,True,,classification_frame_extraction,full_candidate,49b86c1984280aabac99cf27b14ca894e05f9d25f44b429e673dd6d1f4bd1dec,Ai_Hub/Train,Ai_Hub/Train/TS_차대보행자_영상_횡단보도없음/bb_1_150219_pedestrian_222_22445.mp4,,val,,,,,,1920
aihub_train_00003096,TS_차대자전거_영상_직선도로,car_vs_bicycle,Ai_Hub,https://drive.google.com/uc?id=1kx-1xn5IZznLIsRg6WdZBkNi6dRPUBYO,10.0,,,.mp4,bb_1_170222_bike_120_188.mp4,15.0,150,3b03396b636261fc|9d9fbf99c1824232|9b0b839607965eb6|9b838383c39a53be|9b838383c39a53be,1080,aihub_source_suffix:120_188,,video,차대자전거_직선도로,,,storage/vision/staging/per_label_300/raw/car_vs_bicycle/aihub_train_00003096.mp4,True,,classification_frame_extraction,full_candidate,858aa2eb52c6e2fceaf758f2f43b53d1d8052e69fbf69ad71dadaced7dccf0ab,Ai_Hub/Train,Ai_Hub/Train/TS_차대자전거_영상_직선도로/bb_1_170222_bike_120_188.mp4,,train,,,,,,1920
aihub_train_00001172,TS_차대이륜차_영상_사거리교차로(신호등있음),car_vs_motorcycle,Ai_Hub,https://drive.google.com/uc?id=1HwBCLEEXCvIcHGzeTYH03UQ4AYYSGp8b,10.0,,,.mp4,bb_1_130514_two-wheeled-vehicle_221_22371.mp4,15.0,150,8999999ba1b4e6e4|4b9991936a6a6676|d11b0b1beae82e2e|6b6be5612234b4bc|6b6b6163263c3c9c,1080,aihub_source_suffix:221_22371,,video,차대이륜차_사거리교차로(신호등있음),,,storage/vision/staging/per_label_300/raw/car_vs_motorcycle/aihub_train_00001172.mp4,True,,classification_frame_extraction,full_candidate,ead91b9e388d854caccdb2f9649ad5b912a0e4b1ead87b3a0d932230baae1962,Ai_Hub/Train,Ai_Hub/Train/TS_차대이륜차_영상_사거리교차로(신호등있음)/bb_1_130514_two-wheeled-vehicle_221_22371.mp4,,train,,,,,,1920
aihub_train_00002218,TS_차대이륜차_영상_직선도로,car_vs_motorcycle,Ai_Hub,https://drive.google.com/uc?id=1-fa9XZU_XlmGl3zso9FYyJj3Em3JMDOY,10.0,,,.mp4,bb_1_220605_two-wheeled-vehicle_202_22121.mp4,15.0,150,8fcdf271d5003caa|85817075df267a1e|bb6f2452d5c92d22|ab7b0450d5cb3f22|eb7b0440d7cb2f22,926,aihub_source_suffix:202_22121,,video,차대이륜차_직선도로,,,storage/vision/staging/per_label_300/raw/car_vs_motorcycle/aihub_train_00002218.mp4,True,,classification_frame_extraction,full_candidate,7b70040632ce34dba97b0b160f12b84d74e421cbc9dacc7ddde15c727c94cab4,Ai_Hub/Train,Ai_Hub/Train/TS_차대이륜차_영상_직선도로/bb_1_220605_two-wheeled-vehicle_202_22121.mp4,,train,,,,,,1920
aihub_train_00001054,TS_차대이륜차_영상_사거리교차로(신호등없음),car_vs_motorcycle,Ai_Hub,https://drive.google.com/uc?id=11F1xoHGnzk8Gp72X7ne6h_RzsEgKu4UQ,10.0,,,.mp4,bb_1_210126_two-wheeled-vehicle_29_005.mp4,15.0,150,4b62b4b44f4b72b4|d97aa4a4c5d95aa2|d7562a288dd9d172|b3f2440c4d9edaf0|b3f2440c4d9a7bf0,1080,aihub_source_suffix:29_005,,video,차대이륜차_사거리교차로(신호등없음),,,storage/vision/staging/per_label_300/raw/car_vs_motorcycle/aihub_train_00001054.mp4,True,,classification_frame_extraction,full_candidate,db5d84609f2630f2c4811a93fbcce6ba2cc39c4b96cf91f44cd86eabf2390f57,Ai_Hub/Train,Ai_Hub/Train/TS_차대이륜차_영상_사거리교차로(신호등없음)/bb_1_210126_two-wheeled-vehicle_29_005.mp4,,test,,,,,,1920
aihub_train_00002576,TS_차대이륜차_영상_차도와차도가아닌장소,car_vs_motorcycle,Ai_Hub,https://drive.google.com/uc?id=1obdza3bWiC7TUgqc1NnnLSK6KQYu982E,10.0,,,.mp4,bb_1_140131_two-wheeled-vehicle_123_040.mp4,15.0,150,64489bb7ec785686|644a9a93f62e0be6|3b5260c7cf10f4ae|0b587063c796e7a6|0b5a7063c396e7a6,1080,aihub_source_suffix:123_040,,video,차대이륜차_차도와차도가아닌장소,,,storage/vision/staging/per_label_300/raw/car_vs_motorcycle/aihub_train_00002576.mp4,True,,classification_frame_extraction,full_candidate,4a373a5ffec1b245e37c7e3aac9355140f03409acc3c2e8e604345911455e140,Ai_Hub/Train,Ai_Hub/Train/TS_차대이륜차_영상_차도와차도가아닌장소/bb_1_140131_two-wheeled-vehicle_123_040.mp4,,train,,,,,,1920
aihub_train_00002342,TS_차대이륜차_영상_직선도로,car_vs_motorcycle,Ai_Hub,https://drive.google.com/uc?id=1vDK430OdDCSzYhe0rKnyU0v-A9NUzlGK,10.0,,,.mp4,bb_3_160803_two-wheeled-vehicle_112_022.mp4,15.0,150,8b93a7266c69693c|83938726e46d789e|8393a3a4c46daf1e|a191a1b06e6fe32e|a191a1b26c7fe3a4,1080,aihub_source_suffix:112_022,,video,차대이륜차_직선도로,,,storage/vision/staging/per_label_300/raw/car_vs_motorcycle/aihub_train_00002342.mp4,True,,classification_frame_extraction,full_candidate,e9ed3e4c64cb520f440303ff0fdcac4da15f5652a13f7d0d1905da8d7e872069,Ai_Hub/Train,Ai_Hub/Train/TS_차대이륜차_영상_직선도로/bb_3_160803_two-wheeled-vehicle_112_022.mp4,,train,,,,,,1920
aihub_train_00001451,TS_차대이륜차_영상_사거리교차로(신호등있음),car_vs_motorcycle,Ai_Hub,https://drive.google.com/uc?id=14tPK0p3roY8HVQpLRoYQYFNfxt__nkne,10.0,,,.mp4,bb_3_160921_two-wheeled-vehicle_195_150.mp4,15.0,150,353d58d8c90d0fce|353d58d8c92547ce|253d19caca2d87ce|353d18d8d9070fce|353d58d8c90f0f4e,1080,aihub_source_suffix:195_150,,video,차대이륜차_사거리교차로(신호등있음),,,storage/vision/staging/per_label_300/raw/car_vs_motorcycle/aihub_train_00001451.mp4,True,,classification_frame_extraction,full_candidate,5c044ba511c7dd012fadccbc4fcc9d758a6604a4e68508a642bb47b327c14e47,Ai_Hub/Train,Ai_Hub/Train/TS_차대이륜차_영상_사거리교차로(신호등있음)/bb_3_160921_two-wheeled-vehicle_195_150.mp4,,val,,,,,,1920
aihub_train_00001310,TS_차대이륜차_영상_사거리교차로(신호등있음),car_vs_motorcycle,Ai_Hub,https://drive.google.com/uc?id=1SPsGRZEpwJVGdZkU_IRDpbWBMeKb48MR,10.0,,,.mp4,bb_1_210515_two-wheeled-vehicle_218_21443.mp4,15.0,150,2988d71af7267472|2af4c53a73a4f4c2|32d0cd3ec72ad1e4|82f8e30a3d86753e|32ccdd326389659e,1080,aihub_source_suffix:218_21443,,video,차대이륜차_사거리교차로(신호등있음),,,storage/vision/staging/per_label_300/raw/car_vs_motorcycle/aihub_train_00001310.mp4,True,,classification_frame_extraction,full_candidate,9ec3a748b4faca7de45f12bcb9794773d257cf37179866ff3d2ca83e35d997c5,Ai_Hub/Train,Ai_Hub/Train/TS_차대이륜차_영상_사거리교차로(신호등있음)/bb_1_210515_two-wheeled-vehicle_218_21443.mp4,,val,,,,,,1920
aihub_train_00001773,TS_차대이륜차_영상_직선도로,car_vs_motorcycle,Ai_Hub,https://drive.google.com/uc?id=1Yvwlez1Bi3UX72miraOF7w9a6KD5PWDv,10.0,,,.mp4,bb_1_170324_two-wheeled-vehicle_224_21990.mp4,15.0,150,a7265c58d89ba7a4|286c618f4e9e974e|28df4b34526b356a|92cf6c31c31e4fc8|28656b9dcd32d64a,1080,aihub_source_suffix:224_21990,,video,차대이륜차_직선도로,,,storage/vision/staging/per_label_300/raw/car_vs_motorcycle/aihub_train_00001773.mp4,True,,classification_frame_extraction,full_candidate,5faa9abff909427ec354f82b7f62e327ec68da70d6a5a9c8f9105f86ca923d6e,Ai_Hub/Train,Ai_Hub/Train/TS_차대이륜차_영상_직선도로/bb_1_170324_two-wheeled-vehicle_224_21990.mp4,,train,,,,,,1920
aihub_train_00000760,TS_차대보행자_영상_횡단보도없음,car_vs_pedestrian,Ai_Hub,https://drive.google.com/uc?id=1AM5utH_L3P1eFjpOVyqg9PUL3pBghyYC,10.0,,,.mp4,cc_3_220119_pedestrian_131_209.mp4,15.0,150,3aca8e34273ce58e|66ca9a34e534e71c|4afab124c9d2f34c|04eeb324c9d2f72c|06eeb334c9d2b70c,1080,aihub_source_suffix:131_209,,video,차대보행자_횡단보도없음,,,storage/vision/staging/per_label_300/raw/car_vs_pedestrian/aihub_train_00000760.mp4,True,,classification_frame_extraction,full_candidate,9ef57a968f938126ad82dabf73399da543182ab646489f1862c83d368e7d9fa9,Ai_Hub/Train,Ai_Hub/Train/TS_차대보행자_영상_횡단보도없음/cc_3_220119_pedestrian_131_209.mp4,,train,,,,,,1920
aihub_train_00002315,TS_차대이륜차_영상_직선도로,car_vs_motorcycle,Ai_Hub,https://drive.google.com/uc?id=1TGjJ26cdxMXb5PwVNoYVLQ6KqO1INmfe,10.0,,,.mp4,bb_3_150725_two-wheeled-vehicle_191_174.mp4,15.0,150,9b9587c66561bc38|199f2f84e763a498|99938386f6672d38|9991e586e64f1e1c|9991e586e64f1e1c,1080,aihub_source_suffix:191_174,,video,차대이륜차_직선도로,,,storage/vision/staging/per_label_300/raw/car_vs_motorcycle/aihub_train_00002315.mp4,True,,classification_frame_extraction,full_candidate,d3ae7875077c155d603d82dfa4b0a444e2c83f82dadf1f977253df12984259bf,Ai_Hub/Train,Ai_Hub/Train/TS_차대이륜차_영상_직선도로/bb_3_150725_two-wheeled-vehicle_191_174.mp4,,test,,,,,,1920
aihub_train_00001707,TS_차대이륜차_영상_직선도로,car_vs_motorcycle,Ai_Hub,https://drive.google.com/uc?id=1iWJfRTS8zciY_G-ZN07M_YFZUFaN2OLl,10.0,,,.mp4,bb_1_151111_two-wheeled-vehicle_45_003.mp4,15.0,150,30296cccdfb293cc|3278cac7b726c8cc|5525547937275754|5b5f5437110b535a|5b1f54b7190b5352,1080,aihub_source_suffix:45_003,,video,차대이륜차_직선도로,,,storage/vision/staging/per_label_300/raw/car_vs_motorcycle/aihub_train_00001707.mp4,True,,classification_frame_extraction,full_candidate,e94c0116988f8abb45250be15deb0134db1e24855057cfb7e732cc0df04abce7,Ai_Hub/Train,Ai_Hub/Train/TS_차대이륜차_영상_직선도로/bb_1_151111_two-wheeled-vehicle_45_003.mp4,,train,,,,,,1920
aihub_train_00003530,TS_차대자전거_영상_직선도로,car_vs_bicycle,Ai_Hub,https://drive.google.com/uc?id=19bAtGTY6sqOt4m2vAzouOybEU2lBnbnJ,10.0,,,.mp4,bb_3_171107_bike_237_22359.mp4,15.0,150,33394c4696cf0fcc|332949c3d2d595f4|030eccf3a34d1eb6|270d4f7b76dd0144|393c8c9776551b4a,926,aihub_source_suffix:237_22359,,video,차대자전거_직선도로,,,storage/vision/staging/per_label_300/raw/car_vs_bicycle/aihub_train_00003530.mp4,True,,classification_frame_extraction,full_candidate,dc63f5a8672053ebc15809eef7eafb76db3d0a44196801f4c661d4796601836b,Ai_Hub/Train,Ai_Hub/Train/TS_차대자전거_영상_직선도로/bb_3_171107_bike_237_22359.mp4,,val,,,,,,1920
aihub_train_00000778,TS_차대이륜차_영상_T자형교차로,car_vs_motorcycle,Ai_Hub,https://drive.google.com/uc?id=1G8oo2RLik0ntUB84AF7kwhoG7NeUm-Bx,10.0,,,.mp4,bb_1_170602_two-wheeled-vehicle_119_233.mp4,15.0,150,47cbbaf15152570c|43c2aabd7d425b0e|6be8ac9f2d484b2a|69e8a0a6ef4c6b2a|69e8a8a6ef486b2a,1080,aihub_source_suffix:119_233,,video,차대이륜차_T자형교차로,,,storage/vision/staging/per_label_300/raw/car_vs_motorcycle/aihub_train_00000778.mp4,True,,classification_frame_extraction,full_candidate,1a9e2e2519a4ab004e089015595108b462e1f6304536542d36ce5b18925d76c2,Ai_Hub/Train,Ai_Hub/Train/TS_차대이륜차_영상_T자형교차로/bb_1_170602_two-wheeled-vehicle_119_233.mp4,,val,,,,,,1920
aihub_train_00001537,TS_차대이륜차_영상_사거리교차로(신호등있음),car_vs_motorcycle,Ai_Hub,https://drive.google.com/uc?id=1-FIUcp3YtF-2b6V04neN2vUykhjUhhcV,10.0,,,.mp4,bb_3_200617_two-wheeled-vehicle_126_119.mp4,15.0,150,265e9ab5a84adba4|2af4b43b98d54b2a|42f6b75ba8554aa4|a476bab5b848cb8c|a476b6b59849c9ac,1080,aihub_source_suffix:126_119,,video,차대이륜차_사거리교차로(신호등있음),,,storage/vision/staging/per_label_300/raw/car_vs_motorcycle/aihub_train_00001537.mp4,True,,classification_frame_extraction,full_candidate,8b0b716650d44c4d2f0e810274a55f4dc89325e05f9acbf7606eb903cabee3ee,Ai_Hub/Train,Ai_Hub/Train/TS_차대이륜차_영상_사거리교차로(신호등있음)/bb_3_200617_two-wheeled-vehicle_126_119.mp4,,train,,,,,,1920
aihub_train_00001231,TS_차대이륜차_영상_사거리교차로(신호등있음),car_vs_motorcycle,Ai_Hub,https://drive.google.com/uc?id=1UDyQfcPY2kPpVHFwr55J5stXVLsoBZkZ,10.0,,,.mp4,bb_1_170610_two-wheeled-vehicle_119_234.mp4,15.0,150,b3b1450e49bb347c|b1b1ce0ec19b7474|b3b1c64e01bf7864|b99be760019a7e64|b9b9e76201997664,1080,aihub_source_suffix:119_234,,video,차대이륜차_사거리교차로(신호등있음),,,storage/vision/staging/per_label_300/raw/car_vs_motorcycle/aihub_train_00001231.mp4,True,,classification_frame_extraction,full_candidate,33f7de17eb739f39a1d2eecca46f264944cba3bd2bd5b5dee6e45b25c233f1db,Ai_Hub/Train,Ai_Hub/Train/TS_차대이륜차_영상_사거리교차로(신호등있음)/bb_1_170610_two-wheeled-vehicle_119_234.mp4,,test,,,,,,1920
aihub_train_00000389,TS_차대보행자_영상_횡단보도없음,car_vs_pedestrian,Ai_Hub,https://drive.google.com/uc?id=1tjgmlub3-aKmBwOI7EuOCWr7S6nVEvsw,10.0,,,.mp4,bb_1_110309_pedestrian_236_21537.mp4,15.0,150,3d2cced6d27070d2|9b9ae466666268ce|3d2c4ecac2d2f274|3d2cc6dacac26666|3d2cc6d2cad26666,1080,aihub_source_suffix:236_21537,,video,차대보행자_횡단보도없음,,,storage/vision/staging/per_label_300/raw/car_vs_pedestrian/aihub_train_00000389.mp4,True,,classification_frame_extraction,full_candidate,e7a2c51aaae53ee6c061098bf6fe57f89abdd642fe09211553a72236c8b0129d,Ai_Hub/Train,Ai_Hub/Train/TS_차대보행자_영상_횡단보도없음/bb_1_110309_pedestrian_236_21537.mp4,,val,,,,,,1920
aihub_train_00001969,TS_차대이륜차_영상_직선도로,car_vs_motorcycle,Ai_Hub,https://drive.google.com/uc?id=1XhlA7VTKTcApj3LvFV8HzOg09l76HXAA,10.0,,,.mp4,bb_1_190902_two-wheeled-vehicle_16_024.mp4,15.0,150,99999d068786b7b2|19198f8f47e6b324|8787c5e0798e7f02|83c3e1f0bd0c6f92|83c3e1f0bd8c6792,1080,aihub_source_suffix:16_024,,video,차대이륜차_직선도로,,,storage/vision/staging/per_label_300/raw/car_vs_motorcycle/aihub_train_00001969.mp4,True,,classification_frame_extraction,full_candidate,2b8cc24cce323c03bea2db25d20d091f6f07d68edd8bd01735f4740b11cd4462,Ai_Hub/Train,Ai_Hub/Train/TS_차대이륜차_영상_직선도로/bb_1_190902_two-wheeled-vehicle_16_024.mp4,,train,,,,,,1920
aihub_train_00001789,TS_차대이륜차_영상_직선도로,car_vs_motorcycle,Ai_Hub,https://drive.google.com/uc?id=1cnMOlCKGLISqNhEZj7zoc6lydFVlU8Kw,10.0,,,.mp4,bb_1_170616_two-wheeled-vehicle_130_104.mp4,15.0,150,366cc89cd3372c6c|23684e9697b7b4c8|3368ce9693b7a4c8|3368cc9697b7a468|33686c9697b7a4c8,720,aihub_source_suffix:130_104,,video,차대이륜차_직선도로,,,storage/vision/staging/per_label_300/raw/car_vs_motorcycle/aihub_train_00001789.mp4,True,,classification_frame_extraction,full_candidate,c8c039885b3daf719430058c0d22695fd78d5f24e507e3b06c094baafd85997d,Ai_Hub/Train,Ai_Hub/Train/TS_차대이륜차_영상_직선도로/bb_1_170616_two-wheeled-vehicle_130_104.mp4,,train,,,,,,1280
aihub_train_00003103,TS_차대자전거_영상_직선도로,car_vs_bicycle,Ai_Hub,https://drive.google.com/uc?id=117JoWhwY9ogzEKbxDLp8MRE4v2g3On_5,10.0,,,.mp4,bb_1_170324_bike_252_21788.mp4,15.0,150,2b3b2b60c6c4dcdc|999991226666767e|891f8f827e747074|8b8b83827e747c74|8b8b83827e747c74,1080,aihub_source_suffix:252_21788,,video,차대자전거_직선도로,,,storage/vision/staging/per_label_300/raw/car_vs_bicycle/aihub_train_00003103.mp4,True,,classification_frame_extraction,full_candidate,802ab1518be134f7249234b5e46a2721e8b96f042f175520f9e0beced6f1ff8b,Ai_Hub/Train,Ai_Hub/Train/TS_차대자전거_영상_직선도로/bb_1_170324_bike_252_21788.mp4,,train,,,,,,1920
aihub_train_00003501,TS_차대자전거_영상_직선도로,car_vs_bicycle,Ai_Hub,https://drive.google.com/uc?id=1txzyZ4bClP8QfqwAfdJjy2hTZsF-g9t_,10.0,,,.mp4,bb_3_160109_bike_121_056.mp4,15.0,150,31b18fe6f4340f8a|3b9ba5c4616a6b8a|2baba5d47a3a550a|25a3abcc6c3e7b02|2529b9dacac6f930,720,aihub_source_suffix:121_056,,video,차대자전거_직선도로,,,storage/vision/staging/per_label_300/raw/car_vs_bicycle/aihub_train_00003501.mp4,True,,classification_frame_extraction,full_candidate,ac3f781f9235d4e11c569ce9ebdcbff6d032bc45e39df7806ee601440dec820d,Ai_Hub/Train,Ai_Hub/Train/TS_차대자전거_영상_직선도로/bb_3_160109_bike_121_056.mp4,,train,,,,,,1280
aihub_train_00000831,TS_차대이륜차_영상_T자형교차로,car_vs_motorcycle,Ai_Hub,https://drive.google.com/uc?id=1Ti_hSCNeKeXgpQkHJG5_Mz_QLJqW4Bs7,10.0,,,.mp4,bb_1_200526_two-wheeled-vehicle_311_043.mp4,15.0,150,2072deded390790e|2466ded8c936da8c|9c68f2262f166f92|b0c0d64e2f2c6f36|8eda73258eda7124,1080,aihub_source_suffix:311_043,,video,차대이륜차_T자형교차로,,,storage/vision/staging/per_label_300/raw/car_vs_motorcycle/aihub_train_00000831.mp4,True,,classification_frame_extraction,full_candidate,de19596f165172f0e66c130b44d0c8e4fa3f4437ed59c5086bbb39d0c1b2ef14,Ai_Hub/Train,Ai_Hub/Train/TS_차대이륜차_영상_T자형교차로/bb_1_200526_two-wheeled-vehicle_311_043.mp4,,train,,,,,,1920
aihub_train_00002303,TS_차대이륜차_영상_직선도로,car_vs_motorcycle,Ai_Hub,https://drive.google.com/uc?id=1ZerNvW5wJiYLl6zoJnXxhqca2joj3BA1,10.0,,,.mp4,bb_3_150209_two-wheeled-vehicle_236_35771.mp4,15.0,150,9997c7c666607c58|999a67e4e66074d8|8190e7c67e6e7870|8990e4c6766e7c78|8990e6c6766e7878,1080,aihub_source_suffix:236_35771,,video,차대이륜차_직선도로,,,storage/vision/staging/per_label_300/raw/car_vs_motorcycle/aihub_train_00002303.mp4,True,,classification_frame_extraction,full_candidate,76f0b3fbc1be5daec31e5ba3b2270d54e261d397e34ed074b7f82c45eabe9d27,Ai_Hub/Train,Ai_Hub/Train/TS_차대이륜차_영상_직선도로/bb_3_150209_two-wheeled-vehicle_236_35771.mp4,,train,,,,,,1920
aihub_train_00002266,TS_차대이륜차_영상_직선도로,car_vs_motorcycle,Ai_Hub,https://drive.google.com/uc?id=1XaWfumdl7PHZnZktmf0N56rMXjgmc-ks,10.0,,,.mp4,bb_3_121013_two-wheeled-vehicle_194_047.mp4,15.0,150,0f0f0362e2d49fbc|0f0f2760e0cc9fba|0f0f23e0e0dd9f32|0f0f22e0e0dd9f3a|0f0f22e0e0dd9f72,1080,aihub_source_suffix:194_047,,video,차대이륜차_직선도로,,,storage/vision/staging/per_label_300/raw/car_vs_motorcycle/aihub_train_00002266.mp4,True,,classification_frame_extraction,full_candidate,474e4af67b78c0329b2c0d96bd54b09f6fc202b92e4d8d3b547aa6b9c2cf19d3,Ai_Hub/Train,Ai_Hub/Train/TS_차대이륜차_영상_직선도로/bb_3_121013_two-wheeled-vehicle_194_047.mp4,,train,,,,,,1920
aihub_train_00000331,TS_차대보행자_영상_횡단보도(신호등있음)부근,car_vs_pedestrian,Ai_Hub,https://drive.google.com/uc?id=1Tt8Q7Apv4TUaFrlPcm7gwwK-ucQgIjC0,10.0,,,.mp4,bb_1_190529_pedestrian_203_22265.mp4,15.0,150,2768da97252d4ada|1372e4b5bc494bd8|926e64399867e792|98666798664f9ae2|b46c67b6484f36c8,1080,aihub_source_suffix:203_22265,,video,차대보행자_횡단보도(신호등있음)부근,,,storage/vision/staging/per_label_300/raw/car_vs_pedestrian/aihub_train_00000331.mp4,True,,classification_frame_extraction,full_candidate,aac603efe367ac74ce1624e854a9cfc141e4275bc8947eda9db55d409aa51afd,Ai_Hub/Train,Ai_Hub/Train/TS_차대보행자_영상_횡단보도(신호등있음)부근/bb_1_190529_pedestrian_203_22265.mp4,,train,,,,,,1920
aihub_train_00001069,TS_차대이륜차_영상_사거리교차로(신호등없음),car_vs_motorcycle,Ai_Hub,https://drive.google.com/uc?id=1eM7oUUc9XzEDbPYxul1CfTkLK4DOsxxW,10.0,,,.mp4,bb_1_210609_two-wheeled-vehicle_256_23566.mp4,15.0,150,019873a3ae76756c|039251f7bd242e7c|0b124fcd316cf2f2|031ee9aabc7654b8|031ee98fbc7470b8,616,aihub_source_suffix:256_23566,,video,차대이륜차_사거리교차로(신호등없음),,,storage/vision/staging/per_label_300/raw/car_vs_motorcycle/aihub_train_00001069.mp4,True,,classification_frame_extraction,full_candidate,0260a4d36ed2427434eb475a762adfa2262f49e92f9af4da79c26a320fdd4d8f,Ai_Hub/Train,Ai_Hub/Train/TS_차대이륜차_영상_사거리교차로(신호등없음)/bb_1_210609_two-wheeled-vehicle_256_23566.mp4,,train,,,,,,1280
aihub_train_00001995,TS_차대이륜차_영상_직선도로,car_vs_motorcycle,Ai_Hub,https://drive.google.com/uc?id=1caW8oLFUj_qXSyMazsDVHsgEs9L4UJt5,10.0,,,.mp4,bb_1_191129_two-wheeled-vehicle_217_21981.mp4,15.0,150,6b6ad49494d595b4|9d9cd472626262f6|b2c0cd3cc7b332cc|3ad6e52cd39398c4|1a4ae53cc3b3b8cc,1080,aihub_source_suffix:217_21981,,video,차대이륜차_직선도로,,,storage/vision/staging/per_label_300/raw/car_vs_motorcycle/aihub_train_00001995.mp4,True,,classification_frame_extraction,full_candidate,7afafa53527e2f35df2dd5b97cc90f8f987c26e785fa39facd05caef9e5f1d0b,Ai_Hub/Train,Ai_Hub/Train/TS_차대이륜차_영상_직선도로/bb_1_191129_two-wheeled-vehicle_217_21981.mp4,,train,,,,,,1920
aihub_train_00001307,TS_차대이륜차_영상_사거리교차로(신호등있음),car_vs_motorcycle,Ai_Hub,https://drive.google.com/uc?id=1VAhMQP0Rq_9c-Xk7oDQWQIAbGaqRf5BN,10.0,,,.mp4,bb_1_210410_two-wheeled-vehicle_195_211.mp4,15.0,150,2b52d4d5e5631ae8|b3333bb9b1e70444|25652d2d35a5659e|24f0da4bdae12dcc|36f2cc450a75b4da,1080,aihub_source_suffix:195_211,,video,차대이륜차_사거리교차로(신호등있음),,,storage/vision/staging/per_label_300/raw/car_vs_motorcycle/aihub_train_00001307.mp4,True,,classification_frame_extraction,full_candidate,1a0d862d1504a40f5e92cbfa08fa32ec3b0ae0b24b1b338b7784d81c9bf27505,Ai_Hub/Train,Ai_Hub/Train/TS_차대이륜차_영상_사거리교차로(신호등있음)/bb_1_210410_two-wheeled-vehicle_195_211.mp4,,val,,,,,,1920
aihub_train_00001320,TS_차대이륜차_영상_사거리교차로(신호등있음),car_vs_motorcycle,Ai_Hub,https://drive.google.com/uc?id=1XcGbUG1TQgFyc1TfjNFxp3J8-sI9Jze2,10.0,,,.mp4,bb_1_210628_two-wheeled-vehicle_191_172.mp4,15.0,150,1113e7ec791e2ec2|253e1bc6c722738e|80ea5a5f215b9f4a|072e7ca83655aa5e|877c78a81651ba7a,1080,aihub_source_suffix:191_172,,video,차대이륜차_사거리교차로(신호등있음),,,storage/vision/staging/per_label_300/raw/car_vs_motorcycle/aihub_train_00001320.mp4,True,,classification_frame_extraction,full_candidate,29744cc3e9e3b3cc33d647d3e74e7492bda4d6ddef0a11df5548184cdcd4462a,Ai_Hub/Train,Ai_Hub/Train/TS_차대이륜차_영상_사거리교차로(신호등있음)/bb_1_210628_two-wheeled-vehicle_191_172.mp4,,train,,,,,,1920
aihub_train_00003438,TS_차대자전거_영상_직선도로,car_vs_bicycle,Ai_Hub,https://drive.google.com/uc?id=1wevuYuNg2OLr-qAetY6M0x4Gr76Hs5bV,10.0,,,.mp4,bb_1_220511_bike_142_235.mp4,15.0,150,2fada1e0d3c2a4ec|81c35b485d1f8bf8|b1290bfcd9c5ed80|31311ddae9c5ff00|31390fdae9c5ef00,1080,aihub_source_suffix:142_235,,video,차대자전거_직선도로,,,storage/vision/staging/per_label_300/raw/car_vs_bicycle/aihub_train_00003438.mp4,True,,classification_frame_extraction,full_candidate,7dbe108528dc1b652a03bb0c4b6a1ebe219977d83819fd64a789c1e23bc34850,Ai_Hub/Train,Ai_Hub/Train/TS_차대자전거_영상_직선도로/bb_1_220511_bike_142_235.mp4,,train,,,,,,1920
aihub_train_00002428,TS_차대이륜차_영상_직선도로,car_vs_motorcycle,Ai_Hub,https://drive.google.com/uc?id=18JhoOJK6c29MVoVMa4Mp45kbyzKaziHs,10.0,,,.mp4,bb_3_191008_two-wheeled-vehicle_29_021.mp4,15.0,150,ea6a1795f86a0794|b86607e7b82607dc|3c24e29f1d6cea8a|1474638bbf7cc252|fc0453fb880cf6d2,1080,aihub_source_suffix:29_021,,video,차대이륜차_직선도로,,,storage/vision/staging/per_label_300/raw/car_vs_motorcycle/aihub_train_00002428.mp4,True,,classification_frame_extraction,full_candidate,033d12378170869920566d0c39a2a51a59d05a7a47d03d40ce9a66962726f7be,Ai_Hub/Train,Ai_Hub/Train/TS_차대이륜차_영상_직선도로/bb_3_191008_two-wheeled-vehicle_29_021.mp4,,train,,,,,,1920
aihub_train_00000241,TS_차대보행자_영상_횡단보도(신호등있음),car_vs_pedestrian,Ai_Hub,https://drive.google.com/uc?id=1H7pvQ2upxtGDUj3aC-N0dDKvnMlDVjiE,10.0,,,.mp4,bb_3_180108_pedestrian_193_014.mp4,15.0,150,0e292b4ee846dfac|0ef0e50f33946b6c|1e4a6b0e5ada599c|1e626b1e53cec19a|9e6a630f16ce499a,1080,aihub_source_suffix:193_014,,video,차대보행자_횡단보도(신호등있음),,,storage/vision/staging/per_label_300/raw/car_vs_pedestrian/aihub_train_00000241.mp4,True,,classification_frame_extraction,full_candidate,1b5b182aec76f30266a0169c7b2cbbb41b5f13ed4e97813cce1a2a32b0989297,Ai_Hub/Train,Ai_Hub/Train/TS_차대보행자_영상_횡단보도(신호등있음)/bb_3_180108_pedestrian_193_014.mp4,,val,,,,,,1920
aihub_train_00001533,TS_차대이륜차_영상_사거리교차로(신호등있음),car_vs_motorcycle,Ai_Hub,https://drive.google.com/uc?id=108ydX9fqLzxACin-STCChrVH1iKwI6hn,10.0,,,.mp4,bb_3_200328_two-wheeled-vehicle_312_136.mp4,15.0,150,1b136e64b1a0ecee|1b136e64b1a0ecee|1b1b6e64b1a0ecae|1b1b6e64b1a0ccbe|1b1b6e64b1a0ec9e,1080,aihub_source_suffix:312_136,,video,차대이륜차_사거리교차로(신호등있음),,,storage/vision/staging/per_label_300/raw/car_vs_motorcycle/aihub_train_00001533.mp4,True,,classification_frame_extraction,full_candidate,0b12b0bca9b0d07227e72e74766d1732579b4438205f2abc704629a2ef42e184,Ai_Hub/Train,Ai_Hub/Train/TS_차대이륜차_영상_사거리교차로(신호등있음)/bb_3_200328_two-wheeled-vehicle_312_136.mp4,,train,,,,,,1920
aihub_train_00001630,TS_차대이륜차_영상_직선도로,car_vs_motorcycle,Ai_Hub,https://drive.google.com/uc?id=1DyiGx215e6B1sDdI5TRyut7puZ6hPHlu,10.0,,,.mp4,bb_1_110802_two-wheeled-vehicle_204_22221.mp4,15.0,150,8d86f2d8c328cf36|0d86f2d8c278cdb6|bda67058c2cecd34|2d22f2dac66ccd34|2d22f2dac66ccd34,1080,aihub_source_suffix:204_22221,,video,차대이륜차_직선도로,,,storage/vision/staging/per_label_300/raw/car_vs_motorcycle/aihub_train_00001630.mp4,True,,classification_frame_extraction,full_candidate,6a846aa838db2ef7d0819150ac113297af96976c6da6a57659a02464083fdb88,Ai_Hub/Train,Ai_Hub/Train/TS_차대이륜차_영상_직선도로/bb_1_110802_two-wheeled-vehicle_204_22221.mp4,,train,,,,,,1920
aihub_train_00001257,TS_차대이륜차_영상_사거리교차로(신호등있음),car_vs_motorcycle,Ai_Hub,https://drive.google.com/uc?id=1Wk3kYKLak-qESHfTLIyB7x9m5Q3uUTO2,10.0,,,.mp4,bb_1_181128_two-wheeled-vehicle_120_123.mp4,15.0,150,8b93abec7d951122|8b93a3ee7f950502|8b93abec7d950324|8393eb2e7dbd0502|9b93e34a5ba5072a,1080,aihub_source_suffix:120_123,,video,차대이륜차_사거리교차로(신호등있음),,,storage/vision/staging/per_label_300/raw/car_vs_motorcycle/aihub_train_00001257.mp4,True,,classification_frame_extraction,full_candidate,dcce18d0117cbafcd34e4c95abc4f40e51a36be8e496d006dc20e8b14a3dcf6b,Ai_Hub/Train,Ai_Hub/Train/TS_차대이륜차_영상_사거리교차로(신호등있음)/bb_1_181128_two-wheeled-vehicle_120_123.mp4,,train,,,,,,1920
aihub_train_00001225,TS_차대이륜차_영상_사거리교차로(신호등있음),car_vs_motorcycle,Ai_Hub,https://drive.google.com/uc?id=1bo7hiwm--VX7Hwb513E9L70hksaLhDb9,10.0,,,.mp4,bb_1_170430_two-wheeled-vehicle_210_22470.mp4,15.0,150,8100667edadc7cf4|8100767edad87eb4|81886e72da5ebcd4|8900667ede5e3cd4|89006676dede3cd4,1080,aihub_source_suffix:210_22470,,video,차대이륜차_사거리교차로(신호등있음),,,storage/vision/staging/per_label_300/raw/car_vs_motorcycle/aihub_train_00001225.mp4,True,,classification_frame_extraction,full_candidate,5e88b669784fc8713abbfcaa52eb0fd13701b231c0388a516863733408274207,Ai_Hub/Train,Ai_Hub/Train/TS_차대이륜차_영상_사거리교차로(신호등있음)/bb_1_170430_two-wheeled-vehicle_210_22470.mp4,,train,,,,,,1920
aihub_train_00001360,TS_차대이륜차_영상_사거리교차로(신호등있음),car_vs_motorcycle,Ai_Hub,https://drive.google.com/uc?id=171aIlUBreGZJLh225IXmhV_0yFd4Pdr5,10.0,,,.mp4,bb_1_220422_two-wheeled-vehicle_148_093.mp4,15.0,150,f3818e6c7091ec6e|fd95c6424219b87e|f13199c9cfa70686|e12392d9dd0d2e8e|e12392d9dd0d2e8e,1080,aihub_source_suffix:148_093,,video,차대이륜차_사거리교차로(신호등있음),,,storage/vision/staging/per_label_300/raw/car_vs_motorcycle/aihub_train_00001360.mp4,True,,classification_frame_extraction,full_candidate,511d9ab4996a150cf64a03c7dd7410a4dbfff689a7f72aff4df9f3b0ca3433ab,Ai_Hub/Train,Ai_Hub/Train/TS_차대이륜차_영상_사거리교차로(신호등있음)/bb_1_220422_two-wheeled-vehicle_148_093.mp4,,test,,,,,,1920
aihub_train_00001317,TS_차대이륜차_영상_사거리교차로(신호등있음),car_vs_motorcycle,Ai_Hub,https://drive.google.com/uc?id=1rQWX8hBuj8ofGwvxRLqCVGegOikeGlRP,10.0,,,.mp4,bb_1_210617_two-wheeled-vehicle_13_005.mp4,15.0,150,c7935b74719d0c2c|bfa3c388890d2cfc|d9ddd592b3319092|b5a7b414284daeae|b5a7b4142845eeae,1080,aihub_source_suffix:13_005,,video,차대이륜차_사거리교차로(신호등있음),,,storage/vision/staging/per_label_300/raw/car_vs_motorcycle/aihub_train_00001317.mp4,True,,classification_frame_extraction,full_candidate,41b0de01b0fc49eb06e4bfcc021c2e18e8ffe9597708f9d3d10caf93433d7417,Ai_Hub/Train,Ai_Hub/Train/TS_차대이륜차_영상_사거리교차로(신호등있음)/bb_1_210617_two-wheeled-vehicle_13_005.mp4,,val,,,,,,1920
aihub_train_00003417,TS_차대자전거_영상_직선도로,car_vs_bicycle,Ai_Hub,https://drive.google.com/uc?id=1BxWiR2owfEIcH_DHJfxero8ZhGWLicI9,10.0,,,.mp4,bb_1_220308_bike_214_22485.mp4,15.0,150,899fcec8c863a764|9b8bce48e9c12766|919b8ecef8d9c242|37a58d8cd2d6b470|a7af8ad4d4d4c2d0,568,aihub_source_suffix:214_22485,,video,차대자전거_직선도로,,,storage/vision/staging/per_label_300/raw/car_vs_bicycle/aihub_train_00003417.mp4,True,,classification_frame_extraction,full_candidate,416ae6e35af463e3e7b9294bcfcdadbd6a39fbe08abf3a7d3c0bc16fcc11a37f,Ai_Hub/Train,Ai_Hub/Train/TS_차대자전거_영상_직선도로/bb_1_220308_bike_214_22485.mp4,,val,,,,,,1136
aihub_train_00001614,TS_차대이륜차_영상_직선도로,car_vs_motorcycle,Ai_Hub,https://drive.google.com/uc?id=16s1_Lbhgn5wRrOCxWp0WbWXMKRbnyaUR,10.0,,,.mp4,bb_1_070411_two-wheeled-vehicle_125_287.mp4,15.0,150,aba3e168791e56c2|8185ff7a5b86a42c|a1a1e86e9b94f354|a1a1e86a1b83d7f4|a1a1e86a1b83d7f4,1080,aihub_source_suffix:125_287,,video,차대이륜차_직선도로,,,storage/vision/staging/per_label_300/raw/car_vs_motorcycle/aihub_train_00001614.mp4,True,,classification_frame_extraction,full_candidate,bfea752e07bd407f9ad62fa1e39b19e4698262fae690256d9b77f7efe062115e,Ai_Hub/Train,Ai_Hub/Train/TS_차대이륜차_영상_직선도로/bb_1_070411_two-wheeled-vehicle_125_287.mp4,,train,,,,,,1920
aihub_train_00002093,TS_차대이륜차_영상_직선도로,car_vs_motorcycle,Ai_Hub,https://drive.google.com/uc?id=1bDTtmFZV4_jxWB0aH9gQNfTs5Q4rHB1N,10.0,,,.mp4,bb_1_210121_two-wheeled-vehicle_236_21840.mp4,15.0,150,a1207a5f2b2adeb4|8b8b6a5ad9b5252c|83833b2e6d63629e|81812d393f2b6a7e|81812d393f2b6a7e,926,aihub_source_suffix:236_21840,,video,차대이륜차_직선도로,,,storage/vision/staging/per_label_300/raw/car_vs_motorcycle/aihub_train_00002093.mp4,True,,classification_frame_extraction,full_candidate,3f9063c647b778e108a34423ba67dd84b713114af270bafb4bdcc74413d25e33,Ai_Hub/Train,Ai_Hub/Train/TS_차대이륜차_영상_직선도로/bb_1_210121_two-wheeled-vehicle_236_21840.mp4,,train,,,,,,1920
aihub_train_00002085,TS_차대이륜차_영상_직선도로,car_vs_motorcycle,Ai_Hub,https://drive.google.com/uc?id=1bnn5YhoDooypY5A4WcA0X-voYkRDHDeh,10.0,,,.mp4,bb_1_201221_two-wheeled-vehicle_239_21621.mp4,15.0,150,81847c727e78d276|83863c707c78da7c|83833a7c7c5cdc70|83823e7e74dcd858|83823e7e74dcd858,1080,aihub_source_suffix:239_21621,,video,차대이륜차_직선도로,,,storage/vision/staging/per_label_300/raw/car_vs_motorcycle/aihub_train_00002085.mp4,True,,classification_frame_extraction,full_candidate,58ebb2819225e99fe40dc72ec99269198842cc525ddbe7c0b52976622d93a952,Ai_Hub/Train,Ai_Hub/Train/TS_차대이륜차_영상_직선도로/bb_1_201221_two-wheeled-vehicle_239_21621.mp4,,val,,,,,,1920
aihub_train_00001770,TS_차대이륜차_영상_직선도로,car_vs_motorcycle,Ai_Hub,https://drive.google.com/uc?id=1BQluOIaWTLh27v-gyW3u7Yp6j-5krUvb,10.0,,,.mp4,bb_1_170203_two-wheeled-vehicle_119_339.mp4,15.0,150,b0f735b129367b80|1a676cdd6d863390|26db6c78db247390|924f6c9c68c73396|82737cdc68c72396,1080,aihub_source_suffix:119_339,,video,차대이륜차_직선도로,,,storage/vision/staging/per_label_300/raw/car_vs_motorcycle/aihub_train_00001770.mp4,True,,classification_frame_extraction,full_candidate,f533176956490440a95015c323918917f3e6cf83fb1e038a307414ad9aa7bde9,Ai_Hub/Train,Ai_Hub/Train/TS_차대이륜차_영상_직선도로/bb_1_170203_two-wheeled-vehicle_119_339.mp4,,test,,,,,,1920
aihub_train_00001334,TS_차대이륜차_영상_사거리교차로(신호등있음),car_vs_motorcycle,Ai_Hub,https://drive.google.com/uc?id=1_8xsw33qKV-3bDoiFOZwfRR2NoJHmJsg,10.0,,,.mp4,bb_1_210917_two-wheeled-vehicle_121_126.mp4,15.0,150,33328fcece4e68e0|9110578eceee7ae0|1f1e3e3a60e4e0f8|d96627b2b6967850|33b2f76ecccc088c,720,aihub_source_suffix:121_126,,video,차대이륜차_사거리교차로(신호등있음),,,storage/vision/staging/per_label_300/raw/car_vs_motorcycle/aihub_train_00001334.mp4,True,,classification_frame_extraction,full_candidate,e6ac527fc3f1b1d53953ccc21266671c23524da8a84e36b019ef395429eb3ecd,Ai_Hub/Train,Ai_Hub/Train/TS_차대이륜차_영상_사거리교차로(신호등있음)/bb_1_210917_two-wheeled-vehicle_121_126.mp4,,train,,,,,,1280
aihub_train_00000089,TS_차대보행자_영상_횡단보도(신호등없음)부근,car_vs_pedestrian,Ai_Hub,https://drive.google.com/uc?id=1ldn0J_SZvulJEJU8OvVinS6-fBYBTVLn,10.0,,,.mp4,bb_1_171115_pedestrian_124_194.mp4,15.0,150,33316c4d392e6bca|9b1f264d35907ba4|292986df0d83f396|090916dec94977be|2929b6c6c9497796,1080,aihub_source_suffix:124_194,,video,차대보행자_횡단보도(신호등없음)부근,,,storage/vision/staging/per_label_300/raw/car_vs_pedestrian/aihub_train_00000089.mp4,True,,classification_frame_extraction,full_candidate,4e86da934fbe050dbb2ee33747bcab297aab3d9f0f8d21cd9e2d214bb081ea6f,Ai_Hub/Train,Ai_Hub/Train/TS_차대보행자_영상_횡단보도(신호등없음)부근/bb_1_171115_pedestrian_124_194.mp4,,train,,,,,,1920
aihub_train_00002512,TS_차대이륜차_영상_직선도로,car_vs_motorcycle,Ai_Hub,https://drive.google.com/uc?id=1GVsmZoHUgFhrDqAYKDqQ7SBm5i1pJLJZ,10.0,,,.mp4,bb_3_210923_two-wheeled-vehicle_187_078.mp4,15.0,150,99999786e3727198|919183a2727e7f2c|9999c9a4e0e06fbc|9191c386f6f271b8|9b9bd3c3e360e188,1080,aihub_source_suffix:187_078,,video,차대이륜차_직선도로,,,storage/vision/staging/per_label_300/raw/car_vs_motorcycle/aihub_train_00002512.mp4,True,,classification_frame_extraction,full_candidate,0b6a54dc567b0e869989706897150517684ed5032e90348e9fc2f9b73636873d,Ai_Hub/Train,Ai_Hub/Train/TS_차대이륜차_영상_직선도로/bb_3_210923_two-wheeled-vehicle_187_078.mp4,,train,,,,,,1920
aihub_train_00001814,TS_차대이륜차_영상_직선도로,car_vs_motorcycle,Ai_Hub,https://drive.google.com/uc?id=16y108S7yLmafhk5grbYs9oLqHKLGfOw0,10.0,,,.mp4,bb_1_171102_two-wheeled-vehicle_235_22392.mp4,15.0,150,b2733392cd2ccd8c|b0e3679869865bb8|bcc2e13ccb973542|926c6d986d86d3b2|9662659c69a6db94,1080,aihub_source_suffix:235_22392,,video,차대이륜차_직선도로,,,storage/vision/staging/per_label_300/raw/car_vs_motorcycle/aihub_train_00001814.mp4,True,,classification_frame_extraction,full_candidate,3c4c54aa7a62e7c8910ae949a8291db1dffb774689857983f4858dfba68f7326,Ai_Hub/Train,Ai_Hub/Train/TS_차대이륜차_영상_직선도로/bb_1_171102_two-wheeled-vehicle_235_22392.mp4,,train,,,,,,1920
aihub_train_00000941,TS_차대이륜차_영상_사거리교차로(신호등없음),car_vs_motorcycle,Ai_Hub,https://drive.google.com/uc?id=1CrwHCNP1QuWb811yfcIwJyZiPTgS_JZn,10.0,,,.mp4,bb_1_160915_two-wheeled-vehicle_230_22366.mp4,15.0,150,9b9c6866666c78f0|9b90c066646e7e7c|9fa4e04ccc5a72f4|81b8d94a6e6e36b4|2b285e52e4ced4f4,1080,aihub_source_suffix:230_22366,,video,차대이륜차_사거리교차로(신호등없음),,,storage/vision/staging/per_label_300/raw/car_vs_motorcycle/aihub_train_00000941.mp4,True,,classification_frame_extraction,full_candidate,0861eb4da7b02b8e958cbce124031eb85a5184838e125040d53a89066ab821aa,Ai_Hub/Train,Ai_Hub/Train/TS_차대이륜차_영상_사거리교차로(신호등없음)/bb_1_160915_two-wheeled-vehicle_230_22366.mp4,,train,,,,,,1920
aihub_train_00000851,TS_차대이륜차_영상_T자형교차로,car_vs_motorcycle,Ai_Hub,https://drive.google.com/uc?id=1rDIqwgZHU7a2-Uyc7FNLT6-k_4-89G2j,10.0,,,.mp4,bb_1_210131_two-wheeled-vehicle_220_21207.mp4,15.0,150,286ccb1ae794d4d6|0a7665887d9ed07c|887cf3867f809c5a|0af4b528d794dd4a|2acedd3063b4978a,1080,aihub_source_suffix:220_21207,,video,차대이륜차_T자형교차로,,,storage/vision/staging/per_label_300/raw/car_vs_motorcycle/aihub_train_00000851.mp4,True,,classification_frame_extraction,full_candidate,3b307725a5d2a9caef1613a0a251639e7e1ba196e36fac9e6b59dfc2a9485a1d,Ai_Hub/Train,Ai_Hub/Train/TS_차대이륜차_영상_T자형교차로/bb_1_210131_two-wheeled-vehicle_220_21207.mp4,,val,,,,,,1920
aihub_train_00002888,TS_차대자전거_영상_사거리교차로(신호등있음),car_vs_bicycle,Ai_Hub,https://drive.google.com/uc?id=1a0D8RaI5qEGCNOYBiPFWXeQaKKiC8wdx,10.0,,,.mp4,bb_1_210528_bike_216_20743.mp4,15.0,150,8c72638dd2739d8a|b678c936d8493798|9866679982673f86|906e5fb1827e5d82|3665279ac99ada68,1080,aihub_source_suffix:216_20743,,video,차대자전거_사거리교차로(신호등있음),,,storage/vision/staging/per_label_300/raw/car_vs_bicycle/aihub_train_00002888.mp4,True,,classification_frame_extraction,full_candidate,a59be783e9097c9721a56b217af0915cad281bc1b8779cafee2e102a97d2ffbf,Ai_Hub/Train,Ai_Hub/Train/TS_차대자전거_영상_사거리교차로(신호등있음)/bb_1_210528_bike_216_20743.mp4,,train,,,,,,1920
aihub_train_00000289,TS_차대보행자_영상_횡단보도(신호등있음)부근,car_vs_pedestrian,Ai_Hub,https://drive.google.com/uc?id=1ihnjzIvhLe3JXVOYkHlLFIGGd9sDFvis,10.0,,,.mp4,bb_1_161223_pedestrian_117_099.mp4,15.0,150,abab8cccd6383b28|310f8d4ce2e1f3f0|371f0f4e4a43f2b0|3f1f0d4ec6c2b3a0|3f1f0d4ec6c3b320,1080,aihub_source_suffix:117_099,,video,차대보행자_횡단보도(신호등있음)부근,,,storage/vision/staging/per_label_300/raw/car_vs_pedestrian/aihub_train_00000289.mp4,True,,classification_frame_extraction,full_candidate,e58328e79036478d07e2afd5dbe5bb739920e3413a539f2b7eceb13596c63d2d,Ai_Hub/Train,Ai_Hub/Train/TS_차대보행자_영상_횡단보도(신호등있음)부근/bb_1_161223_pedestrian_117_099.mp4,,val,,,,,,1920
aihub_train_00001727,TS_차대이륜차_영상_직선도로,car_vs_motorcycle,Ai_Hub,https://drive.google.com/uc?id=15uHb6XSkYucKJxC52I76W1uHEbozoefU,10.0,,,.mp4,bb_1_160404_two-wheeled-vehicle_191_157.mp4,15.0,150,8b8e973b20358fca|89894f6b2e3f81a6|81896f2f2f39c1a6|89896b2f2f39c1a6|89896b2f2f39c1a6,1080,aihub_source_suffix:191_157,,video,차대이륜차_직선도로,,,storage/vision/staging/per_label_300/raw/car_vs_motorcycle/aihub_train_00001727.mp4,True,,classification_frame_extraction,full_candidate,3667bc55ce4b4aa7291600c16f0aaf84249f5722eac0b798ad601f95eace7b81,Ai_Hub/Train,Ai_Hub/Train/TS_차대이륜차_영상_직선도로/bb_1_160404_two-wheeled-vehicle_191_157.mp4,,train,,,,,,1920
aihub_train_00001356,TS_차대이륜차_영상_사거리교차로(신호등있음),car_vs_motorcycle,Ai_Hub,https://drive.google.com/uc?id=10ANgwVl6ETURxO6a65SF7s5PjstqlRlN,10.0,,,.mp4,bb_1_220327_two-wheeled-vehicle_196_092.mp4,15.0,150,872470d2ec6dce9a|872470dadc6ccf92|872470d3346dcf9a|872470d39c6dce9a|8f2470e12c6dcf9a,1080,aihub_source_suffix:196_092,,video,차대이륜차_사거리교차로(신호등있음),,,storage/vision/staging/per_label_300/raw/car_vs_motorcycle/aihub_train_00001356.mp4,True,,classification_frame_extraction,full_candidate,69d1f4be2398d34b3ecbf26aa76422bb8607ba0ae89a416f4026c43a19aa86c9,Ai_Hub/Train,Ai_Hub/Train/TS_차대이륜차_영상_사거리교차로(신호등있음)/bb_1_220327_two-wheeled-vehicle_196_092.mp4,,train,,,,,,1920
aihub_train_00003477,TS_차대자전거_영상_직선도로,car_vs_bicycle,Ai_Hub,https://drive.google.com/uc?id=1y7ml26egPNVY2LS2fkKGoRbLbUkh7bqf,10.0,,,.mp4,bb_3_130415_bike_206_22432.mp4,15.0,150,89a924665e5a5e9e|89a926e65c5e5e46|898924e47c5cdece|8b8b2064745cdede|8b8b2064747cded6,1080,aihub_source_suffix:206_22432,,video,차대자전거_직선도로,,,storage/vision/staging/per_label_300/raw/car_vs_bicycle/aihub_train_00003477.mp4,True,,classification_frame_extraction,full_candidate,fa545dfe7e521177f79194787d55ade33ad12555b64bc3c2eea8c650f151e2b7,Ai_Hub/Train,Ai_Hub/Train/TS_차대자전거_영상_직선도로/bb_3_130415_bike_206_22432.mp4,,train,,,,,,1920
aihub_train_00000553,TS_차대보행자_영상_횡단보도없음,car_vs_pedestrian,Ai_Hub,https://drive.google.com/uc?id=1Rk_e1I-Ns70-dAigSVgh1sE9fKRRk9O8,10.0,,,.mp4,bb_1_191212_pedestrian_129_174.mp4,15.0,150,01edc25e7f3138a6|29cbc6d07695386e|0bc7c468f4b738d4|9323c9f8e00f7cac|8385c4f8ea3f38a6,1080,aihub_source_suffix:129_174,,video,차대보행자_횡단보도없음,,,storage/vision/staging/per_label_300/raw/car_vs_pedestrian/aihub_train_00000553.mp4,True,,classification_frame_extraction,full_candidate,d24539ab97388abf12576e1ad9029f02652ae7f6053e509c6f7ca5d0cba6da9b,Ai_Hub/Train,Ai_Hub/Train/TS_차대보행자_영상_횡단보도없음/bb_1_191212_pedestrian_129_174.mp4,,train,,,,,,1920
aihub_train_00001419,TS_차대이륜차_영상_사거리교차로(신호등있음),car_vs_motorcycle,Ai_Hub,https://drive.google.com/uc?id=1sQeiWUW-TY9UCOJn21kSUwKLLcxwuIYF,10.0,,,.mp4,bb_3_150126_two-wheeled-vehicle_200_24839.mp4,15.0,150,36cc32ed960ced32|32cd32ed960ced32|124c33edb70ced32|164c33edb60ced32|324c33edb60ced32,926,aihub_source_suffix:200_24839,,video,차대이륜차_사거리교차로(신호등있음),,,storage/vision/staging/per_label_300/raw/car_vs_motorcycle/aihub_train_00001419.mp4,True,,classification_frame_extraction,full_candidate,88c19f77dadd0173a35f9d40fe74f6aa2aed7bb2c10d7aa22327b46426cf4cf9,Ai_Hub/Train,Ai_Hub/Train/TS_차대이륜차_영상_사거리교차로(신호등있음)/bb_3_150126_two-wheeled-vehicle_200_24839.mp4,,train,,,,,,1920
aihub_train_00002434,TS_차대이륜차_영상_직선도로,car_vs_motorcycle,Ai_Hub,https://drive.google.com/uc?id=1BNEYFNt7w-tzAapeXkUKGmMBzvvjqeoH,10.0,,,.mp4,bb_3_200106_two-wheeled-vehicle_249_21569.mp4,15.0,150,9b9586e461b438ee|191f8ee663a49966|999386c6772c38ec|99b9e786471e186c|99b1c7a6471e1a6c,926,aihub_source_suffix:249_21569,,video,차대이륜차_직선도로,,,storage/vision/staging/per_label_300/raw/car_vs_motorcycle/aihub_train_00002434.mp4,True,,classification_frame_extraction,full_candidate,82b580eb98815749df2ede94dd95ae373d18adc5afc74eca3d70def60148608c,Ai_Hub/Train,Ai_Hub/Train/TS_차대이륜차_영상_직선도로/bb_3_200106_two-wheeled-vehicle_249_21569.mp4,,train,,,,,,1920
aihub_train_00001499,TS_차대이륜차_영상_사거리교차로(신호등있음),car_vs_motorcycle,Ai_Hub,https://drive.google.com/uc?id=1TL9-2hAULgDyxVmhjiSxHCone_e6ugVe,10.0,,,.mp4,bb_3_180424_two-wheeled-vehicle_205_22051.mp4,15.0,150,838ba264647e7c7a|8b83e06e6e707c1e|838b78666678789e|838b786670787e9a|838362667c7c7c1e,1080,aihub_source_suffix:205_22051,,video,차대이륜차_사거리교차로(신호등있음),,,storage/vision/staging/per_label_300/raw/car_vs_motorcycle/aihub_train_00001499.mp4,True,,classification_frame_extraction,full_candidate,9de407b5b2b25914ec65df0bf0995e8ed954e60488778e1b6cd0045d48ceb18e,Ai_Hub/Train,Ai_Hub/Train/TS_차대이륜차_영상_사거리교차로(신호등있음)/bb_3_180424_two-wheeled-vehicle_205_22051.mp4,,train,,,,,,1920
aihub_train_00000238,TS_차대보행자_영상_횡단보도(신호등있음),car_vs_pedestrian,Ai_Hub,https://drive.google.com/uc?id=1Ij1xhkuXif52jv4Y-X8-8REkP0WfBv-y,10.0,,,.mp4,bb_3_171009_pedestrian_117_100.mp4,15.0,150,9e68679e70039e3c|9e68678c70879e3c|9e68678c70879e3c|9e68678e70879e38|9e68678e70879e38,1080,aihub_source_suffix:117_100,,video,차대보행자_횡단보도(신호등있음),,,storage/vision/staging/per_label_300/raw/car_vs_pedestrian/aihub_train_00000238.mp4,True,,classification_frame_extraction,full_candidate,aa0c22c887841462f952559779eba990ad33bfbd0ebb49948b956a256ad1f87a,Ai_Hub/Train,Ai_Hub/Train/TS_차대보행자_영상_횡단보도(신호등있음)/bb_3_171009_pedestrian_117_100.mp4,,test,,,,,,1920
aihub_train_00003494,TS_차대자전거_영상_직선도로,car_vs_bicycle,Ai_Hub,https://drive.google.com/uc?id=18XFwf5B4bWMPbTsCVtFFVibJ02CDDb0m,10.0,,,.mp4,bb_3_150210_bike_221_22167.mp4,15.0,150,2ad4953a4f6857e4|2ad4853ad5c2772e|2adc9d22d70ad636|2ad8954a65acdb36|2ab49b4ae5a45b36,1080,aihub_source_suffix:221_22167,,video,차대자전거_직선도로,,,storage/vision/staging/per_label_300/raw/car_vs_bicycle/aihub_train_00003494.mp4,True,,classification_frame_extraction,full_candidate,ec70d548cf5f0cfb0c77b7afa74efe6286d760f513a4a8a2154dc3c24683b42a,Ai_Hub/Train,Ai_Hub/Train/TS_차대자전거_영상_직선도로/bb_3_150210_bike_221_22167.mp4,,train,,,,,,1920
aihub_train_00000907,TS_차대이륜차_영상_T자형교차로,car_vs_motorcycle,Ai_Hub,https://drive.google.com/uc?id=1S3Q-b5rI02uuGoYQXI6M3UL5L-QzqCWH,10.0,,,.mp4,bb_3_190615_two-wheeled-vehicle_227_21952.mp4,15.0,150,2b80c2b63edcf46a|2b82ccb436f4f46a|2b80c0b63efcf46a|2b80c2b63edcf46a|2b80c2b63edcf46a,1080,aihub_source_suffix:227_21952,,video,차대이륜차_T자형교차로,,,storage/vision/staging/per_label_300/raw/car_vs_motorcycle/aihub_train_00000907.mp4,True,,classification_frame_extraction,full_candidate,617f779ce4e3be8e7f4474464e8bc724971c6b64b8771d88f5979757f58e593c,Ai_Hub/Train,Ai_Hub/Train/TS_차대이륜차_영상_T자형교차로/bb_3_190615_two-wheeled-vehicle_227_21952.mp4,,train,,,,,,1920
aihub_train_00002889,TS_차대자전거_영상_사거리교차로(신호등있음),car_vs_bicycle,Ai_Hub,https://drive.google.com/uc?id=1R0-QLmqYNS_TGY_-LB73phDNRvJ4I-gO,10.0,,,.mp4,bb_1_210604_bike_156_038.mp4,15.0,150,0b82c3a2f968ff0e|2b0ac1e0fd0cf778|2b86f53a8b78c668|01d6cf7a31c83ed8|03d0cf7a59c03fe2,1080,aihub_source_suffix:156_038,,video,차대자전거_사거리교차로(신호등있음),,,storage/vision/staging/per_label_300/raw/car_vs_bicycle/aihub_train_00002889.mp4,True,,classification_frame_extraction,full_candidate,38873fdf1d9ea6b4a535a1fe3ee98a054050ca5902539ffe5a8f05d3f07f8407,Ai_Hub/Train,Ai_Hub/Train/TS_차대자전거_영상_사거리교차로(신호등있음)/bb_1_210604_bike_156_038.mp4,,train,,,,,,1920
aihub_train_00002513,TS_차대이륜차_영상_직선도로,car_vs_motorcycle,Ai_Hub,https://drive.google.com/uc?id=1j3sGROO6j-Rh4KT7hAj-s9cKanJz4sbM,10.0,,,.mp4,bb_3_210924_two-wheeled-vehicle_251_33694.mp4,15.0,150,9387877c687878e4|9387876c68787de0|939785e8787878cc|9387866c787879ac|838787cc7c787878,1080,aihub_source_suffix:251_33694,,video,차대이륜차_직선도로,,,storage/vision/staging/per_label_300/raw/car_vs_motorcycle/aihub_train_00002513.mp4,True,,classification_frame_extraction,full_candidate,fa406bdebc1e1e4d203594d4c40b5927511f53fe1becbe127b65f48e300187e1,Ai_Hub/Train,Ai_Hub/Train/TS_차대이륜차_영상_직선도로/bb_3_210924_two-wheeled-vehicle_251_33694.mp4,,test,,,,,,1920
aihub_train_00002986,TS_차대자전거_영상_직선도로,car_vs_bicycle,Ai_Hub,https://drive.google.com/uc?id=1_GLFuJoI6CXL1uEzR0U6DEXC_nlgmGkT,10.0,,,.mp4,bb_1_140525_bike_30_101.mp4,15.0,150,b393870677e069e4|9b93b39721646d8c|939393b3732265ac|9393939b376265c4|939392b3736665c4,1080,aihub_source_suffix:30_101,,video,차대자전거_직선도로,,,storage/vision/staging/per_label_300/raw/car_vs_bicycle/aihub_train_00002986.mp4,True,,classification_frame_extraction,full_candidate,d5fc75c7fc2417bcb27d7f986377d8f78291427f6185846f8bc633114d99a7a7,Ai_Hub/Train,Ai_Hub/Train/TS_차대자전거_영상_직선도로/bb_1_140525_bike_30_101.mp4,,train,,,,,,1920
aihub_train_00003006,TS_차대자전거_영상_직선도로,car_vs_bicycle,Ai_Hub,https://drive.google.com/uc?id=1fHWupX5tORk7gV4X04-G7Rjwk2UZyl2B,10.0,,,.mp4,bb_1_150306_bike_198_038.mp4,15.0,150,18466d926edd98e6|bcc64590cfcf9886|38464db8e66f18d6|36da49b2722fd892|3e5e49b2708f5c92,480,aihub_source_suffix:198_038,,video,차대자전거_직선도로,,,storage/vision/staging/per_label_300/raw/car_vs_bicycle/aihub_train_00003006.mp4,True,,classification_frame_extraction,full_candidate,65583a93ee09d25549d0715513a0a18f27738f2a6e9ac3d96035493c665b6702,Ai_Hub/Train,Ai_Hub/Train/TS_차대자전거_영상_직선도로/bb_1_150306_bike_198_038.mp4,,train,,,,,,640
aihub_train_00003093,TS_차대자전거_영상_직선도로,car_vs_bicycle,Ai_Hub,https://drive.google.com/uc?id=1CCBagoV0VkbaooJnf-4rjCVjEIf8VyhT,10.0,,,.mp4,bb_1_170212_bike_112_258.mp4,15.0,150,3a6f9294c790aee2|0a6b9b9a4b92f592|8ec78dca659263cc|9ec58bca65b261cc|9ec58fc265b261cc,1080,aihub_source_suffix:112_258,,video,차대자전거_직선도로,,,storage/vision/staging/per_label_300/raw/car_vs_bicycle/aihub_train_00003093.mp4,True,,classification_frame_extraction,full_candidate,60219c88d1b8d3899e1ae4264b1dac49a9d6bb78fa42b27a45365aa444bc95fe,Ai_Hub/Train,Ai_Hub/Train/TS_차대자전거_영상_직선도로/bb_1_170212_bike_112_258.mp4,,train,,,,,,1920
aihub_train_00002945,TS_차대자전거_영상_직선도로,car_vs_bicycle,Ai_Hub,https://drive.google.com/uc?id=1a2dK_yYCysTb2vLF6IM_F28jef-tQT5o,10.0,,,.mp4,bb_1_101017_bike_20_001.mp4,15.0,150,a125c7825ed72f86|292b63e0dd993e62|21287338decd38ee|21297238decd39ce|21297238decd39ce,1080,aihub_source_suffix:20_001,,video,차대자전거_직선도로,,,storage/vision/staging/per_label_300/raw/car_vs_bicycle/aihub_train_00002945.mp4,True,,classification_frame_extraction,full_candidate,b88c8eae6a6740279bedf9f5a7ef34c838363923210026e6ff7cec7c3da432c7,Ai_Hub/Train,Ai_Hub/Train/TS_차대자전거_영상_직선도로/bb_1_101017_bike_20_001.mp4,,train,,,,,,1920
aihub_train_00002633,TS_차대이륜차_영상_차도와차도가아닌장소,car_vs_motorcycle,Ai_Hub,https://drive.google.com/uc?id=1JDZweAEJlAOmpJA9GsGi-OH8woKvZWYY,10.0,,,.mp4,bb_1_201025_two-wheeled-vehicle_112_338.mp4,15.0,150,0303c8dcbf36b5e8|23e1dc5c96f2b12c|3938cf4683b1b52e|0b03636add9cb726|0b076362dd9cb726,1080,aihub_source_suffix:112_338,,video,차대이륜차_차도와차도가아닌장소,,,storage/vision/staging/per_label_300/raw/car_vs_motorcycle/aihub_train_00002633.mp4,True,,classification_frame_extraction,full_candidate,b0aaef79b0d6a192977ce64a7c44d0b3a422f5c9ca023c3cefb5e3caec25cefc,Ai_Hub/Train,Ai_Hub/Train/TS_차대이륜차_영상_차도와차도가아닌장소/bb_1_201025_two-wheeled-vehicle_112_338.mp4,,train,,,,,,1920
aihub_train_00001712,TS_차대이륜차_영상_직선도로,car_vs_motorcycle,Ai_Hub,https://drive.google.com/uc?id=1EhRJ0taOn6WhW43U5MD3F-hyhvBH9E3o,10.0,,,.mp4,bb_1_160107_two-wheeled-vehicle_119_167.mp4,15.0,150,9185a7e76069387e|9187a7c7e0c9596c|939527e7606838fc|9397a7e560e1b168|9397a7e560f9b060,1080,aihub_source_suffix:119_167,,video,차대이륜차_직선도로,,,storage/vision/staging/per_label_300/raw/car_vs_motorcycle/aihub_train_00001712.mp4,True,,classification_frame_extraction,full_candidate,fab72d716164ee75279f0de4fa05f051f63ce8a95a1d7b89b8f448dfb378955d,Ai_Hub/Train,Ai_Hub/Train/TS_차대이륜차_영상_직선도로/bb_1_160107_two-wheeled-vehicle_119_167.mp4,,val,,,,,,1920
aihub_train_00002610,TS_차대이륜차_영상_차도와차도가아닌장소,car_vs_motorcycle,Ai_Hub,https://drive.google.com/uc?id=1Xi0OgW3Upia5_vREGiZIgAhJUgY9q1fG,10.0,,,.mp4,bb_1_190215_two-wheeled-vehicle_227_35037.mp4,15.0,150,82666d8ed86537b8|827cdd82684f97cc|28cadd36746b991a|2ac6d53c6e6b9894|2ac6d53c6e63989c,1080,aihub_source_suffix:227_35037,,video,차대이륜차_차도와차도가아닌장소,,,storage/vision/staging/per_label_300/raw/car_vs_motorcycle/aihub_train_00002610.mp4,True,,classification_frame_extraction,full_candidate,e0582bf01379c2b8209d13431c1f0fd4e1eb989824abd16d75349f5e2ae7dcee,Ai_Hub/Train,Ai_Hub/Train/TS_차대이륜차_영상_차도와차도가아닌장소/bb_1_190215_two-wheeled-vehicle_227_35037.mp4,,test,,,,,,1920
aihub_train_00003107,TS_차대자전거_영상_직선도로,car_vs_bicycle,Ai_Hub,https://drive.google.com/uc?id=1NB2tYXTXTMHJFv6gARC1f54ONl2MHjlw,10.0,,,.mp4,bb_1_170411_bike_116_049.mp4,15.0,150,15785d155367724e|145cdd93923f6554|1b62c6bcb8675554|2b6a4f9ad39494cc|2f484dbe96b6f084,1080,aihub_source_suffix:116_049,,video,차대자전거_직선도로,,,storage/vision/staging/per_label_300/raw/car_vs_bicycle/aihub_train_00003107.mp4,True,,classification_frame_extraction,full_candidate,1b1ceb4f13129892561b5badafa707d89a4fcb196ad8697437dbb9b4b779e324,Ai_Hub/Train,Ai_Hub/Train/TS_차대자전거_영상_직선도로/bb_1_170411_bike_116_049.mp4,,val,,,,,,1920
aihub_train_00002170,TS_차대이륜차_영상_직선도로,car_vs_motorcycle,Ai_Hub,https://drive.google.com/uc?id=1q9Ud490-Gx5J1nSxPqyCWvB-cHL7bXCd,10.0,,,.mp4,bb_1_220124_two-wheeled-vehicle_125_227.mp4,15.0,150,a3a3ad2c4993933e|a1a1ad0c5d9d93d6|b1a1af0e6da91956|a1a1c54c7b9b1b4e|a1a18d4c5bbb5b4a,1080,aihub_source_suffix:125_227,,video,차대이륜차_직선도로,,,storage/vision/staging/per_label_300/raw/car_vs_motorcycle/aihub_train_00002170.mp4,True,,classification_frame_extraction,full_candidate,a2fc3306a4f311cdeb9d27744c1c88187290918a47b67d1e4c009119fa514fb6,Ai_Hub/Train,Ai_Hub/Train/TS_차대이륜차_영상_직선도로/bb_1_220124_two-wheeled-vehicle_125_227.mp4,,train,,,,,,1920
aihub_train_00001269,TS_차대이륜차_영상_사거리교차로(신호등있음),car_vs_motorcycle,Ai_Hub,https://drive.google.com/uc?id=1tJv5hxsXhMS6WcqEZYNPZxMUIs13uahc,10.0,,,.mp4,bb_1_190806_two-wheeled-vehicle_142_212.mp4,15.0,150,9b8b8722a3c2dbe8|818383c3a7ecbde8|8f8289ba38ae3f86|918985bb766e3632|b7ab890320e9fd26,1080,aihub_source_suffix:142_212,,video,차대이륜차_사거리교차로(신호등있음),,,storage/vision/staging/per_label_300/raw/car_vs_motorcycle/aihub_train_00001269.mp4,True,,classification_frame_extraction,full_candidate,7d9daec2d4a4187ae3e11c77b537513dafd7e02fa3d07172e4a5f6c376fcba97,Ai_Hub/Train,Ai_Hub/Train/TS_차대이륜차_영상_사거리교차로(신호등있음)/bb_1_190806_two-wheeled-vehicle_142_212.mp4,,train,,,,,,1920
aihub_train_00003374,TS_차대자전거_영상_직선도로,car_vs_bicycle,Ai_Hub,https://drive.google.com/uc?id=1vddN169yIpTTRONiDrEwCalW1Y0-FR67,10.0,,,.mp4,bb_1_210814_bike_214_21600.mp4,15.0,150,2b0fc6f3c27894ca|2bc3c875525cc6da|2bc3e8750279b65a|a1cbe8f01a67b0da|81e9f0d42bf188fc,926,aihub_source_suffix:214_21600,,video,차대자전거_직선도로,,,storage/vision/staging/per_label_300/raw/car_vs_bicycle/aihub_train_00003374.mp4,True,,classification_frame_extraction,full_candidate,0265ff5ad21336dbc52caac2185b4059273d69908ba97ca56bb41fb68781f081,Ai_Hub/Train,Ai_Hub/Train/TS_차대자전거_영상_직선도로/bb_1_210814_bike_214_21600.mp4,,test,,,,,,1920
aihub_train_00002930,TS_차대자전거_영상_사거리교차로(신호등있음),car_vs_bicycle,Ai_Hub,https://drive.google.com/uc?id=1vhaPQucgqehMvosTFfz91dY8iK3yyCDT,10.0,,,.mp4,cc_3_211219_bike_118_016.mp4,15.0,150,457535a5328f6a72|456535a5a29b6e72|457575a5328f6272|457535a5328f6a72|457535a5328f6a72,1080,aihub_source_suffix:118_016,,video,차대자전거_사거리교차로(신호등있음),,,storage/vision/staging/per_label_300/raw/car_vs_bicycle/aihub_train_00002930.mp4,True,,classification_frame_extraction,full_candidate,13c1a0950c584bc96c9b4560178d79c1df1007718e0c6d37bbae6f524f4c96ea,Ai_Hub/Train,Ai_Hub/Train/TS_차대자전거_영상_사거리교차로(신호등있음)/cc_3_211219_bike_118_016.mp4,,train,,,,,,1920
aihub_train_00002999,TS_차대자전거_영상_직선도로,car_vs_bicycle,Ai_Hub,https://drive.google.com/uc?id=18FukBaTQz7VDC2fRcJ_ZyQriN69BHExw,10.0,,,.mp4,bb_1_141130_bike_198_037.mp4,15.0,150,895a6a2baabce5a4|6b4a0fa8baf454b4|4b6aa9a8bc54d6b4|2b68a5a4fc5ad296|2b68a5a4fc5ad296,480,aihub_source_suffix:198_037,,video,차대자전거_직선도로,,,storage/vision/staging/per_label_300/raw/car_vs_bicycle/aihub_train_00002999.mp4,True,,classification_frame_extraction,full_candidate,d4e7a580531fa60d97556144735b5779e8f5557a3e63c70f8eaa1253f23160f7,Ai_Hub/Train,Ai_Hub/Train/TS_차대자전거_영상_직선도로/bb_1_141130_bike_198_037.mp4,,train,,,,,,640
aihub_train_00002131,TS_차대이륜차_영상_직선도로,car_vs_motorcycle,Ai_Hub,https://drive.google.com/uc?id=1TfdZWH02Y3DW_cQ0KsGrL3cwM_CcabA4,10.0,,,.mp4,bb_1_210710_two-wheeled-vehicle_315_076.mp4,15.0,150,8185e66f0ccfb2f0|998fe664155f32e0|8185e4693ddf82f8|8587c6e17959b2d2|8980ec5e56f9b970,1080,aihub_source_suffix:315_076,,video,차대이륜차_직선도로,,,storage/vision/staging/per_label_300/raw/car_vs_motorcycle/aihub_train_00002131.mp4,True,,classification_frame_extraction,full_candidate,ccd0effba43d1bf69bacd56cfe81ce0d4b8d8a52860561877b5576e6bc3f6466,Ai_Hub/Train,Ai_Hub/Train/TS_차대이륜차_영상_직선도로/bb_1_210710_two-wheeled-vehicle_315_076.mp4,,test,,,,,,1920
aihub_train_00000992,TS_차대이륜차_영상_사거리교차로(신호등없음),car_vs_motorcycle,Ai_Hub,https://drive.google.com/uc?id=1O_DR3dykKBemCVqMdlcGjd7SvWEfbJH8,10.0,,,.mp4,bb_1_190112_two-wheeled-vehicle_129_232.mp4,15.0,150,3d494dd494bbca52|3d494d8484bbce9e|3d4f5ff49521ca40|3d4f6ff414a1e244|3d4f6ff414a1e244,1080,aihub_source_suffix:129_232,,video,차대이륜차_사거리교차로(신호등없음),,,storage/vision/staging/per_label_300/raw/car_vs_motorcycle/aihub_train_00000992.mp4,True,,classification_frame_extraction,full_candidate,04e2fe5592177f5dfc50853be521ced3dd206b7f280b9eabc70b2161169c815c,Ai_Hub/Train,Ai_Hub/Train/TS_차대이륜차_영상_사거리교차로(신호등없음)/bb_1_190112_two-wheeled-vehicle_129_232.mp4,,val,,,,,,1920
aihub_train_00003371,TS_차대자전거_영상_직선도로,car_vs_bicycle,Ai_Hub,https://drive.google.com/uc?id=1DXjBBJL_mZfzC1SklIlF29SBmuVGtEj6,10.0,,,.mp4,bb_1_210801_bike_195_221.mp4,15.0,150,2c50d324ddec60fe|3844e78899aac6fe|ac40dfb85b4730da|ac44ef98574618fa|ac44ef90574618fe,1080,aihub_source_suffix:195_221,,video,차대자전거_직선도로,,,storage/vision/staging/per_label_300/raw/car_vs_bicycle/aihub_train_00003371.mp4,True,,classification_frame_extraction,full_candidate,a1a7a16f48ba1b3283ccc707c47c408c58ebe52d0a9ddebbd071e485a7322c85,Ai_Hub/Train,Ai_Hub/Train/TS_차대자전거_영상_직선도로/bb_1_210801_bike_195_221.mp4,,train,,,,,,1920
aihub_train_00000645,TS_차대보행자_영상_횡단보도없음,car_vs_pedestrian,Ai_Hub,https://drive.google.com/uc?id=1aEaEnAazT2gcPApDLOIF7oS18C2oM85A,10.0,,,.mp4,bb_1_211005_pedestrian_125_111.mp4,15.0,150,adacd042693cfd8a|09c9f6725d8ce5a2|8dc9eae66c1c49aa|8bd8e4e65a18cdd2|89c8eee65a184de6,1080,aihub_source_suffix:125_111,,video,차대보행자_횡단보도없음,,,storage/vision/staging/per_label_300/raw/car_vs_pedestrian/aihub_train_00000645.mp4,True,,classification_frame_extraction,full_candidate,b957aebdf9dae00b1f3995e391fb9c084ceac487a0ac561c778df3f0b0a3c199,Ai_Hub/Train,Ai_Hub/Train/TS_차대보행자_영상_횡단보도없음/bb_1_211005_pedestrian_125_111.mp4,,train,,,,,,1920
aihub_train_00003238,TS_차대자전거_영상_직선도로,car_vs_bicycle,Ai_Hub,https://drive.google.com/uc?id=1lmpeGA3d14i01EDbQbI3aMM2xhK1c3AM,10.0,,,.mp4,bb_1_190409_bike_217_21759.mp4,15.0,150,1f878743e4957aa4|2b879763c49b3a46|87879b68e19968d6|adad9e52f1b980c8|2dad8642f1b9a9ca,926,aihub_source_suffix:217_21759,,video,차대자전거_직선도로,,,storage/vision/staging/per_label_300/raw/car_vs_bicycle/aihub_train_00003238.mp4,True,,classification_frame_extraction,full_candidate,98042abb7f04231fc246e6b2304c673d268d9ec2231a6a85d4c69ba582eaaa13,Ai_Hub/Train,Ai_Hub/Train/TS_차대자전거_영상_직선도로/bb_1_190409_bike_217_21759.mp4,,val,,,,,,1920
aihub_train_00001508,TS_차대이륜차_영상_사거리교차로(신호등있음),car_vs_motorcycle,Ai_Hub,https://drive.google.com/uc?id=1pkQ6H5z3Evz8ALV24kUSnOObVf0Z_Bx8,10.0,,,.mp4,bb_3_180816_two-wheeled-vehicle_36_002.mp4,15.0,150,3b1fd6c661281c5e|3b1fd6c6e1281c1e|3b1dd6e661289c56|3f1bdec661101c5e|3f1bcec6e138181e,1080,aihub_source_suffix:36_002,,video,차대이륜차_사거리교차로(신호등있음),,,storage/vision/staging/per_label_300/raw/car_vs_motorcycle/aihub_train_00001508.mp4,True,,classification_frame_extraction,full_candidate,0b29d276f79ff0271fa7f419d0d675bb4081aeed639a6db61454c0b56a666947,Ai_Hub/Train,Ai_Hub/Train/TS_차대이륜차_영상_사거리교차로(신호등있음)/bb_3_180816_two-wheeled-vehicle_36_002.mp4,,test,,,,,,1920
aihub_train_00000857,TS_차대이륜차_영상_T자형교차로,car_vs_motorcycle,Ai_Hub,https://drive.google.com/uc?id=169j3cexQNW4fNVdXyaQ7zw8QB_TvITo0,10.0,,,.mp4,bb_1_210606_two-wheeled-vehicle_155_045.mp4,15.0,150,f0dfc430c32cd7a2|8d8fd872718c7272|3535dac27d10ced2|0b0b86f4fd3bc294|290382fe3f18dea6,1080,aihub_source_suffix:155_045,,video,차대이륜차_T자형교차로,,,storage/vision/staging/per_label_300/raw/car_vs_motorcycle/aihub_train_00000857.mp4,True,,classification_frame_extraction,full_candidate,644c9215fe23c694405a7e3e661ae67533f13d228f6c82bc3232760a02a6f159,Ai_Hub/Train,Ai_Hub/Train/TS_차대이륜차_영상_T자형교차로/bb_1_210606_two-wheeled-vehicle_155_045.mp4,,train,,,,,,1920
aihub_train_00000705,TS_차대보행자_영상_횡단보도없음,car_vs_pedestrian,Ai_Hub,https://drive.google.com/uc?id=13m4prrzE0S8EjqXmW7AgRf5uh81qsbt3,10.0,,,.mp4,bb_3_180118_pedestrian_220_20199.mp4,15.0,150,22c2d93726d8dd36|22c2d91726dcdd36|2268d99736c8dd36|2268d99736c8dd36|2278d98736c8dd36,1080,aihub_source_suffix:220_20199,,video,차대보행자_횡단보도없음,,,storage/vision/staging/per_label_300/raw/car_vs_pedestrian/aihub_train_00000705.mp4,True,,classification_frame_extraction,full_candidate,11135afff7ca16bd6743300a354184a76be9d4d2e0de59b0c1e08a24167b7838,Ai_Hub/Train,Ai_Hub/Train/TS_차대보행자_영상_횡단보도없음/bb_3_180118_pedestrian_220_20199.mp4,,train,,,,,,1920
aihub_train_00002075,TS_차대이륜차_영상_직선도로,car_vs_motorcycle,Ai_Hub,https://drive.google.com/uc?id=11mLzMn15dgQfFjqYZahshlsmyiyvr3ay,10.0,,,.mp4,bb_1_201124_two-wheeled-vehicle_198_012.mp4,15.0,150,0bf8f0d6726878d2|13f4dd6a685a7262|23ddd74458eaaac2|db30f5ce2a60dad0|1352f5ee6848f364,720,aihub_source_suffix:198_012,,video,차대이륜차_직선도로,,,storage/vision/staging/per_label_300/raw/car_vs_motorcycle/aihub_train_00002075.mp4,True,,classification_frame_extraction,full_candidate,1ff5d9829845517d460bc49f2c64d12fb239bc68a484a29eb73b7b49a15344b5,Ai_Hub/Train,Ai_Hub/Train/TS_차대이륜차_영상_직선도로/bb_1_201124_two-wheeled-vehicle_198_012.mp4,,train,,,,,,1280
aihub_train_00001805,TS_차대이륜차_영상_직선도로,car_vs_motorcycle,Ai_Hub,https://drive.google.com/uc?id=1cf_9nb-516WB05ewYX1juKBf1w1JWSuu,10.0,,,.mp4,bb_1_170817_two-wheeled-vehicle_120_131.mp4,15.0,150,3b1a919b432cec9e|2a68c19fb23bcb68|2b5ad29fa42afa88|2b6a6a5bd92525b4|2b6a6a5bd127a5a4,1080,aihub_source_suffix:120_131,,video,차대이륜차_직선도로,,,storage/vision/staging/per_label_300/raw/car_vs_motorcycle/aihub_train_00001805.mp4,True,,classification_frame_extraction,full_candidate,4512116db5b50c7cf6a4bc551b2294bd0b599fd86702de04d13e77d39b860300,Ai_Hub/Train,Ai_Hub/Train/TS_차대이륜차_영상_직선도로/bb_1_170817_two-wheeled-vehicle_120_131.mp4,,train,,,,,,1920
aihub_train_00000755,TS_차대보행자_영상_횡단보도없음,car_vs_pedestrian,Ai_Hub,https://drive.google.com/uc?id=1gxSBH9mJuj9K91vYqJk3Sh3kToE5N31o,10.0,,,.mp4,cc_3_210504_pedestrian_143_123.mp4,15.0,150,2bd4ea7855c3a398|2bc4ea7857c32b98|28e4eb1b9fc360f0|2afce261c1c33e3c|2afce061c1c73e3c,1080,aihub_source_suffix:143_123,,video,차대보행자_횡단보도없음,,,storage/vision/staging/per_label_300/raw/car_vs_pedestrian/aihub_train_00000755.mp4,True,,classification_frame_extraction,full_candidate,6111643ec205c996e3247e09826fd61b69f3f0d12298ef40e21aefb0a002bf8b,Ai_Hub/Train,Ai_Hub/Train/TS_차대보행자_영상_횡단보도없음/cc_3_210504_pedestrian_143_123.mp4,,train,,,,,,1920
aihub_train_00002098,TS_차대이륜차_영상_직선도로,car_vs_motorcycle,Ai_Hub,https://drive.google.com/uc?id=1-_TLy1xPNL5DfBOCX07C_Yotr-WSSikF,10.0,,,.mp4,bb_1_210209_two-wheeled-vehicle_246_22038.mp4,15.0,150,2b3a6fa4dd60d4c8|2b3a65c4dde0d6c8|2332e5c45f2edcc8|23326dc85f84d4fc|23326dec5d84d4dc,1080,aihub_source_suffix:246_22038,,video,차대이륜차_직선도로,,,storage/vision/staging/per_label_300/raw/car_vs_motorcycle/aihub_train_00002098.mp4,True,,classification_frame_extraction,full_candidate,5ed82596782025760ac7bc863a0b96c1e368cc1bf3d1d64942d756dc697bc52d,Ai_Hub/Train,Ai_Hub/Train/TS_차대이륜차_영상_직선도로/bb_1_210209_two-wheeled-vehicle_246_22038.mp4,,train,,,,,,1920
aihub_train_00002129,TS_차대이륜차_영상_직선도로,car_vs_motorcycle,Ai_Hub,https://drive.google.com/uc?id=1kMwHiSNNSQKk2H7C30xMTNWOjajqTA3N,10.0,,,.mp4,bb_1_210629_two-wheeled-vehicle_315_055.mp4,15.0,150,150587e6e2f9b84e|9195c5c4e0bbda56|2b2fdf8ac8a5a072|2f2fdf88c8b5a070|2f2fdb88cca1a2f0,1080,aihub_source_suffix:315_055,,video,차대이륜차_직선도로,,,storage/vision/staging/per_label_300/raw/car_vs_motorcycle/aihub_train_00002129.mp4,True,,classification_frame_extraction,full_candidate,5b49dbae4bf03db3c42c2ac2b93e840e5602d23b6592744adb78a9db0004804b,Ai_Hub/Train,Ai_Hub/Train/TS_차대이륜차_영상_직선도로/bb_1_210629_two-wheeled-vehicle_315_055.mp4,,train,,,,,,1920
aihub_train_00002438,TS_차대이륜차_영상_직선도로,car_vs_motorcycle,Ai_Hub,https://drive.google.com/uc?id=1MYZC_UtsjlwmEz9M9eie0r-53huZvliK,10.0,,,.mp4,bb_3_200206_two-wheeled-vehicle_116_254.mp4,15.0,150,23925a6a9446f76e|2b8253ea8c86773e|23885b64d4de3f32|2381790ed6de2b3c|2b81592ec6da3d3a,1080,aihub_source_suffix:116_254,,video,차대이륜차_직선도로,,,storage/vision/staging/per_label_300/raw/car_vs_motorcycle/aihub_train_00002438.mp4,True,,classification_frame_extraction,full_candidate,f0aaef7f685154706671b413b7918253c961fc20f6e7364f92d1d64bb2e0c01d,Ai_Hub/Train,Ai_Hub/Train/TS_차대이륜차_영상_직선도로/bb_3_200206_two-wheeled-vehicle_116_254.mp4,,train,,,,,,1920
aihub_train_00002515,TS_차대이륜차_영상_직선도로,car_vs_motorcycle,Ai_Hub,https://drive.google.com/uc?id=1jjmNGkWP1PKyyg4O8GVNd-dOUEpLXMml,10.0,,,.mp4,bb_3_211004_two-wheeled-vehicle_191_152.mp4,15.0,150,8f8f9b3030676786|8f8f93303067c78e|8f9f9b313072c706|8f9f93303073c786|8f9f93313073c784,1080,aihub_source_suffix:191_152,,video,차대이륜차_직선도로,,,storage/vision/staging/per_label_300/raw/car_vs_motorcycle/aihub_train_00002515.mp4,True,,classification_frame_extraction,full_candidate,4f5303b580e5f61973fa2061390b4a7c488496ac710a1b52c452da9dfa3d9361,Ai_Hub/Train,Ai_Hub/Train/TS_차대이륜차_영상_직선도로/bb_3_211004_two-wheeled-vehicle_191_152.mp4,,train,,,,,,1920
aihub_train_00002139,TS_차대이륜차_영상_직선도로,car_vs_motorcycle,Ai_Hub,https://drive.google.com/uc?id=1Os0VIu3_eXrcNYC69pdJFwR77tfs1cQo,10.0,,,.mp4,bb_1_210812_two-wheeled-vehicle_207_21384.mp4,15.0,150,2b3ad4ccd4c6f4c8|2b3ac4c4d6d6e4cc|2332ccced6d494ec|2338c8ced4d4d4fc|232acaced6d4d4cc,1080,aihub_source_suffix:207_21384,,video,차대이륜차_직선도로,,,storage/vision/staging/per_label_300/raw/car_vs_motorcycle/aihub_train_00002139.mp4,True,,classification_frame_extraction,full_candidate,72c1104e1e393acf4fb4fab0520db26b1f604a9de2b03cea0171ec62128b37ce,Ai_Hub/Train,Ai_Hub/Train/TS_차대이륜차_영상_직선도로/bb_1_210812_two-wheeled-vehicle_207_21384.mp4,,train,,,,,,1920
aihub_train_00000650,TS_차대보행자_영상_횡단보도없음,car_vs_pedestrian,Ai_Hub,https://drive.google.com/uc?id=1VBI9zPj0tD2m_Z0BzmLgs99lCqe0ZT17,10.0,,,.mp4,bb_1_211115_pedestrian_201_23898.mp4,15.0,150,91b5a5e8f9a131e4|2b2b2f4a5b923e86|0b2b6c647b936ac6|83836f68693be866|83836f68693be866,926,aihub_source_suffix:201_23898,,video,차대보행자_횡단보도없음,,,storage/vision/staging/per_label_300/raw/car_vs_pedestrian/aihub_train_00000650.mp4,True,,classification_frame_extraction,full_candidate,04db6083b513068c818acb09e7aa46f34ac5f2e86e5c68e23be3dc19864b14e8,Ai_Hub/Train,Ai_Hub/Train/TS_차대보행자_영상_횡단보도없음/bb_1_211115_pedestrian_201_23898.mp4,,train,,,,,,1920
aihub_train_00000477,TS_차대보행자_영상_횡단보도없음,car_vs_pedestrian,Ai_Hub,https://drive.google.com/uc?id=1V6EEGF-jRASbYd57XGqQHy5NyOoFAAHe,10.0,,,.mp4,bb_1_180514_pedestrian_192_124.mp4,15.0,150,8383297c7e4ad716|bf8b0b62634e9b12|8da3bf79e21e2b00|9f83297de21f1942|9f83297de21f1942,1080,aihub_source_suffix:192_124,,video,차대보행자_횡단보도없음,,,storage/vision/staging/per_label_300/raw/car_vs_pedestrian/aihub_train_00000477.mp4,True,,classification_frame_extraction,full_candidate,479dfe66af17734aecef3237d523eb93643613dc45016a9cc92bb5e07a7782fd,Ai_Hub/Train,Ai_Hub/Train/TS_차대보행자_영상_횡단보도없음/bb_1_180514_pedestrian_192_124.mp4,,val,,,,,,1920
aihub_train_00000301,TS_차대보행자_영상_횡단보도(신호등있음)부근,car_vs_pedestrian,Ai_Hub,https://drive.google.com/uc?id=1zJN6ZqfjGudRxPMexI5HrlqKEB2qQxWG,10.0,,,.mp4,bb_1_180121_pedestrian_36_093.mp4,15.0,150,929332970edd26e6|babbaa859085ace6|9a1baa9710dd36cc|921baa971c8d2ee6|8293929794ad6cee,1080,aihub_source_suffix:36_093,,video,차대보행자_횡단보도(신호등있음)부근,,,storage/vision/staging/per_label_300/raw/car_vs_pedestrian/aihub_train_00000301.mp4,True,,classification_frame_extraction,full_candidate,10fdba20d34b7bc696fa11f0e9ca9595d09ab48bbc798ebed893e1ae5d9dd67f,Ai_Hub/Train,Ai_Hub/Train/TS_차대보행자_영상_횡단보도(신호등있음)부근/bb_1_180121_pedestrian_36_093.mp4,,train,,,,,,1920
aihub_train_00003043,TS_차대자전거_영상_직선도로,car_vs_bicycle,Ai_Hub,https://drive.google.com/uc?id=1cs7OFB_wcq6ROsgTkbQVDUk7DXiHKnD5,10.0,,,.mp4,bb_1_160319_bike_199_063.mp4,15.0,150,a1b035adcc5f0e4e|393c3425cd471afa|8b9d1d0e6665865e|899d16366f2be4a4|899d1e366d29ed24,1080,aihub_source_suffix:199_063,,video,차대자전거_직선도로,,,storage/vision/staging/per_label_300/raw/car_vs_bicycle/aihub_train_00003043.mp4,True,,classification_frame_extraction,full_candidate,bb6baf3955f115d41c15cd0acbbe7d1d5b235435c314930dea3b314c0ec0657b,Ai_Hub/Train,Ai_Hub/Train/TS_차대자전거_영상_직선도로/bb_1_160319_bike_199_063.mp4,,val,,,,,,1920
aihub_train_00001793,TS_차대이륜차_영상_직선도로,car_vs_motorcycle,Ai_Hub,https://drive.google.com/uc?id=1dtDO6sJe6OsgD_XkLyhEtEuIzoK81R5H,10.0,,,.mp4,bb_1_170629_two-wheeled-vehicle_257_22376.mp4,15.0,150,32316d4ed9d2d6c4|913266cef1925ec6|912a64c85bb6d6f4|223ccb4ad5b46cdc|223ccb4ad5b4ecd8,1080,aihub_source_suffix:257_22376,,video,차대이륜차_직선도로,,,storage/vision/staging/per_label_300/raw/car_vs_motorcycle/aihub_train_00001793.mp4,True,,classification_frame_extraction,full_candidate,ceb70e765bc46b92e37383af8fc1313afe4694c4717066fba40c7cce1868d92c,Ai_Hub/Train,Ai_Hub/Train/TS_차대이륜차_영상_직선도로/bb_1_170629_two-wheeled-vehicle_257_22376.mp4,,train,,,,,,1920
aihub_train_00001365,TS_차대이륜차_영상_사거리교차로(신호등있음),car_vs_motorcycle,Ai_Hub,https://drive.google.com/uc?id=1y83JsUgO6ArLN3VgilRLkC-KcvH5sIOl,10.0,,,.mp4,bb_1_220523_two-wheeled-vehicle_198_152.mp4,15.0,150,2a692b3acd3e9296|32c63936c768b9c6|32cc9532db2ce35c|32cc9bb2cd99662c|32cd9f324d9b3464,720,aihub_source_suffix:198_152,,video,차대이륜차_사거리교차로(신호등있음),,,storage/vision/staging/per_label_300/raw/car_vs_motorcycle/aihub_train_00001365.mp4,True,,classification_frame_extraction,full_candidate,1f3712e788ffa8b49ce8cb473ca430a49281b2c3fdee318af0e7150e2645b0f2,Ai_Hub/Train,Ai_Hub/Train/TS_차대이륜차_영상_사거리교차로(신호등있음)/bb_1_220523_two-wheeled-vehicle_198_152.mp4,,train,,,,,,1280
aihub_train_00003109,TS_차대자전거_영상_직선도로,car_vs_bicycle,Ai_Hub,https://drive.google.com/uc?id=1kyhlLmXzUD7W9iP_MuYi4KbXNuWE2qX5,10.0,,,.mp4,bb_1_170419_bike_241_44858.mp4,15.0,150,9998d90c5e1e6f62|99989d98d98c6fe0|99981d1ed906e7b2|9998099cfd066f72|99980d9cdd066f72,926,aihub_source_suffix:241_44858,,video,차대자전거_직선도로,,,storage/vision/staging/per_label_300/raw/car_vs_bicycle/aihub_train_00003109.mp4,True,,classification_frame_extraction,full_candidate,2153479ddd7badb3b409b4878a80e02ca5966dee4b5d37b13584d44a8d3eaf7a,Ai_Hub/Train,Ai_Hub/Train/TS_차대자전거_영상_직선도로/bb_1_170419_bike_241_44858.mp4,,train,,,,,,1920
aihub_train_00002770,TS_차대자전거_영상_사거리교차로(신호등없음),car_vs_bicycle,Ai_Hub,https://drive.google.com/uc?id=10PJ_kKjJRv6aj2tVkza8yKJ-WT-Z_MG4,10.0,,,.mp4,bb_1_200821_bike_192_101.mp4,15.0,150,3a3aef444ce4c45e|33b2c55cc86ec798|33b0fd1c4a4ecf06|33b0fd1e484ec74a|33b0fd1e484ec74a,1080,aihub_source_suffix:192_101,,video,차대자전거_사거리교차로(신호등없음),,,storage/vision/staging/per_label_300/raw/car_vs_bicycle/aihub_train_00002770.mp4,True,,classification_frame_extraction,full_candidate,b417c4649086e8df8f4654df487af9eec0776282cf51c7a821da95914cc195de,Ai_Hub/Train,Ai_Hub/Train/TS_차대자전거_영상_사거리교차로(신호등없음)/bb_1_200821_bike_192_101.mp4,,test,,,,,,1920
aihub_train_00000837,TS_차대이륜차_영상_T자형교차로,car_vs_motorcycle,Ai_Hub,https://drive.google.com/uc?id=1vj_kZch-ENpouS8k19SrAV-SQAaICujI,10.0,,,.mp4,bb_1_200811_two-wheeled-vehicle_114_006.mp4,15.0,150,87c7c704e591d366|89c9c9fafba0e0a2|bfbfb5e069813108|bfbfb7e069805108|bfbfb7e061815108,1080,aihub_source_suffix:114_006,,video,차대이륜차_T자형교차로,,,storage/vision/staging/per_label_300/raw/car_vs_motorcycle/aihub_train_00000837.mp4,True,,classification_frame_extraction,full_candidate,2148cfdcf9211cf52d40fd52aea2524c2debc43eff6d3bd7602af7e452774348,Ai_Hub/Train,Ai_Hub/Train/TS_차대이륜차_영상_T자형교차로/bb_1_200811_two-wheeled-vehicle_114_006.mp4,,train,,,,,,1920
aihub_train_00001856,TS_차대이륜차_영상_직선도로,car_vs_motorcycle,Ai_Hub,https://drive.google.com/uc?id=1yOLpn3EsFFOUYjuC5F-HdyCsFZhT2dEJ,10.0,,,.mp4,bb_1_180507_two-wheeled-vehicle_145_100.mp4,15.0,150,b0e073278ecc67a6|b0e073279ccc6f26|bec473e8199c67a0|a6e079bc988a7786|bc64652d99de4782,1080,aihub_source_suffix:145_100,,video,차대이륜차_직선도로,,,storage/vision/staging/per_label_300/raw/car_vs_motorcycle/aihub_train_00001856.mp4,True,,classification_frame_extraction,full_candidate,7176ecfee77844e12db68b27f20e9a22ec830d2a0db0b31974cf554a11dcdc94,Ai_Hub/Train,Ai_Hub/Train/TS_차대이륜차_영상_직선도로/bb_1_180507_two-wheeled-vehicle_145_100.mp4,,train,,,,,,1920
aihub_train_00001672,TS_차대이륜차_영상_직선도로,car_vs_motorcycle,Ai_Hub,https://drive.google.com/uc?id=1JgkfWocP_EZVm3kVdyxCcuMgwJsm-3yK,10.0,,,.mp4,bb_1_150213_two-wheeled-vehicle_194_028.mp4,15.0,150,999983a3e2e78ccc|999d979326658cc6|3333090c6d2f3e7a|2d273b1acb38719a|273729484b0a7f9e,1080,aihub_source_suffix:194_028,,video,차대이륜차_직선도로,,,storage/vision/staging/per_label_300/raw/car_vs_motorcycle/aihub_train_00001672.mp4,True,,classification_frame_extraction,full_candidate,9c9bdedf230b78e4948cce91e3859f47784f8ebd34c3e5cdedc3fd522c10b6cc,Ai_Hub/Train,Ai_Hub/Train/TS_차대이륜차_영상_직선도로/bb_1_150213_two-wheeled-vehicle_194_028.mp4,,train,,,,,,1920
aihub_train_00002118,TS_차대이륜차_영상_직선도로,car_vs_motorcycle,Ai_Hub,https://drive.google.com/uc?id=1M8XoF9W5GMT2se7nSkmfEMph5b8fEMTD,10.0,,,.mp4,bb_1_210529_two-wheeled-vehicle_196_076.mp4,15.0,150,93966c6c7a0e6c78|9392e67e7c0e4278|8f92f26c5e5e6064|93b66c0c5a7a5e52|93b66c0e527a5e52,1080,aihub_source_suffix:196_076,,video,차대이륜차_직선도로,,,storage/vision/staging/per_label_300/raw/car_vs_motorcycle/aihub_train_00002118.mp4,True,,classification_frame_extraction,full_candidate,7da08342e5288a6eeaf0eb5ba5c42b5aaa95591319ab06162e5b7c2bda706457,Ai_Hub/Train,Ai_Hub/Train/TS_차대이륜차_영상_직선도로/bb_1_210529_two-wheeled-vehicle_196_076.mp4,,test,,,,,,1920
aihub_train_00001362,TS_차대이륜차_영상_사거리교차로(신호등있음),car_vs_motorcycle,Ai_Hub,https://drive.google.com/uc?id=1CQ-HSwlERyZPpBhPy_MxZ9fZx5lZk71m,10.0,,,.mp4,bb_1_220425_two-wheeled-vehicle_119_346.mp4,15.0,150,39bc87c6e772d048|1b9b8f46e562f04a|59392546a6b6b6c6|18914b56ed2aa7ae|18914b56ef2aa7aa,1080,aihub_source_suffix:119_346,,video,차대이륜차_사거리교차로(신호등있음),,,storage/vision/staging/per_label_300/raw/car_vs_motorcycle/aihub_train_00001362.mp4,True,,classification_frame_extraction,full_candidate,d6fed3a6adb48d32403a77dfa108567f7adc9e65cc7d125e823398298f95a1b5,Ai_Hub/Train,Ai_Hub/Train/TS_차대이륜차_영상_사거리교차로(신호등있음)/bb_1_220425_two-wheeled-vehicle_119_346.mp4,,train,,,,,,1920
aihub_train_00003175,TS_차대자전거_영상_직선도로,car_vs_bicycle,Ai_Hub,https://drive.google.com/uc?id=1qYo6s_h3aXlDxhlSIR0v_FvXy0ODljrE,10.0,,,.mp4,bb_1_180303_bike_212_22250.mp4,15.0,150,2988d4f67c7cd0c6|29a8d456c6dc3cd6|2b3ac4cce4d2dad8|293cdccae2c2d8f8|293cdccae2c2f8f0,1080,aihub_source_suffix:212_22250,,video,차대자전거_직선도로,,,storage/vision/staging/per_label_300/raw/car_vs_bicycle/aihub_train_00003175.mp4,True,,classification_frame_extraction,full_candidate,06228ec4474cec3566d52a9a37b61f8e2618b3c59c7d09baa8a02db7db5abc2d,Ai_Hub/Train,Ai_Hub/Train/TS_차대자전거_영상_직선도로/bb_1_180303_bike_212_22250.mp4,,train,,,,,,1920
aihub_train_00000255,TS_차대보행자_영상_횡단보도(신호등있음),car_vs_pedestrian,Ai_Hub,https://drive.google.com/uc?id=1EOg11jm4gJ2dTt3hYT9h1DrSP8z3Czk7,10.0,,,.mp4,bb_3_200205_pedestrian_207_22368.mp4,15.0,150,2466db3d24c2db3c|2c66d3192ce6d7a8|2b64d49b6a6c95b4|296cec9d52d292d6|8278dd9679218afc,1080,aihub_source_suffix:207_22368,,video,차대보행자_횡단보도(신호등있음),,,storage/vision/staging/per_label_300/raw/car_vs_pedestrian/aihub_train_00000255.mp4,True,,classification_frame_extraction,full_candidate,6c42d3a538e349ac70e2789b685bbead65515c566ed0e704df1c896e8247af27,Ai_Hub/Train,Ai_Hub/Train/TS_차대보행자_영상_횡단보도(신호등있음)/bb_3_200205_pedestrian_207_22368.mp4,,train,,,,,,1920
aihub_train_00000514,TS_차대보행자_영상_횡단보도없음,car_vs_pedestrian,Ai_Hub,https://drive.google.com/uc?id=1XQgqzVcSc_dsZ_qbwe-ZEvymGoNXcLA8,10.0,,,.mp4,bb_1_190320_pedestrian_200_136.mp4,15.0,150,b8667b99666518d2|c27b4b587bc314d4|fbfe6c0c00033e3e|b3f67f3d024308d8|a3ec2d3d6c6d2d20,1080,aihub_source_suffix:200_136,,video,차대보행자_횡단보도없음,,,storage/vision/staging/per_label_300/raw/car_vs_pedestrian/aihub_train_00000514.mp4,True,,classification_frame_extraction,full_candidate,48c4b98b10ed6cdd37a9fac3c6473c92a8021051fc8076a7d095923c820f44bc,Ai_Hub/Train,Ai_Hub/Train/TS_차대보행자_영상_횡단보도없음/bb_1_190320_pedestrian_200_136.mp4,,train,,,,,,1920
aihub_train_00002050,TS_차대이륜차_영상_직선도로,car_vs_motorcycle,Ai_Hub,https://drive.google.com/uc?id=1nfx3mRpM3zrNdAZHbO6zUTNJOSi0bluN,10.0,,,.mp4,bb_1_200824_two-wheeled-vehicle_117_193.mp4,15.0,150,8add8d12f50a3fc4|98d989b26726f266|385b8c66c726799a|8e798db89d889b58|0ed98d38dd18d98e,1080,aihub_source_suffix:117_193,,video,차대이륜차_직선도로,,,storage/vision/staging/per_label_300/raw/car_vs_motorcycle/aihub_train_00002050.mp4,True,,classification_frame_extraction,full_candidate,0b0bc619e766f90ea88314a74d60aeb50139b5490b39ab51579d7a765db9c6dc,Ai_Hub/Train,Ai_Hub/Train/TS_차대이륜차_영상_직선도로/bb_1_200824_two-wheeled-vehicle_117_193.mp4,,test,,,,,,1920
aihub_train_00000562,TS_차대보행자_영상_횡단보도없음,car_vs_pedestrian,Ai_Hub,https://drive.google.com/uc?id=1W0d0AwntbU88gFYxrIByAVvKOuIQxfYq,10.0,,,.mp4,bb_1_200426_pedestrian_212_22259.mp4,15.0,150,898e66727ed2f070|83826a5e7ed8643e|81205ed6725efcf0|81205ed6765edcf0|81205ed6765edcf0,1080,aihub_source_suffix:212_22259,,video,차대보행자_횡단보도없음,,,storage/vision/staging/per_label_300/raw/car_vs_pedestrian/aihub_train_00000562.mp4,True,,classification_frame_extraction,full_candidate,54c2468a3ce825f47f55a9c3bf1b252ffc8d6859ddbdb64b890a4600fc82fc0e,Ai_Hub/Train,Ai_Hub/Train/TS_차대보행자_영상_횡단보도없음/bb_1_200426_pedestrian_212_22259.mp4,,val,,,,,,1920
aihub_train_00003228,TS_차대자전거_영상_직선도로,car_vs_bicycle,Ai_Hub,https://drive.google.com/uc?id=1H4ZytmgqFIZbtdpEYZKMSeCtmxsAgiZM,10.0,,,.mp4,bb_1_190125_bike_205_22207.mp4,15.0,150,9332cd8c6667c87c|313a4cccccf6d2d4|3328cc94ced6d6d2|233ac994ccde96d2|233ac894ccde96d6,1080,aihub_source_suffix:205_22207,,video,차대자전거_직선도로,,,storage/vision/staging/per_label_300/raw/car_vs_bicycle/aihub_train_00003228.mp4,True,,classification_frame_extraction,full_candidate,c69521aee510de0773780706a67e88b949fd3d2a2e5986b0138195d82cdc7cda,Ai_Hub/Train,Ai_Hub/Train/TS_차대자전거_영상_직선도로/bb_1_190125_bike_205_22207.mp4,,train,,,,,,1920
aihub_train_00001273,TS_차대이륜차_영상_사거리교차로(신호등있음),car_vs_motorcycle,Ai_Hub,https://drive.google.com/uc?id=1V4Fa4TMToLMyj2BjHpkhZQAPWefnJsR5,10.0,,,.mp4,bb_1_200209_two-wheeled-vehicle_190_019.mp4,15.0,150,8f9372798d62b09c|9d9462139ef6b41a|9bb7e261984348de|83d3366689993c76|979574640bb8db46,1080,aihub_source_suffix:190_019,,video,차대이륜차_사거리교차로(신호등있음),,,storage/vision/staging/per_label_300/raw/car_vs_motorcycle/aihub_train_00001273.mp4,True,,classification_frame_extraction,full_candidate,e1c9f42c85065430171645bd8abe45a0a4e75e8f690e0478d1bde642971f45dc,Ai_Hub/Train,Ai_Hub/Train/TS_차대이륜차_영상_사거리교차로(신호등있음)/bb_1_200209_two-wheeled-vehicle_190_019.mp4,,test,,,,,,1920
aihub_train_00003104,TS_차대자전거_영상_직선도로,car_vs_bicycle,Ai_Hub,https://drive.google.com/uc?id=1co_5SryqbtVbUqv0M0wsgS4_u3wEQKbr,10.0,,,.mp4,bb_1_170326_bike_44_002.mp4,15.0,150,ada4e67a1b01657c|9fb2e2481fb6e0a8|f1b92c2e67e0d858|91b86c6c1392fe6c|91a86c6c13d2fe2e,1080,aihub_source_suffix:44_002,,video,차대자전거_직선도로,,,storage/vision/staging/per_label_300/raw/car_vs_bicycle/aihub_train_00003104.mp4,True,,classification_frame_extraction,full_candidate,955fb4169051e20d1d5d621a0dcf38c453d2f83b089447825ac025ad5ab62af5,Ai_Hub/Train,Ai_Hub/Train/TS_차대자전거_영상_직선도로/bb_1_170326_bike_44_002.mp4,,train,,,,,,1920
aihub_train_00002639,TS_차대이륜차_영상_차도와차도가아닌장소,car_vs_motorcycle,Ai_Hub,https://drive.google.com/uc?id=1Hba0pqG8o6Bj8ZeClVYyjXfY0RRV0Z6X,10.0,,,.mp4,bb_1_210209_two-wheeled-vehicle_142_183.mp4,15.0,150,233e8968ef8c5b46|21acc978ef2e4b94|2b26d83c2743e7aa|23f0cd08b6e7a53a|23f0dd08c7eea94a,1080,aihub_source_suffix:142_183,,video,차대이륜차_차도와차도가아닌장소,,,storage/vision/staging/per_label_300/raw/car_vs_motorcycle/aihub_train_00002639.mp4,True,,classification_frame_extraction,full_candidate,0102b71d801b3ba5fdf2a4fe6a12e04a556619fd5fe8bff5e74a067fe05bcdb8,Ai_Hub/Train,Ai_Hub/Train/TS_차대이륜차_영상_차도와차도가아닌장소/bb_1_210209_two-wheeled-vehicle_142_183.mp4,,val,,,,,,1920
aihub_train_00000378,TS_차대보행자_영상_횡단보도(신호등있음)부근,car_vs_pedestrian,Ai_Hub,https://drive.google.com/uc?id=16LciZvaXsMGgHQKmICRFNF7cn_O-0Y_g,10.0,,,.mp4,bb_3_190418_pedestrian_185_098.mp4,15.0,150,43c387859599db6a|4bc383859599db6a|4bc383859599cbea|454783839199efea|458383ab89999fe6,272,aihub_source_suffix:185_098,,video,차대보행자_횡단보도(신호등있음)부근,,,storage/vision/staging/per_label_300/raw/car_vs_pedestrian/aihub_train_00000378.mp4,True,,classification_frame_extraction,full_candidate,37efe0adc1d9d285357873b19be62546b7928236ec57e60b6b25736f8216d0a0,Ai_Hub/Train,Ai_Hub/Train/TS_차대보행자_영상_횡단보도(신호등있음)부근/bb_3_190418_pedestrian_185_098.mp4,,train,,,,,,480
aihub_train_00000572,TS_차대보행자_영상_횡단보도없음,car_vs_pedestrian,Ai_Hub,https://drive.google.com/uc?id=1B8uN2nvMWlPqWWcF-tih3boVvCPYHu-K,10.0,,,.mp4,bb_1_200616_pedestrian_148_274.mp4,15.0,150,070d5ca4ab7b9e0e|abae1c98a22bbb52|871e3838afe618da|9d98f26637751464|8f9a5a54b37394c4,664,aihub_source_suffix:148_274,,video,차대보행자_횡단보도없음,,,storage/vision/staging/per_label_300/raw/car_vs_pedestrian/aihub_train_00000572.mp4,True,,classification_frame_extraction,full_candidate,386605463eb9141c48aec8f9530753ef50d626eaf9f4b0e1e03f213d1cfbc7e1,Ai_Hub/Train,Ai_Hub/Train/TS_차대보행자_영상_횡단보도없음/bb_1_200616_pedestrian_148_274.mp4,,train,,,,,,1128
aihub_train_00001813,TS_차대이륜차_영상_직선도로,car_vs_motorcycle,Ai_Hub,https://drive.google.com/uc?id=1bYkgS3Oj4jL1N1iKVaNjr5JUif8kmMDT,10.0,,,.mp4,bb_1_171029_two-wheeled-vehicle_211_21894.mp4,15.0,150,19186d6f6666d0f2|9b187b7262e6c5a4|9998d07276666d66|9b98907676666c66|999a167676666c64,1080,aihub_source_suffix:211_21894,,video,차대이륜차_직선도로,,,storage/vision/staging/per_label_300/raw/car_vs_motorcycle/aihub_train_00001813.mp4,True,,classification_frame_extraction,full_candidate,5950ea5cbbb6d215efa1fa104a5586b3d7672077f3c6e22d42a46209354d4638,Ai_Hub/Train,Ai_Hub/Train/TS_차대이륜차_영상_직선도로/bb_1_171029_two-wheeled-vehicle_211_21894.mp4,,train,,,,,,1920
aihub_train_00001718,TS_차대이륜차_영상_직선도로,car_vs_motorcycle,Ai_Hub,https://drive.google.com/uc?id=1whqVnIaLumb4vkmS7TllQgEXfcUyQYAh,10.0,,,.mp4,bb_1_160218_two-wheeled-vehicle_217_21625.mp4,15.0,150,8b90766a766c6c74|899072666c5e6c7e|839072766c6c6c7e|899072766e6c6c7a|819072627ecc6e7e,1080,aihub_source_suffix:217_21625,,video,차대이륜차_직선도로,,,storage/vision/staging/per_label_300/raw/car_vs_motorcycle/aihub_train_00001718.mp4,True,,classification_frame_extraction,full_candidate,9e0008d5b14d9fcabd4dfee1d46f2a7eadb0ec0151cc53e35c2308da2d4ed31a,Ai_Hub/Train,Ai_Hub/Train/TS_차대이륜차_영상_직선도로/bb_1_160218_two-wheeled-vehicle_217_21625.mp4,,train,,,,,,1920
aihub_train_00001509,TS_차대이륜차_영상_사거리교차로(신호등있음),car_vs_motorcycle,Ai_Hub,https://drive.google.com/uc?id=12fuLxKWIaZrlvPsf2cs3q3d2Sn2ZFsZl,10.0,,,.mp4,bb_3_180905_two-wheeled-vehicle_202_21963.mp4,15.0,150,81b070fc4c4e5ede|a130f4f44c4e5ed6|a130d8dc6e4e5e4e|a138fcd84e4e56c6|292a64e686b65e9e,1080,aihub_source_suffix:202_21963,,video,차대이륜차_사거리교차로(신호등있음),,,storage/vision/staging/per_label_300/raw/car_vs_motorcycle/aihub_train_00001509.mp4,True,,classification_frame_extraction,full_candidate,0b5a5b4f4815390227f187069643dfb7265e0a1a21d9a1ac1f936c4220eca6ed,Ai_Hub/Train,Ai_Hub/Train/TS_차대이륜차_영상_사거리교차로(신호등있음)/bb_3_180905_two-wheeled-vehicle_202_21963.mp4,,test,,,,,,1920
aihub_train_00001274,TS_차대이륜차_영상_사거리교차로(신호등있음),car_vs_motorcycle,Ai_Hub,https://drive.google.com/uc?id=1pojimX68lcULpRfP2vXnByVMmTkRDQAD,10.0,,,.mp4,bb_1_200210_two-wheeled-vehicle_119_345.mp4,15.0,150,8d2e3e7ac8d4e0d2|818146786c9edef6|9191066e7af87a96|91b1844e6e787af4|9991046e6c787af6,1080,aihub_source_suffix:119_345,,video,차대이륜차_사거리교차로(신호등있음),,,storage/vision/staging/per_label_300/raw/car_vs_motorcycle/aihub_train_00001274.mp4,True,,classification_frame_extraction,full_candidate,34ed04af8ee244b981bd910da5ae3fc78b878946495abe99b2a8ac52c3cdad7f,Ai_Hub/Train,Ai_Hub/Train/TS_차대이륜차_영상_사거리교차로(신호등있음)/bb_1_200210_two-wheeled-vehicle_119_345.mp4,,train,,,,,,1920
aihub_train_00000710,TS_차대보행자_영상_횡단보도없음,car_vs_pedestrian,Ai_Hub,https://drive.google.com/uc?id=1XGam0HMnm-ZYAQCc3pwTyWBvQBxkTco_,10.0,,,.mp4,bb_3_180419_pedestrian_112_330.mp4,15.0,150,20d0d5752ed8de36|22d0d1753ec8de36|22d0d1753ec8de36|22d0d1f53ec8dc36|22d0d1f52ec8de36,1080,aihub_source_suffix:112_330,,video,차대보행자_횡단보도없음,,,storage/vision/staging/per_label_300/raw/car_vs_pedestrian/aihub_train_00000710.mp4,True,,classification_frame_extraction,full_candidate,f2624d4cee6b7eaaa734f1d019f5a05d68c0757dafdddf2008d68738a1b39cb8,Ai_Hub/Train,Ai_Hub/Train/TS_차대보행자_영상_횡단보도없음/bb_3_180419_pedestrian_112_330.mp4,,train,,,,,,1920
aihub_train_00001843,TS_차대이륜차_영상_직선도로,car_vs_motorcycle,Ai_Hub,https://drive.google.com/uc?id=1UDGx4e2oZ1BHzs9r7vmpJqO1TV3fhwwo,10.0,,,.mp4,bb_1_180311_two-wheeled-vehicle_123_302.mp4,15.0,150,27372be85994f48c|b9392d6c4d28f516|b935a5ecc49adb08|991d27666724acbc|991d27666724acbc,1080,aihub_source_suffix:123_302,,video,차대이륜차_직선도로,,,storage/vision/staging/per_label_300/raw/car_vs_motorcycle/aihub_train_00001843.mp4,True,,classification_frame_extraction,full_candidate,2d0ed068102ee79f4fe8892597342ef9878e6b0cecf755d97bc6bb80faab12c7,Ai_Hub/Train,Ai_Hub/Train/TS_차대이륜차_영상_직선도로/bb_1_180311_two-wheeled-vehicle_123_302.mp4,,train,,,,,,1920
aihub_train_00002369,TS_차대이륜차_영상_직선도로,car_vs_motorcycle,Ai_Hub,https://drive.google.com/uc?id=185wRGF9QSLokj1Vwfv0RDCxtlQwJjzPj,10.0,,,.mp4,bb_3_170823_two-wheeled-vehicle_130_156.mp4,15.0,150,93930326f46e37b8|aba1c95cd06e7332|13f37f05ec686312|9bd3c70ec06c6a3a|b5b585a8c24eb93a,720,aihub_source_suffix:130_156,,video,차대이륜차_직선도로,,,storage/vision/staging/per_label_300/raw/car_vs_motorcycle/aihub_train_00002369.mp4,True,,classification_frame_extraction,full_candidate,2bf4eda6967a6b9cd30f14ece66205102275673ef59b3acf2780de182cb5ff20,Ai_Hub/Train,Ai_Hub/Train/TS_차대이륜차_영상_직선도로/bb_3_170823_two-wheeled-vehicle_130_156.mp4,,train,,,,,,1280
aihub_train_00000251,TS_차대보행자_영상_횡단보도(신호등있음),car_vs_pedestrian,Ai_Hub,https://drive.google.com/uc?id=19BK4NAwlYs56-IEq9aNelVKOsoJpYy5X,10.0,,,.mp4,bb_3_190826_pedestrian_125_140.mp4,15.0,150,3c64256dbce6925a|3c64256dbc66d25a|3c64256dbc66d25a|3c24256dbc76d25a|3c24256dbc66f25a,720,aihub_source_suffix:125_140,,video,차대보행자_횡단보도(신호등있음),,,storage/vision/staging/per_label_300/raw/car_vs_pedestrian/aihub_train_00000251.mp4,True,,classification_frame_extraction,full_candidate,7354089cfa928aa48caee52014a76af77a3c5a03a86deb7c566eab3ad1eeb598,Ai_Hub/Train,Ai_Hub/Train/TS_차대보행자_영상_횡단보도(신호등있음)/bb_3_190826_pedestrian_125_140.mp4,,train,,,,,,1280
aihub_train_00002561,TS_차대이륜차_영상_직선도로,car_vs_motorcycle,Ai_Hub,https://drive.google.com/uc?id=10xRspNNCNXUUE8uE4Ebj2nclUbezCLTa,10.0,,,.mp4,bb_3_220803_two-wheeled-vehicle_233_40725.mp4,15.0,150,87c8e3e3e2634972|87c8e3e3e2e14972|87cce3e363c34178|87cce3e363c34178|87cce3e363c34178,926,aihub_source_suffix:233_40725,,video,차대이륜차_직선도로,,,storage/vision/staging/per_label_300/raw/car_vs_motorcycle/aihub_train_00002561.mp4,True,,classification_frame_extraction,full_candidate,a0290b08de7075c60c47d82d692d36689131f64a7b8c97dd8f17a8261e334ef9,Ai_Hub/Train,Ai_Hub/Train/TS_차대이륜차_영상_직선도로/bb_3_220803_two-wheeled-vehicle_233_40725.mp4,,train,,,,,,1920
aihub_train_00000815,TS_차대이륜차_영상_T자형교차로,car_vs_motorcycle,Ai_Hub,https://drive.google.com/uc?id=1KtHVIgltIGkQVbcam51JiPlqRoTu8Hy6,10.0,,,.mp4,bb_1_191113_two-wheeled-vehicle_088_009.mp4,15.0,150,0b89f962d50e1e3e|0b89d172f58dd368|81c97932f5a7b348|a961270af59bcf28|a9632748b7cdcb28,1080,aihub_source_suffix:088_009,,video,차대이륜차_T자형교차로,,,storage/vision/staging/per_label_300/raw/car_vs_motorcycle/aihub_train_00000815.mp4,True,,classification_frame_extraction,full_candidate,37305c47f57d67b8dd3b517d2944d5fc9716b41a9dfb64dec314ded45322cd32,Ai_Hub/Train,Ai_Hub/Train/TS_차대이륜차_영상_T자형교차로/bb_1_191113_two-wheeled-vehicle_088_009.mp4,,test,,,,,,1920
aihub_train_00002636,TS_차대이륜차_영상_차도와차도가아닌장소,car_vs_motorcycle,Ai_Hub,https://drive.google.com/uc?id=1c87nQx5nheJlx0VOIAhT7t4ZZF1Er09j,10.0,,,.mp4,bb_1_201110_two-wheeled-vehicle_112_341.mp4,15.0,150,8c666734f126c79c|82c2e78cdd2ec792|98dc79a2c732e386|86c60f82473afb36|98d83d98591ee374,1080,aihub_source_suffix:112_341,,video,차대이륜차_차도와차도가아닌장소,,,storage/vision/staging/per_label_300/raw/car_vs_motorcycle/aihub_train_00002636.mp4,True,,classification_frame_extraction,full_candidate,50c12f58c44b3d300d087eda8446c554b920da9d4e0b469ee77b851b73e8d284,Ai_Hub/Train,Ai_Hub/Train/TS_차대이륜차_영상_차도와차도가아닌장소/bb_1_201110_two-wheeled-vehicle_112_341.mp4,,train,,,,,,1920
aihub_train_00003487,TS_차대자전거_영상_직선도로,car_vs_bicycle,Ai_Hub,https://drive.google.com/uc?id=1Ow25W8JDgKNvVC9kOsGfRtNm5Ck0S8tI,10.0,,,.mp4,bb_3_140308_bike_216_22208.mp4,15.0,150,8180c45e7e7e7666|8180c45c7e7e7a6e|81809e9c6e6e7e72|81a25f847e587ee4|2928c71236f87ed6,1080,aihub_source_suffix:216_22208,,video,차대자전거_직선도로,,,storage/vision/staging/per_label_300/raw/car_vs_bicycle/aihub_train_00003487.mp4,True,,classification_frame_extraction,full_candidate,640ffe3410f63c286d7c591193e4dd09b4c74b922acc0b85edb9821e458eb8e1,Ai_Hub/Train,Ai_Hub/Train/TS_차대자전거_영상_직선도로/bb_3_140308_bike_216_22208.mp4,,train,,,,,,1920
aihub_train_00002935,TS_차대자전거_영상_자전거도로,car_vs_bicycle,Ai_Hub,https://drive.google.com/uc?id=16B1QMp3MrgR1QLMG6cUC7ZijBjcvtfQk,10.0,,,.mp4,bb_1_210619_bike_113_231.mp4,15.0,150,89c9f2b18d4a71d6|89daf2b4850c5bec|8dc97a37a5a4594a|b1a9084171d69f7e|3f9b0e6170d6856c,664,aihub_source_suffix:113_231,,video,차대자전거_자전거도로,,,storage/vision/staging/per_label_300/raw/car_vs_bicycle/aihub_train_00002935.mp4,True,,classification_frame_extraction,full_candidate,afe45eb3bc0c78bccdc2f9a4074b2ad3e35489dab204d89c6c89fe336d35ea87,Ai_Hub/Train,Ai_Hub/Train/TS_차대자전거_영상_자전거도로/bb_1_210619_bike_113_231.mp4,,val,,,,,,1128
aihub_train_00000260,TS_차대보행자_영상_횡단보도(신호등있음),car_vs_pedestrian,Ai_Hub,https://drive.google.com/uc?id=1n_zI1hmIuEvDfsfrlSGaAXIFQz6E6qec,10.0,,,.mp4,bb_3_200810_pedestrian_228_21759.mp4,15.0,150,8982dc5a6bac761e|8982d4d67b2a66bc|8980dc5a7b0c76de|8982dcf44b0e76bc|8902dcf4f58c6e1e,1080,aihub_source_suffix:228_21759,,video,차대보행자_횡단보도(신호등있음),,,storage/vision/staging/per_label_300/raw/car_vs_pedestrian/aihub_train_00000260.mp4,True,,classification_frame_extraction,full_candidate,bf80486588d7e1204a46c366e8511d010e3db6551c74090848bcf022213e4071,Ai_Hub/Train,Ai_Hub/Train/TS_차대보행자_영상_횡단보도(신호등있음)/bb_3_200810_pedestrian_228_21759.mp4,,train,,,,,,1920
aihub_train_00003284,TS_차대자전거_영상_직선도로,car_vs_bicycle,Ai_Hub,https://drive.google.com/uc?id=1w3NL1GmO5_hUDqawj9s2FIYGTOyuBLrT,10.0,,,.mp4,bb_1_200307_bike_131_065.mp4,15.0,150,cf8531738718f946|8d8d3171ce02f2de|8d9932f31e36e18c|9b92606dbd16e26c|8dad62e09c0ee3f4,1080,aihub_source_suffix:131_065,,video,차대자전거_직선도로,,,storage/vision/staging/per_label_300/raw/car_vs_bicycle/aihub_train_00003284.mp4,True,,classification_frame_extraction,full_candidate,946f2382cc057a35bbbb5e7688b861b661b43df2186b49bce18d90abe149811e,Ai_Hub/Train,Ai_Hub/Train/TS_차대자전거_영상_직선도로/bb_1_200307_bike_131_065.mp4,,train,,,,,,1920
aihub_train_00002844,TS_차대자전거_영상_사거리교차로(신호등있음),car_vs_bicycle,Ai_Hub,https://drive.google.com/uc?id=1zeH95KJHIXCSiUqxsqhzCXsEaHK7mCV0,10.0,,,.mp4,bb_1_130603_bike_217_21248.mp4,15.0,150,292dcec6d2d078f4|27a4686a76d6d4d4|898166667a7878fc|898d6666d8585e7c|898d6666d8585e7c,1080,aihub_source_suffix:217_21248,,video,차대자전거_사거리교차로(신호등있음),,,storage/vision/staging/per_label_300/raw/car_vs_bicycle/aihub_train_00002844.mp4,True,,classification_frame_extraction,full_candidate,b361a113f98cf9aa7085d0235543b242a9e2c944c9fc1513f03c43d35c431b2f,Ai_Hub/Train,Ai_Hub/Train/TS_차대자전거_영상_사거리교차로(신호등있음)/bb_1_130603_bike_217_21248.mp4,,train,,,,,,1920
aihub_train_00000881,TS_차대이륜차_영상_T자형교차로,car_vs_motorcycle,Ai_Hub,https://drive.google.com/uc?id=1rQrJX_l5ix7z09Xzu-cw2ycY2yEsRnEp,10.0,,,.mp4,bb_1_220228_two-wheeled-vehicle_229_21688.mp4,15.0,150,1bb8e45666665c66|290ada7cf4f4d44a|0388dcd4565e7c7c|0b20f4d476567c7c|8b20f4d476547c7c,1080,aihub_source_suffix:229_21688,,video,차대이륜차_T자형교차로,,,storage/vision/staging/per_label_300/raw/car_vs_motorcycle/aihub_train_00000881.mp4,True,,classification_frame_extraction,full_candidate,03154064818312de95097da4789e8835afadcf5202917f9e540d1f140ffa26c8,Ai_Hub/Train,Ai_Hub/Train/TS_차대이륜차_영상_T자형교차로/bb_1_220228_two-wheeled-vehicle_229_21688.mp4,,train,,,,,,1920
aihub_train_00001132,TS_차대이륜차_영상_사거리교차로(신호등없음),car_vs_motorcycle,Ai_Hub,https://drive.google.com/uc?id=1Di2eoQNKgX224rTxbjQyv__yziQWQdLV,10.0,,,.mp4,bb_3_201017_two-wheeled-vehicle_123_198.mp4,15.0,150,69680283bbed7cd4|5454b66db3ca6c54|90ec2e9fb1c13e4c|baec0605b3e93c4e|b8ec4605b3e9386e,1080,aihub_source_suffix:123_198,,video,차대이륜차_사거리교차로(신호등없음),,,storage/vision/staging/per_label_300/raw/car_vs_motorcycle/aihub_train_00001132.mp4,True,,classification_frame_extraction,full_candidate,903edcaa4f808ca4a1dab0a0049db6f959925c8b8885ab593b8a22b07742fb45,Ai_Hub/Train,Ai_Hub/Train/TS_차대이륜차_영상_사거리교차로(신호등없음)/bb_3_201017_two-wheeled-vehicle_123_198.mp4,,train,,,,,,1920
aihub_train_00000467,TS_차대보행자_영상_횡단보도없음,car_vs_pedestrian,Ai_Hub,https://drive.google.com/uc?id=1UueYpLCakK4d6CQ2PdGcrFy7zDpPy2FG,10.0,,,.mp4,bb_1_180312_pedestrian_113_293.mp4,15.0,150,054c7332f6bceca8|31786f0ede98d0aa|3d3c6706ce9ed0a8|3d3877464e9ed0a8|193d67464e9ed8a8,1080,aihub_source_suffix:113_293,,video,차대보행자_횡단보도없음,,,storage/vision/staging/per_label_300/raw/car_vs_pedestrian/aihub_train_00000467.mp4,True,,classification_frame_extraction,full_candidate,e50a34cdd04fac315729963734e0161b1f1900ec158f66ad03cb366c0fff17bc,Ai_Hub/Train,Ai_Hub/Train/TS_차대보행자_영상_횡단보도없음/bb_1_180312_pedestrian_113_293.mp4,,val,,,,,,1920
aihub_train_00002083,TS_차대이륜차_영상_직선도로,car_vs_motorcycle,Ai_Hub,https://drive.google.com/uc?id=1dbk2Yfd6yb-Z8lye0AxIKyg8otdvel-T,10.0,,,.mp4,bb_1_201215_two-wheeled-vehicle_157_036.mp4,15.0,150,8983337afc6e6262|81c1393b9f6ee870|89c16273bf8d898e|81c172733f9f8986|89c162733f9f8986,1080,aihub_source_suffix:157_036,,video,차대이륜차_직선도로,,,storage/vision/staging/per_label_300/raw/car_vs_motorcycle/aihub_train_00002083.mp4,True,,classification_frame_extraction,full_candidate,a1591a3e6a6d702dc3d98ea6c6598bf6ad9801b0b02782497061d188003ed302,Ai_Hub/Train,Ai_Hub/Train/TS_차대이륜차_영상_직선도로/bb_1_201215_two-wheeled-vehicle_157_036.mp4,,test,,,,,,1920
aihub_train_00001821,TS_차대이륜차_영상_직선도로,car_vs_motorcycle,Ai_Hub,https://drive.google.com/uc?id=1ex5naSO7CyQEdH_Ixs0KlEKB3XBDQlGR,10.0,,,.mp4,bb_1_171122_two-wheeled-vehicle_242_22458.mp4,15.0,150,ab0a55632aafe31c|290a1ff10adfe11e|2982c7791ec3791e|2bcac721d926a72e|2bcad661d16ce722,926,aihub_source_suffix:242_22458,,video,차대이륜차_직선도로,,,storage/vision/staging/per_label_300/raw/car_vs_motorcycle/aihub_train_00001821.mp4,True,,classification_frame_extraction,full_candidate,878cf921446e56778c02157baee10ea8ca4fde4f551e18ad85c2cea9f5c1ed10,Ai_Hub/Train,Ai_Hub/Train/TS_차대이륜차_영상_직선도로/bb_1_171122_two-wheeled-vehicle_242_22458.mp4,,test,,,,,,1920
aihub_train_00001627,TS_차대이륜차_영상_직선도로,car_vs_motorcycle,Ai_Hub,https://drive.google.com/uc?id=1F8xNcHoU9At1Vs3Mni3N7T6ZOZVC-d1G,10.0,,,.mp4,bb_1_110315_two-wheeled-vehicle_250_22081.mp4,15.0,150,82627d9d0d427b3e|82e27f1de9c01e2e|e064076a5e963bda|8fc670794e9c714a|8fc670794e9c714a,1080,aihub_source_suffix:250_22081,,video,차대이륜차_직선도로,,,storage/vision/staging/per_label_300/raw/car_vs_motorcycle/aihub_train_00001627.mp4,True,,classification_frame_extraction,full_candidate,0185d459d6511b34b231b3d23ceb6ecf98dcd219845c8184d186c56c92a7aeaf,Ai_Hub/Train,Ai_Hub/Train/TS_차대이륜차_영상_직선도로/bb_1_110315_two-wheeled-vehicle_250_22081.mp4,,train,,,,,,1920
aihub_train_00001922,TS_차대이륜차_영상_직선도로,car_vs_motorcycle,Ai_Hub,https://drive.google.com/uc?id=1oCEeqbSzXvjRTyEi_jmQtcsyp6lzob92,10.0,,,.mp4,bb_1_190302_two-wheeled-vehicle_214_22462.mp4,15.0,150,b4706d1a53e1b93c|b4706d1253e5b93c|a4da2d1613e0bf3c|b5ec1b1280f1bb3c|b5ec1b1280f1bb3c,926,aihub_source_suffix:214_22462,,video,차대이륜차_직선도로,,,storage/vision/staging/per_label_300/raw/car_vs_motorcycle/aihub_train_00001922.mp4,True,,classification_frame_extraction,full_candidate,6250fb8e5223f64d54c09064a8680e285e3637a0e2eccc11a846fb5a63e7c4b5,Ai_Hub/Train,Ai_Hub/Train/TS_차대이륜차_영상_직선도로/bb_1_190302_two-wheeled-vehicle_214_22462.mp4,,train,,,,,,1920
aihub_train_00002387,TS_차대이륜차_영상_직선도로,car_vs_motorcycle,Ai_Hub,https://drive.google.com/uc?id=1RRRkwAB4j9CeaPgsEJXBS7cTuB2ATcAP,10.0,,,.mp4,bb_3_180417_two-wheeled-vehicle_229_34063.mp4,15.0,150,32cc9d32cfb5324a|32ced53a4cb5324e|2cc8d3376d489af2|2a4ad5b46d689f52|2a5e95a46b5bc62c,1080,aihub_source_suffix:229_34063,,video,차대이륜차_직선도로,,,storage/vision/staging/per_label_300/raw/car_vs_motorcycle/aihub_train_00002387.mp4,True,,classification_frame_extraction,full_candidate,7c2df2158552509579a9da26f46b0e3d415e02bf60dbfa3f5e95aec2931a02db,Ai_Hub/Train,Ai_Hub/Train/TS_차대이륜차_영상_직선도로/bb_3_180417_two-wheeled-vehicle_229_34063.mp4,,val,,,,,,1920
aihub_train_00001250,TS_차대이륜차_영상_사거리교차로(신호등있음),car_vs_motorcycle,Ai_Hub,https://drive.google.com/uc?id=1Wh0vAaUZDwoglbGBr7dvL7nChL1bL6za,10.0,,,.mp4,bb_1_180729_two-wheeled-vehicle_206_22293.mp4,15.0,150,2864d792386f6b9a|2864d7927c6f439a|2a66d5a26b4ad794|92e6dd12e84ab798|a0ce1f32cbb437c8,1080,aihub_source_suffix:206_22293,,video,차대이륜차_사거리교차로(신호등있음),,,storage/vision/staging/per_label_300/raw/car_vs_motorcycle/aihub_train_00001250.mp4,True,,classification_frame_extraction,full_candidate,91679958b53b15af03d3562a822de3039ab25073e236a78443ce0786c69c4d2f,Ai_Hub/Train,Ai_Hub/Train/TS_차대이륜차_영상_사거리교차로(신호등있음)/bb_1_180729_two-wheeled-vehicle_206_22293.mp4,,test,,,,,,1920
aihub_train_00002401,TS_차대이륜차_영상_직선도로,car_vs_motorcycle,Ai_Hub,https://drive.google.com/uc?id=1A5PaqnZ_w8XjtbZlXhjaw8TKYhTGW406,10.0,,,.mp4,bb_3_181106_two-wheeled-vehicle_195_122.mp4,15.0,150,87a7878ed8998d98|8727878ed89d8d92|8727878e989d8f98|8727878e989d8f98|8727878ed9998d98,1080,aihub_source_suffix:195_122,,video,차대이륜차_직선도로,,,storage/vision/staging/per_label_300/raw/car_vs_motorcycle/aihub_train_00002401.mp4,True,,classification_frame_extraction,full_candidate,6e12763322e3eac537c4fea2bf93d2b53c4b99ca629d8e9a7ab2311130ba3e73,Ai_Hub/Train,Ai_Hub/Train/TS_차대이륜차_영상_직선도로/bb_3_181106_two-wheeled-vehicle_195_122.mp4,,train,,,,,,1920
aihub_train_00002516,TS_차대이륜차_영상_직선도로,car_vs_motorcycle,Ai_Hub,https://drive.google.com/uc?id=1FtwmXyd1nnkOI2WMJJWm_G-Hs1qvpfCJ,10.0,,,.mp4,bb_3_211009_two-wheeled-vehicle_238_35098.mp4,15.0,150,8b8382687c7c7d3c|298986e666e4dcba|839b8c6c6c66763a|a181966e6e5e7c38|a18984c66e7e7c3c,1080,aihub_source_suffix:238_35098,,video,차대이륜차_직선도로,,,storage/vision/staging/per_label_300/raw/car_vs_motorcycle/aihub_train_00002516.mp4,True,,classification_frame_extraction,full_candidate,f57e5fe67a73f91fb752d5fc4a8259c417c08863cfc360d34698b5f9036c9523,Ai_Hub/Train,Ai_Hub/Train/TS_차대이륜차_영상_직선도로/bb_3_211009_two-wheeled-vehicle_238_35098.mp4,,train,,,,,,1920
aihub_train_00000228,TS_차대보행자_영상_횡단보도(신호등있음),car_vs_pedestrian,Ai_Hub,https://drive.google.com/uc?id=1nGysc5OYU642eW_lauDeRtBrYmr5eiE0,10.0,,,.mp4,bb_3_160821_pedestrian_232_22424.mp4,15.0,150,393c6ec2d2d2ccc6|393c6ec2d2d2ccc6|393c6ec2d2d2ccc6|393c6ec2d2d2ccc6|393c6ec2d2d2ccc6,1080,aihub_source_suffix:232_22424,,video,차대보행자_횡단보도(신호등있음),,,storage/vision/staging/per_label_300/raw/car_vs_pedestrian/aihub_train_00000228.mp4,True,,classification_frame_extraction,full_candidate,0a25cda7176d8ec696a6d86d4032736926a0784907b887f16c8079d00f931faf,Ai_Hub/Train,Ai_Hub/Train/TS_차대보행자_영상_횡단보도(신호등있음)/bb_3_160821_pedestrian_232_22424.mp4,,train,,,,,,1920
aihub_train_00002487,TS_차대이륜차_영상_직선도로,car_vs_motorcycle,Ai_Hub,https://drive.google.com/uc?id=1TTPkUfvcexYOPG66y6hWd0vhAa7iWecH,10.0,,,.mp4,bb_3_210422_two-wheeled-vehicle_155_048.mp4,15.0,150,0f0f7270d4c6eb68|191b67673506e69c|81a4ec7e938c617e|81886a7e9d84f47e|298bc6e4f13c1e4e,1080,aihub_source_suffix:155_048,,video,차대이륜차_직선도로,,,storage/vision/staging/per_label_300/raw/car_vs_motorcycle/aihub_train_00002487.mp4,True,,classification_frame_extraction,full_candidate,70aa8b751a99b8ff3b33bddba94606d1ad175571b4849d95c146251e75d61cd0,Ai_Hub/Train,Ai_Hub/Train/TS_차대이륜차_영상_직선도로/bb_3_210422_two-wheeled-vehicle_155_048.mp4,,train,,,,,,1920
aihub_train_00001095,TS_차대이륜차_영상_사거리교차로(신호등없음),car_vs_motorcycle,Ai_Hub,https://drive.google.com/uc?id=1-KHXGfqTPFCgj9e69_kNcKfQvEr7epFb,10.0,,,.mp4,bb_1_220111_two-wheeled-vehicle_206_22356.mp4,15.0,150,8b8e666670787c78|8786c66a78d87c6c|8d8c666272d2dada|8f8e7270707cd272|8f8c727070d6f272,1080,aihub_source_suffix:206_22356,,video,차대이륜차_사거리교차로(신호등없음),,,storage/vision/staging/per_label_300/raw/car_vs_motorcycle/aihub_train_00001095.mp4,True,,classification_frame_extraction,full_candidate,0d08ab55b68b8ed3d4421d580de0e5cf25d927adbf99cd762b7d0ab47431692b,Ai_Hub/Train,Ai_Hub/Train/TS_차대이륜차_영상_사거리교차로(신호등없음)/bb_1_220111_two-wheeled-vehicle_206_22356.mp4,,train,,,,,,1920
aihub_train_00003024,TS_차대자전거_영상_직선도로,car_vs_bicycle,Ai_Hub,https://drive.google.com/uc?id=1k7JZl1i6p4WOLAmPOT4ieeVca3NsII0l,10.0,,,.mp4,bb_1_150814_bike_205_21857.mp4,15.0,150,545555756ac92bca|34cecb34f4c93172|34cedb34f4c92172|34cedb34f4c92172|34cedb34f0cb3170,308,aihub_source_suffix:205_21857,,video,차대자전거_직선도로,,,storage/vision/staging/per_label_300/raw/car_vs_bicycle/aihub_train_00003024.mp4,True,,classification_frame_extraction,full_candidate,47927c7c546ace903b182a3ba9a756c269684e85db1238a721a07019592c0b3b,Ai_Hub/Train,Ai_Hub/Train/TS_차대자전거_영상_직선도로/bb_1_150814_bike_205_21857.mp4,,train,,,,,,640
aihub_train_00003344,TS_차대자전거_영상_직선도로,car_vs_bicycle,Ai_Hub,https://drive.google.com/uc?id=1hgw305o4ND4EaDXpZVzyBTE4tw5MYiTU,10.0,,,.mp4,bb_1_210429_bike_240_21834.mp4,15.0,150,392f6ec0d495b0f2|1d1f474b492d2ab6|1d1f67435b494b62|9d872740d8cd5d56|9d87a720d8cd0dd6,926,aihub_source_suffix:240_21834,,video,차대자전거_직선도로,,,storage/vision/staging/per_label_300/raw/car_vs_bicycle/aihub_train_00003344.mp4,True,,classification_frame_extraction,full_candidate,da5f78a8e7e518652d4a49265ac299e9934ae50b5c70ff52706470719a093524,Ai_Hub/Train,Ai_Hub/Train/TS_차대자전거_영상_직선도로/bb_1_210429_bike_240_21834.mp4,,train,,,,,,1920
aihub_train_00001980,TS_차대이륜차_영상_직선도로,car_vs_motorcycle,Ai_Hub,https://drive.google.com/uc?id=15DyGsZZ6LoNkrTKpUzW2uDTmUn4amT1I,10.0,,,.mp4,bb_1_191006_two-wheeled-vehicle_206_21668.mp4,15.0,150,81887d66367e74e4|8190d76a6e5e78cc|8b8277487876d4dc|8b82f46a7c74d61c|8b8275687c76c4bc,1080,aihub_source_suffix:206_21668,,video,차대이륜차_직선도로,,,storage/vision/staging/per_label_300/raw/car_vs_motorcycle/aihub_train_00001980.mp4,True,,classification_frame_extraction,full_candidate,f5a26d2960cce56712a6fd2b0b08bdfd8470fb411bbd26a57ce64a9b3791d9cf,Ai_Hub/Train,Ai_Hub/Train/TS_차대이륜차_영상_직선도로/bb_1_191006_two-wheeled-vehicle_206_21668.mp4,,test,,,,,,1920
aihub_train_00000611,TS_차대보행자_영상_횡단보도없음,car_vs_pedestrian,Ai_Hub,https://drive.google.com/uc?id=1i73djWjkT0FbWqdXt8LdnClGUugZ3iyf,10.0,,,.mp4,bb_1_210328_pedestrian_207_20455.mp4,15.0,150,2929aec6c6d4d4f4|3b3b2ec6c6d0d4c4|3b3bccc6c2d0f0f0|3b398cc6d6d252f0|33398cc6d6d2d2f0,1080,aihub_source_suffix:207_20455,,video,차대보행자_횡단보도없음,,,storage/vision/staging/per_label_300/raw/car_vs_pedestrian/aihub_train_00000611.mp4,True,,classification_frame_extraction,full_candidate,a4ee16a8db07a45688e142ebd11916897a190718c78a9f948e4b4fef0d49819e,Ai_Hub/Train,Ai_Hub/Train/TS_차대보행자_영상_횡단보도없음/bb_1_210328_pedestrian_207_20455.mp4,,val,,,,,,1920
aihub_train_00002660,TS_차대이륜차_영상_차도와차도가아닌장소,car_vs_motorcycle,Ai_Hub,https://drive.google.com/uc?id=1xL05--fwTFCNNTIP19WrpRtE75JdWG80,10.0,,,.mp4,bb_1_220621_two-wheeled-vehicle_252_22323.mp4,15.0,150,a0f3b1a25e6c7e60|a8f3d1b9c50c1f1a|907fcdd1e060179e|b47fe9e1820e1f28|a8fff5c3820e1ea0,926,aihub_source_suffix:252_22323,,video,차대이륜차_차도와차도가아닌장소,,,storage/vision/staging/per_label_300/raw/car_vs_motorcycle/aihub_train_00002660.mp4,True,,classification_frame_extraction,full_candidate,ccd940766f7d2ef2678bdfe91a9f6e1bfeabc562f90b5e02ed03b7e6806bc03e,Ai_Hub/Train,Ai_Hub/Train/TS_차대이륜차_영상_차도와차도가아닌장소/bb_1_220621_two-wheeled-vehicle_252_22323.mp4,,val,,,,,,1920
aihub_train_00002668,TS_차대이륜차_영상_차도와차도가아닌장소,car_vs_motorcycle,Ai_Hub,https://drive.google.com/uc?id=1xKNDn5QieHWcAWGODVYG5Om8cHEw1Qpa,10.0,,,.mp4,bb_3_150407_two-wheeled-vehicle_124_103.mp4,15.0,150,0b97178f0dcd87c2|199d1dab2d693958|11993dab2d6f2b42|11993dab2d6f2b42|11993dab2d6f2b42,720,aihub_source_suffix:124_103,,video,차대이륜차_차도와차도가아닌장소,,,storage/vision/staging/per_label_300/raw/car_vs_motorcycle/aihub_train_00002668.mp4,True,,classification_frame_extraction,full_candidate,67f8f01177bb664f87d58fd25226f7b3de75d3356ec19a15dcaa7608a8ad999c,Ai_Hub/Train,Ai_Hub/Train/TS_차대이륜차_영상_차도와차도가아닌장소/bb_3_150407_two-wheeled-vehicle_124_103.mp4,,train,,,,,,1280
aihub_train_00003445,TS_차대자전거_영상_직선도로,car_vs_bicycle,Ai_Hub,https://drive.google.com/uc?id=1TmiebrFOgKswoT15yyLntYwWE37pGclv,10.0,,,.mp4,bb_1_220611_bike_203_21541.mp4,15.0,150,2980d47c5f9cf4d4|a180cc7ede9664f4|8980747cd6966cfc|81806e7eda96f4d4|81806c7e5796fcd4,1080,aihub_source_suffix:203_21541,,video,차대자전거_직선도로,,,storage/vision/staging/per_label_300/raw/car_vs_bicycle/aihub_train_00003445.mp4,True,,classification_frame_extraction,full_candidate,c946a358ac16a63628496540e598a872432c4009c5287e1d55f8ece26dc93d9a,Ai_Hub/Train,Ai_Hub/Train/TS_차대자전거_영상_직선도로/bb_1_220611_bike_203_21541.mp4,,train,,,,,,1920
aihub_train_00001598,TS_차대이륜차_영상_사거리교차로(신호등있음),car_vs_motorcycle,Ai_Hub,https://drive.google.com/uc?id=12PV87Bc4F2BV15sCUSNgkkoq3dCJvu9B,10.0,,,.mp4,bb_3_220603_two-wheeled-vehicle_13_015.mp4,15.0,150,97972c6c6823378e|0b0b0e64e0ff93d6|a3a72868687b1f9a|a3ab2868687f1f92|83832a6a6a7f39ac,1080,aihub_source_suffix:13_015,,video,차대이륜차_사거리교차로(신호등있음),,,storage/vision/staging/per_label_300/raw/car_vs_motorcycle/aihub_train_00001598.mp4,True,,classification_frame_extraction,full_candidate,d062ec5318e17594e8807729afe834de11393fe83a50c58f441a160adb73dfff,Ai_Hub/Train,Ai_Hub/Train/TS_차대이륜차_영상_사거리교차로(신호등있음)/bb_3_220603_two-wheeled-vehicle_13_015.mp4,,train,,,,,,1920
aihub_train_00002411,TS_차대이륜차_영상_직선도로,car_vs_motorcycle,Ai_Hub,https://drive.google.com/uc?id=1zFJtDwmTiE9xLbd_icoK_LUulneX_nnm,10.0,,,.mp4,bb_3_190311_two-wheeled-vehicle_141_302.mp4,15.0,150,9d94ca4af6b462b2|9d94d4ea6b8e48b4|9b04e4fa6eacda50|3b98f450dc6e0ad6|3b98f470cc6e1ac6,1080,aihub_source_suffix:141_302,,video,차대이륜차_직선도로,,,storage/vision/staging/per_label_300/raw/car_vs_motorcycle/aihub_train_00002411.mp4,True,,classification_frame_extraction,full_candidate,e98f4ff710dc8319a5ffaab32dfbc0848b533d4a91bf3b4ac2e68e9c18f78cec,Ai_Hub/Train,Ai_Hub/Train/TS_차대이륜차_영상_직선도로/bb_3_190311_two-wheeled-vehicle_141_302.mp4,,train,,,,,,1920
aihub_train_00000394,TS_차대보행자_영상_횡단보도없음,car_vs_pedestrian,Ai_Hub,https://drive.google.com/uc?id=1sV4iEfnwcsfWoMDNJ3c8lsXczDS2pbfN,10.0,,,.mp4,bb_1_140410_pedestrian_238_21999.mp4,15.0,150,9d3c766660d8dac2|3130c6ce6ccad6ce|8d2c66e6727878ca|8d2cf2d2f27878c8|8d0cf2f2f27878c8,1080,aihub_source_suffix:238_21999,,video,차대보행자_횡단보도없음,,,storage/vision/staging/per_label_300/raw/car_vs_pedestrian/aihub_train_00000394.mp4,True,,classification_frame_extraction,full_candidate,a65813cd43f0ec95019e8e272904311177496a56ba7906b780fc8f9f6221266a,Ai_Hub/Train,Ai_Hub/Train/TS_차대보행자_영상_횡단보도없음/bb_1_140410_pedestrian_238_21999.mp4,,train,,,,,,1920
aihub_train_00002448,TS_차대이륜차_영상_직선도로,car_vs_motorcycle,Ai_Hub,https://drive.google.com/uc?id=1-mrkt9SSW5lVVStNLmQGLkrMBb2CK5X-,10.0,,,.mp4,bb_3_200409_two-wheeled-vehicle_231_40229.mp4,15.0,150,9c6ba24d1b38b6e2|866f3070638f9f86|e3e38040217c3ffe|ba7f8840250f739e|9ce531ce66b14d92,926,aihub_source_suffix:231_40229,,video,차대이륜차_직선도로,,,storage/vision/staging/per_label_300/raw/car_vs_motorcycle/aihub_train_00002448.mp4,True,,classification_frame_extraction,full_candidate,edeca293bdbc4b35a4e2d2d9524b931ba38fdb2be2a550709666105e4c90fb05,Ai_Hub/Train,Ai_Hub/Train/TS_차대이륜차_영상_직선도로/bb_3_200409_two-wheeled-vehicle_231_40229.mp4,,train,,,,,,1920
aihub_train_00000586,TS_차대보행자_영상_횡단보도없음,car_vs_pedestrian,Ai_Hub,https://drive.google.com/uc?id=1endGfRNHguOD5VI5jorif8zqg4HJLArg,10.0,,,.mp4,bb_1_201130_pedestrian_15_012.mp4,15.0,150,3130c6df9b39e4a4|9b0ac6d798387b38|1b12c4b7987a799c|1912d497b86b799c|9990d0739a7c39ba,1080,aihub_source_suffix:15_012,,video,차대보행자_횡단보도없음,,,storage/vision/staging/per_label_300/raw/car_vs_pedestrian/aihub_train_00000586.mp4,True,,classification_frame_extraction,full_candidate,69a542b53138e378b0579ec990e63221e572990e6bfbc8553272964c7487dca5,Ai_Hub/Train,Ai_Hub/Train/TS_차대보행자_영상_횡단보도없음/bb_1_201130_pedestrian_15_012.mp4,,train,,,,,,1920
aihub_train_00002621,TS_차대이륜차_영상_차도와차도가아닌장소,car_vs_motorcycle,Ai_Hub,https://drive.google.com/uc?id=1CMNFm5W7GAxZARdaBzzfiK3DAXHVO5CG,10.0,,,.mp4,bb_1_191105_two-wheeled-vehicle_144_065.mp4,15.0,150,b5fec2358c330ccc|29d63568e738cb2c|8b5ba8e425e03fe2|db5ba8ec25e02fa0|db5ba8ec25e02fa0,1080,aihub_source_suffix:144_065,,video,차대이륜차_차도와차도가아닌장소,,,storage/vision/staging/per_label_300/raw/car_vs_motorcycle/aihub_train_00002621.mp4,True,,classification_frame_extraction,full_candidate,a1fbb864697444b3d02cc0dcffa9d3bf9480ffd6f1ab23341fdae2d47ad30186,Ai_Hub/Train,Ai_Hub/Train/TS_차대이륜차_영상_차도와차도가아닌장소/bb_1_191105_two-wheeled-vehicle_144_065.mp4,,train,,,,,,1920
aihub_train_00003342,TS_차대자전거_영상_직선도로,car_vs_bicycle,Ai_Hub,https://drive.google.com/uc?id=1xVh1tpwRb2_vGXhJk0Dyn_Ytc8e8mEF-,10.0,,,.mp4,bb_1_210411_bike_216_22349.mp4,15.0,150,93d31721acac4b7a|030751a293cbeef6|852ff5eb81023e74|ab3941c5af7e190a|9b526c7872f6f140,926,aihub_source_suffix:216_22349,,video,차대자전거_직선도로,,,storage/vision/staging/per_label_300/raw/car_vs_bicycle/aihub_train_00003342.mp4,True,,classification_frame_extraction,full_candidate,6431d639b1ba85f956b6de165fcbf88095a9dd6d45fa73eb29a3fecf04d1b915,Ai_Hub/Train,Ai_Hub/Train/TS_차대자전거_영상_직선도로/bb_1_210411_bike_216_22349.mp4,,val,,,,,,1920
aihub_train_00000658,TS_차대보행자_영상_횡단보도없음,car_vs_pedestrian,Ai_Hub,https://drive.google.com/uc?id=16dg7fZySzLgAr71Q7g4iV-5iRiUmu-p3,10.0,,,.mp4,bb_1_220131_pedestrian_257_20031.mp4,15.0,150,8988653ef52666f2|25247d98d83acece|a3367dc8c83ef2c0|a3327dccce3ec4c0|31b6cf4cc9226ecc,1080,aihub_source_suffix:257_20031,,video,차대보행자_횡단보도없음,,,storage/vision/staging/per_label_300/raw/car_vs_pedestrian/aihub_train_00000658.mp4,True,,classification_frame_extraction,full_candidate,cac51fced430927fe5a403eaf10baf41033952a5bc7febd18a123cd9363f09a1,Ai_Hub/Train,Ai_Hub/Train/TS_차대보행자_영상_횡단보도없음/bb_1_220131_pedestrian_257_20031.mp4,,train,,,,,,1920
aihub_train_00001492,TS_차대이륜차_영상_사거리교차로(신호등있음),car_vs_motorcycle,Ai_Hub,https://drive.google.com/uc?id=1A-UX-VaImlIQs9ycjnXDXngh44unpAWq,10.0,,,.mp4,bb_3_180210_two-wheeled-vehicle_206_22258.mp4,15.0,150,a1a184ce5eda727a|2b62f0f49e1e1c9c|2362e0f4dc9e1e9c|2b6a7cd4d694c694|99b8785e66c666c4,1080,aihub_source_suffix:206_22258,,video,차대이륜차_사거리교차로(신호등있음),,,storage/vision/staging/per_label_300/raw/car_vs_motorcycle/aihub_train_00001492.mp4,True,,classification_frame_extraction,full_candidate,fdd9c29fef1c233616f5007a4662220515da37f5ebb0e6d54c6da40a74546e7b,Ai_Hub/Train,Ai_Hub/Train/TS_차대이륜차_영상_사거리교차로(신호등있음)/bb_3_180210_two-wheeled-vehicle_206_22258.mp4,,train,,,,,,1920
aihub_train_00002613,TS_차대이륜차_영상_차도와차도가아닌장소,car_vs_motorcycle,Ai_Hub,https://drive.google.com/uc?id=1QCR-yuHO4AS7hW6LxlKIOGe9-lJnfle8,10.0,,,.mp4,bb_1_190619_two-wheeled-vehicle_221_42494.mp4,15.0,150,979e3bb1c0006dee|97b437c2c408ddec|89f02f010e3fefd0|91e26f010c3f7fe0|91e26f010c3f7fe0,926,aihub_source_suffix:221_42494,,video,차대이륜차_차도와차도가아닌장소,,,storage/vision/staging/per_label_300/raw/car_vs_motorcycle/aihub_train_00002613.mp4,True,,classification_frame_extraction,full_candidate,3a9838557b6fc79bf0b80fc69d60bc548e22a4202e1c9755dfef6b0eeafbc2f4,Ai_Hub/Train,Ai_Hub/Train/TS_차대이륜차_영상_차도와차도가아닌장소/bb_1_190619_two-wheeled-vehicle_221_42494.mp4,,test,,,,,,1920
aihub_train_00002865,TS_차대자전거_영상_사거리교차로(신호등있음),car_vs_bicycle,Ai_Hub,https://drive.google.com/uc?id=1Ey5KIvipTW__eXSlRNuOEGKbEvgueng2,10.0,,,.mp4,bb_1_180112_bike_191_147.mp4,15.0,150,253598dae326ccce|25258ad2c366dcde|353d8cdad326ccc8|27878f88d9387476|27278f88d93476d2,1080,aihub_source_suffix:191_147,,video,차대자전거_사거리교차로(신호등있음),,,storage/vision/staging/per_label_300/raw/car_vs_bicycle/aihub_train_00002865.mp4,True,,classification_frame_extraction,full_candidate,c5808d2660cd76ecd196353593fbe3d5722f48f573707594e32cbee8e06ef3f7,Ai_Hub/Train,Ai_Hub/Train/TS_차대자전거_영상_사거리교차로(신호등있음)/bb_1_180112_bike_191_147.mp4,,train,,,,,,1920
aihub_train_00001946,TS_차대이륜차_영상_직선도로,car_vs_motorcycle,Ai_Hub,https://drive.google.com/uc?id=1jIiIXETLvYE88H8sOlZiLGxxUk-U78YI,10.0,,,.mp4,bb_1_190516_two-wheeled-vehicle_39_030.mp4,15.0,150,abcba0647fca93a0|b9afe6421838d7c4|b5e32d4c4af5a12a|a9fda54a54d43968|a9fda54c54d42d68,1080,aihub_source_suffix:39_030,,video,차대이륜차_직선도로,,,storage/vision/staging/per_label_300/raw/car_vs_motorcycle/aihub_train_00001946.mp4,True,,classification_frame_extraction,full_candidate,4ff7f9dce32d318c720350cb4b6a5896a046a0e56a8ac5192cf6a8dc2c1beefb,Ai_Hub/Train,Ai_Hub/Train/TS_차대이륜차_영상_직선도로/bb_1_190516_two-wheeled-vehicle_39_030.mp4,,train,,,,,,1920
aihub_train_00001241,TS_차대이륜차_영상_사거리교차로(신호등있음),car_vs_motorcycle,Ai_Hub,https://drive.google.com/uc?id=1eo6G2sxSgmUhyMd9BqXGEpqO8Ufe97MD,10.0,,,.mp4,bb_1_171119_two-wheeled-vehicle_191_160.mp4,15.0,150,2b684476b12cabee|2bb2d5436b4c95d4|f33252456dd4866e|4ddc9c342763d354|5dd9b03409cadb56,1080,aihub_source_suffix:191_160,,video,차대이륜차_사거리교차로(신호등있음),,,storage/vision/staging/per_label_300/raw/car_vs_motorcycle/aihub_train_00001241.mp4,True,,classification_frame_extraction,full_candidate,ee0a03db66f51d6a94587410467e4e3e438117b66d87e5cf769411ab0c1a7f68,Ai_Hub/Train,Ai_Hub/Train/TS_차대이륜차_영상_사거리교차로(신호등있음)/bb_1_171119_two-wheeled-vehicle_191_160.mp4,,val,,,,,,1920
aihub_train_00000967,TS_차대이륜차_영상_사거리교차로(신호등없음),car_vs_motorcycle,Ai_Hub,https://drive.google.com/uc?id=16BDpJKa1pqA2ayonJCgNyY_gk0cF3eD_,10.0,,,.mp4,bb_1_170929_two-wheeled-vehicle_48_058.mp4,15.0,150,2b3a9d2c4d96732c|2b2d0d864b9e973c|a1b30f686d3b585a|819a3fe4613f4acc|819e3fe4613f4b48,1080,aihub_source_suffix:48_058,,video,차대이륜차_사거리교차로(신호등없음),,,storage/vision/staging/per_label_300/raw/car_vs_motorcycle/aihub_train_00000967.mp4,True,,classification_frame_extraction,full_candidate,6a2d451dbe3a4f0c8f161d363a589f5568061cead1fa9dc647757f23ffd128fd,Ai_Hub/Train,Ai_Hub/Train/TS_차대이륜차_영상_사거리교차로(신호등없음)/bb_1_170929_two-wheeled-vehicle_48_058.mp4,,train,,,,,,1920
aihub_train_00000140,TS_차대보행자_영상_횡단보도(신호등있음),car_vs_pedestrian,Ai_Hub,https://drive.google.com/uc?id=1Am60JUsCYKjeQ5Eel8cfAnj9u7WRnjUA,10.0,,,.mp4,bb_1_170509_pedestrian_118_004.mp4,15.0,150,2a4a7499046ffe3a|e5d8541f0669b6a6|4a5a649d104efeae|a4da6e8b246e5726|30da6c9f2c6a562e,1080,aihub_source_suffix:118_004,,video,차대보행자_횡단보도(신호등있음),,,storage/vision/staging/per_label_300/raw/car_vs_pedestrian/aihub_train_00000140.mp4,True,,classification_frame_extraction,full_candidate,df7752394bae204d4ef4019e724c1574829f7b9afae64beb706ec430bb3d68f9,Ai_Hub/Train,Ai_Hub/Train/TS_차대보행자_영상_횡단보도(신호등있음)/bb_1_170509_pedestrian_118_004.mp4,,train,,,,,,1920
aihub_train_00001608,TS_차대이륜차_영상_사거리교차로(신호등있음),car_vs_motorcycle,Ai_Hub,https://drive.google.com/uc?id=1kf3w5LLxX9eSVPeOc3DGU-1frdVqbpv3,10.0,,,.mp4,bb_3_220820_two-wheeled-vehicle_196_081.mp4,15.0,150,b5a5eda58d4cc8c2|3157f7ad04ccca8a|39b1ff4748c8c742|39b7af6748cc4342|33b7bf674cc84242,252,aihub_source_suffix:196_081,,video,차대이륜차_사거리교차로(신호등있음),,,storage/vision/staging/per_label_300/raw/car_vs_motorcycle/aihub_train_00001608.mp4,True,,classification_frame_extraction,full_candidate,ccd795d64826fcc616f6028b29ae60681f85253ceadbb6078c7ceefe1f2fc289,Ai_Hub/Train,Ai_Hub/Train/TS_차대이륜차_영상_사거리교차로(신호등있음)/bb_3_220820_two-wheeled-vehicle_196_081.mp4,,test,,,,,,500
aihub_train_00000287,TS_차대보행자_영상_횡단보도(신호등있음)부근,car_vs_pedestrian,Ai_Hub,https://drive.google.com/uc?id=1GblX1ufDEjUxmqVuHjNLvQ6-qwIPS7GG,10.0,,,.mp4,bb_1_161125_pedestrian_117_094.mp4,15.0,150,26d06d1fb253b32c|8e58619f8e5932e6|28d0e76b28df1a66|34daec3da0d31a4e|3cda6675b8d91246,1080,aihub_source_suffix:117_094,,video,차대보행자_횡단보도(신호등있음)부근,,,storage/vision/staging/per_label_300/raw/car_vs_pedestrian/aihub_train_00000287.mp4,True,,classification_frame_extraction,full_candidate,479e67ad580e7076aa8444a10d15df01906ccc933a7136e233e3f78f166681bb,Ai_Hub/Train,Ai_Hub/Train/TS_차대보행자_영상_횡단보도(신호등있음)부근/bb_1_161125_pedestrian_117_094.mp4,,train,,,,,,1920
aihub_train_00000800,TS_차대이륜차_영상_T자형교차로,car_vs_motorcycle,Ai_Hub,https://drive.google.com/uc?id=175x9ahUUl0oJJ2Ql0UL2RSQdX_LUVsvd,10.0,,,.mp4,bb_1_181209_two-wheeled-vehicle_39_029.mp4,15.0,150,2f2707985cba64d6|313595a3cb8b4e1e|4f4dcd94b09b4ec4|4d4d4d94b29b4ecc|4d4d4d94b29b4ecc,1080,aihub_source_suffix:39_029,,video,차대이륜차_T자형교차로,,,storage/vision/staging/per_label_300/raw/car_vs_motorcycle/aihub_train_00000800.mp4,True,,classification_frame_extraction,full_candidate,050e31601f780b52747d314277e753b90d81f2ce138a664e5c9b9e3fd58a19bd,Ai_Hub/Train,Ai_Hub/Train/TS_차대이륜차_영상_T자형교차로/bb_1_181209_two-wheeled-vehicle_39_029.mp4,,val,,,,,,1920
aihub_train_00001031,TS_차대이륜차_영상_사거리교차로(신호등없음),car_vs_motorcycle,Ai_Hub,https://drive.google.com/uc?id=1UKEf3ssGvOx2cvRK4gbgTaoJeYivWP8z,10.0,,,.mp4,bb_1_200219_two-wheeled-vehicle_250_21826.mp4,15.0,150,a3e2c4dc95932a6e|2f2ae8d0971656ec|6b68b494973b4b4a|4b4af4b4b53b4a4a|4b4af4b4b53b4a4a,1080,aihub_source_suffix:250_21826,,video,차대이륜차_사거리교차로(신호등없음),,,storage/vision/staging/per_label_300/raw/car_vs_motorcycle/aihub_train_00001031.mp4,True,,classification_frame_extraction,full_candidate,379422292c00a056699a44febe8654c470f4d2c4ffe1e3997f6c8c119990ebdb,Ai_Hub/Train,Ai_Hub/Train/TS_차대이륜차_영상_사거리교차로(신호등없음)/bb_1_200219_two-wheeled-vehicle_250_21826.mp4,,train,,,,,,1920
aihub_train_00000939,TS_차대이륜차_영상_사거리교차로(신호등없음),car_vs_motorcycle,Ai_Hub,https://drive.google.com/uc?id=1n3-nw40D7P3ijNxpvuyKDIqsauMIIH_S,10.0,,,.mp4,bb_1_160831_two-wheeled-vehicle_119_348.mp4,15.0,150,9b99878663629ae6|939797a66360d8c6|898997c663e33a66|27253d8cc96676ca|252d3918d96e67c6,1080,aihub_source_suffix:119_348,,video,차대이륜차_사거리교차로(신호등없음),,,storage/vision/staging/per_label_300/raw/car_vs_motorcycle/aihub_train_00000939.mp4,True,,classification_frame_extraction,full_candidate,2734cd815c2f5060366aa289cc5b8cc1961e56255b3f09fbbf2e6493c8245fd1,Ai_Hub/Train,Ai_Hub/Train/TS_차대이륜차_영상_사거리교차로(신호등없음)/bb_1_160831_two-wheeled-vehicle_119_348.mp4,,train,,,,,,1920
aihub_train_00002891,TS_차대자전거_영상_사거리교차로(신호등있음),car_vs_bicycle,Ai_Hub,https://drive.google.com/uc?id=1-zUpz9aifOE-u0di2R_9oGXLczsPqn9g,10.0,,,.mp4,bb_1_210625_bike_149_199.mp4,15.0,150,a385e968fb9a0746|a1a5ed6a5b1a1762|b1c3ca6a595895e6|2387ed685a5a9746|2183ef6a599a9746,1080,aihub_source_suffix:149_199,,video,차대자전거_사거리교차로(신호등있음),,,storage/vision/staging/per_label_300/raw/car_vs_bicycle/aihub_train_00002891.mp4,True,,classification_frame_extraction,full_candidate,1c23e1535d4e5fd4a093bb652ec452030eea051a20f3cbc22f159e8cd2ae7ae5,Ai_Hub/Train,Ai_Hub/Train/TS_차대자전거_영상_사거리교차로(신호등있음)/bb_1_210625_bike_149_199.mp4,,train,,,,,,1920
aihub_train_00002212,TS_차대이륜차_영상_직선도로,car_vs_motorcycle,Ai_Hub,https://drive.google.com/uc?id=1nT-k6H77vJAxFiJLPbIQx4dCWcQ-Z_s4,10.0,,,.mp4,bb_1_220521_two-wheeled-vehicle_244_22451.mp4,15.0,150,90e590eb843bce3e|9ccd9ccd34726632|9059a67fe6798838|9e198e798e798670|98dd98cd98e66662,926,aihub_source_suffix:244_22451,,video,차대이륜차_직선도로,,,storage/vision/staging/per_label_300/raw/car_vs_motorcycle/aihub_train_00002212.mp4,True,,classification_frame_extraction,full_candidate,9476622b0b5856abbb4f5c1be61c47dc81e92d2057d102249d01cc8a61babb64,Ai_Hub/Train,Ai_Hub/Train/TS_차대이륜차_영상_직선도로/bb_1_220521_two-wheeled-vehicle_244_22451.mp4,,train,,,,,,1920
aihub_train_00001429,TS_차대이륜차_영상_사거리교차로(신호등있음),car_vs_motorcycle,Ai_Hub,https://drive.google.com/uc?id=1QYUTHcN4OZvBEobTYSZNk-IYBSfjPh8-,10.0,,,.mp4,bb_3_150620_two-wheeled-vehicle_39_003.mp4,15.0,150,8b8af1391a78f0b6|8b8a71391a78f0f6|8b8af1391a78f0b6|8b8af13b9a58e076|8b8af13b9a58e076,1080,aihub_source_suffix:39_003,,video,차대이륜차_사거리교차로(신호등있음),,,storage/vision/staging/per_label_300/raw/car_vs_motorcycle/aihub_train_00001429.mp4,True,,classification_frame_extraction,full_candidate,d20d58a38497e199fa66b6698ab4bbfc56a1acaf7178f538d39860dad067d8bc,Ai_Hub/Train,Ai_Hub/Train/TS_차대이륜차_영상_사거리교차로(신호등있음)/bb_3_150620_two-wheeled-vehicle_39_003.mp4,,train,,,,,,1920
aihub_train_00001711,TS_차대이륜차_영상_직선도로,car_vs_motorcycle,Ai_Hub,https://drive.google.com/uc?id=1QgGzD3FYUng-Q20nmfKkCravxHn6ruwa,10.0,,,.mp4,bb_1_151230_two-wheeled-vehicle_194_030.mp4,15.0,150,8381e4657a3d4ece|898de5653a3f0e46|898d67637a0f4ec2|898d67637a0f4e46|8985676b780f4e66,1080,aihub_source_suffix:194_030,,video,차대이륜차_직선도로,,,storage/vision/staging/per_label_300/raw/car_vs_motorcycle/aihub_train_00001711.mp4,True,,classification_frame_extraction,full_candidate,1288f85c3c08d8d322fcd59117e2bdc397fc50db21c708d646be1bc530868ca9,Ai_Hub/Train,Ai_Hub/Train/TS_차대이륜차_영상_직선도로/bb_1_151230_two-wheeled-vehicle_194_030.mp4,,train,,,,,,1920
aihub_train_00002135,TS_차대이륜차_영상_직선도로,car_vs_motorcycle,Ai_Hub,https://drive.google.com/uc?id=1v8vJ_V-1TAG_qwBiz6oVodmFSv4QpUBP,10.0,,,.mp4,bb_1_210728_two-wheeled-vehicle_249_21645.mp4,15.0,150,816a5eda74b47b30|814a5e5a7cb47b34|a34a9c5a76947f30|a1689ece74f07b82|a36a9c9866b65366,1080,aihub_source_suffix:249_21645,,video,차대이륜차_직선도로,,,storage/vision/staging/per_label_300/raw/car_vs_motorcycle/aihub_train_00002135.mp4,True,,classification_frame_extraction,full_candidate,86e77f4322c01d1a2c8e986caffc99a32989db5ee58672f7935c9bf83a398a2d,Ai_Hub/Train,Ai_Hub/Train/TS_차대이륜차_영상_직선도로/bb_1_210728_two-wheeled-vehicle_249_21645.mp4,,test,,,,,,1920
aihub_train_00001368,TS_차대이륜차_영상_사거리교차로(신호등있음),car_vs_motorcycle,Ai_Hub,https://drive.google.com/uc?id=1PULOhKypx5Nz_zx4FoK0MsISJNIGHDuO,10.0,,,.mp4,bb_1_220603_two-wheeled-vehicle_216_21325.mp4,15.0,150,9f9e62605c6660fc|9182667c7c6476da|9982667e5cd4647c|8b8a7074dc74747c|8b82707c5e98747e,1080,aihub_source_suffix:216_21325,,video,차대이륜차_사거리교차로(신호등있음),,,storage/vision/staging/per_label_300/raw/car_vs_motorcycle/aihub_train_00001368.mp4,True,,classification_frame_extraction,full_candidate,1191b884abc0b13fea1ff4dc8cb8a8456298eb40247477309e36f2eb5c42d8b3,Ai_Hub/Train,Ai_Hub/Train/TS_차대이륜차_영상_사거리교차로(신호등있음)/bb_1_220603_two-wheeled-vehicle_216_21325.mp4,,train,,,,,,1920
aihub_train_00002646,TS_차대이륜차_영상_차도와차도가아닌장소,car_vs_motorcycle,Ai_Hub,https://drive.google.com/uc?id=1_NnYZ8zALmrillwVpRbsUK5aGFIpn85o,10.0,,,.mp4,bb_1_210804_two-wheeled-vehicle_130_236.mp4,15.0,150,276349b0f6d86d92|12eb4d0ceb9c692e|14ccabbaef523464|66db29b4d9348768|52daab9495248f6e,720,aihub_source_suffix:130_236,,video,차대이륜차_차도와차도가아닌장소,,,storage/vision/staging/per_label_300/raw/car_vs_motorcycle/aihub_train_00002646.mp4,True,,classification_frame_extraction,full_candidate,98953ebe564df010a8b472347aed93e3632e5873f96d31e4a4a26bfdf6fee47c,Ai_Hub/Train,Ai_Hub/Train/TS_차대이륜차_영상_차도와차도가아닌장소/bb_1_210804_two-wheeled-vehicle_130_236.mp4,,train,,,,,,1280
aihub_train_00003050,TS_차대자전거_영상_직선도로,car_vs_bicycle,Ai_Hub,https://drive.google.com/uc?id=1v1wfm0_b6xGe8ilIUjijeXeffIxu9Prc,10.0,,,.mp4,bb_1_160427_bike_249_40226.mp4,15.0,150,8b8f9b916031bcd6|2984965bd4663d9e|298b1f3c936a37e0|29992b2cc76f35b0|299b2b2cc56d35f0,926,aihub_source_suffix:249_40226,,video,차대자전거_직선도로,,,storage/vision/staging/per_label_300/raw/car_vs_bicycle/aihub_train_00003050.mp4,True,,classification_frame_extraction,full_candidate,f3a3481d3a2145987b1f8e447cf9a34047fb8ad9c3466310ad8ba55578b8ae69,Ai_Hub/Train,Ai_Hub/Train/TS_차대자전거_영상_직선도로/bb_1_160427_bike_249_40226.mp4,,test,,,,,,1920
aihub_train_00003298,TS_차대자전거_영상_직선도로,car_vs_bicycle,Ai_Hub,https://drive.google.com/uc?id=1d0jrmCDUgnGl0bPwS2Z7sn1unRsdV8rK,10.0,,,.mp4,bb_1_200707_bike_120_204.mp4,15.0,150,999393c2e2f93c4c|9999b3e3e23938e0|999a3ce0e1c13c7e|b9972602d2d8ba3e|b98b2686f2d81e2e,1080,aihub_source_suffix:120_204,,video,차대자전거_직선도로,,,storage/vision/staging/per_label_300/raw/car_vs_bicycle/aihub_train_00003298.mp4,True,,classification_frame_extraction,full_candidate,c78d3741835d0b74233cfff0204a313ab66c6acfb928611e2ed6fe0e942066bd,Ai_Hub/Train,Ai_Hub/Train/TS_차대자전거_영상_직선도로/bb_1_200707_bike_120_204.mp4,,train,,,,,,1920
aihub_train_00003192,TS_차대자전거_영상_직선도로,car_vs_bicycle,Ai_Hub,https://drive.google.com/uc?id=1KwR_9kddnqQ6I2bHZcXln3rkd2Z591mR,10.0,,,.mp4,bb_1_180625_bike_117_080.mp4,15.0,150,999af36a1711707c|8dac7e72d181a6f0|999932743d98771a|9999337a17947d14|9999327e179c7d10,1080,aihub_source_suffix:117_080,,video,차대자전거_직선도로,,,storage/vision/staging/per_label_300/raw/car_vs_bicycle/aihub_train_00003192.mp4,True,,classification_frame_extraction,full_candidate,e13a1da6c43a8c9fe6ebcd16263d37e7767725b44b26546181a73a8ae3a31e56,Ai_Hub/Train,Ai_Hub/Train/TS_차대자전거_영상_직선도로/bb_1_180625_bike_117_080.mp4,,test,,,,,,1920
aihub_train_00001519,TS_차대이륜차_영상_사거리교차로(신호등있음),car_vs_motorcycle,Ai_Hub,https://drive.google.com/uc?id=1bnWanZY08oLlp8fB5s9UeOGGDNxGhy0d,10.0,,,.mp4,bb_3_190713_two-wheeled-vehicle_222_20901.mp4,15.0,150,a1a04a4edcb4f6dc|a1a04a4cdcb6f6dc|a1a0485edeb4f6cc|a1a24a5edc36f6d0|a1a24a5edc36f6c4,1080,aihub_source_suffix:222_20901,,video,차대이륜차_사거리교차로(신호등있음),,,storage/vision/staging/per_label_300/raw/car_vs_motorcycle/aihub_train_00001519.mp4,True,,classification_frame_extraction,full_candidate,406f155c1de1f66b22ff23edc6833e41244ff154b6fbf698712ded9d7b048ef4,Ai_Hub/Train,Ai_Hub/Train/TS_차대이륜차_영상_사거리교차로(신호등있음)/bb_3_190713_two-wheeled-vehicle_222_20901.mp4,,train,,,,,,1920
aihub_train_00002033,TS_차대이륜차_영상_직선도로,car_vs_motorcycle,Ai_Hub,https://drive.google.com/uc?id=11FTXmQ2FsdYad-6ascCD9AoJW3KjwRmr,10.0,,,.mp4,bb_1_200708_two-wheeled-vehicle_220_21704.mp4,15.0,150,9193e06c6e7e1c66|9393e66c6c7c4c64|9181e46c7e5a5ace|9181e47c7e5a5aca|9381e4747e5a5aca,1080,aihub_source_suffix:220_21704,,video,차대이륜차_직선도로,,,storage/vision/staging/per_label_300/raw/car_vs_motorcycle/aihub_train_00002033.mp4,True,,classification_frame_extraction,full_candidate,8fe8804f66629fe3b0cc584e124e18c185df54ac93dc76dd17837ee04e72cf7e,Ai_Hub/Train,Ai_Hub/Train/TS_차대이륜차_영상_직선도로/bb_1_200708_two-wheeled-vehicle_220_21704.mp4,,train,,,,,,1920
aihub_train_00000615,TS_차대보행자_영상_횡단보도없음,car_vs_pedestrian,Ai_Hub,https://drive.google.com/uc?id=1he0ZBSYa-mKfusHeFO3NmbRL9_iVzOT9,10.0,,,.mp4,bb_1_210418_pedestrian_312_105.mp4,15.0,150,2161775edeaaa704|3371794ac6b6b710|3371796ec29ab324|317179eac6b2b132|3171796ac6b2b13a,1080,aihub_source_suffix:312_105,,video,차대보행자_횡단보도없음,,,storage/vision/staging/per_label_300/raw/car_vs_pedestrian/aihub_train_00000615.mp4,True,,classification_frame_extraction,full_candidate,4d55d8b87bf11a88653f84337d464b4322772ce048c7efb5746a2aee87218edb,Ai_Hub/Train,Ai_Hub/Train/TS_차대보행자_영상_횡단보도없음/bb_1_210418_pedestrian_312_105.mp4,,train,,,,,,1920
aihub_train_00002969,TS_차대자전거_영상_직선도로,car_vs_bicycle,Ai_Hub,https://drive.google.com/uc?id=1ECD8MTFvZ2tL9tw40MDvmmccQp0gajMK,10.0,,,.mp4,bb_1_130624_bike_131_149.mp4,15.0,150,8b0b276c7d397b02|9187a7663c787d18|9785272e7c3c7918|8785272e7c3c7938|8387276c7c3d79a0,1080,aihub_source_suffix:131_149,,video,차대자전거_직선도로,,,storage/vision/staging/per_label_300/raw/car_vs_bicycle/aihub_train_00002969.mp4,True,,classification_frame_extraction,full_candidate,541a7b3a360fdcec822b8b4899d2a0cb013010e66c25a152e701e2817c72f7b8,Ai_Hub/Train,Ai_Hub/Train/TS_차대자전거_영상_직선도로/bb_1_130624_bike_131_149.mp4,,train,,,,,,1920
aihub_train_00000199,TS_차대보행자_영상_횡단보도(신호등있음),car_vs_pedestrian,Ai_Hub,https://drive.google.com/uc?id=1-QR3Wt8mFQS072qkLPaljtmFQA34VCWZ,10.0,,,.mp4,bb_1_210209_pedestrian_125_137.mp4,15.0,150,a7266cd8f81da3c2|3e7f65fd35806018|2c62729dde632978|d75e71982f0ee01c|175e7d3a268e328c,1080,aihub_source_suffix:125_137,,video,차대보행자_횡단보도(신호등있음),,,storage/vision/staging/per_label_300/raw/car_vs_pedestrian/aihub_train_00000199.mp4,True,,classification_frame_extraction,full_candidate,1ae35e27063a913f76d2634bd6aef81ea1b4a9199368738b38c171ed5117490d,Ai_Hub/Train,Ai_Hub/Train/TS_차대보행자_영상_횡단보도(신호등있음)/bb_1_210209_pedestrian_125_137.mp4,,train,,,,,,1920
aihub_train_00000248,TS_차대보행자_영상_횡단보도(신호등있음),car_vs_pedestrian,Ai_Hub,https://drive.google.com/uc?id=1QNHM9aKoyQEsnTj_eAZI_73gz6CeHOOV,10.0,,,.mp4,bb_3_190416_pedestrian_192_134.mp4,15.0,150,3d2465259c76d2da|3d2465259c76d2da|2d2465358de2d27e|3d2465259c76d2da|3d2465259c76d2da,1080,aihub_source_suffix:192_134,,video,차대보행자_횡단보도(신호등있음),,,storage/vision/staging/per_label_300/raw/car_vs_pedestrian/aihub_train_00000248.mp4,True,,classification_frame_extraction,full_candidate,03406d424b7d76766a629005834a8ba9f51bb0d33cc5435b8776bee3ba02eadd,Ai_Hub/Train,Ai_Hub/Train/TS_차대보행자_영상_횡단보도(신호등있음)/bb_3_190416_pedestrian_192_134.mp4,,test,,,,,,1920
aihub_train_00003266,TS_차대자전거_영상_직선도로,car_vs_bicycle,Ai_Hub,https://drive.google.com/uc?id=1RQHk9ER54EoR9P6WvLSZqOYlSwoM_WV2,10.0,,,.mp4,bb_1_191107_bike_125_218.mp4,15.0,150,8a7796cfb0472c52|df79febeb08c0004|0a63c694f38e68ee|3367a4b527372564|24d6882fb2dfa85a,1080,aihub_source_suffix:125_218,,video,차대자전거_직선도로,,,storage/vision/staging/per_label_300/raw/car_vs_bicycle/aihub_train_00003266.mp4,True,,classification_frame_extraction,full_candidate,87dcc2be50c2ae44e27848532ec030e6447e3c38dde1b8f4bfdcecbeb64b7250,Ai_Hub/Train,Ai_Hub/Train/TS_차대자전거_영상_직선도로/bb_1_191107_bike_125_218.mp4,,train,,,,,,1920
aihub_train_00000412,TS_차대보행자_영상_횡단보도없음,car_vs_pedestrian,Ai_Hub,https://drive.google.com/uc?id=1EeqP2bIF-DRURrfih5I972gtHsuWwMPM,10.0,,,.mp4,bb_1_160421_pedestrian_118_009.mp4,15.0,150,85dc3c1167d67e24|99da7198bd993838|919a3998bd9d3938|919a3998bd9d383a|999a3918bd9d383a,1080,aihub_source_suffix:118_009,,video,차대보행자_횡단보도없음,,,storage/vision/staging/per_label_300/raw/car_vs_pedestrian/aihub_train_00000412.mp4,True,,classification_frame_extraction,full_candidate,17e4eae58dbd90e76aba7acc038cb0868fa1d0c945b31f8175970722ca869af3,Ai_Hub/Train,Ai_Hub/Train/TS_차대보행자_영상_횡단보도없음/bb_1_160421_pedestrian_118_009.mp4,,val,,,,,,1920
aihub_train_00003001,TS_차대자전거_영상_직선도로,car_vs_bicycle,Ai_Hub,https://drive.google.com/uc?id=109HNRr97YA8UsfFUILb67MVxKOEWxrlL,10.0,,,.mp4,bb_1_150202_bike_252_22185.mp4,15.0,150,82d43e64727279bc|82d43e64727279bc|82d43e747272799c|82923eccdc787ce4|8db63e68647279c8,926,aihub_source_suffix:252_22185,,video,차대자전거_직선도로,,,storage/vision/staging/per_label_300/raw/car_vs_bicycle/aihub_train_00003001.mp4,True,,classification_frame_extraction,full_candidate,0430fa4599c0bfe8a24c2510881ba0a3ebb5652f4a259189d9bf24b7f48ba48d,Ai_Hub/Train,Ai_Hub/Train/TS_차대자전거_영상_직선도로/bb_1_150202_bike_252_22185.mp4,,train,,,,,,1920
aihub_train_00002453,TS_차대이륜차_영상_직선도로,car_vs_motorcycle,Ai_Hub,https://drive.google.com/uc?id=1GM0j4ARQIEazilhYKXU_VTUQAQXGgXmz,10.0,,,.mp4,bb_3_200510_two-wheeled-vehicle_249_21956.mp4,15.0,150,3b2b8ccf5332e530|33a5cdcb6330693a|3b29cccf8786cd0a|39394e4b23b6cd4a|39394e4b23b6cd4a,926,aihub_source_suffix:249_21956,,video,차대이륜차_직선도로,,,storage/vision/staging/per_label_300/raw/car_vs_motorcycle/aihub_train_00002453.mp4,True,,classification_frame_extraction,full_candidate,d0931ccfbb0eb77a14f7ec8dd08fbdd08b53971d512a582bd9bc87faa2fb9ac8,Ai_Hub/Train,Ai_Hub/Train/TS_차대이륜차_영상_직선도로/bb_3_200510_two-wheeled-vehicle_249_21956.mp4,,train,,,,,,1920
aihub_train_00001384,TS_차대이륜차_영상_사거리교차로(신호등있음),car_vs_motorcycle,Ai_Hub,https://drive.google.com/uc?id=1waaUoxrIfC_5PvOLfFrYoVxK2zLCFude,10.0,,,.mp4,bb_3_100724_two-wheeled-vehicle_21_016.mp4,15.0,150,2928cb86fc7d538a|a1286d8ed6727b2c|2928db86cc7a7b8c|2b28c18e4e7b3de8|2928d586ce733f8c,1080,aihub_source_suffix:21_016,,video,차대이륜차_사거리교차로(신호등있음),,,storage/vision/staging/per_label_300/raw/car_vs_motorcycle/aihub_train_00001384.mp4,True,,classification_frame_extraction,full_candidate,a97e27411afd73ad52f68d738008215ccbc09852b30b67ecef076f1c09cd1e23,Ai_Hub/Train,Ai_Hub/Train/TS_차대이륜차_영상_사거리교차로(신호등있음)/bb_3_100724_two-wheeled-vehicle_21_016.mp4,,train,,,,,,1920
aihub_train_00000420,TS_차대보행자_영상_횡단보도없음,car_vs_pedestrian,Ai_Hub,https://drive.google.com/uc?id=1D1bR59n9ze3dzXt5SETcbwmv-zAMbWQB,10.0,,,.mp4,bb_1_160820_pedestrian_147_115.mp4,15.0,150,891d8b2e6723cb3a|891d8b4e6f22db32|2a6f692875867c36|82c78d1c7926dd3a|82c78d1c7926dd3a,1080,aihub_source_suffix:147_115,,video,차대보행자_횡단보도없음,,,storage/vision/staging/per_label_300/raw/car_vs_pedestrian/aihub_train_00000420.mp4,True,,classification_frame_extraction,full_candidate,3d2f21994e141ed627651451c33745c683a4be3c4fa33faa621149b3ec2e6e53,Ai_Hub/Train,Ai_Hub/Train/TS_차대보행자_영상_횡단보도없음/bb_1_160820_pedestrian_147_115.mp4,,train,,,,,,1920
aihub_train_00002289,TS_차대이륜차_영상_직선도로,car_vs_motorcycle,Ai_Hub,https://drive.google.com/uc?id=1kF8BjvAO-gOHZ6BLoahjc1hvhCzy3aLq,10.0,,,.mp4,bb_3_140730_two-wheeled-vehicle_190_027.mp4,15.0,150,82c2c7a3a3ab7674|8d9c9d89e9e9e062|8eccc78cad6150fa|80c6c787f1697cd4|82c2c382bd2dfa7a,1080,aihub_source_suffix:190_027,,video,차대이륜차_직선도로,,,storage/vision/staging/per_label_300/raw/car_vs_motorcycle/aihub_train_00002289.mp4,True,,classification_frame_extraction,full_candidate,a2a686e69a1533c71a1519864eee8e28108db6ddaaf3ed525acbcac1c93f61e7,Ai_Hub/Train,Ai_Hub/Train/TS_차대이륜차_영상_직선도로/bb_3_140730_two-wheeled-vehicle_190_027.mp4,,train,,,,,,1920
aihub_train_00000249,TS_차대보행자_영상_횡단보도(신호등있음),car_vs_pedestrian,Ai_Hub,https://drive.google.com/uc?id=1uXPxHNfgj3DLwK2yrtp1CtcR1s29RWWp,10.0,,,.mp4,bb_3_190629_pedestrian_112_230.mp4,15.0,150,3f3d28484393fc6c|3f3d284043b3fc66|3f3d284043b3fc66|3f3d284043b3fc66|3f3d28484393fc66,1080,aihub_source_suffix:112_230,,video,차대보행자_횡단보도(신호등있음),,,storage/vision/staging/per_label_300/raw/car_vs_pedestrian/aihub_train_00000249.mp4,True,,classification_frame_extraction,full_candidate,4ea4e4e6d37b25cb5bee51b48533be3a03f46eafe8ea30e2ff8d0c6dbfa0de45,Ai_Hub/Train,Ai_Hub/Train/TS_차대보행자_영상_횡단보도(신호등있음)/bb_3_190629_pedestrian_112_230.mp4,,train,,,,,,1920
aihub_train_00000125,TS_차대보행자_영상_횡단보도(신호등없음)부근,car_vs_pedestrian,Ai_Hub,https://drive.google.com/uc?id=1tPgrsj6uwe5nGLrPGKXFebwKr_XrkduB,10.0,,,.mp4,bb_3_200713_pedestrian_193_031.mp4,15.0,150,43c387859599db6a|4b4383859599dbea|4b4383a59599cbea|45c783839199cfea|458383ab89999fe6,1080,aihub_source_suffix:193_031,,video,차대보행자_횡단보도(신호등없음)부근,,,storage/vision/staging/per_label_300/raw/car_vs_pedestrian/aihub_train_00000125.mp4,True,,classification_frame_extraction,full_candidate,709aa63708c9c3b874a9fd54ea95c9ca2a0229c2cbec860c1e476e6210d3b33d,Ai_Hub/Train,Ai_Hub/Train/TS_차대보행자_영상_횡단보도(신호등없음)부근/bb_3_200713_pedestrian_193_031.mp4,,train,,,,,,1920
aihub_train_00001415,TS_차대이륜차_영상_사거리교차로(신호등있음),car_vs_motorcycle,Ai_Hub,https://drive.google.com/uc?id=1UyILeAQxk5TNv3E84e1Yq34dWcWw_wX-,10.0,,,.mp4,bb_3_140918_two-wheeled-vehicle_218_22409.mp4,15.0,150,8929626658dad6f6|8929666658dad6f4|8929626658dad6f6|8929666658dad6b6|8929626658dad6f6,1080,aihub_source_suffix:218_22409,,video,차대이륜차_사거리교차로(신호등있음),,,storage/vision/staging/per_label_300/raw/car_vs_motorcycle/aihub_train_00001415.mp4,True,,classification_frame_extraction,full_candidate,750e6f08fe75e2d9e690fa649cf5f264302ad5e350167ff174ac0dc9ee86740b,Ai_Hub/Train,Ai_Hub/Train/TS_차대이륜차_영상_사거리교차로(신호등있음)/bb_3_140918_two-wheeled-vehicle_218_22409.mp4,,train,,,,,,1920
aihub_train_00001684,TS_차대이륜차_영상_직선도로,car_vs_motorcycle,Ai_Hub,https://drive.google.com/uc?id=1Ea6HuYoXoSVIaCEUBO7Z-kr5L1GTPOxg,10.0,,,.mp4,bb_1_150515_two-wheeled-vehicle_194_036.mp4,15.0,150,2b2acc9d336e6c32|2b28e0c2b38d6f6e|838a3835b3dacdac|8b8a3835b3cacd8e|8b8a3835b3cacd8e,1080,aihub_source_suffix:194_036,,video,차대이륜차_직선도로,,,storage/vision/staging/per_label_300/raw/car_vs_motorcycle/aihub_train_00001684.mp4,True,,classification_frame_extraction,full_candidate,96c1cdf3d3cfbc0f3653ea2f821e23057262c3c7d1144105a2c541800b8fa4bd,Ai_Hub/Train,Ai_Hub/Train/TS_차대이륜차_영상_직선도로/bb_1_150515_two-wheeled-vehicle_194_036.mp4,,train,,,,,,1920
aihub_train_00002099,TS_차대이륜차_영상_직선도로,car_vs_motorcycle,Ai_Hub,https://drive.google.com/uc?id=1aL5mHLR_YoQygBm8CuhWpOzaYNLnm3XS,10.0,,,.mp4,bb_1_210216_two-wheeled-vehicle_221_41119.mp4,15.0,150,99998d878787b3c4|99998f06c7332dc6|87878771393f02f8|83c7e1b09d6e92e8|83c7e1381d6e1aec,926,aihub_source_suffix:221_41119,,video,차대이륜차_직선도로,,,storage/vision/staging/per_label_300/raw/car_vs_motorcycle/aihub_train_00002099.mp4,True,,classification_frame_extraction,full_candidate,4526b027778d7f30c616a780a75ae57812500b3a76c39e60f01452060fae2254,Ai_Hub/Train,Ai_Hub/Train/TS_차대이륜차_영상_직선도로/bb_1_210216_two-wheeled-vehicle_221_41119.mp4,,train,,,,,,1920
aihub_train_00003032,TS_차대자전거_영상_직선도로,car_vs_bicycle,Ai_Hub,https://drive.google.com/uc?id=17yQJVG9yToYbk_qrKc0W1eK9nRU4GFAv,10.0,,,.mp4,bb_1_151005_bike_208_21796.mp4,15.0,150,a9a8d39eda5ac0f0|2b0e469cf072cef4|a3a26b18d85c7cf4|0988d72ef2e0cc7e|0908d72662fcccfe,1080,aihub_source_suffix:208_21796,,video,차대자전거_직선도로,,,storage/vision/staging/per_label_300/raw/car_vs_bicycle/aihub_train_00003032.mp4,True,,classification_frame_extraction,full_candidate,d41d787cadf3215dfe2df20a4c04a8c01c7a7644202b650846b9417fb3f94053,Ai_Hub/Train,Ai_Hub/Train/TS_차대자전거_영상_직선도로/bb_1_151005_bike_208_21796.mp4,,train,,,,,,1920
aihub_train_00001159,TS_차대이륜차_영상_사거리교차로(신호등있음),car_vs_motorcycle,Ai_Hub,https://drive.google.com/uc?id=1L9xQP8xR9-m529qajS68Qg47VsTB8Lrg,10.0,,,.mp4,bb_1_120506_two-wheeled-vehicle_48_055.mp4,15.0,150,95a59585167dc63c|87907d473c3dc730|133065c7f9734738|1b3077c7d9590738|1b3067c7d9594738,1080,aihub_source_suffix:48_055,,video,차대이륜차_사거리교차로(신호등있음),,,storage/vision/staging/per_label_300/raw/car_vs_motorcycle/aihub_train_00001159.mp4,True,,classification_frame_extraction,full_candidate,0a94800cb4457fd4b97132bc102bc18b1d5afdb1b9a012ef4e7668177e1e87e4,Ai_Hub/Train,Ai_Hub/Train/TS_차대이륜차_영상_사거리교차로(신호등있음)/bb_1_120506_two-wheeled-vehicle_48_055.mp4,,train,,,,,,1920
aihub_train_00001272,TS_차대이륜차_영상_사거리교차로(신호등있음),car_vs_motorcycle,Ai_Hub,https://drive.google.com/uc?id=1lIaKnKW_-I6GxrKYN7d8PzoZ6riFngkw,10.0,,,.mp4,bb_1_200123_two-wheeled-vehicle_220_24213.mp4,15.0,150,2f3fd3c0c4e52a1a|2d3f9bd0e1e5c182|0b0f14943a7afbe8|19192d2c3e7ef0f0|191d2d283e7ef0f0,926,aihub_source_suffix:220_24213,,video,차대이륜차_사거리교차로(신호등있음),,,storage/vision/staging/per_label_300/raw/car_vs_motorcycle/aihub_train_00001272.mp4,True,,classification_frame_extraction,full_candidate,2b992d0062a1451ef51d481e9076d1725f8eeebf16ac251963e64b986b0d1a15,Ai_Hub/Train,Ai_Hub/Train/TS_차대이륜차_영상_사거리교차로(신호등있음)/bb_1_200123_two-wheeled-vehicle_220_24213.mp4,,train,,,,,,1920
aihub_train_00002916,TS_차대자전거_영상_사거리교차로(신호등있음),car_vs_bicycle,Ai_Hub,https://drive.google.com/uc?id=1a0izCckBxFa6zL8MD3g-oFmhfyFGMb9X,10.0,,,.mp4,bb_3_170907_bike_123_211.mp4,15.0,150,0862f79cd6e79928|2866dd94d6e71968|0c62f996d6f3192c|0c62f99696f31d2c|0c62f19e96e39d2c,1080,aihub_source_suffix:123_211,,video,차대자전거_사거리교차로(신호등있음),,,storage/vision/staging/per_label_300/raw/car_vs_bicycle/aihub_train_00002916.mp4,True,,classification_frame_extraction,full_candidate,dd83fc5a179fce0fc34eb3dd827acbdfe50e5e3dace197d75d2a5cae12c270a0,Ai_Hub/Train,Ai_Hub/Train/TS_차대자전거_영상_사거리교차로(신호등있음)/bb_3_170907_bike_123_211.mp4,,train,,,,,,1920
aihub_train_00000620,TS_차대보행자_영상_횡단보도없음,car_vs_pedestrian,Ai_Hub,https://drive.google.com/uc?id=1LyP9JZBHRK9k2BvCvC4VYErlZQGgAgkD,10.0,,,.mp4,bb_1_210524_pedestrian_143_117.mp4,15.0,150,999864646666eece|939a4c6d2666c75a|33331d8e664f4e54|31399f0e664e4ace|31391f4e664e4ec6,1080,aihub_source_suffix:143_117,,video,차대보행자_횡단보도없음,,,storage/vision/staging/per_label_300/raw/car_vs_pedestrian/aihub_train_00000620.mp4,True,,classification_frame_extraction,full_candidate,6e9319105e836baf82b8308f8c26a7482b40af9fd75a735c19c9dd5baf24b4d5,Ai_Hub/Train,Ai_Hub/Train/TS_차대보행자_영상_횡단보도없음/bb_1_210524_pedestrian_143_117.mp4,,train,,,,,,1920
aihub_train_00000288,TS_차대보행자_영상_횡단보도(신호등있음)부근,car_vs_pedestrian,Ai_Hub,https://drive.google.com/uc?id=1i92BwU1RBzi-QSeBW9J2n9GsGkPyILci,10.0,,,.mp4,bb_1_161209_pedestrian_223_22458.mp4,15.0,150,9d9c666339991a66|8f8e66727139986c|8185873e5ad9cd8e|8185863e5a9bcd9e|8185863e5ad9cd9e,926,aihub_source_suffix:223_22458,,video,차대보행자_횡단보도(신호등있음)부근,,,storage/vision/staging/per_label_300/raw/car_vs_pedestrian/aihub_train_00000288.mp4,True,,classification_frame_extraction,full_candidate,57bb1125e6b51d5ba942186536168e49897a867bb36369f00dd9a0e2f86402ea,Ai_Hub/Train,Ai_Hub/Train/TS_차대보행자_영상_횡단보도(신호등있음)부근/bb_1_161209_pedestrian_223_22458.mp4,,train,,,,,,1920
aihub_train_00000182,TS_차대보행자_영상_횡단보도(신호등있음),car_vs_pedestrian,Ai_Hub,https://drive.google.com/uc?id=1tHY9TrgmMOqQlDR6nAN19laW6txF1pHW,10.0,,,.mp4,bb_1_200403_pedestrian_233_22430.mp4,15.0,150,36cf9925279a651c|68f6956b48b96714|5452bf2f5cb2ab20|52cebd611aa4e55a|7446a9ff5336ac08,926,aihub_source_suffix:233_22430,,video,차대보행자_횡단보도(신호등있음),,,storage/vision/staging/per_label_300/raw/car_vs_pedestrian/aihub_train_00000182.mp4,True,,classification_frame_extraction,full_candidate,3c897f7c84df86c7d93fad120517c535b88927d4bf8da7212055cdd61e1f1ea2,Ai_Hub/Train,Ai_Hub/Train/TS_차대보행자_영상_횡단보도(신호등있음)/bb_1_200403_pedestrian_233_22430.mp4,,val,,,,,,1920
aihub_train_00001460,TS_차대이륜차_영상_사거리교차로(신호등있음),car_vs_motorcycle,Ai_Hub,https://drive.google.com/uc?id=1kmMuocoGcs0vFHC7WQKnmGboWH0xB68f,10.0,,,.mp4,bb_3_161115_two-wheeled-vehicle_212_21568.mp4,15.0,150,0b0b60f4d4dc5e76|0b0b62f0f4d45e76|0b2bc0e0f0d4de7e|2b2bc0c0d0d6de7e|2b2bc8c0d6d4dc7c,1080,aihub_source_suffix:212_21568,,video,차대이륜차_사거리교차로(신호등있음),,,storage/vision/staging/per_label_300/raw/car_vs_motorcycle/aihub_train_00001460.mp4,True,,classification_frame_extraction,full_candidate,48d8cc270b477251a5930d3db9fc8021fbc106837b96ee2510a5b224b4216f6a,Ai_Hub/Train,Ai_Hub/Train/TS_차대이륜차_영상_사거리교차로(신호등있음)/bb_3_161115_two-wheeled-vehicle_212_21568.mp4,,train,,,,,,1920
aihub_train_00001032,TS_차대이륜차_영상_사거리교차로(신호등없음),car_vs_motorcycle,Ai_Hub,https://drive.google.com/uc?id=1s9t2PSNT1HRuLOiQG2DHUxSKLqJf7OMn,10.0,,,.mp4,bb_1_200308_two-wheeled-vehicle_247_22148.mp4,15.0,150,89889c7666727e78|89985e6666663e74|8386da7874783e3c|83c6da3874783e3c|83c6da3874783cbc,1080,aihub_source_suffix:247_22148,,video,차대이륜차_사거리교차로(신호등없음),,,storage/vision/staging/per_label_300/raw/car_vs_motorcycle/aihub_train_00001032.mp4,True,,classification_frame_extraction,full_candidate,39a631a7823f2cfb2041076ad2ffddca3069507a66809f5e3b1bccc43ce3263d,Ai_Hub/Train,Ai_Hub/Train/TS_차대이륜차_영상_사거리교차로(신호등없음)/bb_1_200308_two-wheeled-vehicle_247_22148.mp4,,test,,,,,,1920
aihub_train_00000906,TS_차대이륜차_영상_T자형교차로,car_vs_motorcycle,Ai_Hub,https://drive.google.com/uc?id=1p7_FnEUaamjMMhEdwb75psP3dzD1Gfnr,10.0,,,.mp4,bb_3_181016_two-wheeled-vehicle_144_061.mp4,15.0,150,5bd151a726a52c5e|53d159a726a52c5e|5bd151a726a52c5e|5bd151a726a52c5e|5bd151a726a52c5e,1080,aihub_source_suffix:144_061,,video,차대이륜차_T자형교차로,,,storage/vision/staging/per_label_300/raw/car_vs_motorcycle/aihub_train_00000906.mp4,True,,classification_frame_extraction,full_candidate,26a56779e1d33eb455c6ffa751f17b657c73b2a9f8f3ede5e9935d63959bc505,Ai_Hub/Train,Ai_Hub/Train/TS_차대이륜차_영상_T자형교차로/bb_3_181016_two-wheeled-vehicle_144_061.mp4,,train,,,,,,1920
aihub_train_00001079,TS_차대이륜차_영상_사거리교차로(신호등없음),car_vs_motorcycle,Ai_Hub,https://drive.google.com/uc?id=1g7ScI7Rvtuy0FRhmmBNCU5I_S_JaE2lU,10.0,,,.mp4,bb_1_210901_two-wheeled-vehicle_204_20819.mp4,15.0,150,23f0cd2c7cc6971c|086ce1861ef6f6d8|090ed3d27674ed0e|813c3de06fc61cda|c380f51a2ed46e3e,1080,aihub_source_suffix:204_20819,,video,차대이륜차_사거리교차로(신호등없음),,,storage/vision/staging/per_label_300/raw/car_vs_motorcycle/aihub_train_00001079.mp4,True,,classification_frame_extraction,full_candidate,3f1a51191f31972adf479ff76fab705c2ed146b3cf779f087066c24e628a8346,Ai_Hub/Train,Ai_Hub/Train/TS_차대이륜차_영상_사거리교차로(신호등없음)/bb_1_210901_two-wheeled-vehicle_204_20819.mp4,,train,,,,,,1920
aihub_train_00001708,TS_차대이륜차_영상_직선도로,car_vs_motorcycle,Ai_Hub,https://drive.google.com/uc?id=1FjJakB4qsv4HbucOHNQ7EA3k40dEm_bI,10.0,,,.mp4,bb_1_151123_two-wheeled-vehicle_194_029.mp4,15.0,150,903fa01ec6cfda46|24cad336e933b6c8|2ccad60d6932d6ce|24cad64d6932d6da|24ca964fe936d4c6,1080,aihub_source_suffix:194_029,,video,차대이륜차_직선도로,,,storage/vision/staging/per_label_300/raw/car_vs_motorcycle/aihub_train_00001708.mp4,True,,classification_frame_extraction,full_candidate,25b67188d2d0bd5efb4b9b14cd3329d8a0ead4798397b80126117ce0045780a2,Ai_Hub/Train,Ai_Hub/Train/TS_차대이륜차_영상_직선도로/bb_1_151123_two-wheeled-vehicle_194_029.mp4,,train,,,,,,1920
aihub_train_00001896,TS_차대이륜차_영상_직선도로,car_vs_motorcycle,Ai_Hub,https://drive.google.com/uc?id=1alhk-rsqTVRQWLU7h9HaTzL1sm4_fPtZ,10.0,,,.mp4,bb_1_181117_two-wheeled-vehicle_126_193.mp4,15.0,150,8b8380e1b9a67edc|8b8380e1f98e7cdc|0b8180e199c67ffe|038180f1b9c67fde|098180f1b9c67fde,1080,aihub_source_suffix:126_193,,video,차대이륜차_직선도로,,,storage/vision/staging/per_label_300/raw/car_vs_motorcycle/aihub_train_00001896.mp4,True,,classification_frame_extraction,full_candidate,c9491ab1d93b6877c5211c3d87aae8268f97887c804adcc1a2a37b911efd3e84,Ai_Hub/Train,Ai_Hub/Train/TS_차대이륜차_영상_직선도로/bb_1_181117_two-wheeled-vehicle_126_193.mp4,,val,,,,,,1920
aihub_train_00003364,TS_차대자전거_영상_직선도로,car_vs_bicycle,Ai_Hub,https://drive.google.com/uc?id=1GnTsm892Jj6JKJ7e9_UFqEInuHmjGOnO,10.0,,,.mp4,bb_1_210624_bike_195_208.mp4,15.0,150,286afb9ad8748674|0858c74afeacc2f6|bebefd0ad62a40c0|a0fcdf22d20e42f6|aafe5b82c63c0ce4,1080,aihub_source_suffix:195_208,,video,차대자전거_직선도로,,,storage/vision/staging/per_label_300/raw/car_vs_bicycle/aihub_train_00003364.mp4,True,,classification_frame_extraction,full_candidate,0497036433f7c19d5237afd5b33bcc358789e4c586db11dd21751401d1575757,Ai_Hub/Train,Ai_Hub/Train/TS_차대자전거_영상_직선도로/bb_1_210624_bike_195_208.mp4,,test,,,,,,1920
aihub_train_00003182,TS_차대자전거_영상_직선도로,car_vs_bicycle,Ai_Hub,https://drive.google.com/uc?id=1LyJ5xkOL9SBkbQ3n4C1-lLSby16TPaHd,10.0,,,.mp4,bb_1_180420_bike_244_22257.mp4,15.0,150,3b396cc6938b6ca4|3b2944c69ba1e4f6|1f3f62e095957268|0f2f30f0c75b386c|0f2f38f0c71b386c,926,aihub_source_suffix:244_22257,,video,차대자전거_직선도로,,,storage/vision/staging/per_label_300/raw/car_vs_bicycle/aihub_train_00003182.mp4,True,,classification_frame_extraction,full_candidate,70204a78e7d29e9549a0c4773112dd2004d0b33ec47f6db80a200d4545fbf0b1,Ai_Hub/Train,Ai_Hub/Train/TS_차대자전거_영상_직선도로/bb_1_180420_bike_244_22257.mp4,,val,,,,,,1920
aihub_train_00001400,TS_차대이륜차_영상_사거리교차로(신호등있음),car_vs_motorcycle,Ai_Hub,https://drive.google.com/uc?id=1FotOoo3ZeTJGScTQaQ3EreuCsIZdHKTF,10.0,,,.mp4,bb_3_130831_two-wheeled-vehicle_127_025.mp4,15.0,150,9ece653932c66c38|86cced3ab2d46d28|a2ce4d32f2c4733a|b2ce4d32f2c4332e|b2ce4d32f2c6332a,1080,aihub_source_suffix:127_025,,video,차대이륜차_사거리교차로(신호등있음),,,storage/vision/staging/per_label_300/raw/car_vs_motorcycle/aihub_train_00001400.mp4,True,,classification_frame_extraction,full_candidate,d14edbda3875d17becf130c65e7626ddbdc44dfbe3171349bc068fb729a51bf8,Ai_Hub/Train,Ai_Hub/Train/TS_차대이륜차_영상_사거리교차로(신호등있음)/bb_3_130831_two-wheeled-vehicle_127_025.mp4,,val,,,,,,1920
aihub_train_00002065,TS_차대이륜차_영상_직선도로,car_vs_motorcycle,Ai_Hub,https://drive.google.com/uc?id=1DlNSE0WWCoqLpo2WNo-eHvexqygKQShC,10.0,,,.mp4,bb_1_201012_two-wheeled-vehicle_116_199.mp4,15.0,150,0387e4f4f52f2686|0307e4f4f73f0f02|0715e6f6b8670762|0705ecf6f8770742|0505e4fefa670762,1080,aihub_source_suffix:116_199,,video,차대이륜차_직선도로,,,storage/vision/staging/per_label_300/raw/car_vs_motorcycle/aihub_train_00002065.mp4,True,,classification_frame_extraction,full_candidate,c741265fd6ea70a85ee64bf708dea222ac9cf82e026443e47f93b56bc8a58f43,Ai_Hub/Train,Ai_Hub/Train/TS_차대이륜차_영상_직선도로/bb_1_201012_two-wheeled-vehicle_116_199.mp4,,test,,,,,,1920
aihub_train_00003100,TS_차대자전거_영상_직선도로,car_vs_bicycle,Ai_Hub,https://drive.google.com/uc?id=1h8JRB2NJvbKnOkavCOTlBasngIgPIIhc,10.0,,,.mp4,bb_1_170318_bike_44_009.mp4,15.0,150,1a7a6b4b4475dd0c|1a5a97995a7e948c|185a2b8b5b73de84|185a2b8b5f558eaa|185a2b8b5f541faa,1080,aihub_source_suffix:44_009,,video,차대자전거_직선도로,,,storage/vision/staging/per_label_300/raw/car_vs_bicycle/aihub_train_00003100.mp4,True,,classification_frame_extraction,full_candidate,7d7150c979752a1cb5fe88aeada0310646446728ef84d8633c770dd6987b4bda,Ai_Hub/Train,Ai_Hub/Train/TS_차대자전거_영상_직선도로/bb_1_170318_bike_44_009.mp4,,train,,,,,,1920
aihub_train_00001829,TS_차대이륜차_영상_직선도로,car_vs_motorcycle,Ai_Hub,https://drive.google.com/uc?id=1_RZmaFM_VYWx_sKpXPWfus6xw3a1Foyj,10.0,,,.mp4,bb_1_180118_two-wheeled-vehicle_191_129.mp4,15.0,150,327725252627bcdc|32d32c7f8a71a0dc|36f2677cc906718c|32b26f1cc926daac|32b2675ccb26da2c,1080,aihub_source_suffix:191_129,,video,차대이륜차_직선도로,,,storage/vision/staging/per_label_300/raw/car_vs_motorcycle/aihub_train_00001829.mp4,True,,classification_frame_extraction,full_candidate,2872c5b62cff4c8c0475395ac8887523126b7caf92ea337ed479add81c5e2ee0,Ai_Hub/Train,Ai_Hub/Train/TS_차대이륜차_영상_직선도로/bb_1_180118_two-wheeled-vehicle_191_129.mp4,,train,,,,,,1920
aihub_train_00001852,TS_차대이륜차_영상_직선도로,car_vs_motorcycle,Ai_Hub,https://drive.google.com/uc?id=137oMFiSTw983Fi6Z9baKBG1kBTX2keBA,10.0,,,.mp4,bb_1_180425_two-wheeled-vehicle_259_21943.mp4,15.0,150,8b8980d1ae7f3c4e|8b8180f1be7e3c4e|818380f9966fbe4e|838180f18a7f7e5e|818180f18e7f7e5e,926,aihub_source_suffix:259_21943,,video,차대이륜차_직선도로,,,storage/vision/staging/per_label_300/raw/car_vs_motorcycle/aihub_train_00001852.mp4,True,,classification_frame_extraction,full_candidate,813d89a84d8471ede08ada7a5048e54c1bce7485ea260b5d6285e312395444f9,Ai_Hub/Train,Ai_Hub/Train/TS_차대이륜차_영상_직선도로/bb_1_180425_two-wheeled-vehicle_259_21943.mp4,,val,,,,,,1920
aihub_train_00000866,TS_차대이륜차_영상_T자형교차로,car_vs_motorcycle,Ai_Hub,https://drive.google.com/uc?id=174ws5mrni3jsqWMYS_yNvcdzLe25QXs5,10.0,,,.mp4,bb_1_210929_two-wheeled-vehicle_142_181.mp4,15.0,150,83016f6bb4be4b52|43456d09bfd64e4c|4b4b33278fd8306e|0b5b73278fd83846|4b5a33238fd8706e,1080,aihub_source_suffix:142_181,,video,차대이륜차_T자형교차로,,,storage/vision/staging/per_label_300/raw/car_vs_motorcycle/aihub_train_00000866.mp4,True,,classification_frame_extraction,full_candidate,e22dc5a93e8c4e2d6394e32887837f92d053138a3419f2b5b88a8d43f89b6a39,Ai_Hub/Train,Ai_Hub/Train/TS_차대이륜차_영상_T자형교차로/bb_1_210929_two-wheeled-vehicle_142_181.mp4,,train,,,,,,1920
aihub_train_00000166,TS_차대보행자_영상_횡단보도(신호등있음),car_vs_pedestrian,Ai_Hub,https://drive.google.com/uc?id=1BryKvHWyLnLLN1tX1g8r8AR1nyRDxNMh,10.0,,,.mp4,bb_1_190325_pedestrian_190_108.mp4,15.0,150,9b9ec7306064fcc6|9746571f32753858|574eaca8e871556c|3ac76f30936ad12a|3a43ef30936ed10e,1080,aihub_source_suffix:190_108,,video,차대보행자_횡단보도(신호등있음),,,storage/vision/staging/per_label_300/raw/car_vs_pedestrian/aihub_train_00000166.mp4,True,,classification_frame_extraction,full_candidate,c27eaf75d38beaa7985d08c93b47c09e9c8dabde063a62dd1c5997d0d55bccb9,Ai_Hub/Train,Ai_Hub/Train/TS_차대보행자_영상_횡단보도(신호등있음)/bb_1_190325_pedestrian_190_108.mp4,,train,,,,,,1920
aihub_train_00000253,TS_차대보행자_영상_횡단보도(신호등있음),car_vs_pedestrian,Ai_Hub,https://drive.google.com/uc?id=1kuAOQiT0dnJWigdqQyxM6mdZnCm-8GQi,10.0,,,.mp4,bb_3_191218_pedestrian_118_017.mp4,15.0,150,c1f3c8f97f261700|c1c7d2f35a7e0f00|83e1c2f3f80e6f06|c3c1faf3c87e0f00|c3c1faf3487e0f02,1080,aihub_source_suffix:118_017,,video,차대보행자_횡단보도(신호등있음),,,storage/vision/staging/per_label_300/raw/car_vs_pedestrian/aihub_train_00000253.mp4,True,,classification_frame_extraction,full_candidate,8f827cf73423b29487e428220338e8d5e2d9a43e1c712142c27ec07e696750e0,Ai_Hub/Train,Ai_Hub/Train/TS_차대보행자_영상_횡단보도(신호등있음)/bb_3_191218_pedestrian_118_017.mp4,,train,,,,,,1920
aihub_train_00000594,TS_차대보행자_영상_횡단보도없음,car_vs_pedestrian,Ai_Hub,https://drive.google.com/uc?id=1_sYTMhthpU7-J-yOFBRf8Sma87qOjvbo,10.0,,,.mp4,bb_1_210118_pedestrian_130_180.mp4,15.0,150,a1004f9b12decdbe|2f0e4b01b53772e6|23864bcf2f5f0a70|a3de1a4fa4919176|8156353cbccbe83c,720,aihub_source_suffix:130_180,,video,차대보행자_횡단보도없음,,,storage/vision/staging/per_label_300/raw/car_vs_pedestrian/aihub_train_00000594.mp4,True,,classification_frame_extraction,full_candidate,636db14a77875e5acedb0c874dccd38cbfbe8419fc411efd8f1a4e7bd7ec14d6,Ai_Hub/Train,Ai_Hub/Train/TS_차대보행자_영상_횡단보도없음/bb_1_210118_pedestrian_130_180.mp4,,train,,,,,,1280
aihub_train_00003004,TS_차대자전거_영상_직선도로,car_vs_bicycle,Ai_Hub,https://drive.google.com/uc?id=1FqHDCM_EuntrOSxE-KcgIlwnXAqKrMyo,10.0,,,.mp4,bb_1_150218_bike_117_185.mp4,15.0,150,a9a87f485a178e5c|03207e9edc733e1c|83225e9efc611e1e|39384786de7f021e|39384786de7f021e,1080,aihub_source_suffix:117_185,,video,차대자전거_직선도로,,,storage/vision/staging/per_label_300/raw/car_vs_bicycle/aihub_train_00003004.mp4,True,,classification_frame_extraction,full_candidate,8c54b4766929b66bb0e4364575fb3031d9d6737870bb774780fdf8bf9ed670c8,Ai_Hub/Train,Ai_Hub/Train/TS_차대자전거_영상_직선도로/bb_1_150218_bike_117_185.mp4,,train,,,,,,1920
aihub_train_00003320,TS_차대자전거_영상_직선도로,car_vs_bicycle,Ai_Hub,https://drive.google.com/uc?id=1GUlPxQ5v4apEC7CcqhQzclAAJpx5XJNW,10.0,,,.mp4,bb_1_210105_bike_237_22014.mp4,15.0,150,99d96666a36262ec|99dc666222626eee|8ddc72f0b82a36a6|8fcd707098783ab6|8fcd707098783ab6,926,aihub_source_suffix:237_22014,,video,차대자전거_직선도로,,,storage/vision/staging/per_label_300/raw/car_vs_bicycle/aihub_train_00003320.mp4,True,,classification_frame_extraction,full_candidate,7a96e0b180c9185d684232c162cf6706dbb595f886e9a2a5751320ae2b648796,Ai_Hub/Train,Ai_Hub/Train/TS_차대자전거_영상_직선도로/bb_1_210105_bike_237_22014.mp4,,train,,,,,,1920
aihub_train_00003459,TS_차대자전거_영상_직선도로,car_vs_bicycle,Ai_Hub,https://drive.google.com/uc?id=1_nfsynPe8ZK1TdTW8u9XEq16SaZ0PlX5,10.0,,,.mp4,bb_1_220725_bike_38_027.mp4,15.0,150,333829cc5d79c72c|098c3f2e7c3db1c2|ab95e12a4a393ae6|8395e14a4a3f38f6|8395e10a4a3d3afe,1080,aihub_source_suffix:38_027,,video,차대자전거_직선도로,,,storage/vision/staging/per_label_300/raw/car_vs_bicycle/aihub_train_00003459.mp4,True,,classification_frame_extraction,full_candidate,96d04cb41365e701a6500b8886a5b61b847a9cf670d2877981d85a69854e8d3d,Ai_Hub/Train,Ai_Hub/Train/TS_차대자전거_영상_직선도로/bb_1_220725_bike_38_027.mp4,,train,,,,,,1920
aihub_train_00000566,TS_차대보행자_영상_횡단보도없음,car_vs_pedestrian,Ai_Hub,https://drive.google.com/uc?id=1F4amtRU8k48jMpanN6tsONzuFnVBfNO1,10.0,,,.mp4,bb_1_200518_pedestrian_38_008.mp4,15.0,150,292b8ec6c73f28c6|9b1b0e2ce535326e|0b0b4b4ada9796e6|292da49edb938666|292d845edb978666,1080,aihub_source_suffix:38_008,,video,차대보행자_횡단보도없음,,,storage/vision/staging/per_label_300/raw/car_vs_pedestrian/aihub_train_00000566.mp4,True,,classification_frame_extraction,full_candidate,67e4c538becc42c6164b883a0cd98ed3339ce40ac55e49b79cdadf68c3e9d247,Ai_Hub/Train,Ai_Hub/Train/TS_차대보행자_영상_횡단보도없음/bb_1_200518_pedestrian_38_008.mp4,,train,,,,,,1920
aihub_train_00003134,TS_차대자전거_영상_직선도로,car_vs_bicycle,Ai_Hub,https://drive.google.com/uc?id=1qDagkmQ94P_gLlvhGgeeuwF57r6gRwYt,10.0,,,.mp4,bb_1_170722_bike_238_21800.mp4,15.0,150,9998c664647c7e4e|8190766c6cce6e76|9390646e6ece7874|9390706c6ece7876|9390706e6ece7874,1080,aihub_source_suffix:238_21800,,video,차대자전거_직선도로,,,storage/vision/staging/per_label_300/raw/car_vs_bicycle/aihub_train_00003134.mp4,True,,classification_frame_extraction,full_candidate,221874559870e1d8fc4aee998ace85146d17f080865fd125cab2cb4059b52552,Ai_Hub/Train,Ai_Hub/Train/TS_차대자전거_영상_직선도로/bb_1_170722_bike_238_21800.mp4,,val,,,,,,1920
aihub_train_00003432,TS_차대자전거_영상_직선도로,car_vs_bicycle,Ai_Hub,https://drive.google.com/uc?id=18-pt7z4yERQCnfjDknCDmUtM5embASjY,10.0,,,.mp4,bb_1_220422_bike_192_108.mp4,15.0,150,887ef18e66e04f38|806e76d8d83c79a6|827078dace5c35b6|8879959d696e3d84|887ab1946467ce6e,1080,aihub_source_suffix:192_108,,video,차대자전거_직선도로,,,storage/vision/staging/per_label_300/raw/car_vs_bicycle/aihub_train_00003432.mp4,True,,classification_frame_extraction,full_candidate,f1cd9bc789933e333718723e48450a0c880f894e5d550104cd7810b78969731c,Ai_Hub/Train,Ai_Hub/Train/TS_차대자전거_영상_직선도로/bb_1_220422_bike_192_108.mp4,,train,,,,,,1920
aihub_train_00000291,TS_차대보행자_영상_횡단보도(신호등있음)부근,car_vs_pedestrian,Ai_Hub,https://drive.google.com/uc?id=1Zlk9_bSoU7EER_BEqdcUi3T_JW428O-V,10.0,,,.mp4,bb_1_170303_pedestrian_230_22063.mp4,15.0,150,de74419e7dd50470|5e44455e47ff1066|4747cf8f47515078|124f9a67cd724d38|124f9a67dd524d38,926,aihub_source_suffix:230_22063,,video,차대보행자_횡단보도(신호등있음)부근,,,storage/vision/staging/per_label_300/raw/car_vs_pedestrian/aihub_train_00000291.mp4,True,,classification_frame_extraction,full_candidate,ca149ad1bf2abaa140ae1617063c3bd3b7d3d43ec566567497ddcdff14a70a53,Ai_Hub/Train,Ai_Hub/Train/TS_차대보행자_영상_횡단보도(신호등있음)부근/bb_1_170303_pedestrian_230_22063.mp4,,train,,,,,,1920
aihub_train_00003308,TS_차대자전거_영상_직선도로,car_vs_bicycle,Ai_Hub,https://drive.google.com/uc?id=1Bbdcn0vthlnoSVjoFOocis1keFMLsicN,10.0,,,.mp4,bb_1_200909_bike_129_193.mp4,15.0,150,8668a9994f87ad72|427cb93975870af4|26e5bbdaa8335134|246b99dcd913b1b4|246b99dcd933b1b0,480,aihub_source_suffix:129_193,,video,차대자전거_직선도로,,,storage/vision/staging/per_label_300/raw/car_vs_bicycle/aihub_train_00003308.mp4,True,,classification_frame_extraction,full_candidate,2a3fe281e0b7f160738f1ab45ce6ac69559330c18f81c7f9915a3635950230c6,Ai_Hub/Train,Ai_Hub/Train/TS_차대자전거_영상_직선도로/bb_1_200909_bike_129_193.mp4,,train,,,,,,854
aihub_train_00000387,TS_차대보행자_영상_횡단보도없음,car_vs_pedestrian,Ai_Hub,https://drive.google.com/uc?id=1YheBFq4Rxgb0YPmIxC6w5ks6l_U6HmlN,10.0,,,.mp4,bb_1_000101_pedestrian_258_21719.mp4,15.0,150,891a77266ae4e47c|898c653672e6727a|999865a67a66e272|99186da6626ee672|99986da6e2666672,1080,aihub_source_suffix:258_21719,,video,차대보행자_횡단보도없음,,,storage/vision/staging/per_label_300/raw/car_vs_pedestrian/aihub_train_00000387.mp4,True,,classification_frame_extraction,full_candidate,4e26edb77e477cbb9dc368b5d54611d4f3576dda54e9f4445097e1f426f87445,Ai_Hub/Train,Ai_Hub/Train/TS_차대보행자_영상_횡단보도없음/bb_1_000101_pedestrian_258_21719.mp4,,train,,,,,,1920
aihub_train_00003281,TS_차대자전거_영상_직선도로,car_vs_bicycle,Ai_Hub,https://drive.google.com/uc?id=1jUzasfZTYRyQGMWKbBzXFD0yS4dhoUQZ,10.0,,,.mp4,bb_1_200211_bike_202_22083.mp4,15.0,150,9332cecccccd3392|2d6dccd292d2d38c|9dce67386270639c|999866679d999866|983866679d9998e6,1080,aihub_source_suffix:202_22083,,video,차대자전거_직선도로,,,storage/vision/staging/per_label_300/raw/car_vs_bicycle/aihub_train_00003281.mp4,True,,classification_frame_extraction,full_candidate,a338ac1d9e7430b81150c6173bb93dcacb67c0d968606512eaaddc9218fbff30,Ai_Hub/Train,Ai_Hub/Train/TS_차대자전거_영상_직선도로/bb_1_200211_bike_202_22083.mp4,,train,,,,,,1920
aihub_train_00003517,TS_차대자전거_영상_직선도로,car_vs_bicycle,Ai_Hub,https://drive.google.com/uc?id=1mcnzNyuLnTBBKf4-cbD4VZjl4tT68XkR,10.0,,,.mp4,bb_3_160913_bike_198_101.mp4,15.0,150,d9dcd5e6ec890126|1b1b7f266cb99092|539737646c2f68a8|1397376c6a2fe888|1397376c6a2fe888,480,aihub_source_suffix:198_101,,video,차대자전거_직선도로,,,storage/vision/staging/per_label_300/raw/car_vs_bicycle/aihub_train_00003517.mp4,True,,classification_frame_extraction,full_candidate,1dee2bd13365256027872db43ab25f2387007a68387606999f1acaa32e75ad6e,Ai_Hub/Train,Ai_Hub/Train/TS_차대자전거_영상_직선도로/bb_3_160913_bike_198_101.mp4,,train,,,,,,640
aihub_train_00003287,TS_차대자전거_영상_직선도로,car_vs_bicycle,Ai_Hub,https://drive.google.com/uc?id=130XucQwslErePbQ-XDBpxEvrVvVX7gJ7,10.0,,,.mp4,bb_1_200405_bike_088_002.mp4,15.0,150,a9a9afb273087d84|8b0b27a6f7087d86|83cb2da4b7227cb8|8bdb63a0a5247c9e|8bdbe3b0a5207c9c,1080,aihub_source_suffix:088_002,,video,차대자전거_직선도로,,,storage/vision/staging/per_label_300/raw/car_vs_bicycle/aihub_train_00003287.mp4,True,,classification_frame_extraction,full_candidate,f4860f21560255ed24cc941e04cb4cb7240b145965482c029117737c2dc53324,Ai_Hub/Train,Ai_Hub/Train/TS_차대자전거_영상_직선도로/bb_1_200405_bike_088_002.mp4,,test,,,,,,1920
aihub_train_00000218,TS_차대보행자_영상_횡단보도(신호등있음),car_vs_pedestrian,Ai_Hub,https://drive.google.com/uc?id=1uFgDOg7t9vSDyfWNqbGzfjimVeh5e4Gc,10.0,,,.mp4,bb_3_110404_pedestrian_247_21714.mp4,15.0,150,878c72b6787858ce|878476b6787858ce|8784e6367878cc7a|8784e6367878cc7a|8784e6367878cc7a,1080,aihub_source_suffix:247_21714,,video,차대보행자_횡단보도(신호등있음),,,storage/vision/staging/per_label_300/raw/car_vs_pedestrian/aihub_train_00000218.mp4,True,,classification_frame_extraction,full_candidate,c13e8ff6e0225b0efe2476986df3a3f3a8ef0b589ca4feb5ce492d76a6ff1668,Ai_Hub/Train,Ai_Hub/Train/TS_차대보행자_영상_횡단보도(신호등있음)/bb_3_110404_pedestrian_247_21714.mp4,,train,,,,,,1920
aihub_train_00003106,TS_차대자전거_영상_직선도로,car_vs_bicycle,Ai_Hub,https://drive.google.com/uc?id=1dnbmtVzbg3KqotWTL8kxy-Q52qBGUkOO,10.0,,,.mp4,bb_1_170405_bike_226_21929.mp4,15.0,150,db9b65445581bcca|61099efced62649a|5b5f9443e5ad3448|e7ef48c2f18684b4|efed40c2f1968694,568,aihub_source_suffix:226_21929,,video,차대자전거_직선도로,,,storage/vision/staging/per_label_300/raw/car_vs_bicycle/aihub_train_00003106.mp4,True,,classification_frame_extraction,full_candidate,5a3f80c2ed360a3629cadd5a72597902119d06b1caea063f9d3de7d1b267f73b,Ai_Hub/Train,Ai_Hub/Train/TS_차대자전거_영상_직선도로/bb_1_170405_bike_226_21929.mp4,,train,,,,,,1128
aihub_train_00002723,TS_차대자전거_영상_사거리교차로(신호등없음),car_vs_bicycle,Ai_Hub,https://drive.google.com/uc?id=1u4eZ0CktFaZnS85xM5bn-VINFQmJVkLU,10.0,,,.mp4,bb_1_160912_bike_259_20808.mp4,15.0,150,899a0a686c76f4f6|898862e6f4f43676|a1a0e54c6c6c7e5e|a1b0790ccc7a7ec6|a3363fe0c8ce7948,1080,aihub_source_suffix:259_20808,,video,차대자전거_사거리교차로(신호등없음),,,storage/vision/staging/per_label_300/raw/car_vs_bicycle/aihub_train_00002723.mp4,True,,classification_frame_extraction,full_candidate,242c02902fb06ea4a460b24f3a2a81730c0dabf26678bf5ea39e04aff3931692,Ai_Hub/Train,Ai_Hub/Train/TS_차대자전거_영상_사거리교차로(신호등없음)/bb_1_160912_bike_259_20808.mp4,,train,,,,,,1920
aihub_train_00003249,TS_차대자전거_영상_직선도로,car_vs_bicycle,Ai_Hub,https://drive.google.com/uc?id=1QifVMqvT6Gb9AW9RyAaaksii0fHmiZev,10.0,,,.mp4,bb_1_190618_bike_314_050.mp4,15.0,150,8183d529d87fb60e|a983d10b7c35f24e|a383c527d84df436|8383e10fdc2df41e|8183e10fdc6df41e,1080,aihub_source_suffix:314_050,,video,차대자전거_직선도로,,,storage/vision/staging/per_label_300/raw/car_vs_bicycle/aihub_train_00003249.mp4,True,,classification_frame_extraction,full_candidate,938cb444d03c65ec22d002d5b6e7a8ed245f34dd98beb1394e0ba230f785bc3b,Ai_Hub/Train,Ai_Hub/Train/TS_차대자전거_영상_직선도로/bb_1_190618_bike_314_050.mp4,,test,,,,,,1920
aihub_train_00003307,TS_차대자전거_영상_직선도로,car_vs_bicycle,Ai_Hub,https://drive.google.com/uc?id=1VWglK8YkABA12ca812APhQXlNpzIiqWt,10.0,,,.mp4,bb_1_200907_bike_198_024.mp4,15.0,150,9d9d878662c5d86a|999d8786e39f03a4|3333992ccdbd07c8|9d8b8351c379f146|9f8b8341c379f246,720,aihub_source_suffix:198_024,,video,차대자전거_직선도로,,,storage/vision/staging/per_label_300/raw/car_vs_bicycle/aihub_train_00003307.mp4,True,,classification_frame_extraction,full_candidate,24504fa0b24ec75a90e1ce3795d66d6a1317bc0199ec91ccf95a16e4de77d189,Ai_Hub/Train,Ai_Hub/Train/TS_차대자전거_영상_직선도로/bb_1_200907_bike_198_024.mp4,,train,,,,,,1280
aihub_train_00003460,TS_차대자전거_영상_직선도로,car_vs_bicycle,Ai_Hub,https://drive.google.com/uc?id=1zTsu7TGLXIev3ljYw2PbnU6_XB5yNsWo,10.0,,,.mp4,bb_1_220727_bike_117_147.mp4,15.0,150,823c7d83b27dc782|a17c7d83a27dc186|b01e4fe10a1fe1ce|8e6671911e78f18e|9998d99936cccd26,1080,aihub_source_suffix:117_147,,video,차대자전거_직선도로,,,storage/vision/staging/per_label_300/raw/car_vs_bicycle/aihub_train_00003460.mp4,True,,classification_frame_extraction,full_candidate,6efc074eca47bfbbdd59d57ddf37f78c2cb803171cd28a6965391904c9a68ee8,Ai_Hub/Train,Ai_Hub/Train/TS_차대자전거_영상_직선도로/bb_1_220727_bike_117_147.mp4,,train,,,,,,1920
aihub_train_00000216,TS_차대보행자_영상_횡단보도(신호등있음),car_vs_pedestrian,Ai_Hub,https://drive.google.com/uc?id=1rQinnwzZpg_8e2bUIUZayV6BG8-Ul1d7,10.0,,,.mp4,bb_1_220812_pedestrian_259_22037.mp4,15.0,150,e143bcaec552b22e|e341bcaec553a22e|7d77a680427f2c26|a7a5585f0241fe3a|b3b1465b98467f0c,616,aihub_source_suffix:259_22037,,video,차대보행자_횡단보도(신호등있음),,,storage/vision/staging/per_label_300/raw/car_vs_pedestrian/aihub_train_00000216.mp4,True,,classification_frame_extraction,full_candidate,118485c68cf60ecc3bbdca210b3e53175565ff61eaf0e61f3f99a038494e22ae,Ai_Hub/Train,Ai_Hub/Train/TS_차대보행자_영상_횡단보도(신호등있음)/bb_1_220812_pedestrian_259_22037.mp4,,train,,,,,,1280
aihub_train_00000193,TS_차대보행자_영상_횡단보도(신호등있음),car_vs_pedestrian,Ai_Hub,https://drive.google.com/uc?id=1QDWodl9nYPMa-vxzuBDTNuoO7JdGaHcR,10.0,,,.mp4,bb_1_200809_pedestrian_237_22098.mp4,15.0,150,174ed8a0fb0ecba4|05485ba4bfa45f56|056e5b46dba43db0|056e5346dba4bcb2|05625b445ba6fcb6,926,aihub_source_suffix:237_22098,,video,차대보행자_횡단보도(신호등있음),,,storage/vision/staging/per_label_300/raw/car_vs_pedestrian/aihub_train_00000193.mp4,True,,classification_frame_extraction,full_candidate,2ffbcae6a671b84abc2124cb60def46cbb067e7585e67a3b0a8ecfeaeb397918,Ai_Hub/Train,Ai_Hub/Train/TS_차대보행자_영상_횡단보도(신호등있음)/bb_1_200809_pedestrian_237_22098.mp4,,train,,,,,,1920
aihub_train_00003299,TS_차대자전거_영상_직선도로,car_vs_bicycle,Ai_Hub,https://drive.google.com/uc?id=1OEvvzDEYDSiFPMJLq0NAZLUpkjf78br-,10.0,,,.mp4,bb_1_200709_bike_226_21813.mp4,15.0,150,f5fc0381e17c17c4|f9fa0181e05fdba0|494496b3ab6b47d4|9191918387c7eeec|918183a787c7e6ec,926,aihub_source_suffix:226_21813,,video,차대자전거_직선도로,,,storage/vision/staging/per_label_300/raw/car_vs_bicycle/aihub_train_00003299.mp4,True,,classification_frame_extraction,full_candidate,e370e4c4d9e7d75f7c24ba373b5f4aff49b57a7030dccd4cf63ff649c64a611d,Ai_Hub/Train,Ai_Hub/Train/TS_차대자전거_영상_직선도로/bb_1_200709_bike_226_21813.mp4,,test,,,,,,1920
aihub_train_00003392,TS_차대자전거_영상_직선도로,car_vs_bicycle,Ai_Hub,https://drive.google.com/uc?id=1W3OIX4VwoGzpa14lXqyN54ErewYH5voT,10.0,,,.mp4,bb_1_211029_bike_198_035.mp4,15.0,150,b5bdbd060747c3c0|1131010687dfefee|1b182da58d0e67ee|1b1a898796474fba|1b1b898796464fba,720,aihub_source_suffix:198_035,,video,차대자전거_직선도로,,,storage/vision/staging/per_label_300/raw/car_vs_bicycle/aihub_train_00003392.mp4,True,,classification_frame_extraction,full_candidate,5b18ccf6d32ce16ca07525bc2cb6acc85d8820e9ca675ab3483a2048a41521a7,Ai_Hub/Train,Ai_Hub/Train/TS_차대자전거_영상_직선도로/bb_1_211029_bike_198_035.mp4,,test,,,,,,1280
aihub_train_00002983,TS_차대자전거_영상_직선도로,car_vs_bicycle,Ai_Hub,https://drive.google.com/uc?id=1_LqSCQ3npBVd3IzofIGuZsFkfQ7sd4Wm,10.0,,,.mp4,bb_1_140325_bike_126_291.mp4,15.0,150,c4ca0a7d2dcef170|fedc0401a3ba9e5c|2c607f0d8fd2d31a|247c3585a5aae736|247c25c585aaf736,1080,aihub_source_suffix:126_291,,video,차대자전거_직선도로,,,storage/vision/staging/per_label_300/raw/car_vs_bicycle/aihub_train_00002983.mp4,True,,classification_frame_extraction,full_candidate,895b60c535d168854863c08352a8561b5f5f000f6592a742a42e730834e99138,Ai_Hub/Train,Ai_Hub/Train/TS_차대자전거_영상_직선도로/bb_1_140325_bike_126_291.mp4,,train,,,,,,1920
aihub_train_00003447,TS_차대자전거_영상_직선도로,car_vs_bicycle,Ai_Hub,https://drive.google.com/uc?id=18mp0qWlmlgbmYV723CWyizPy1X26a93l,10.0,,,.mp4,bb_1_220621_bike_258_22477.mp4,15.0,150,8d5e7785c5766214|806613e7937837da|a63e1f859932accc|8242632bee6e6f68|a0e061eb2e2e6f6c,926,aihub_source_suffix:258_22477,,video,차대자전거_직선도로,,,storage/vision/staging/per_label_300/raw/car_vs_bicycle/aihub_train_00003447.mp4,True,,classification_frame_extraction,full_candidate,4693a635e5a22dd29faec55f3a756002099fb14a2f22ef15e073f9e9d68a8f83,Ai_Hub/Train,Ai_Hub/Train/TS_차대자전거_영상_직선도로/bb_1_220621_bike_258_22477.mp4,,val,,,,,,1920
aihub_train_00000595,TS_차대보행자_영상_횡단보도없음,car_vs_pedestrian,Ai_Hub,https://drive.google.com/uc?id=10zfLVny50e6xs5RoxoqaOsptd4h3qXS0,10.0,,,.mp4,bb_1_210119_pedestrian_230_20082.mp4,15.0,150,3330646cc8dadeb6|393864e4cad2d6d6|3b3ae46c4a52d2f4|3938e4cc4ee2d29e|3338f4ccce5a7270,1080,aihub_source_suffix:230_20082,,video,차대보행자_횡단보도없음,,,storage/vision/staging/per_label_300/raw/car_vs_pedestrian/aihub_train_00000595.mp4,True,,classification_frame_extraction,full_candidate,b019612a9c45c9a8259929859f21d245c3a9d5b356ddfc224d1f931eab06f86d,Ai_Hub/Train,Ai_Hub/Train/TS_차대보행자_영상_횡단보도없음/bb_1_210119_pedestrian_230_20082.mp4,,train,,,,,,1920
aihub_train_00003212,TS_차대자전거_영상_직선도로,car_vs_bicycle,Ai_Hub,https://drive.google.com/uc?id=1cAiGV3tpjUQ3YYzjZb1yykEvJGdcFtZ6,10.0,,,.mp4,bb_1_181022_bike_236_21886.mp4,15.0,150,9980626e7e76666c|8998727a4e6e7c70|890872767e9ee474|898872767e94647e|898872767e94647e,1080,aihub_source_suffix:236_21886,,video,차대자전거_직선도로,,,storage/vision/staging/per_label_300/raw/car_vs_bicycle/aihub_train_00003212.mp4,True,,classification_frame_extraction,full_candidate,08297790897069f4ff5b6d98e12a815bf5eab0b2554eaf2a3340a672b4814fb6,Ai_Hub/Train,Ai_Hub/Train/TS_차대자전거_영상_직선도로/bb_1_181022_bike_236_21886.mp4,,train,,,,,,1920
aihub_train_00000298,TS_차대보행자_영상_횡단보도(신호등있음)부근,car_vs_pedestrian,Ai_Hub,https://drive.google.com/uc?id=1Anc36M6eH5x-uz_hijHGwWjZ1eLS9a66,10.0,,,.mp4,bb_1_171101_pedestrian_200_138.mp4,15.0,150,2f2723daf9c56288|2727ab5ad8c5722a|23236b5add35722a|232b2beadd95c44a|232b2bcadf95461a,1080,aihub_source_suffix:200_138,,video,차대보행자_횡단보도(신호등있음)부근,,,storage/vision/staging/per_label_300/raw/car_vs_pedestrian/aihub_train_00000298.mp4,True,,classification_frame_extraction,full_candidate,a0229ca8944b5465c345e4709ef946da7728ae54f1e053a5a105c7edc87c8fa2,Ai_Hub/Train,Ai_Hub/Train/TS_차대보행자_영상_횡단보도(신호등있음)부근/bb_1_171101_pedestrian_200_138.mp4,,test,,,,,,1920
aihub_train_00002909,TS_차대자전거_영상_사거리교차로(신호등있음),car_vs_bicycle,Ai_Hub,https://drive.google.com/uc?id=1-rrgTn8Q1E9N59JpK8YeQFAH-hIA7zem,10.0,,,.mp4,bb_3_150630_bike_146_393.mp4,15.0,150,131b590d6c7b6d8c|3319a9adeca5a5a8|331abd94cc68e93a|2303a785ccd3e7aa|3321a58dcedbc1e4,1080,aihub_source_suffix:146_393,,video,차대자전거_사거리교차로(신호등있음),,,storage/vision/staging/per_label_300/raw/car_vs_bicycle/aihub_train_00002909.mp4,True,,classification_frame_extraction,full_candidate,41bc64208502852189323ac73bc11833ce5e8a99c1676855c038809f99fd951b,Ai_Hub/Train,Ai_Hub/Train/TS_차대자전거_영상_사거리교차로(신호등있음)/bb_3_150630_bike_146_393.mp4,,val,,,,,,1920
aihub_train_00000679,TS_차대보행자_영상_횡단보도없음,car_vs_pedestrian,Ai_Hub,https://drive.google.com/uc?id=1kbfL-UK9s69E7SKScttJfIHfYc4DpVyU,10.0,,,.mp4,bb_3_150817_pedestrian_131_184.mp4,15.0,150,238b8c93cf07dab4|b11998976c579a3c|213b99bc6e13f41c|233399bc6e1be41c|23b2b1aa5e15e98e,1080,aihub_source_suffix:131_184,,video,차대보행자_횡단보도없음,,,storage/vision/staging/per_label_300/raw/car_vs_pedestrian/aihub_train_00000679.mp4,True,,classification_frame_extraction,full_candidate,54f1a2bb531efa25b9a4e0f995fe447102a3dce85b4d3fbc88bd446e30fa66ec,Ai_Hub/Train,Ai_Hub/Train/TS_차대보행자_영상_횡단보도없음/bb_3_150817_pedestrian_131_184.mp4,,test,,,,,,1920
aihub_train_00000499,TS_차대보행자_영상_횡단보도없음,car_vs_pedestrian,Ai_Hub,https://drive.google.com/uc?id=1NvCTX5gIfFRRW7H70uXMFJV2kovhRURV,10.0,,,.mp4,bb_1_181119_pedestrian_311_045.mp4,15.0,150,8cda73278cda7324|2968f594d36b69a4|a0e06d88e3b1cafe|a0e4ed88e3b1c8ee|a0e2ed88e3b1c8ee,1080,aihub_source_suffix:311_045,,video,차대보행자_횡단보도없음,,,storage/vision/staging/per_label_300/raw/car_vs_pedestrian/aihub_train_00000499.mp4,True,,classification_frame_extraction,full_candidate,88a6f856cc961aa9f22049ff8b1d1e18ecddbeac48e15d5df3924555d9a7e649,Ai_Hub/Train,Ai_Hub/Train/TS_차대보행자_영상_횡단보도없음/bb_1_181119_pedestrian_311_045.mp4,,val,,,,,,1920
aihub_train_00000737,TS_차대보행자_영상_횡단보도없음,car_vs_pedestrian,Ai_Hub,https://drive.google.com/uc?id=1LYLdnIc--pf8zqGiX784ZkxH_rq_BbR2,10.0,,,.mp4,bb_3_220225_pedestrian_199_089.mp4,15.0,150,c1834d2cf677345c|939a3b0f4a5b0f64|dd9e1760f81f00f8|5d9f1360cb1b68cc|5d9f1360cb9368cc,1080,aihub_source_suffix:199_089,,video,차대보행자_횡단보도없음,,,storage/vision/staging/per_label_300/raw/car_vs_pedestrian/aihub_train_00000737.mp4,True,,classification_frame_extraction,full_candidate,05d822ddba972b886ccad3f90133ac6119f2cddee3a1b92fa75a801528f3e046,Ai_Hub/Train,Ai_Hub/Train/TS_차대보행자_영상_횡단보도없음/bb_3_220225_pedestrian_199_089.mp4,,train,,,,,,1920
aihub_train_00003441,TS_차대자전거_영상_직선도로,car_vs_bicycle,Ai_Hub,https://drive.google.com/uc?id=1j_YbtHRb-16OcXpkrXzKkWa3M9mZ7ykQ,10.0,,,.mp4,bb_1_220526_bike_130_275.mp4,15.0,150,bcf4e3e3c5c49520|505457575b1af968|6d6d2526735a9332|1b191d8e8722f72e|1b190d8ea7c6b726,664,aihub_source_suffix:130_275,,video,차대자전거_직선도로,,,storage/vision/staging/per_label_300/raw/car_vs_bicycle/aihub_train_00003441.mp4,True,,classification_frame_extraction,full_candidate,5686870aa66ce2e9b648c389e409cc4bb7a21350952969f1d50137dee3683aa1,Ai_Hub/Train,Ai_Hub/Train/TS_차대자전거_영상_직선도로/bb_1_220526_bike_130_275.mp4,,train,,,,,,1128
aihub_train_00003052,TS_차대자전거_영상_직선도로,car_vs_bicycle,Ai_Hub,https://drive.google.com/uc?id=17aDgk_OsvkPSuiyxgs_gAR5M0MDD87Al,10.0,,,.mp4,bb_1_160505_bike_129_197.mp4,15.0,150,8b8aca1ba2f3bc70|8989cd392263ee3e|0b89c96922f72e7a|23a363e726753c68|23a363e726753c68,1080,aihub_source_suffix:129_197,,video,차대자전거_직선도로,,,storage/vision/staging/per_label_300/raw/car_vs_bicycle/aihub_train_00003052.mp4,True,,classification_frame_extraction,full_candidate,5f2eda95043a71f0032ee8e0ce2397f7dce02975d4afdbdcab0d1a6eb40c48c4,Ai_Hub/Train,Ai_Hub/Train/TS_차대자전거_영상_직선도로/bb_1_160505_bike_129_197.mp4,,train,,,,,,1920
aihub_train_00000381,TS_차대보행자_영상_횡단보도(신호등있음)부근,car_vs_pedestrian,Ai_Hub,https://drive.google.com/uc?id=1Z6H37kOmV-CbcKH8vqehKSHB6wiXdL4v,10.0,,,.mp4,bb_3_201021_pedestrian_200_21553.mp4,15.0,150,2b48d497376c4b3a|2b68d497376c4b1a|2b68d497376c4b1a|2b68d497376c4b1a|2b68d497376c4b1a,1080,aihub_source_suffix:200_21553,,video,차대보행자_횡단보도(신호등있음)부근,,,storage/vision/staging/per_label_300/raw/car_vs_pedestrian/aihub_train_00000381.mp4,True,,classification_frame_extraction,full_candidate,30d03edd8ad6823730424dc8801bd9a0b5ab2214ef1a4a1b896a4393c858ad8b,Ai_Hub/Train,Ai_Hub/Train/TS_차대보행자_영상_횡단보도(신호등있음)부근/bb_3_201021_pedestrian_200_21553.mp4,,train,,,,,,1920
aihub_train_00002866,TS_차대자전거_영상_사거리교차로(신호등있음),car_vs_bicycle,Ai_Hub,https://drive.google.com/uc?id=1taxddmkT_64_f0SMv9N516HeY6Z4SV7y,10.0,,,.mp4,bb_1_180201_bike_141_123.mp4,15.0,150,0bd5856e7b02f52a|83b37e5e7300d12e|b5f1cf4e0708f126|39e98e668f28718e|39e98e46cf28718e,1080,aihub_source_suffix:141_123,,video,차대자전거_사거리교차로(신호등있음),,,storage/vision/staging/per_label_300/raw/car_vs_bicycle/aihub_train_00002866.mp4,True,,classification_frame_extraction,full_candidate,537c532127672a6419301788cfb769db192402d44bd5f21e9ec4aa331e5f8b14,Ai_Hub/Train,Ai_Hub/Train/TS_차대자전거_영상_사거리교차로(신호등있음)/bb_1_180201_bike_141_123.mp4,,train,,,,,,1920
aihub_train_00003025,TS_차대자전거_영상_직선도로,car_vs_bicycle,Ai_Hub,https://drive.google.com/uc?id=1lnqi2u-x4ffiNXnjX3NCxGBVCM_96q0V,10.0,,,.mp4,bb_1_150822_bike_129_162.mp4,15.0,150,abab6badd6420654|27e74309f8f89c16|a5ed4d97ca2b7030|1d1d1727f649487a|1d1d9705767b584a,1080,aihub_source_suffix:129_162,,video,차대자전거_직선도로,,,storage/vision/staging/per_label_300/raw/car_vs_bicycle/aihub_train_00003025.mp4,True,,classification_frame_extraction,full_candidate,20b981a0f9bfcb96634b4795d4b605355fe845499fabe5a23f427849e37c44e1,Ai_Hub/Train,Ai_Hub/Train/TS_차대자전거_영상_직선도로/bb_1_150822_bike_129_162.mp4,,train,,,,,,1920
aihub_train_00000064,TS_차대보행자_영상_횡단보도(신호등없음),car_vs_pedestrian,Ai_Hub,https://drive.google.com/uc?id=1ojQLOnY_iuN-DqXfCUfBvLeNb9if4BGo,10.0,,,.mp4,bb_3_180208_pedestrian_143_121.mp4,15.0,150,998f0f82d92ac63e|8a9c0f8e9f32e626|0a1c598e973ec736|0a1c598e973ec736|0a1c598e973ec736,1080,aihub_source_suffix:143_121,,video,차대보행자_횡단보도(신호등없음),,,storage/vision/staging/per_label_300/raw/car_vs_pedestrian/aihub_train_00000064.mp4,True,,classification_frame_extraction,full_candidate,bf3b6780c147b52ca72accc64771c85e9e1e8a5e3b5d6b5b9d8e4f8ec1efccd4,Ai_Hub/Train,Ai_Hub/Train/TS_차대보행자_영상_횡단보도(신호등없음)/bb_3_180208_pedestrian_143_121.mp4,,train,,,,,,1920
aihub_train_00003154,TS_차대자전거_영상_직선도로,car_vs_bicycle,Ai_Hub,https://drive.google.com/uc?id=1de7UnlvkP0YLCnlm2gHV-OdEaNgjVwr1,10.0,,,.mp4,bb_1_171029_bike_126_307.mp4,15.0,150,79010486fe38d5fe|7d018286fe24c7de|b98106867f386dce|79010286ff3cc3de|790103c2ce3ed7da,1080,aihub_source_suffix:126_307,,video,차대자전거_직선도로,,,storage/vision/staging/per_label_300/raw/car_vs_bicycle/aihub_train_00003154.mp4,True,,classification_frame_extraction,full_candidate,c3923c11aa1f1681c1ce9c6a4fca91c05f5300ed64c757e42a1dd4b465f49568,Ai_Hub/Train,Ai_Hub/Train/TS_차대자전거_영상_직선도로/bb_1_171029_bike_126_307.mp4,,train,,,,,,1920
aihub_train_00000359,TS_차대보행자_영상_횡단보도(신호등있음)부근,car_vs_pedestrian,Ai_Hub,https://drive.google.com/uc?id=1mfsx883pv5utoPVpsQScWjQUuW1Yd0jN,10.0,,,.mp4,bb_1_210212_pedestrian_214_22262.mp4,15.0,150,9a66679d3261fc30|1a4ec59d3ae4e532|2af6d52932d4696a|2a96d52b92d5693a|2a96d52b92d56972,1080,aihub_source_suffix:214_22262,,video,차대보행자_횡단보도(신호등있음)부근,,,storage/vision/staging/per_label_300/raw/car_vs_pedestrian/aihub_train_00000359.mp4,True,,classification_frame_extraction,full_candidate,fcd31103edfe3e77787f82e88b4da6c8252d6cac66ea6eb9789548b70b4f9f42,Ai_Hub/Train,Ai_Hub/Train/TS_차대보행자_영상_횡단보도(신호등있음)부근/bb_1_210212_pedestrian_214_22262.mp4,,val,,,,,,1920
aihub_train_00000721,TS_차대보행자_영상_횡단보도없음,car_vs_pedestrian,Ai_Hub,https://drive.google.com/uc?id=1dlYFe98zmL-eakPSLfx69WSV-SdCgRmU,10.0,,,.mp4,bb_3_190616_pedestrian_221_20415.mp4,15.0,150,8181d2727e5e6e66|8989f2323e5e66c6|8989f2323e5e66c6|8d89f2323a5e66c6|8d89f2323a5e66c6,1080,aihub_source_suffix:221_20415,,video,차대보행자_횡단보도없음,,,storage/vision/staging/per_label_300/raw/car_vs_pedestrian/aihub_train_00000721.mp4,True,,classification_frame_extraction,full_candidate,5a0a1d5f519eed9f94a7365fd4a1805c0d95471409ee656ecf69fbd64dee37e9,Ai_Hub/Train,Ai_Hub/Train/TS_차대보행자_영상_횡단보도없음/bb_3_190616_pedestrian_221_20415.mp4,,train,,,,,,1920
aihub_train_00003194,TS_차대자전거_영상_직선도로,car_vs_bicycle,Ai_Hub,https://drive.google.com/uc?id=1KC8YcnryNxF5Tct9Ackk07ZAUiMAhwir,10.0,,,.mp4,bb_1_180710_bike_117_081.mp4,15.0,150,1aab399c3cedb510|0a8b8f970ecc3d5a|16a72f8316ee2cd2|14d555c377d33382|14d557d157d33982,1080,aihub_source_suffix:117_081,,video,차대자전거_직선도로,,,storage/vision/staging/per_label_300/raw/car_vs_bicycle/aihub_train_00003194.mp4,True,,classification_frame_extraction,full_candidate,3f153882c3ea1d8f2a8d4116920079a0b6b18a0c64ac09bdf45b65c28a0e260f,Ai_Hub/Train,Ai_Hub/Train/TS_차대자전거_영상_직선도로/bb_1_180710_bike_117_081.mp4,,train,,,,,,1920
aihub_train_00003243,TS_차대자전거_영상_직선도로,car_vs_bicycle,Ai_Hub,https://drive.google.com/uc?id=1XGEjaZJtQ11N_ClOTK3miuhFFkafnX-E,10.0,,,.mp4,bb_1_190504_bike_130_248.mp4,15.0,150,b9b1ad25a46d2d2c|b131bd2dae6d2d04|9517971fa6672524|a93d3d3d206d2d2a|b93d392da86d0b4a,252,aihub_source_suffix:130_248,,video,차대자전거_직선도로,,,storage/vision/staging/per_label_300/raw/car_vs_bicycle/aihub_train_00003243.mp4,True,,classification_frame_extraction,full_candidate,f8f2bdb1ec388c521546671c5fbe998d12b90d46f18b27339f73b9f48f70fb45,Ai_Hub/Train,Ai_Hub/Train/TS_차대자전거_영상_직선도로/bb_1_190504_bike_130_248.mp4,,val,,,,,,450
aihub_train_00002897,TS_차대자전거_영상_사거리교차로(신호등있음),car_vs_bicycle,Ai_Hub,https://drive.google.com/uc?id=1350tVfIh6IW6bfqL8pUMjBXw7zm15tNS,10.0,,,.mp4,bb_1_220604_bike_259_20085.mp4,15.0,150,87866c687ada78d8|a524685adada78da|278ed872f270d8d8|252cd8d2d2dadad2|252cd8d2d2dadad2,1080,aihub_source_suffix:259_20085,,video,차대자전거_사거리교차로(신호등있음),,,storage/vision/staging/per_label_300/raw/car_vs_bicycle/aihub_train_00002897.mp4,True,,classification_frame_extraction,full_candidate,02c15bf8774aa9495d6b4bec1b52631438689a153d3d685f71a746f8bc722907,Ai_Hub/Train,Ai_Hub/Train/TS_차대자전거_영상_사거리교차로(신호등있음)/bb_1_220604_bike_259_20085.mp4,,train,,,,,,1920
aihub_train_00002885,TS_차대자전거_영상_사거리교차로(신호등있음),car_vs_bicycle,Ai_Hub,https://drive.google.com/uc?id=1zas5flI-v_kyFlTmCVPDgBBUsxDRGVlG,10.0,,,.mp4,bb_1_201008_bike_126_216.mp4,15.0,150,8c726f8cd26d9ec0|a67ac9a6da49a658|9a66659ee26d9462|90664fb1f04e1ff0|24652536f99a798e,1080,aihub_source_suffix:126_216,,video,차대자전거_사거리교차로(신호등있음),,,storage/vision/staging/per_label_300/raw/car_vs_bicycle/aihub_train_00002885.mp4,True,,classification_frame_extraction,full_candidate,1f6df907d4e70f9b0e17f77c3e1b791dabeb1a3d08c76e04562964f9ec5dde95,Ai_Hub/Train,Ai_Hub/Train/TS_차대자전거_영상_사거리교차로(신호등있음)/bb_1_201008_bike_126_216.mp4,,train,,,,,,1920
aihub_train_00002747,TS_차대자전거_영상_사거리교차로(신호등없음),car_vs_bicycle,Ai_Hub,https://drive.google.com/uc?id=1HW0waIXI-e2vzqYXKgdXobzAA9-Tu8x4,10.0,,,.mp4,bb_1_190514_bike_113_300.mp4,15.0,150,f132078784cdbf26|bb3bb36a49896922|19091b6ae32baf36|41412f2eb585df9a|41412f2eb5a5de9a,1080,aihub_source_suffix:113_300,,video,차대자전거_사거리교차로(신호등없음),,,storage/vision/staging/per_label_300/raw/car_vs_bicycle/aihub_train_00002747.mp4,True,,classification_frame_extraction,full_candidate,853241d42648c984187f3442252535c3588ddd454f3dd43158273bb214c2967b,Ai_Hub/Train,Ai_Hub/Train/TS_차대자전거_영상_사거리교차로(신호등없음)/bb_1_190514_bike_113_300.mp4,,train,,,,,,1920
aihub_train_00003098,TS_차대자전거_영상_직선도로,car_vs_bicycle,Ai_Hub,https://drive.google.com/uc?id=157F-LVBQhzH_XYrR0huCPSi9oz3DulHn,10.0,,,.mp4,bb_1_170314_bike_149_216.mp4,15.0,150,adac3f8bd343c070|3f1f470cba43c2d4|a5e5e32b5a58b41c|151417b3f26bec68|1f1db525764dc84a,1080,aihub_source_suffix:149_216,,video,차대자전거_직선도로,,,storage/vision/staging/per_label_300/raw/car_vs_bicycle/aihub_train_00003098.mp4,True,,classification_frame_extraction,full_candidate,bad48fb0bfd811137b8f6796da5260ce01d433481f656e78bec65ed65fd244e1,Ai_Hub/Train,Ai_Hub/Train/TS_차대자전거_영상_직선도로/bb_1_170314_bike_149_216.mp4,,val,,,,,,1920
aihub_train_00000284,TS_차대보행자_영상_횡단보도(신호등있음)부근,car_vs_pedestrian,Ai_Hub,https://drive.google.com/uc?id=1Lqw6BPG18txjt4PdOnQhtzPrPh-Vr-uq,10.0,,,.mp4,bb_1_161109_pedestrian_116_278.mp4,15.0,150,2f2f61789da47780|c1d13351d5a6c7c6|8b8b44f5d62c3e26|9bc9c8e3c249355e|0bcb6570f94bacd0,1080,aihub_source_suffix:116_278,,video,차대보행자_횡단보도(신호등있음)부근,,,storage/vision/staging/per_label_300/raw/car_vs_pedestrian/aihub_train_00000284.mp4,True,,classification_frame_extraction,full_candidate,2a36bda8ebb738f30242cee07d9d6da0e4f0457c602dbc975a52a7c9f2a411bb,Ai_Hub/Train,Ai_Hub/Train/TS_차대보행자_영상_횡단보도(신호등있음)부근/bb_1_161109_pedestrian_116_278.mp4,,test,,,,,,1920
aihub_train_00003216,TS_차대자전거_영상_직선도로,car_vs_bicycle,Ai_Hub,https://drive.google.com/uc?id=1jIuS-LKtTyI8ZaE9tTP0fr5lP2bMmI11,10.0,,,.mp4,bb_1_181110_bike_197_127.mp4,15.0,150,b5a4e67a1b05e4b8|9392e4641db5e65c|b3b66c700b887e36|b1a86c6c1392fe6c|91a86c6c13d2fe2e,720,aihub_source_suffix:197_127,,video,차대자전거_직선도로,,,storage/vision/staging/per_label_300/raw/car_vs_bicycle/aihub_train_00003216.mp4,True,,classification_frame_extraction,full_candidate,5ab90a8c9438bad44f6251ce436c2d8c47c28bc6b058bbe9e3bf16e80fd65817,Ai_Hub/Train,Ai_Hub/Train/TS_차대자전거_영상_직선도로/bb_1_181110_bike_197_127.mp4,,train,,,,,,1280
aihub_train_00002900,TS_차대자전거_영상_사거리교차로(신호등있음),car_vs_bicycle,Ai_Hub,https://drive.google.com/uc?id=1Kd5eIypBrYnRNMjp8bTehQPVQlNoCrGr,10.0,,,.mp4,bb_3_130414_bike_30_061.mp4,15.0,150,a5a4a524661b9fda|a9a9a96c659495da|ab8bcb6d6e0ac524|ab8bcb6f66acc900|2b8bcb6f66a8cd04,1080,aihub_source_suffix:30_061,,video,차대자전거_사거리교차로(신호등있음),,,storage/vision/staging/per_label_300/raw/car_vs_bicycle/aihub_train_00002900.mp4,True,,classification_frame_extraction,full_candidate,f71394c6619cf6f37dd168b35eca8dfdde1ad1275fdca1f9baa741bfd67fc854,Ai_Hub/Train,Ai_Hub/Train/TS_차대자전거_영상_사거리교차로(신호등있음)/bb_3_130414_bike_30_061.mp4,,train,,,,,,1920
aihub_train_00003072,TS_차대자전거_영상_직선도로,car_vs_bicycle,Ai_Hub,https://drive.google.com/uc?id=1j07y492wgLacylgrHk7bGXL8QUJm-eeC,10.0,,,.mp4,bb_1_160927_bike_126_174.mp4,15.0,150,030b9d3c79c6d72a|0f0b391c7ce4d78a|0f0b390c7cf4d78a|03033d3e6ce6d78a|a3cf0f3d190c6732,1080,aihub_source_suffix:126_174,,video,차대자전거_직선도로,,,storage/vision/staging/per_label_300/raw/car_vs_bicycle/aihub_train_00003072.mp4,True,,classification_frame_extraction,full_candidate,dc492d5a5d94148da13db14694dc642b734b36755e96f20c4935e7851fa53eb1,Ai_Hub/Train,Ai_Hub/Train/TS_차대자전거_영상_직선도로/bb_1_160927_bike_126_174.mp4,,train,,,,,,1920
aihub_train_00000597,TS_차대보행자_영상_횡단보도없음,car_vs_pedestrian,Ai_Hub,https://drive.google.com/uc?id=1fbgLkafMDFj0iNTdLLc21wunhiKPv4gY,10.0,,,.mp4,bb_1_210125_pedestrian_116_233.mp4,15.0,150,0b0c971fc8e4375e|032b0d3b91c53efc|21221f3db3cb0cfc|21221fbdb3cb0c7c|21221bbdb3cb2c7c,1080,aihub_source_suffix:116_233,,video,차대보행자_횡단보도없음,,,storage/vision/staging/per_label_300/raw/car_vs_pedestrian/aihub_train_00000597.mp4,True,,classification_frame_extraction,full_candidate,e806acf3f86d51ebd1fae220fa5770061ae77ffdcaf1f188cde0791b7148c15f,Ai_Hub/Train,Ai_Hub/Train/TS_차대보행자_영상_횡단보도없음/bb_1_210125_pedestrian_116_233.mp4,,test,,,,,,1920
aihub_train_00002966,TS_차대자전거_영상_직선도로,car_vs_bicycle,Ai_Hub,https://drive.google.com/uc?id=1gVM9dh9TXsEf9jophphsUurbp1nV0HA3,10.0,,,.mp4,bb_1_130403_bike_35_005.mp4,15.0,150,8b3f7be6c2d0d014|819039afec31ca7e|abb625a468bdec06|abb6234868bd6a36|aba6074878bd4ad6,1080,aihub_source_suffix:35_005,,video,차대자전거_직선도로,,,storage/vision/staging/per_label_300/raw/car_vs_bicycle/aihub_train_00002966.mp4,True,,classification_frame_extraction,full_candidate,33bf9ea9c12b796a2709aaf39a4835079aee187fa6355c02574c14f72ca699a6,Ai_Hub/Train,Ai_Hub/Train/TS_차대자전거_영상_직선도로/bb_1_130403_bike_35_005.mp4,,train,,,,,,1920
aihub_train_00000265,TS_차대보행자_영상_횡단보도(신호등있음),car_vs_pedestrian,Ai_Hub,https://drive.google.com/uc?id=1CDB6-El_yLlqIiy7LioGN9XvjUWW_jr7,10.0,,,.mp4,bb_3_210407_pedestrian_123_246.mp4,15.0,150,b2cc65b2cd3236cc|b2cc65b2cd3236cc|b2cc65b2cd3236cc|b2cc65b2cd3236cc|b2cc67b2cd3234cc,1080,aihub_source_suffix:123_246,,video,차대보행자_횡단보도(신호등있음),,,storage/vision/staging/per_label_300/raw/car_vs_pedestrian/aihub_train_00000265.mp4,True,,classification_frame_extraction,full_candidate,14fd85c4eaede31ef51a2ed41a959d1c4ab411e05fae82708b2ee6a7a8f7c016,Ai_Hub/Train,Ai_Hub/Train/TS_차대보행자_영상_횡단보도(신호등있음)/bb_3_210407_pedestrian_123_246.mp4,,train,,,,,,1920
aihub_train_00003483,TS_차대자전거_영상_직선도로,car_vs_bicycle,Ai_Hub,https://drive.google.com/uc?id=1w6IQ_gMhjzevn-BD0gqglxLNAzx0V-Jp,10.0,,,.mp4,bb_3_131022_bike_235_43415.mp4,15.0,150,99927dcd8277c862|8d925acd207f9d64|879cd8e73659207c|878edce71e592056|838edce71a592476,926,aihub_source_suffix:235_43415,,video,차대자전거_직선도로,,,storage/vision/staging/per_label_300/raw/car_vs_bicycle/aihub_train_00003483.mp4,True,,classification_frame_extraction,full_candidate,f1b608f56361758065ac49400dab3a88c475e59e1d4ff7e6d5edf43094bb28f5,Ai_Hub/Train,Ai_Hub/Train/TS_차대자전거_영상_직선도로/bb_3_131022_bike_235_43415.mp4,,train,,,,,,1920
aihub_train_00000352,TS_차대보행자_영상_횡단보도(신호등있음)부근,car_vs_pedestrian,Ai_Hub,https://drive.google.com/uc?id=1s3ak7LDqUeLpY47ImcklpJWM3djMwTSl,10.0,,,.mp4,bb_1_200925_pedestrian_209_22385.mp4,15.0,150,3b2ac4c4d2f2f13c|2b2ee4c8d0f4f338|2b2a48ccd4f4b5bc|2b0acad8d4f4b59c|2b0a4adcd4f4b59c,1080,aihub_source_suffix:209_22385,,video,차대보행자_횡단보도(신호등있음)부근,,,storage/vision/staging/per_label_300/raw/car_vs_pedestrian/aihub_train_00000352.mp4,True,,classification_frame_extraction,full_candidate,2e928e94854cda37b2d23bda206ff5cf4e21f30675f0ee1c95cccb546a35d98a,Ai_Hub/Train,Ai_Hub/Train/TS_차대보행자_영상_횡단보도(신호등있음)부근/bb_1_200925_pedestrian_209_22385.mp4,,train,,,,,,1920
aihub_train_00000175,TS_차대보행자_영상_횡단보도(신호등있음),car_vs_pedestrian,Ai_Hub,https://drive.google.com/uc?id=1SS4_xbWtXGtwLLCkcg-FjlETiOjvD5H3,10.0,,,.mp4,bb_1_191008_pedestrian_125_193.mp4,15.0,150,68ec979be854970a|115eeea3e05caea2|2f6cd4968adab258|274af8bcd894a6d2|274af8bcd894a6d2,1080,aihub_source_suffix:125_193,,video,차대보행자_횡단보도(신호등있음),,,storage/vision/staging/per_label_300/raw/car_vs_pedestrian/aihub_train_00000175.mp4,True,,classification_frame_extraction,full_candidate,091ef849b63afec1d75fc3b4d9fcee9509adcd59c4a8cd49869fd4092fa35654,Ai_Hub/Train,Ai_Hub/Train/TS_차대보행자_영상_횡단보도(신호등있음)/bb_1_191008_pedestrian_125_193.mp4,,train,,,,,,1920
aihub_train_00002830,TS_차대자전거_영상_사거리교차로(신호등없음),car_vs_bicycle,Ai_Hub,https://drive.google.com/uc?id=16ewwFCVyrJ0Hu4zEZyWNkNkkDQ8z9Fv8,10.0,,,.mp4,bb_3_220708_bike_256_20214.mp4,15.0,150,81827e7c7cc8ca3e|8988767674d8d83e|81827e7e78e0d85e|2328ccdc76e7859c|8382787cd6d61d6c,1080,aihub_source_suffix:256_20214,,video,차대자전거_사거리교차로(신호등없음),,,storage/vision/staging/per_label_300/raw/car_vs_bicycle/aihub_train_00002830.mp4,True,,classification_frame_extraction,full_candidate,99916e8c16223b3f23e9f82a61576935e34168aefb32d27b711a63f9e6b05965,Ai_Hub/Train,Ai_Hub/Train/TS_차대자전거_영상_사거리교차로(신호등없음)/bb_3_220708_bike_256_20214.mp4,,test,,,,,,1920
aihub_train_00003353,TS_차대자전거_영상_직선도로,car_vs_bicycle,Ai_Hub,https://drive.google.com/uc?id=1sIXrKmzwQDFC79LeZRkGB92nHuamAD4W,10.0,,,.mp4,bb_1_210518_bike_112_342.mp4,15.0,150,b4060fd86607f97c|3622a1dd4cb1df16|289c2fd16ab7c934|12ccb7c162b7cd32|18dcbd4162b7c53a,1080,aihub_source_suffix:112_342,,video,차대자전거_직선도로,,,storage/vision/staging/per_label_300/raw/car_vs_bicycle/aihub_train_00003353.mp4,True,,classification_frame_extraction,full_candidate,4b67ccc0d8523473e91262b132359909f68637a82e2f55400a3a256847c31218,Ai_Hub/Train,Ai_Hub/Train/TS_차대자전거_영상_직선도로/bb_1_210518_bike_112_342.mp4,,train,,,,,,1920
aihub_train_00000734,TS_차대보행자_영상_횡단보도없음,car_vs_pedestrian,Ai_Hub,https://drive.google.com/uc?id=1Z9Z27hdxHLOP9jJd44j0CosbNQeCbJrP,10.0,,,.mp4,bb_3_211110_pedestrian_255_22213.mp4,15.0,150,2b28c4ded4e668f4|2b3adc9cd4e45ad0|2b3adc9cd4c4d2d2|2b2ad89cd4e4d4f2|2b2adcdcd4e4c4d2,1080,aihub_source_suffix:255_22213,,video,차대보행자_횡단보도없음,,,storage/vision/staging/per_label_300/raw/car_vs_pedestrian/aihub_train_00000734.mp4,True,,classification_frame_extraction,full_candidate,930692964a1f4f3a52d314b5d08951e5379adb6fb8a3626689569b9ce177b2e7,Ai_Hub/Train,Ai_Hub/Train/TS_차대보행자_영상_횡단보도없음/bb_3_211110_pedestrian_255_22213.mp4,,train,,,,,,1920
aihub_train_00003443,TS_차대자전거_영상_직선도로,car_vs_bicycle,Ai_Hub,https://drive.google.com/uc?id=1LKPARd9fUo-J6Oww-zY_vGRlYbvy7_Rk,10.0,,,.mp4,bb_1_220605_bike_149_250.mp4,15.0,150,8bab6c749492aa7c|a5a96a4a7ad0b656|8b8a485415b73e7e|ababdc5454d47458|0139f2ce34e6f272,1080,aihub_source_suffix:149_250,,video,차대자전거_직선도로,,,storage/vision/staging/per_label_300/raw/car_vs_bicycle/aihub_train_00003443.mp4,True,,classification_frame_extraction,full_candidate,e9c77a2e86a16ca0444093d42b34adc68ab1a655cffc4f866097d50f8153c195,Ai_Hub/Train,Ai_Hub/Train/TS_차대자전거_영상_직선도로/bb_1_220605_bike_149_250.mp4,,train,,,,,,1920
aihub_train_00000280,TS_차대보행자_영상_횡단보도(신호등있음)부근,car_vs_pedestrian,Ai_Hub,https://drive.google.com/uc?id=100fMHG3A2b_5mNnmAekhQVHvthBDb6Ps,10.0,,,.mp4,bb_1_160712_pedestrian_124_189.mp4,15.0,150,4cda9b556cda9a28|7aecad925b5a90a4|a0e0d39a1e2f3cf2|324ecdb7329929e4|3698d5674b3532d8,1080,aihub_source_suffix:124_189,,video,차대보행자_횡단보도(신호등있음)부근,,,storage/vision/staging/per_label_300/raw/car_vs_pedestrian/aihub_train_00000280.mp4,True,,classification_frame_extraction,full_candidate,0a6c05b2ba55e8984daedcad74cff337d5556ca93473423b59b79ea5450d645e,Ai_Hub/Train,Ai_Hub/Train/TS_차대보행자_영상_횡단보도(신호등있음)부근/bb_1_160712_pedestrian_124_189.mp4,,test,,,,,,1920
aihub_train_00003536,TS_차대자전거_영상_직선도로,car_vs_bicycle,Ai_Hub,https://drive.google.com/uc?id=1C5XekydScTUtNoBxEWVhkiA7gLQPNWGU,10.0,,,.mp4,bb_3_180618_bike_29_007.mp4,15.0,150,b92fe56e5a909684|9b9be76c6d380a82|b1b7ed6c474216d0|a92fecb6d7910644|292fedced7b11300,1080,aihub_source_suffix:29_007,,video,차대자전거_직선도로,,,storage/vision/staging/per_label_300/raw/car_vs_bicycle/aihub_train_00003536.mp4,True,,classification_frame_extraction,full_candidate,f91f67a1e92a9e19d601b10c64f2b6687ad668bafd368b53af7e86822a12cad5,Ai_Hub/Train,Ai_Hub/Train/TS_차대자전거_영상_직선도로/bb_3_180618_bike_29_007.mp4,,train,,,,,,1920
aihub_train_00003170,TS_차대자전거_영상_직선도로,car_vs_bicycle,Ai_Hub,https://drive.google.com/uc?id=1kWPb0YSPFsAjdvBz_GPvtMKZ8XkEl4HA,10.0,,,.mp4,bb_1_180203_bike_200_22239.mp4,15.0,150,8584c47e7a5a5e5a|a1a0e45e7a7a6e4c|91a16c6e4a5a765e|9185666e68587e76|9185646e4a787e5e,1080,aihub_source_suffix:200_22239,,video,차대자전거_직선도로,,,storage/vision/staging/per_label_300/raw/car_vs_bicycle/aihub_train_00003170.mp4,True,,classification_frame_extraction,full_candidate,e7b02eee568a1b972b670f05e02977cccac2b41fd371707d11f5cc5380b7d010,Ai_Hub/Train,Ai_Hub/Train/TS_차대자전거_영상_직선도로/bb_1_180203_bike_200_22239.mp4,,test,,,,,,1920
aihub_train_00003440,TS_차대자전거_영상_직선도로,car_vs_bicycle,Ai_Hub,https://drive.google.com/uc?id=11OL2foWSxo71rZt9rchAWylLO-Gk8SOK,10.0,,,.mp4,bb_1_220523_bike_143_178.mp4,15.0,150,1ae46f999267b518|925c6db2cf98324e|8381066cefbd83e6|8393b56e6d997244|8393b56e6d997244,1080,aihub_source_suffix:143_178,,video,차대자전거_직선도로,,,storage/vision/staging/per_label_300/raw/car_vs_bicycle/aihub_train_00003440.mp4,True,,classification_frame_extraction,full_candidate,3344f412f27f832d17161dec96236d0f2a3583f043bfc711607540233efcef93,Ai_Hub/Train,Ai_Hub/Train/TS_차대자전거_영상_직선도로/bb_1_220523_bike_143_178.mp4,,train,,,,,,1920
aihub_train_00002981,TS_차대자전거_영상_직선도로,car_vs_bicycle,Ai_Hub,https://drive.google.com/uc?id=19-KPmcQjbQHfbKtWBqXUJ_sIgredPptX,10.0,,,.mp4,bb_1_140208_bike_252_21888.mp4,15.0,150,a1286f5873965c3e|83225e9cf3331cec|836a5e9e603f1ee0|3978c78e5f0312f8|3978c78e5f0316b4,926,aihub_source_suffix:252_21888,,video,차대자전거_직선도로,,,storage/vision/staging/per_label_300/raw/car_vs_bicycle/aihub_train_00002981.mp4,True,,classification_frame_extraction,full_candidate,93b27f1ad15434c530616e4dd53a99802d59e3b25203397bb0a4a3feaffc6d38,Ai_Hub/Train,Ai_Hub/Train/TS_차대자전거_영상_직선도로/bb_1_140208_bike_252_21888.mp4,,train,,,,,,1920
aihub_train_00002867,TS_차대자전거_영상_사거리교차로(신호등있음),car_vs_bicycle,Ai_Hub,https://drive.google.com/uc?id=1J4vnSQw0BR8yTz8PXBmty2v9Buvxf-Br,10.0,,,.mp4,bb_1_180504_bike_210_22237.mp4,15.0,150,39b8e46666d4d25a|991a6e666694b4f4|91912e6676d2d85e|9180666676d6dc6e|9180666676d6dc5e,1080,aihub_source_suffix:210_22237,,video,차대자전거_사거리교차로(신호등있음),,,storage/vision/staging/per_label_300/raw/car_vs_bicycle/aihub_train_00002867.mp4,True,,classification_frame_extraction,full_candidate,6b90216318c84e0ee831db8123b5adeb65969c430ed1b894cfe6a068cf442ff0,Ai_Hub/Train,Ai_Hub/Train/TS_차대자전거_영상_사거리교차로(신호등있음)/bb_1_180504_bike_210_22237.mp4,,train,,,,,,1920
aihub_train_00000382,TS_차대보행자_영상_횡단보도(신호등있음)부근,car_vs_pedestrian,Ai_Hub,https://drive.google.com/uc?id=1WljEp9WR9xJOhnqPjjTPDy3RMWp9cD_K,10.0,,,.mp4,bb_3_210106_pedestrian_44_007.mp4,15.0,150,354ac895a76c5f2a|314aca95a7ee5f02|715e8895a7ec5f02|7d4a8895a76e5f02|7d48c895a76e5f02,1080,aihub_source_suffix:44_007,,video,차대보행자_횡단보도(신호등있음)부근,,,storage/vision/staging/per_label_300/raw/car_vs_pedestrian/aihub_train_00000382.mp4,True,,classification_frame_extraction,full_candidate,613dc5557b27e4a8222bc12b28e4f935597214180f01e6a1b1ee47d0d5fdecbf,Ai_Hub/Train,Ai_Hub/Train/TS_차대보행자_영상_횡단보도(신호등있음)부근/bb_3_210106_pedestrian_44_007.mp4,,val,,,,,,1920
aihub_train_00003537,TS_차대자전거_영상_직선도로,car_vs_bicycle,Ai_Hub,https://drive.google.com/uc?id=1c8AIX00ojJXdLy2LxtYWDqMliHPBY9Ub,10.0,,,.mp4,bb_3_180725_bike_198_021.mp4,15.0,150,393968c3d3d42d2e|393d0cc7874c78f2|171f68ea13949d6a|31354d4f62d29baa|3b398ccc53946d6a,720,aihub_source_suffix:198_021,,video,차대자전거_직선도로,,,storage/vision/staging/per_label_300/raw/car_vs_bicycle/aihub_train_00003537.mp4,True,,classification_frame_extraction,full_candidate,44e5c2081cc659f2e1f8687b47679c4315c875fc059c0d6488acebddd9e376fc,Ai_Hub/Train,Ai_Hub/Train/TS_차대자전거_영상_직선도로/bb_3_180725_bike_198_021.mp4,,train,,,,,,1280
aihub_train_00003209,TS_차대자전거_영상_직선도로,car_vs_bicycle,Ai_Hub,https://drive.google.com/uc?id=1fQW7D3MkR2sPSRxt28zVCyoSYc8trcku,10.0,,,.mp4,bb_1_181004_bike_252_22356.mp4,15.0,150,3b1cc4d724deaaa8|391ccebb245553ac|0d06c29db96b5bb4|0f0a60d5bd695ab6|0f0ae0d5bd685ab6,568,aihub_source_suffix:252_22356,,video,차대자전거_직선도로,,,storage/vision/staging/per_label_300/raw/car_vs_bicycle/aihub_train_00003209.mp4,True,,classification_frame_extraction,full_candidate,fa7d76388acfdda1dd05f09d1f700f903d8112c316d3279374ef1e2f4573c18f,Ai_Hub/Train,Ai_Hub/Train/TS_차대자전거_영상_직선도로/bb_1_181004_bike_252_22356.mp4,,train,,,,,,1128
aihub_train_00000224,TS_차대보행자_영상_횡단보도(신호등있음),car_vs_pedestrian,Ai_Hub,https://drive.google.com/uc?id=1ojMasTUl8tG-To8EUr3LDCB2cCJNHGvU,10.0,,,.mp4,bb_3_160128_pedestrian_189_077.mp4,15.0,150,81a87c5e93a56c5e|ab2a5a5695a86a5e|0900c45f3feaeed4|292ad6d439abe654|292ac6dc39a7c65c,720,aihub_source_suffix:189_077,,video,차대보행자_횡단보도(신호등있음),,,storage/vision/staging/per_label_300/raw/car_vs_pedestrian/aihub_train_00000224.mp4,True,,classification_frame_extraction,full_candidate,24e020eef13d14eb8dad1614ec9b46c6a5d64e406f16f9a76bbd9484375fa0a8,Ai_Hub/Train,Ai_Hub/Train/TS_차대보행자_영상_횡단보도(신호등있음)/bb_3_160128_pedestrian_189_077.mp4,,val,,,,,,1280
aihub_train_00000317,TS_차대보행자_영상_횡단보도(신호등있음)부근,car_vs_pedestrian,Ai_Hub,https://drive.google.com/uc?id=12qvFrOQ7aS10upNKXwKTWpnzhFkTNgQ-,10.0,,,.mp4,bb_1_180711_pedestrian_219_22062.mp4,15.0,150,2908d2c666dcfc7c|2908d2c666dcfc7c|2908d2c266fcde7c|2908d2c6e6dcdc7c|2d84d2626a5a5efc,1080,aihub_source_suffix:219_22062,,video,차대보행자_횡단보도(신호등있음)부근,,,storage/vision/staging/per_label_300/raw/car_vs_pedestrian/aihub_train_00000317.mp4,True,,classification_frame_extraction,full_candidate,04a6d2203d24b753baa791bf5caff04f2fd767d29ddb0872b056fbb1217d2b1a,Ai_Hub/Train,Ai_Hub/Train/TS_차대보행자_영상_횡단보도(신호등있음)부근/bb_1_180711_pedestrian_219_22062.mp4,,val,,,,,,1920
aihub_train_00000377,TS_차대보행자_영상_횡단보도(신호등있음)부근,car_vs_pedestrian,Ai_Hub,https://drive.google.com/uc?id=16vNfu_ED9hRCez4TKcMt2xgkVFpROGFc,10.0,,,.mp4,bb_3_180810_pedestrian_256_22141.mp4,15.0,150,9397a66c78786332|9397876c78787292|9387a76c78686732|b7878d6c78786922|b7878d6d38784a52,926,aihub_source_suffix:256_22141,,video,차대보행자_횡단보도(신호등있음)부근,,,storage/vision/staging/per_label_300/raw/car_vs_pedestrian/aihub_train_00000377.mp4,True,,classification_frame_extraction,full_candidate,84837ebe3684f6279369116c98f3cc4ac1d01fdf226c3a8d51ae103ffc119faa,Ai_Hub/Train,Ai_Hub/Train/TS_차대보행자_영상_횡단보도(신호등있음)부근/bb_3_180810_pedestrian_256_22141.mp4,,train,,,,,,1920
aihub_train_00000639,TS_차대보행자_영상_횡단보도없음,car_vs_pedestrian,Ai_Hub,https://drive.google.com/uc?id=1ze_DOnOvIBHbyGP2DVbkc0D6g-i1ZVkW,10.0,,,.mp4,bb_1_210914_pedestrian_211_20479.mp4,15.0,150,3734cccc62f2c8ce|9f9ecc607072ccca|9f9ec66070d2c666|9396ceec78786862|b796cccc70786c62,1080,aihub_source_suffix:211_20479,,video,차대보행자_횡단보도없음,,,storage/vision/staging/per_label_300/raw/car_vs_pedestrian/aihub_train_00000639.mp4,True,,classification_frame_extraction,full_candidate,1107708b984e258da051eb8b04ee7bbf76cfccc0cf3ded82243486698bf51c2b,Ai_Hub/Train,Ai_Hub/Train/TS_차대보행자_영상_횡단보도없음/bb_1_210914_pedestrian_211_20479.mp4,,train,,,,,,1920
aihub_train_00000456,TS_차대보행자_영상_횡단보도없음,car_vs_pedestrian,Ai_Hub,https://drive.google.com/uc?id=1Bc7c3MWYfsgKtPoiUpWnQ-qsQ9LvhFUN,10.0,,,.mp4,bb_1_171212_pedestrian_200_135.mp4,15.0,150,246565251f739ee2|9866ece51a719e64|1a54cf269bf11ee0|9a62e6651be19e64|9a62ee651a719e64,1080,aihub_source_suffix:200_135,,video,차대보행자_횡단보도없음,,,storage/vision/staging/per_label_300/raw/car_vs_pedestrian/aihub_train_00000456.mp4,True,,classification_frame_extraction,full_candidate,2f2ccf6381d00e2202ed27b0dfd9bc4f074dea4138a90712dbd41c25e5466bb5,Ai_Hub/Train,Ai_Hub/Train/TS_차대보행자_영상_횡단보도없음/bb_1_171212_pedestrian_200_135.mp4,,train,,,,,,1920
aihub_train_00003122,TS_차대자전거_영상_직선도로,car_vs_bicycle,Ai_Hub,https://drive.google.com/uc?id=1y8ZBRT3Xgw15x2LCd17d7FhMy4ZIag8G,10.0,,,.mp4,bb_1_170614_bike_112_202.mp4,15.0,150,95a56449d9267e9a|99932631cdf6319a|999be0353fc2a1b8|9993e02d1fc2e5b8|9993e02d1fc2e5b8,1080,aihub_source_suffix:112_202,,video,차대자전거_직선도로,,,storage/vision/staging/per_label_300/raw/car_vs_bicycle/aihub_train_00003122.mp4,True,,classification_frame_extraction,full_candidate,7b23958f70cd9ce537470e33fe5edfb4e9b4ddd504292235e0a1abcfd81ad63f,Ai_Hub/Train,Ai_Hub/Train/TS_차대자전거_영상_직선도로/bb_1_170614_bike_112_202.mp4,,val,,,,,,1920
aihub_train_00002862,TS_차대자전거_영상_사거리교차로(신호등있음),car_vs_bicycle,Ai_Hub,https://drive.google.com/uc?id=168AWbU50JWoxE1D_2ZuZ1gJjIWkkkI_B,10.0,,,.mp4,bb_1_171214_bike_197_132.mp4,15.0,150,b1150feec24efa12|9b9507a4e469c9ba|b3972dac6c4a8a72|b3b1ad2c6dcc0af0|b1b1ad2c6dce0af0,720,aihub_source_suffix:197_132,,video,차대자전거_사거리교차로(신호등있음),,,storage/vision/staging/per_label_300/raw/car_vs_bicycle/aihub_train_00002862.mp4,True,,classification_frame_extraction,full_candidate,4e966e5d0dcba19660270ced7833082c28d9f0fe934f50d762f244a4be807db2,Ai_Hub/Train,Ai_Hub/Train/TS_차대자전거_영상_사거리교차로(신호등있음)/bb_1_171214_bike_197_132.mp4,,train,,,,,,1280
aihub_train_00000316,TS_차대보행자_영상_횡단보도(신호등있음)부근,car_vs_pedestrian,Ai_Hub,https://drive.google.com/uc?id=1OQHW0ahpcr8sJPAQ8tDAAg6HXUAwfZng,10.0,,,.mp4,bb_1_180621_pedestrian_112_327.mp4,15.0,150,81287e7ac29e9f92|8f087864c7cff870|a7272674e0da1e1e|b5a06068c98fb7b6|b5a06868c98fa7e6,1080,aihub_source_suffix:112_327,,video,차대보행자_횡단보도(신호등있음)부근,,,storage/vision/staging/per_label_300/raw/car_vs_pedestrian/aihub_train_00000316.mp4,True,,classification_frame_extraction,full_candidate,1c3042993b77b0b48a590e317c8eb5f0ce5589cd86db82cfd40b9683f7ba3089,Ai_Hub/Train,Ai_Hub/Train/TS_차대보행자_영상_횡단보도(신호등있음)부근/bb_1_180621_pedestrian_112_327.mp4,,train,,,,,,1920
aihub_train_00000222,TS_차대보행자_영상_횡단보도(신호등있음),car_vs_pedestrian,Ai_Hub,https://drive.google.com/uc?id=1tRrZQ_qtuWYI8yeXjWcCfiFssJFyfC7G,10.0,,,.mp4,bb_3_150817_pedestrian_230_22169.mp4,15.0,150,2b32761efcc0cccc|0912f6f4e3ecc8cc|a386b792d3464e5c|a386b7b2d3464c5c|a182b792d366ce5c,1080,aihub_source_suffix:230_22169,,video,차대보행자_횡단보도(신호등있음),,,storage/vision/staging/per_label_300/raw/car_vs_pedestrian/aihub_train_00000222.mp4,True,,classification_frame_extraction,full_candidate,1f725dbc806f4ec96e07e148112573ab86d75869b433bdd29c765bcdb420ae6f,Ai_Hub/Train,Ai_Hub/Train/TS_차대보행자_영상_횡단보도(신호등있음)/bb_3_150817_pedestrian_230_22169.mp4,,train,,,,,,1920
aihub_train_00002884,TS_차대자전거_영상_사거리교차로(신호등있음),car_vs_bicycle,Ai_Hub,https://drive.google.com/uc?id=1Q1ftM7rO5ib5jkorU7Q5rj4lRs0BdUGB,10.0,,,.mp4,bb_1_200904_bike_114_002.mp4,15.0,150,35fcedecb3125110|1eb76678d848c716|2b24a53d5b3ab51a|b4544d1453e5f59a|1252d534d5e57b1a,1080,aihub_source_suffix:114_002,,video,차대자전거_사거리교차로(신호등있음),,,storage/vision/staging/per_label_300/raw/car_vs_bicycle/aihub_train_00002884.mp4,True,,classification_frame_extraction,full_candidate,3812d36c6c6057130637a0092e7c684860ac560c36a7bfac6b24adeed230195f,Ai_Hub/Train,Ai_Hub/Train/TS_차대자전거_영상_사거리교차로(신호등있음)/bb_1_200904_bike_114_002.mp4,,train,,,,,,1920
aihub_train_00000565,TS_차대보행자_영상_횡단보도없음,car_vs_pedestrian,Ai_Hub,https://drive.google.com/uc?id=1TjJ_nQw8PWIZTA2BwJbO9DEzSfRz4JfQ,10.0,,,.mp4,bb_1_200517_pedestrian_232_23480.mp4,15.0,150,9777a7a5a4a98614|5777475161abaa82|5756575558f8a868|575655545cf9aa48|575655505ce9aae8,926,aihub_source_suffix:232_23480,,video,차대보행자_횡단보도없음,,,storage/vision/staging/per_label_300/raw/car_vs_pedestrian/aihub_train_00000565.mp4,True,,classification_frame_extraction,full_candidate,129e4d9c248706d228c115a6cc2db5c521b2c0359c5bb1c538a80e4fac20fbc9,Ai_Hub/Train,Ai_Hub/Train/TS_차대보행자_영상_횡단보도없음/bb_1_200517_pedestrian_232_23480.mp4,,train,,,,,,1920
aihub_train_00000245,TS_차대보행자_영상_횡단보도(신호등있음),car_vs_pedestrian,Ai_Hub,https://drive.google.com/uc?id=1NrFTgsFs_GyYFDwRXRD8j2MzstGKTb6t,10.0,,,.mp4,bb_3_180831_pedestrian_212_22065.mp4,15.0,150,0b2fac4af0d4d6d4|2f2f8268f4d4d86c|0b0b48ecf6f4d4e4|818948ca7ef697b4|a1a1a84a5e5eded4,1080,aihub_source_suffix:212_22065,,video,차대보행자_횡단보도(신호등있음),,,storage/vision/staging/per_label_300/raw/car_vs_pedestrian/aihub_train_00000245.mp4,True,,classification_frame_extraction,full_candidate,128fd42bdada939bd473ffadc9cead2417d4d5028225defd89dc47632c713cdc,Ai_Hub/Train,Ai_Hub/Train/TS_차대보행자_영상_횡단보도(신호등있음)/bb_3_180831_pedestrian_212_22065.mp4,,val,,,,,,1920
aihub_train_00003509,TS_차대자전거_영상_직선도로,car_vs_bicycle,Ai_Hub,https://drive.google.com/uc?id=1UNSqMxijbdDM5_ZR8yU5iEo0MHZkFLtk,10.0,,,.mp4,bb_3_160503_bike_38_006.mp4,15.0,150,8125bd6e5e80d37a|01095f6a6d2167fe|292b0fecd5b345a8|01091deed9b267ea|3909376eccf857a0,1080,aihub_source_suffix:38_006,,video,차대자전거_직선도로,,,storage/vision/staging/per_label_300/raw/car_vs_bicycle/aihub_train_00003509.mp4,True,,classification_frame_extraction,full_candidate,24f8a246c0719267a7889e8e5f9debdf78aef27b7b22363c024d2aabcd58623d,Ai_Hub/Train,Ai_Hub/Train/TS_차대자전거_영상_직선도로/bb_3_160503_bike_38_006.mp4,,train,,,,,,1920
aihub_train_00000071,TS_차대보행자_영상_횡단보도(신호등없음),car_vs_pedestrian,Ai_Hub,https://drive.google.com/uc?id=1D4DvdGJzgbB_hnTDAl6aOPOEMyL3wFLl,10.0,,,.mp4,cc_3_211125_pedestrian_16_004.mp4,15.0,150,a4861bfe1c21e3e6|a6061bfe1c21e3e6|a6861afe1c21e3e6|a6861bfe1c3161e6|a4861bfe1c31e1e6,1080,aihub_source_suffix:16_004,,video,차대보행자_횡단보도(신호등없음),,,storage/vision/staging/per_label_300/raw/car_vs_pedestrian/aihub_train_00000071.mp4,True,,classification_frame_extraction,full_candidate,fdc690418f1b49f496ba439f2741838334b32519d68bfc14ff97e35987b1263a,Ai_Hub/Train,Ai_Hub/Train/TS_차대보행자_영상_횡단보도(신호등없음)/cc_3_211125_pedestrian_16_004.mp4,,train,,,,,,1920
aihub_train_00003119,TS_차대자전거_영상_직선도로,car_vs_bicycle,Ai_Hub,https://drive.google.com/uc?id=1LrlMip3J7OVV_o2byREfCShhSusERhc7,10.0,,,.mp4,bb_1_170531_bike_198_032.mp4,15.0,150,8ec4713770d5ae58|20c6df37e0c13a3e|6ad4f52bd4c528b4|78d6ffad504528a2|78d6faaf504728a2,480,aihub_source_suffix:198_032,,video,차대자전거_직선도로,,,storage/vision/staging/per_label_300/raw/car_vs_bicycle/aihub_train_00003119.mp4,True,,classification_frame_extraction,full_candidate,3c585a7dc360a2d218ed59a5ee3080bae94a054f2c64988403a476a1dfcf9b3e,Ai_Hub/Train,Ai_Hub/Train/TS_차대자전거_영상_직선도로/bb_1_170531_bike_198_032.mp4,,train,,,,,,640
aihub_train_00000567,TS_차대보행자_영상_횡단보도없음,car_vs_pedestrian,Ai_Hub,https://drive.google.com/uc?id=1bLqoazKBkuw213bAE7EGWeZH63Xl4yY8,10.0,,,.mp4,bb_1_200519_pedestrian_201_22498.mp4,15.0,150,286c6d38c73f92d2|b24ccd32c73994ce|32ccc734cd336cca|186e6798e4b79cc2|1a6a6d94c4b59ec6,1080,aihub_source_suffix:201_22498,,video,차대보행자_횡단보도없음,,,storage/vision/staging/per_label_300/raw/car_vs_pedestrian/aihub_train_00000567.mp4,True,,classification_frame_extraction,full_candidate,9a910cb174359f62e35ddb3905cc5ebc1df30b8151907509b5b691880796eec2,Ai_Hub/Train,Ai_Hub/Train/TS_차대보행자_영상_횡단보도없음/bb_1_200519_pedestrian_201_22498.mp4,,train,,,,,,1920
aihub_train_00000593,TS_차대보행자_영상_횡단보도없음,car_vs_pedestrian,Ai_Hub,https://drive.google.com/uc?id=1waYeNEUOLJ5WbwU_iy4I2xAEWoCu31JR,10.0,,,.mp4,bb_1_210113_pedestrian_15_015.mp4,15.0,150,1b87c66171385a7e|3585c2c3e33d696c|2b298ac7c787ace8|2b298ec7c785a4ec|2b298ec7c785a4ec,1080,aihub_source_suffix:15_015,,video,차대보행자_횡단보도없음,,,storage/vision/staging/per_label_300/raw/car_vs_pedestrian/aihub_train_00000593.mp4,True,,classification_frame_extraction,full_candidate,38abdb9ad95d196ba1773d9cf9071b3d81371ff6c33a5f7642ec46fa1259002b,Ai_Hub/Train,Ai_Hub/Train/TS_차대보행자_영상_횡단보도없음/bb_1_210113_pedestrian_15_015.mp4,,train,,,,,,1920
aihub_train_00000609,TS_차대보행자_영상_횡단보도없음,car_vs_pedestrian,Ai_Hub,https://drive.google.com/uc?id=1Ak33zCsEQRaKN--ksHQr_lPZKfpdM84l,10.0,,,.mp4,bb_1_210318_pedestrian_148_038.mp4,15.0,150,898bc3e0781d8ef6|9999c6663239ce66|9bbfc6c470190ee2|bf9f87e6701808e4|bf9fc6e6701808e4,1080,aihub_source_suffix:148_038,,video,차대보행자_횡단보도없음,,,storage/vision/staging/per_label_300/raw/car_vs_pedestrian/aihub_train_00000609.mp4,True,,classification_frame_extraction,full_candidate,1f309a8ba969fb883b72e753a2ffb22c426bed97041c5e4999618652e06e58c5,Ai_Hub/Train,Ai_Hub/Train/TS_차대보행자_영상_횡단보도없음/bb_1_210318_pedestrian_148_038.mp4,,val,,,,,,1920
aihub_train_00003108,TS_차대자전거_영상_직선도로,car_vs_bicycle,Ai_Hub,https://drive.google.com/uc?id=1ECle8WHB2cJz-vflYCn0P7SnAGD6ef7c,10.0,,,.mp4,bb_1_170412_bike_123_166.mp4,15.0,150,9b9324f7224fa9d0|939726e52c49f9a2|85d933b37640a7b2|c3e7a20f165965f0|91d938732a17e96c,1080,aihub_source_suffix:123_166,,video,차대자전거_직선도로,,,storage/vision/staging/per_label_300/raw/car_vs_bicycle/aihub_train_00003108.mp4,True,,classification_frame_extraction,full_candidate,63292b258b17455ee8531e1cc4929cb80ecdcd6acfedba9770c267cee788e14c,Ai_Hub/Train,Ai_Hub/Train/TS_차대자전거_영상_직선도로/bb_1_170412_bike_123_166.mp4,,test,,,,,,1920
aihub_train_00003278,TS_차대자전거_영상_직선도로,car_vs_bicycle,Ai_Hub,https://drive.google.com/uc?id=1yev4RkGGolWLBThQCSN2Stmed_oPACc2,10.0,,,.mp4,bb_1_200125_bike_120_169.mp4,15.0,150,8d8da277279720f4|89cdd871e77928d0|87833839eacb4a5e|8dc9e83a2fab6870|c3c76e5c01a1ba76,1080,aihub_source_suffix:120_169,,video,차대자전거_직선도로,,,storage/vision/staging/per_label_300/raw/car_vs_bicycle/aihub_train_00003278.mp4,True,,classification_frame_extraction,full_candidate,e7cb25d79c33cd073bf28e7e18c20ee21185770060c47dc28d9aef818369f21e,Ai_Hub/Train,Ai_Hub/Train/TS_차대자전거_영상_직선도로/bb_1_200125_bike_120_169.mp4,,train,,,,,,1920
aihub_train_00000426,TS_차대보행자_영상_횡단보도없음,car_vs_pedestrian,Ai_Hub,https://drive.google.com/uc?id=1tPYXWkyGz5ppJzmFoxjxEtN-1tUiEvSJ,10.0,,,.mp4,bb_1_161013_pedestrian_147_165.mp4,15.0,150,81a5e06e7d1a7e26|81a5a6e06db9ea2e|89a923e46db8da72|89a923e46db8da72|89a523e46db85af2,1080,aihub_source_suffix:147_165,,video,차대보행자_횡단보도없음,,,storage/vision/staging/per_label_300/raw/car_vs_pedestrian/aihub_train_00000426.mp4,True,,classification_frame_extraction,full_candidate,22f58f3d2d9ead945d14e9b7cdd3d81cd3ef52f432499d445d845ecdefe21a37,Ai_Hub/Train,Ai_Hub/Train/TS_차대보행자_영상_횡단보도없음/bb_1_161013_pedestrian_147_165.mp4,,test,,,,,,1920
aihub_train_00000616,TS_차대보행자_영상_횡단보도없음,car_vs_pedestrian,Ai_Hub,https://drive.google.com/uc?id=1qk93fDCDlClUcUhq2ifdZQUFOHASeEex,10.0,,,.mp4,bb_1_210506_pedestrian_201_24132.mp4,15.0,150,3564c899b163edb4|2d6849923b778e5a|2b6c7c92972d694a|236a4991a72fe9e2|236a4991b72fc972,926,aihub_source_suffix:201_24132,,video,차대보행자_횡단보도없음,,,storage/vision/staging/per_label_300/raw/car_vs_pedestrian/aihub_train_00000616.mp4,True,,classification_frame_extraction,full_candidate,bf85f8848dfd45e40f8c751711000e64f9a9ba669c79eedab0a420c122b1b258,Ai_Hub/Train,Ai_Hub/Train/TS_차대보행자_영상_횡단보도없음/bb_1_210506_pedestrian_201_24132.mp4,,train,,,,,,1920
aihub_train_00003500,TS_차대자전거_영상_직선도로,car_vs_bicycle,Ai_Hub,https://drive.google.com/uc?id=1oWBl1pDo4MWPiPC_51Wf0rxrQHqqLIi9,10.0,,,.mp4,bb_3_151101_bike_142_277.mp4,15.0,150,a0466d19bfe6199c|80466d19bf66d9b8|80466d19bf66d9b8|80466d19bf66d9b8|80466d19bf66d9b8,1080,aihub_source_suffix:142_277,,video,차대자전거_직선도로,,,storage/vision/staging/per_label_300/raw/car_vs_bicycle/aihub_train_00003500.mp4,True,,classification_frame_extraction,full_candidate,ff1a1b8b5285d01b29c0d91b73909442ebe1c255f85f46910272cc4ca69aa0d1,Ai_Hub/Train,Ai_Hub/Train/TS_차대자전거_영상_직선도로/bb_3_151101_bike_142_277.mp4,,train,,,,,,1920
aihub_train_00000178,TS_차대보행자_영상_횡단보도(신호등있음),car_vs_pedestrian,Ai_Hub,https://drive.google.com/uc?id=16VjftwhjiG-tKc0vc6ZRFC4iuARMXH-a,10.0,,,.mp4,bb_1_200124_pedestrian_257_23593.mp4,15.0,150,6ad495536ad4b552|fe0031fd0671f90e|b04e5fb5241acbe4|b8c849f6e64849f6|b8d841f7e64049f6,926,aihub_source_suffix:257_23593,,video,차대보행자_횡단보도(신호등있음),,,storage/vision/staging/per_label_300/raw/car_vs_pedestrian/aihub_train_00000178.mp4,True,,classification_frame_extraction,full_candidate,3081ac78ef5cf5011e532e24e785a3e27d37c37f2dfbed9522036fd53a41a4a7,Ai_Hub/Train,Ai_Hub/Train/TS_차대보행자_영상_횡단보도(신호등있음)/bb_1_200124_pedestrian_257_23593.mp4,,train,,,,,,1920
aihub_train_00003424,TS_차대자전거_영상_직선도로,car_vs_bicycle,Ai_Hub,https://drive.google.com/uc?id=1uOskcQMuwOI-ygT-pcktn2g_L7XsptyE,10.0,,,.mp4,bb_1_220328_bike_195_210.mp4,15.0,150,80f03781e59fdde0|3382cd6932cacf36|29b6c36a6cc38e6c|80950762f5b8bf66|a29f0fc0e132fd64,1080,aihub_source_suffix:195_210,,video,차대자전거_직선도로,,,storage/vision/staging/per_label_300/raw/car_vs_bicycle/aihub_train_00003424.mp4,True,,classification_frame_extraction,full_candidate,8722aeff0822179b06e82497125777d4aa12c505de3c0429b9bddff49fe98a9d,Ai_Hub/Train,Ai_Hub/Train/TS_차대자전거_영상_직선도로/bb_1_220328_bike_195_210.mp4,,val,,,,,,1920
aihub_train_00000485,TS_차대보행자_영상_횡단보도없음,car_vs_pedestrian,Ai_Hub,https://drive.google.com/uc?id=1JONfXoAE3NLEVzlefPqUzNtp2J7l2CNl,10.0,,,.mp4,bb_1_180627_pedestrian_193_005.mp4,15.0,150,2d2cc2da9897876e|d9f6a60108cff4b4|fefe81000093ff6c|3b6acd9d30e64b18|30c2cf3d38d2d93c,1080,aihub_source_suffix:193_005,,video,차대보행자_횡단보도없음,,,storage/vision/staging/per_label_300/raw/car_vs_pedestrian/aihub_train_00000485.mp4,True,,classification_frame_extraction,full_candidate,d917c305d1bd4628db5840569701f58196785a9463a73785056f099778151dc9,Ai_Hub/Train,Ai_Hub/Train/TS_차대보행자_영상_횡단보도없음/bb_1_180627_pedestrian_193_005.mp4,,train,,,,,,1920
aihub_train_00000417,TS_차대보행자_영상_횡단보도없음,car_vs_pedestrian,Ai_Hub,https://drive.google.com/uc?id=1cNzH0e2DJpUHzl03ktmPYEQjkAF6R4s3,10.0,,,.mp4,bb_1_160709_pedestrian_39_002.mp4,15.0,150,998b625b06f364f8|83b778c72ef1e0c0|a1610ed5730f66d6|a16906d5730eee56|a16906d5724eee56,1080,aihub_source_suffix:39_002,,video,차대보행자_횡단보도없음,,,storage/vision/staging/per_label_300/raw/car_vs_pedestrian/aihub_train_00000417.mp4,True,,classification_frame_extraction,full_candidate,3a9d4713e324507506784297853658e4997faae0ea4ab3062b87751815c6613d,Ai_Hub/Train,Ai_Hub/Train/TS_차대보행자_영상_횡단보도없음/bb_1_160709_pedestrian_39_002.mp4,,train,,,,,,1920
aihub_train_00000452,TS_차대보행자_영상_횡단보도없음,car_vs_pedestrian,Ai_Hub,https://drive.google.com/uc?id=1x_djAD_yl2RzYgKzK7Cn13tfR0BYp0zs,10.0,,,.mp4,bb_1_170831_pedestrian_192_131.mp4,15.0,150,a18107167f5cfb38|991131766fc4e85e|878131707feecd82|838331707baeef82|838331707baeefa0,1080,aihub_source_suffix:192_131,,video,차대보행자_횡단보도없음,,,storage/vision/staging/per_label_300/raw/car_vs_pedestrian/aihub_train_00000452.mp4,True,,classification_frame_extraction,full_candidate,97a24b3c41cea5c4095a7f7694ee39fc5f6f0d206ed85a1f7e5af3b9aa1ddee0,Ai_Hub/Train,Ai_Hub/Train/TS_차대보행자_영상_횡단보도없음/bb_1_170831_pedestrian_192_131.mp4,,train,,,,,,1920
aihub_train_00000604,TS_차대보행자_영상_횡단보도없음,car_vs_pedestrian,Ai_Hub,https://drive.google.com/uc?id=1p4goDDA44N5rS1_gMkaAk7HAWSC4tkE7,10.0,,,.mp4,bb_1_210210_pedestrian_225_20332.mp4,15.0,150,2982c2fadc5c3e3c|2982c2fadc5c3e3c|2982c2fadc5c3e3c|2982c27adcdc3e3c|29aad2d6ccce361c,1080,aihub_source_suffix:225_20332,,video,차대보행자_횡단보도없음,,,storage/vision/staging/per_label_300/raw/car_vs_pedestrian/aihub_train_00000604.mp4,True,,classification_frame_extraction,full_candidate,11026890a3a08b61dfed23a784f6fecf34c6857e450db5793daf6cce3d4e4dc3,Ai_Hub/Train,Ai_Hub/Train/TS_차대보행자_영상_횡단보도없음/bb_1_210210_pedestrian_225_20332.mp4,,test,,,,,,1920
aihub_train_00003467,TS_차대자전거_영상_직선도로,car_vs_bicycle,Ai_Hub,https://drive.google.com/uc?id=17UMLwENklfQCOyYabz8iHcFVHZmPi153,10.0,,,.mp4,bb_1_220826_bike_30_003.mp4,15.0,150,9d9d97a2e9085674|8d8d87a2db935266|199987c6539a96d6|199b87ead13e6e80|199b87e2d13e6e90,1080,aihub_source_suffix:30_003,,video,차대자전거_직선도로,,,storage/vision/staging/per_label_300/raw/car_vs_bicycle/aihub_train_00003467.mp4,True,,classification_frame_extraction,full_candidate,5c2b27afde4e797ff0679acf745e3a91f3ded08a598ca53b81ffb2188b043ca7,Ai_Hub/Train,Ai_Hub/Train/TS_차대자전거_영상_직선도로/bb_1_220826_bike_30_003.mp4,,val,,,,,,1920
aihub_train_00003208,TS_차대자전거_영상_직선도로,car_vs_bicycle,Ai_Hub,https://drive.google.com/uc?id=1TrN2qU6xLg5Pe1BSb_8xhWibiLPR6N6o,10.0,,,.mp4,bb_1_180929_bike_220_22370.mp4,15.0,150,9180667e1e6e667c|9180667e1edce66c|81807c7e5ecc7476|81806c7e1ed2fc7c|81806c7e1ed2fc7c,1080,aihub_source_suffix:220_22370,,video,차대자전거_직선도로,,,storage/vision/staging/per_label_300/raw/car_vs_bicycle/aihub_train_00003208.mp4,True,,classification_frame_extraction,full_candidate,3bc3bfac787ae368cb491f96b108624fb32d7d238abdebd1745de4ca22e99b1d,Ai_Hub/Train,Ai_Hub/Train/TS_차대자전거_영상_직선도로/bb_1_180929_bike_220_22370.mp4,,train,,,,,,1920
aihub_train_00002835,TS_차대자전거_영상_사거리교차로(신호등없음),car_vs_bicycle,Ai_Hub,https://drive.google.com/uc?id=1OFmtvwXG7ZBI1UE2nEgaS7uyDX8Ijn-F,10.0,,,.mp4,cc_3_191004_bike_41_005.mp4,15.0,150,81f1e7f2524a4e2e|81f1f7f252ca0c2e|81f1f5f65ac80c2e|81f1f5f65ac80c2e|81f1f5f652c80e2e,1080,aihub_source_suffix:41_005,,video,차대자전거_사거리교차로(신호등없음),,,storage/vision/staging/per_label_300/raw/car_vs_bicycle/aihub_train_00002835.mp4,True,,classification_frame_extraction,full_candidate,d1ce4ab8a73a0753e8b8b8d7b5a7b4ecedf0ee613de3cbe692b3916381d7c74d,Ai_Hub/Train,Ai_Hub/Train/TS_차대자전거_영상_사거리교차로(신호등없음)/cc_3_191004_bike_41_005.mp4,,train,,,,,,1920
aihub_train_00003251,TS_차대자전거_영상_직선도로,car_vs_bicycle,Ai_Hub,https://drive.google.com/uc?id=1QRMMenP1UHmA0OXkDxaUMxVXF54NEDZ9,10.0,,,.mp4,bb_1_190710_bike_192_009.mp4,15.0,150,b37e4840d3be7a88|91106c4cdb92fe9e|893a7e464750f0f6|ab2a624e4bbaf254|abaa6a424bbaf854,1080,aihub_source_suffix:192_009,,video,차대자전거_직선도로,,,storage/vision/staging/per_label_300/raw/car_vs_bicycle/aihub_train_00003251.mp4,True,,classification_frame_extraction,full_candidate,3296b2cf0a54d0f636fc8516c927ddcafbad4633577e041dc17620ab48c81265,Ai_Hub/Train,Ai_Hub/Train/TS_차대자전거_영상_직선도로/bb_1_190710_bike_192_009.mp4,,train,,,,,,1920
aihub_train_00000563,TS_차대보행자_영상_횡단보도없음,car_vs_pedestrian,Ai_Hub,https://drive.google.com/uc?id=13GaGPU1CYmzGcCaI1jITNwtPVyv5Nwsq,10.0,,,.mp4,bb_1_200501_pedestrian_256_21770.mp4,15.0,150,233a2cc6cedcd4d2|191a667666667cd8|3b1ad4e6666ce4c8|898cc6767272766c|898cd676727077e0,1080,aihub_source_suffix:256_21770,,video,차대보행자_횡단보도없음,,,storage/vision/staging/per_label_300/raw/car_vs_pedestrian/aihub_train_00000563.mp4,True,,classification_frame_extraction,full_candidate,3d67224dcd664851747d5698d712f5f990e88ee06ddc1d766dbbdc3a5c38e95a,Ai_Hub/Train,Ai_Hub/Train/TS_차대보행자_영상_횡단보도없음/bb_1_200501_pedestrian_256_21770.mp4,,train,,,,,,1920
aihub_train_00002967,TS_차대자전거_영상_직선도로,car_vs_bicycle,Ai_Hub,https://drive.google.com/uc?id=1V6K7iRrkVC-ahDi6NiWDjB9HcvD0Ahf4,10.0,,,.mp4,bb_1_130416_bike_246_42992.mp4,15.0,150,8f8f89307186df8a|91a387a6693a79b2|8b83993a77266f88|8b83993a77266f88|8b83993a77266f82,926,aihub_source_suffix:246_42992,,video,차대자전거_직선도로,,,storage/vision/staging/per_label_300/raw/car_vs_bicycle/aihub_train_00002967.mp4,True,,classification_frame_extraction,full_candidate,1ff0f053aada5715afbae5bb4a8488b2f2472da4e1e75aa1fe94ae68f52f4883,Ai_Hub/Train,Ai_Hub/Train/TS_차대자전거_영상_직선도로/bb_1_130416_bike_246_42992.mp4,,train,,,,,,1920
aihub_train_00000296,TS_차대보행자_영상_횡단보도(신호등있음)부근,car_vs_pedestrian,Ai_Hub,https://drive.google.com/uc?id=1lHJNQfJzCArAmYySSB4_VZdJzRrPLQRB,10.0,,,.mp4,bb_1_170716_pedestrian_124_200.mp4,15.0,150,26dada8d2d1a53b4|2732d2952d0b76b6|296ada9692db6b22|696afa9795cb4224|696aea9795cb6224,1080,aihub_source_suffix:124_200,,video,차대보행자_횡단보도(신호등있음)부근,,,storage/vision/staging/per_label_300/raw/car_vs_pedestrian/aihub_train_00000296.mp4,True,,classification_frame_extraction,full_candidate,aebeda385a977aa517518a8e30315a03a316a8bef6483ad3676a4661dd44ae20,Ai_Hub/Train,Ai_Hub/Train/TS_차대보행자_영상_횡단보도(신호등있음)부근/bb_1_170716_pedestrian_124_200.mp4,,val,,,,,,1920
aihub_train_00000668,TS_차대보행자_영상_횡단보도없음,car_vs_pedestrian,Ai_Hub,https://drive.google.com/uc?id=11-Ri380ZIrYFiuR_PShzUSVxdFIlRCf7,10.0,,,.mp4,bb_3_121007_pedestrian_225_20484.mp4,15.0,150,986663999c66cf98|98677d984f3cc318|1b72e48d9973538c|92726d8d93739a8c|82726dcd93339acc,1080,aihub_source_suffix:225_20484,,video,차대보행자_횡단보도없음,,,storage/vision/staging/per_label_300/raw/car_vs_pedestrian/aihub_train_00000668.mp4,True,,classification_frame_extraction,full_candidate,d2b3ffc94820fd7dd8a5e9c081c9b3626d93b4519a8b62c3fa670c756712a605,Ai_Hub/Train,Ai_Hub/Train/TS_차대보행자_영상_횡단보도없음/bb_3_121007_pedestrian_225_20484.mp4,,train,,,,,,1920
aihub_train_00000739,TS_차대보행자_영상_횡단보도없음,car_vs_pedestrian,Ai_Hub,https://drive.google.com/uc?id=14E5SoFWSuU3tHR-73heJJ3jBwGjnW997,10.0,,,.mp4,cc_3_130111_pedestrian_242_22348.mp4,15.0,150,266c5d92cb2678da|276878b2cf8678d2|276c7832c78678da|276c7832c78678da|27687a32c78678da,1080,aihub_source_suffix:242_22348,,video,차대보행자_횡단보도없음,,,storage/vision/staging/per_label_300/raw/car_vs_pedestrian/aihub_train_00000739.mp4,True,,classification_frame_extraction,full_candidate,c2f1b1f2de7980cc892de7145fc0997e1a513bac8640c4da2ac8e666c07b24f1,Ai_Hub/Train,Ai_Hub/Train/TS_차대보행자_영상_횡단보도없음/cc_3_130111_pedestrian_242_22348.mp4,,train,,,,,,1920
aihub_train_00000608,TS_차대보행자_영상_횡단보도없음,car_vs_pedestrian,Ai_Hub,https://drive.google.com/uc?id=117CFgvXSFDFooRSm4jXMts7nHOfE7Jqy,10.0,,,.mp4,bb_1_210313_pedestrian_143_115.mp4,15.0,150,b0d0da952e8a5fa6|26dada8d2d1273b4|2532d6b52d0b76b4|696aeab6949b4b24|696aea97958b6324,1080,aihub_source_suffix:143_115,,video,차대보행자_횡단보도없음,,,storage/vision/staging/per_label_300/raw/car_vs_pedestrian/aihub_train_00000608.mp4,True,,classification_frame_extraction,full_candidate,c969ee0a7faa068625968c9a161905abf25b1126037f67c4023c3a1547dd65e0,Ai_Hub/Train,Ai_Hub/Train/TS_차대보행자_영상_횡단보도없음/bb_1_210313_pedestrian_143_115.mp4,,test,,,,,,1920
aihub_train_00000724,TS_차대보행자_영상_횡단보도없음,car_vs_pedestrian,Ai_Hub,https://drive.google.com/uc?id=1C7FAIqBRrVKfQLU2sviLTBPe1CYa9uCt,10.0,,,.mp4,bb_3_210201_pedestrian_120_226.mp4,15.0,150,3722e9fc5c9496c8|3722e9fc5c9496c8|3722e9fc5c94b688|3722e9fc5c9496c8|3722e9fc5c9496c8,1080,aihub_source_suffix:120_226,,video,차대보행자_횡단보도없음,,,storage/vision/staging/per_label_300/raw/car_vs_pedestrian/aihub_train_00000724.mp4,True,,classification_frame_extraction,full_candidate,4e4bae7a0c569ea2d04a5d353e15f464d761854d2d7456ad56480e8d71f8eb56,Ai_Hub/Train,Ai_Hub/Train/TS_차대보행자_영상_횡단보도없음/bb_3_210201_pedestrian_120_226.mp4,,train,,,,,,1920
aihub_train_00000235,TS_차대보행자_영상_횡단보도(신호등있음),car_vs_pedestrian,Ai_Hub,https://drive.google.com/uc?id=1L9F0-JZGt0ZIffmT332-PhjkqvOYeYaE,10.0,,,.mp4,bb_3_170821_pedestrian_149_140.mp4,15.0,150,812181a78fce5fce|812b82b78ae47bce|892b83b783e078fc|812983b793d27d6c|8b2b82b595686fcc,1080,aihub_source_suffix:149_140,,video,차대보행자_횡단보도(신호등있음),,,storage/vision/staging/per_label_300/raw/car_vs_pedestrian/aihub_train_00000235.mp4,True,,classification_frame_extraction,full_candidate,2940d58f9af3d856f0ee70eda0699c550473c95fb6107387e347f23a20a70ded,Ai_Hub/Train,Ai_Hub/Train/TS_차대보행자_영상_횡단보도(신호등있음)/bb_3_170821_pedestrian_149_140.mp4,,train,,,,,,1920
aihub_train_00000341,TS_차대보행자_영상_횡단보도(신호등있음)부근,car_vs_pedestrian,Ai_Hub,https://drive.google.com/uc?id=1Zqxq1cdqIYotFnoEOqskilXLlUKS2ujP,10.0,,,.mp4,bb_1_200123_pedestrian_131_211.mp4,15.0,150,cb9e833470b47ce4|9d9c974662f4f08a|9bb4b5c44aaaec54|9b31b5d268f454ac|0b1197d47af6568c,1080,aihub_source_suffix:131_211,,video,차대보행자_횡단보도(신호등있음)부근,,,storage/vision/staging/per_label_300/raw/car_vs_pedestrian/aihub_train_00000341.mp4,True,,classification_frame_extraction,full_candidate,93a8e72ea75d9f826b59711c3fb0f9dd219521104f3ba2bfd9cdfec887225094,Ai_Hub/Train,Ai_Hub/Train/TS_차대보행자_영상_횡단보도(신호등있음)부근/bb_1_200123_pedestrian_131_211.mp4,,train,,,,,,1920
aihub_train_00000006,TS_차대보행자_영상_육교및지하도부근,car_vs_pedestrian,Ai_Hub,https://drive.google.com/uc?id=1hQFeaY5C0U1L31Cz3Wznd0ek7uDbUJjR,10.0,,,.mp4,bb_3_181214_pedestrian_112_332.mp4,15.0,150,a559cb2bc53f8b20|2542dbaded07bb20|25d0db2d6d0fab30|25d0d92daf1f3982|a559cb2bc53f8a30,1080,aihub_source_suffix:112_332,,video,차대보행자_육교및지하도부근,,,storage/vision/staging/per_label_300/raw/car_vs_pedestrian/aihub_train_00000006.mp4,True,,classification_frame_extraction,full_candidate,279d902e416e7b5485e1747733701667054b0a080cd64e87b1dfa3868b083c37,Ai_Hub/Train,Ai_Hub/Train/TS_차대보행자_영상_육교및지하도부근/bb_3_181214_pedestrian_112_332.mp4,,train,,,,,,1920
aihub_train_00003317,TS_차대자전거_영상_직선도로,car_vs_bicycle,Ai_Hub,https://drive.google.com/uc?id=1DQJiIjFfr3qRfG1KxzlHWofkH2STHDo6,10.0,,,.mp4,bb_1_201120_bike_211_44596.mp4,15.0,150,9b8b266c993436bc|9ba362629a987c7c|09a9625a9d2c3ef6|2929525e9d2cf4dc|2929525e9d2cf4dc,926,aihub_source_suffix:211_44596,,video,차대자전거_직선도로,,,storage/vision/staging/per_label_300/raw/car_vs_bicycle/aihub_train_00003317.mp4,True,,classification_frame_extraction,full_candidate,55eeb17e155d01b717d3c98f8ec1b282a996a91eef814c1a2f61fa4c74cadeee,Ai_Hub/Train,Ai_Hub/Train/TS_차대자전거_영상_직선도로/bb_1_201120_bike_211_44596.mp4,,val,,,,,,1920
aihub_train_00000545,TS_차대보행자_영상_횡단보도없음,car_vs_pedestrian,Ai_Hub,https://drive.google.com/uc?id=1dr-0CJqzG5Zza63ucyXta4jMDKCnmlu9,10.0,,,.mp4,bb_1_190921_pedestrian_145_156.mp4,15.0,150,812b85a4b4f4fa7a|a1b1958dc44f4e7a|33333909ccedada4|393b3b2bb8c00e7c|2b3b2b0bd8e40f78,1080,aihub_source_suffix:145_156,,video,차대보행자_횡단보도없음,,,storage/vision/staging/per_label_300/raw/car_vs_pedestrian/aihub_train_00000545.mp4,True,,classification_frame_extraction,full_candidate,e53493f3c1e5a7de4c1d1f0ed13f85a75d4e7ef84c04c1f6508a13fda2096c9b,Ai_Hub/Train,Ai_Hub/Train/TS_차대보행자_영상_횡단보도없음/bb_1_190921_pedestrian_145_156.mp4,,train,,,,,,1920
aihub_train_00003414,TS_차대자전거_영상_직선도로,car_vs_bicycle,Ai_Hub,https://drive.google.com/uc?id=1wIJJs8idkrcWXZAIB6k5SSpzdFzZIsQb,10.0,,,.mp4,bb_1_220304_bike_142_275.mp4,15.0,150,31326f6f384c933a|9318eab31cc3378e|0b86f47b85c47b2a|0981d27c0d1ff3f8|0981f27c1d97f2e8,1080,aihub_source_suffix:142_275,,video,차대자전거_직선도로,,,storage/vision/staging/per_label_300/raw/car_vs_bicycle/aihub_train_00003414.mp4,True,,classification_frame_extraction,full_candidate,0c6ce10dcb2d3762cc1783249a5ad12c3c75475e2de1b3d238eef285e3995ef0,Ai_Hub/Train,Ai_Hub/Train/TS_차대자전거_영상_직선도로/bb_1_220304_bike_142_275.mp4,,train,,,,,,1920
aihub_train_00000488,TS_차대보행자_영상_횡단보도없음,car_vs_pedestrian,Ai_Hub,https://drive.google.com/uc?id=16jifTrgPtRnLMI6SiYlZ1jB_EsFp604n,10.0,,,.mp4,bb_1_180817_pedestrian_214_22177.mp4,15.0,150,38b921e2dccec70e|133323c4dc4cdf3c|233128c8f6c6df1e|233168c8d6d6dd1e|233168c8d6cedd1e,1080,aihub_source_suffix:214_22177,,video,차대보행자_횡단보도없음,,,storage/vision/staging/per_label_300/raw/car_vs_pedestrian/aihub_train_00000488.mp4,True,,classification_frame_extraction,full_candidate,d61004cff6248caaa4e82b03352c61d2cea4c8dc4678ba8caad065c96b65f7fb,Ai_Hub/Train,Ai_Hub/Train/TS_차대보행자_영상_횡단보도없음/bb_1_180817_pedestrian_214_22177.mp4,,train,,,,,,1920
aihub_train_00003478,TS_차대자전거_영상_직선도로,car_vs_bicycle,Ai_Hub,https://drive.google.com/uc?id=1_jzNey0W5a6Ee_rr_5CPRhytwiEmsbB0,10.0,,,.mp4,bb_3_130504_bike_213_43119.mp4,15.0,150,81a1858f8c5fcf3c|812b8f1fc2612f3e|892b8787c068fcfc|8129a393927d6cf6|8b2ba4b5a06eccd6,926,aihub_source_suffix:213_43119,,video,차대자전거_직선도로,,,storage/vision/staging/per_label_300/raw/car_vs_bicycle/aihub_train_00003478.mp4,True,,classification_frame_extraction,full_candidate,cee1def5fa0b0b711c3c0ae0fc373a62b227545dc6b1e4ec07f9f2842ee3bbaf,Ai_Hub/Train,Ai_Hub/Train/TS_차대자전거_영상_직선도로/bb_3_130504_bike_213_43119.mp4,,train,,,,,,1920
aihub_train_00002899,TS_차대자전거_영상_사거리교차로(신호등있음),car_vs_bicycle,Ai_Hub,https://drive.google.com/uc?id=1TwVhmxC3w7YUJpoKgd2YCvKWY_LqYKE_,10.0,,,.mp4,bb_1_220708_bike_239_20708.mp4,15.0,150,8b22f47c5e9636c2|8b80e47e5e3786d2|a1a0767a5e3fc2d0|81a0765e6f96d07c|89a0765e6f86d07c,1080,aihub_source_suffix:239_20708,,video,차대자전거_사거리교차로(신호등있음),,,storage/vision/staging/per_label_300/raw/car_vs_bicycle/aihub_train_00002899.mp4,True,,classification_frame_extraction,full_candidate,79e5712485a9558a8e250883c3e38ca3c24de925ae91440ee7c5f0d81a4b72f8,Ai_Hub/Train,Ai_Hub/Train/TS_차대자전거_영상_사거리교차로(신호등있음)/bb_1_220708_bike_239_20708.mp4,,train,,,,,,1920
aihub_train_00000015,TS_차대보행자_영상_횡단보도(신호등없음),car_vs_pedestrian,Ai_Hub,https://drive.google.com/uc?id=1CGRQvA_vksXITpYQjTLZaZIGnoTdOPTE,10.0,,,.mp4,bb_1_180129_pedestrian_113_238.mp4,15.0,150,2322591b0fcdccf6|2362353a5fcd08fa|23e2b73c2d0968fa|2336b72c6d874c5c|2336b72a6d874c4e,1080,aihub_source_suffix:113_238,,video,차대보행자_횡단보도(신호등없음),,,storage/vision/staging/per_label_300/raw/car_vs_pedestrian/aihub_train_00000015.mp4,True,,classification_frame_extraction,full_candidate,80536380b2b8b5cd6548ae8f8d9950e3483a9b28f995d9a406a8ffb72f6fb329,Ai_Hub/Train,Ai_Hub/Train/TS_차대보행자_영상_횡단보도(신호등없음)/bb_1_180129_pedestrian_113_238.mp4,,test,,,,,,1920
aihub_train_00003193,TS_차대자전거_영상_직선도로,car_vs_bicycle,Ai_Hub,https://drive.google.com/uc?id=1nRXdDGwcxf5KgeZMk5lcNRmGRonBzpjx,10.0,,,.mp4,bb_1_180629_bike_253_42128.mp4,15.0,150,9998625e1d307e9e|9dbc725301ba785c|8911727e9e6e1a9a|999972779467584a|999b7275966d504a,926,aihub_source_suffix:253_42128,,video,차대자전거_직선도로,,,storage/vision/staging/per_label_300/raw/car_vs_bicycle/aihub_train_00003193.mp4,True,,classification_frame_extraction,full_candidate,b34c7231197ba32cf6a682847deffdcc85497f62351e246ab07c58690bc36101,Ai_Hub/Train,Ai_Hub/Train/TS_차대자전거_영상_직선도로/bb_1_180629_bike_253_42128.mp4,,train,,,,,,1920
aihub_train_00003409,TS_차대자전거_영상_직선도로,car_vs_bicycle,Ai_Hub,https://drive.google.com/uc?id=1aC4Xc5g01uTw5pLzZftFQLI-NK838f9d,10.0,,,.mp4,bb_1_220216_bike_198_026.mp4,15.0,150,252129dbd9287faa|23b3a4dccd2f3528|232b2948dcdad7a6|21a36988da72d7ae|21a36188daead7b6,480,aihub_source_suffix:198_026,,video,차대자전거_직선도로,,,storage/vision/staging/per_label_300/raw/car_vs_bicycle/aihub_train_00003409.mp4,True,,classification_frame_extraction,full_candidate,25641c4d415b4487be1676e278c37657c895ed428174e04b3be19e1654ead572,Ai_Hub/Train,Ai_Hub/Train/TS_차대자전거_영상_직선도로/bb_1_220216_bike_198_026.mp4,,train,,,,,,640
aihub_train_00000678,TS_차대보행자_영상_횡단보도없음,car_vs_pedestrian,Ai_Hub,https://drive.google.com/uc?id=1Q8jlOcXdKx0tbPKQaAqiBMfYVSU9sQjS,10.0,,,.mp4,bb_3_150629_pedestrian_258_22458.mp4,15.0,150,818076767e18dc7e|818076767e78467e|818076767e58667e|818076767e58567e|818072767e785c7e,1080,aihub_source_suffix:258_22458,,video,차대보행자_횡단보도없음,,,storage/vision/staging/per_label_300/raw/car_vs_pedestrian/aihub_train_00000678.mp4,True,,classification_frame_extraction,full_candidate,61b90710595feafc38f5177d620ddf77148ed3c6bb811e3740ab1cbd6ac4360b,Ai_Hub/Train,Ai_Hub/Train/TS_차대보행자_영상_횡단보도없음/bb_3_150629_pedestrian_258_22458.mp4,,train,,,,,,1920
aihub_train_00000684,TS_차대보행자_영상_횡단보도없음,car_vs_pedestrian,Ai_Hub,https://drive.google.com/uc?id=14_xdzMhXJg7O3TNltVnT2HaI-XWCNs7o,10.0,,,.mp4,bb_3_160622_pedestrian_228_22139.mp4,15.0,150,919c4ec8e8667ef0|292cc6d2d66672f4|2b28dc96d67672c4|2b28dc96d67672c4|2b28dc96d67672c4,1080,aihub_source_suffix:228_22139,,video,차대보행자_횡단보도없음,,,storage/vision/staging/per_label_300/raw/car_vs_pedestrian/aihub_train_00000684.mp4,True,,classification_frame_extraction,full_candidate,84a47d9ff6831434a998e952f8507415ff9a5897199c1fbd82aaa970a652717f,Ai_Hub/Train,Ai_Hub/Train/TS_차대보행자_영상_횡단보도없음/bb_3_160622_pedestrian_228_22139.mp4,,train,,,,,,1920
aihub_train_00000180,TS_차대보행자_영상_횡단보도(신호등있음),car_vs_pedestrian,Ai_Hub,https://drive.google.com/uc?id=1lYPYdAGlRRaWR5QseNuvMmXc-kqWir4D,10.0,,,.mp4,bb_1_200209_pedestrian_48_002.mp4,15.0,150,333262db98ce6c66|a12652dff930e21e|2b28789ed677630c|212c74d1db5a5a9e|216c74d1db1a5e96,1080,aihub_source_suffix:48_002,,video,차대보행자_횡단보도(신호등있음),,,storage/vision/staging/per_label_300/raw/car_vs_pedestrian/aihub_train_00000180.mp4,True,,classification_frame_extraction,full_candidate,c1957aedeed52793f4f8a30739c16c6e557dcb4a27dd470899de8d0225eda785,Ai_Hub/Train,Ai_Hub/Train/TS_차대보행자_영상_횡단보도(신호등있음)/bb_1_200209_pedestrian_48_002.mp4,,train,,,,,,1920
aihub_train_00002953,TS_차대자전거_영상_직선도로,car_vs_bicycle,Ai_Hub,https://drive.google.com/uc?id=1b_qZCMaotSTiQbJZ23BpMTjNKxD7bw0j,10.0,,,.mp4,bb_1_120514_bike_248_22138.mp4,15.0,150,8b9f666c78d8c2c2|939fa4667c78c1c2|9b97666c7878c1c2|9f97666c7848c3c2|9b96266c78d8cbc2,1080,aihub_source_suffix:248_22138,,video,차대자전거_직선도로,,,storage/vision/staging/per_label_300/raw/car_vs_bicycle/aihub_train_00002953.mp4,True,,classification_frame_extraction,full_candidate,ab1fa76b3cc6b0b04f0174cb6ad4f6545f5e368b413fe115b04095f3d47f6b53,Ai_Hub/Train,Ai_Hub/Train/TS_차대자전거_영상_직선도로/bb_1_120514_bike_248_22138.mp4,,train,,,,,,1920
aihub_train_00003042,TS_차대자전거_영상_직선도로,car_vs_bicycle,Ai_Hub,https://drive.google.com/uc?id=10z33ty3VvJS36T5oPWU6AKyXDviOEmg0,10.0,,,.mp4,bb_1_160307_bike_199_052.mp4,15.0,150,838f3b622fedc038|c1c73d3b23a2f246|5d49282cb72737b2|5d49082da7b717b2|5d492c2d27a735b2,1080,aihub_source_suffix:199_052,,video,차대자전거_직선도로,,,storage/vision/staging/per_label_300/raw/car_vs_bicycle/aihub_train_00003042.mp4,True,,classification_frame_extraction,full_candidate,29dcdd64aacae5157838bbc32adaadb3c2bcd8fb8bf154e8155b9f7c807c2c36,Ai_Hub/Train,Ai_Hub/Train/TS_차대자전거_영상_직선도로/bb_1_160307_bike_199_052.mp4,,test,,,,,,1920
aihub_train_00000413,TS_차대보행자_영상_횡단보도없음,car_vs_pedestrian,Ai_Hub,https://drive.google.com/uc?id=1IXb1Jd_0S-w9HUIBZ7y-7j3OeuvBw2R8,10.0,,,.mp4,bb_1_160515_pedestrian_148_208.mp4,15.0,150,be624198f96307bc|a67659884d2727ba|9678c7ec07b33906|1ab06d6ee74cb11a|9a3075ce67649f18,1080,aihub_source_suffix:148_208,,video,차대보행자_횡단보도없음,,,storage/vision/staging/per_label_300/raw/car_vs_pedestrian/aihub_train_00000413.mp4,True,,classification_frame_extraction,full_candidate,ce31215c57f01b614b3fc0dd0eedd347a7558a11d7a7216a37108921ec395ceb,Ai_Hub/Train,Ai_Hub/Train/TS_차대보행자_영상_횡단보도없음/bb_1_160515_pedestrian_148_208.mp4,,train,,,,,,1920
aihub_train_00002915,TS_차대자전거_영상_사거리교차로(신호등있음),car_vs_bicycle,Ai_Hub,https://drive.google.com/uc?id=1p1Ht4955P8k2-befdyu8pu_xP2JLnUnx,10.0,,,.mp4,bb_3_160726_bike_223_23430.mp4,15.0,150,8181813c6e7efde8|8181813c6e7efde8|a181812c5e7ef7ca|a181812e5edef7a8|8381812e7edce778,926,aihub_source_suffix:223_23430,,video,차대자전거_사거리교차로(신호등있음),,,storage/vision/staging/per_label_300/raw/car_vs_bicycle/aihub_train_00002915.mp4,True,,classification_frame_extraction,full_candidate,e846a76b588e0e85785656b2ccab5d91e08a21497021a0d7e091c8e00fc1fcfe,Ai_Hub/Train,Ai_Hub/Train/TS_차대자전거_영상_사거리교차로(신호등있음)/bb_3_160726_bike_223_23430.mp4,,train,,,,,,1920
aihub_train_00000212,TS_차대보행자_영상_횡단보도(신호등있음),car_vs_pedestrian,Ai_Hub,https://drive.google.com/uc?id=1BMWKJMpoEdg2T2mRZibpiCeFx5VmcK7f,10.0,,,.mp4,bb_1_220409_pedestrian_245_21728.mp4,15.0,150,92798ec8739279c6|8665253c678f3786|92738ecc6d8e7192|82c03e3eedc3e1c6|e1e10e3e1e3e3bc0,926,aihub_source_suffix:245_21728,,video,차대보행자_횡단보도(신호등있음),,,storage/vision/staging/per_label_300/raw/car_vs_pedestrian/aihub_train_00000212.mp4,True,,classification_frame_extraction,full_candidate,b7987bd36c69b4efb729db9d52396aac7babfc37754202fb2eddf2afe53998a1,Ai_Hub/Train,Ai_Hub/Train/TS_차대보행자_영상_횡단보도(신호등있음)/bb_1_220409_pedestrian_245_21728.mp4,,train,,,,,,1920
aihub_train_00000494,TS_차대보행자_영상_횡단보도없음,car_vs_pedestrian,Ai_Hub,https://drive.google.com/uc?id=1SGvYj2Kb-feS1AeHZNk-AJVgMprfRQPX,10.0,,,.mp4,bb_1_181103_pedestrian_142_250.mp4,15.0,150,e6da313cfe85019a|e0f27f3cbd4d6080|f4f2fb3c350221d2|96fef310ec54e908|9ad8752707f82d1c,612,aihub_source_suffix:142_250,,video,차대보행자_횡단보도없음,,,storage/vision/staging/per_label_300/raw/car_vs_pedestrian/aihub_train_00000494.mp4,True,,classification_frame_extraction,full_candidate,117ba6e47db999b268694ca87c06566f2bab739f1c7939c2e15a790234599eb3,Ai_Hub/Train,Ai_Hub/Train/TS_차대보행자_영상_횡단보도없음/bb_1_181103_pedestrian_142_250.mp4,,train,,,,,,1184
aihub_train_00002992,TS_차대자전거_영상_직선도로,car_vs_bicycle,Ai_Hub,https://drive.google.com/uc?id=1myvxKU-_mK7javOHTGchKXEKnSpFztgj,10.0,,,.mp4,bb_1_140813_bike_142_270.mp4,15.0,150,2baba38c5752f170|2b83c3a871d0d776|a5e76b92531a1d1c|0f8f2734f1c85972|0f9fa724f5585b02,1080,aihub_source_suffix:142_270,,video,차대자전거_직선도로,,,storage/vision/staging/per_label_300/raw/car_vs_bicycle/aihub_train_00002992.mp4,True,,classification_frame_extraction,full_candidate,1f2914a95ebf3c4ca461269b950d7d076d63fc4732754b9980a21994d49750b6,Ai_Hub/Train,Ai_Hub/Train/TS_차대자전거_영상_직선도로/bb_1_140813_bike_142_270.mp4,,test,,,,,,1920
aihub_train_00003318,TS_차대자전거_영상_직선도로,car_vs_bicycle,Ai_Hub,https://drive.google.com/uc?id=10Cxbq8z3L5JmiY8WMb6WEsBuSuJ-QJtg,10.0,,,.mp4,bb_1_201121_bike_143_180.mp4,15.0,150,03036c6cf696d67a|81806a5e7e5ef474|0382e85cd6d67e78|010ab8d4fed4f6b4|0100b4dcfcf6dcf2,1080,aihub_source_suffix:143_180,,video,차대자전거_직선도로,,,storage/vision/staging/per_label_300/raw/car_vs_bicycle/aihub_train_00003318.mp4,True,,classification_frame_extraction,full_candidate,0d1f62be35aba398027da735e67d70f83ff86e1d5f570eb0d737982c054f1214,Ai_Hub/Train,Ai_Hub/Train/TS_차대자전거_영상_직선도로/bb_1_201121_bike_143_180.mp4,,train,,,,,,1920
aihub_train_00000472,TS_차대보행자_영상_횡단보도없음,car_vs_pedestrian,Ai_Hub,https://drive.google.com/uc?id=1B9VC9gGuhI3HPg3HGb4lGVoMFR72FHtn,10.0,,,.mp4,bb_1_180412_pedestrian_225_21922.mp4,15.0,150,2b6ad495176b68b8|12766d4996a6ecb4|b524cadb9f8ce230|b5644adb8f24e272|b5644adb8f8cc272,1080,aihub_source_suffix:225_21922,,video,차대보행자_횡단보도없음,,,storage/vision/staging/per_label_300/raw/car_vs_pedestrian/aihub_train_00000472.mp4,True,,classification_frame_extraction,full_candidate,748fdb9796eea0dda17e7ffc2ef5718b621448c365b92a40bdfce6d04a5c946d,Ai_Hub/Train,Ai_Hub/Train/TS_차대보행자_영상_횡단보도없음/bb_1_180412_pedestrian_225_21922.mp4,,train,,,,,,1920
aihub_train_00003141,TS_차대자전거_영상_직선도로,car_vs_bicycle,Ai_Hub,https://drive.google.com/uc?id=1hIWyFyOlHYX4YuNKmt8HQmv_QCHYYQU0,10.0,,,.mp4,bb_1_170815_bike_130_238.mp4,15.0,150,db9b6d645545813c|61019f9ef5eb6244|5f5f1f1243e50534|e7ed4d42f2b08694|efed4d42f2b08286,664,aihub_source_suffix:130_238,,video,차대자전거_직선도로,,,storage/vision/staging/per_label_300/raw/car_vs_bicycle/aihub_train_00003141.mp4,True,,classification_frame_extraction,full_candidate,b8f0cba545f96cae56b4096bffc745b288ea7c72b514d13ee07075e626c6ce26,Ai_Hub/Train,Ai_Hub/Train/TS_차대자전거_영상_직선도로/bb_1_170815_bike_130_238.mp4,,test,,,,,,1128
aihub_train_00002988,TS_차대자전거_영상_직선도로,car_vs_bicycle,Ai_Hub,https://drive.google.com/uc?id=1DzJ70-zGph_RugYMFTERwIB0QwoAypuS,10.0,,,.mp4,bb_1_140609_bike_204_22443.mp4,15.0,150,81887f20767e5e66|8180ed4e76727a76|9998cdc46666666e|9998e5c66662666e|9998edc66662646e,1080,aihub_source_suffix:204_22443,,video,차대자전거_직선도로,,,storage/vision/staging/per_label_300/raw/car_vs_bicycle/aihub_train_00002988.mp4,True,,classification_frame_extraction,full_candidate,44ddba10b9e7db10f2875891a51f28904699c182e6fee3bb672d4daa049f475a,Ai_Hub/Train,Ai_Hub/Train/TS_차대자전거_영상_직선도로/bb_1_140609_bike_204_22443.mp4,,train,,,,,,1920
aihub_train_00000625,TS_차대보행자_영상_횡단보도없음,car_vs_pedestrian,Ai_Hub,https://drive.google.com/uc?id=12qYviOxy_yqKNQmC3VK2K98CsNYAsJEA,10.0,,,.mp4,bb_1_210702_pedestrian_315_107.mp4,15.0,150,931f2c472a6b467a|999b12e7a6adac0a|99990a6f26d926f8|99911a67263d6e72|99992a7f26592678,1080,aihub_source_suffix:315_107,,video,차대보행자_횡단보도없음,,,storage/vision/staging/per_label_300/raw/car_vs_pedestrian/aihub_train_00000625.mp4,True,,classification_frame_extraction,full_candidate,73b224ad888d2e6cbb8a6dfb47e66adbeebadfbb2f5c0bf51bc521f38bb7c71c,Ai_Hub/Train,Ai_Hub/Train/TS_차대보행자_영상_횡단보도없음/bb_1_210702_pedestrian_315_107.mp4,,train,,,,,,1920
aihub_train_00000214,TS_차대보행자_영상_횡단보도(신호등있음),car_vs_pedestrian,Ai_Hub,https://drive.google.com/uc?id=1G1h382yd8kbSwTqPIIsDHr3GxxNG3VDY,10.0,,,.mp4,bb_1_220727_pedestrian_239_22304.mp4,15.0,150,a59f923ba4279338|134aa8bb5f54b4ac|878b9f1ed9e1a124|0d0da9adda73256c|cdf9398e30021fbc,926,aihub_source_suffix:239_22304,,video,차대보행자_횡단보도(신호등있음),,,storage/vision/staging/per_label_300/raw/car_vs_pedestrian/aihub_train_00000214.mp4,True,,classification_frame_extraction,full_candidate,ca495e295feba09108d2d68c18b13f3172085e4601bab7e24a14159bd2c7a5bd,Ai_Hub/Train,Ai_Hub/Train/TS_차대보행자_영상_횡단보도(신호등있음)/bb_1_220727_pedestrian_239_22304.mp4,,train,,,,,,1920
aihub_train_00002793,TS_차대자전거_영상_사거리교차로(신호등없음),car_vs_bicycle,Ai_Hub,https://drive.google.com/uc?id=1SbJupHArMA8BlYaVKbdm8EQlm_UypWt_,10.0,,,.mp4,bb_1_210705_bike_205_22220.mp4,15.0,150,81806c7c7a7e5ed2|0380f4d4787e5e7a|8382d47c7c74d45e|0382d47c6cf4d67c|0382d47c7cf4d65c,1080,aihub_source_suffix:205_22220,,video,차대자전거_사거리교차로(신호등없음),,,storage/vision/staging/per_label_300/raw/car_vs_bicycle/aihub_train_00002793.mp4,True,,classification_frame_extraction,full_candidate,a21b24342e61f79bf87934e5055ffca05863d96d2f0f6f23c0423a011f62c7b7,Ai_Hub/Train,Ai_Hub/Train/TS_차대자전거_영상_사거리교차로(신호등없음)/bb_1_210705_bike_205_22220.mp4,,train,,,,,,1920
aihub_train_00003277,TS_차대자전거_영상_직선도로,car_vs_bicycle,Ai_Hub,https://drive.google.com/uc?id=1bGDjgSFURX9bcIvIYQ8EMvjLAS9TBGV0,10.0,,,.mp4,bb_1_200123_bike_29_010.mp4,15.0,150,8b83c5c45c1abdae|83836be2f499c98e|8980d3e6661cfdb2|8180e5a4761f9bde|b992f16474196dc6,1080,aihub_source_suffix:29_010,,video,차대자전거_직선도로,,,storage/vision/staging/per_label_300/raw/car_vs_bicycle/aihub_train_00003277.mp4,True,,classification_frame_extraction,full_candidate,a80f9cbfedbccd322d40c116eea944d408608fe340f6b0ed46a4c914ab36d0af,Ai_Hub/Train,Ai_Hub/Train/TS_차대자전거_영상_직선도로/bb_1_200123_bike_29_010.mp4,,train,,,,,,1920
aihub_train_00000487,TS_차대보행자_영상_횡단보도없음,car_vs_pedestrian,Ai_Hub,https://drive.google.com/uc?id=1k1rK1S-MOUzzY-I2fR3OlUzXYaw3Qa15,10.0,,,.mp4,bb_1_180711_pedestrian_250_21717.mp4,15.0,150,a180d67a7cbcd4d2|0988d6767c9c96f2|8188e8f67e1e1ee2|8988d4767e1c16f6|8988d4767e1e36e2,1080,aihub_source_suffix:250_21717,,video,차대보행자_횡단보도없음,,,storage/vision/staging/per_label_300/raw/car_vs_pedestrian/aihub_train_00000487.mp4,True,,classification_frame_extraction,full_candidate,dfe2d7b7ae1464d184d2c12bfaef1a833b7cab7ec22383476cdba9c3b0d0335f,Ai_Hub/Train,Ai_Hub/Train/TS_차대보행자_영상_횡단보도없음/bb_1_180711_pedestrian_250_21717.mp4,,train,,,,,,1920
aihub_train_00002729,TS_차대자전거_영상_사거리교차로(신호등없음),car_vs_bicycle,Ai_Hub,https://drive.google.com/uc?id=1tmCeAapuw2Csy25s-I-MvVeaUW6nFKSZ,10.0,,,.mp4,bb_1_171107_bike_120_120.mp4,15.0,150,9d90e26e26778ba8|8180eee666779f82|9988ee6e662787a2|9980e66e26278fba|9980e26e26278fbe,1080,aihub_source_suffix:120_120,,video,차대자전거_사거리교차로(신호등없음),,,storage/vision/staging/per_label_300/raw/car_vs_bicycle/aihub_train_00002729.mp4,True,,classification_frame_extraction,full_candidate,08b70fcaa0ca7bc8839c28aafd6443ac8f8e71de9c80f98dc15da07c3fe67652,Ai_Hub/Train,Ai_Hub/Train/TS_차대자전거_영상_사거리교차로(신호등없음)/bb_1_171107_bike_120_120.mp4,,train,,,,,,1920
aihub_train_00000130,TS_차대보행자_영상_횡단보도(신호등있음),car_vs_pedestrian,Ai_Hub,https://drive.google.com/uc?id=1gJIJsmd5kuNhasGnr5GEyxZM21WbUWxd,10.0,,,.mp4,bb_1_160710_pedestrian_116_255.mp4,15.0,150,a4b5c6689f06e59a|a8a7c66ad38665d2|2987e44a951ea5de|0b0fc65a9b86ad96|9b4bc4535b9665a4,1080,aihub_source_suffix:116_255,,video,차대보행자_횡단보도(신호등있음),,,storage/vision/staging/per_label_300/raw/car_vs_pedestrian/aihub_train_00000130.mp4,True,,classification_frame_extraction,full_candidate,735eb798a517a483aa9c8fbb2b60ff70c4ef66b08ac1125ff730c6f9e2fde5f1,Ai_Hub/Train,Ai_Hub/Train/TS_차대보행자_영상_횡단보도(신호등있음)/bb_1_160710_pedestrian_116_255.mp4,,val,,,,,,1920
aihub_train_00000165,TS_차대보행자_영상_횡단보도(신호등있음),car_vs_pedestrian,Ai_Hub,https://drive.google.com/uc?id=1DQ-gXHwpIwB-q6ia_WB8PsHF2G4d0bzb,10.0,,,.mp4,bb_1_190225_pedestrian_117_198.mp4,15.0,150,93132b34746e84fe|9b914b266e6e646c|bd91f70666ce4078|9d952d22726a467e|9d8d6862726246fe,1080,aihub_source_suffix:117_198,,video,차대보행자_횡단보도(신호등있음),,,storage/vision/staging/per_label_300/raw/car_vs_pedestrian/aihub_train_00000165.mp4,True,,classification_frame_extraction,full_candidate,8edd5afe9f5032806786bb6514cada1f85c59261e08ca4c33d2533b6ce1d3470,Ai_Hub/Train,Ai_Hub/Train/TS_차대보행자_영상_횡단보도(신호등있음)/bb_1_190225_pedestrian_117_198.mp4,,train,,,,,,1920
aihub_train_00002905,TS_차대자전거_영상_사거리교차로(신호등있음),car_vs_bicycle,Ai_Hub,https://drive.google.com/uc?id=1EN5DxvlkzHpqbmlf_rZhW-6e62kfLy9q,10.0,,,.mp4,bb_3_140726_bike_19_001.mp4,15.0,150,b462739ade25e4c8|bc6f23901027f3ec|be6f23100807f7bc|be6f27104007f5ec|be6f23104015f7ec,1080,aihub_source_suffix:19_001,,video,차대자전거_사거리교차로(신호등있음),,,storage/vision/staging/per_label_300/raw/car_vs_bicycle/aihub_train_00002905.mp4,True,,classification_frame_extraction,full_candidate,e13898d9d4c55dfd7925642747f517311f48416cc6da7753e020d189c1afd517,Ai_Hub/Train,Ai_Hub/Train/TS_차대자전거_영상_사거리교차로(신호등있음)/bb_3_140726_bike_19_001.mp4,,train,,,,,,1920
aihub_train_00000348,TS_차대보행자_영상_횡단보도(신호등있음)부근,car_vs_pedestrian,Ai_Hub,https://drive.google.com/uc?id=1RQHLOvii-ALq2z-4d8RtjAFnhOZzponZ,10.0,,,.mp4,bb_1_200622_pedestrian_40_002.mp4,15.0,150,0e42c79e23e5ec3a|1646c59d3aec6d32|0ae6f50b969d4972|0ae6f50b949d6b38|0ae6fd0a949d6a72,1080,aihub_source_suffix:40_002,,video,차대보행자_횡단보도(신호등있음)부근,,,storage/vision/staging/per_label_300/raw/car_vs_pedestrian/aihub_train_00000348.mp4,True,,classification_frame_extraction,full_candidate,c36aeb72f2f1e71064322a39ffdc535e88bc5abcae44eecdd07eae9f0fa01a24,Ai_Hub/Train,Ai_Hub/Train/TS_차대보행자_영상_횡단보도(신호등있음)부근/bb_1_200622_pedestrian_40_002.mp4,,train,,,,,,1920
aihub_train_00000416,TS_차대보행자_영상_횡단보도없음,car_vs_pedestrian,Ai_Hub,https://drive.google.com/uc?id=1pxja7Rgd-nPHxjOTsZVcJ5jVfyNWToeY,10.0,,,.mp4,bb_1_160705_pedestrian_236_21839.mp4,15.0,150,34dadb36c93462ca|24cad33acd34dad8|2464dadadb32cf24|36c8db32cd32d8cc|24db3d26db24c2dc,1080,aihub_source_suffix:236_21839,,video,차대보행자_횡단보도없음,,,storage/vision/staging/per_label_300/raw/car_vs_pedestrian/aihub_train_00000416.mp4,True,,classification_frame_extraction,full_candidate,871eb2a7c56dc5c16fdb568e0a14abd6dd11e9c3db1478dc15f16b46f455ff7e,Ai_Hub/Train,Ai_Hub/Train/TS_차대보행자_영상_횡단보도없음/bb_1_160705_pedestrian_236_21839.mp4,,train,,,,,,1920
aihub_train_00000037,TS_차대보행자_영상_횡단보도(신호등없음),car_vs_pedestrian,Ai_Hub,https://drive.google.com/uc?id=1lXMOLM1rl3Z5_zYgx9jH1i8mnnTNrmpR,10.0,,,.mp4,bb_1_200424_pedestrian_205_21499.mp4,15.0,150,24d2db2cd2b72d64|36d8cb26d8c86736|366cdb12646d925e|32cccd32ce4f3398|32cccd32ce4f3398,1080,aihub_source_suffix:205_21499,,video,차대보행자_횡단보도(신호등없음),,,storage/vision/staging/per_label_300/raw/car_vs_pedestrian/aihub_train_00000037.mp4,True,,classification_frame_extraction,full_candidate,d4f59a836b5ad3e50b76584817473a7fcd5d984f82bf02b6078cf6454fce68bb,Ai_Hub/Train,Ai_Hub/Train/TS_차대보행자_영상_횡단보도(신호등없음)/bb_1_200424_pedestrian_205_21499.mp4,,train,,,,,,1920
aihub_train_00000439,TS_차대보행자_영상_횡단보도없음,car_vs_pedestrian,Ai_Hub,https://drive.google.com/uc?id=1sAHzxMPyEcUYyXB4Iq5ikWv6nx-Dszaq,10.0,,,.mp4,bb_1_170501_pedestrian_111_051.mp4,15.0,150,891e3726685d9dca|393ed585686bb0e2|890ba726e47d28de|890db1b2f0753cce|890db1b2f0752cde,1080,aihub_source_suffix:111_051,,video,차대보행자_횡단보도없음,,,storage/vision/staging/per_label_300/raw/car_vs_pedestrian/aihub_train_00000439.mp4,True,,classification_frame_extraction,full_candidate,137b9d9176b3bb58143c23b3c17165edb460f4ff4235fa91b3956abbcb185afd,Ai_Hub/Train,Ai_Hub/Train/TS_차대보행자_영상_횡단보도없음/bb_1_170501_pedestrian_111_051.mp4,,train,,,,,,1920
aihub_train_00003485,TS_차대자전거_영상_직선도로,car_vs_bicycle,Ai_Hub,https://drive.google.com/uc?id=1SHQKGI-48mC18ax-cJYUVjP6Gm7ZzSJn,10.0,,,.mp4,bb_3_131120_bike_142_278.mp4,15.0,150,478b8f4d7e28b416|478b8f5d7c28b416|4d8faf657228b514|4f8b8f1d7c28a712|478f8f1d5f28a416,1080,aihub_source_suffix:142_278,,video,차대자전거_직선도로,,,storage/vision/staging/per_label_300/raw/car_vs_bicycle/aihub_train_00003485.mp4,True,,classification_frame_extraction,full_candidate,e2d458096e13087cd1cb83fe99e94f33221105b1460b7e138136201ad9b0114b,Ai_Hub/Train,Ai_Hub/Train/TS_차대자전거_영상_직선도로/bb_3_131120_bike_142_278.mp4,,train,,,,,,1920
aihub_train_00000464,TS_차대보행자_영상_횡단보도없음,car_vs_pedestrian,Ai_Hub,https://drive.google.com/uc?id=1iyXqtkpNnOzwA0NoHdroYOppTfHX20SV,10.0,,,.mp4,bb_1_180305_pedestrian_147_166.mp4,15.0,150,0b1a9796d6a278f8|191e8beae3a6e8b0|29888fa4f2f27c96|0b08cdae73b0f2f4|19dccf2ae3c17898,1080,aihub_source_suffix:147_166,,video,차대보행자_횡단보도없음,,,storage/vision/staging/per_label_300/raw/car_vs_pedestrian/aihub_train_00000464.mp4,True,,classification_frame_extraction,full_candidate,c766c9d6e14f660ade85e94d794cf695d27480f3982f1de31ccb3c1d93f414d3,Ai_Hub/Train,Ai_Hub/Train/TS_차대보행자_영상_횡단보도없음/bb_1_180305_pedestrian_147_166.mp4,,test,,,,,,1920
aihub_train_00003129,TS_차대자전거_영상_직선도로,car_vs_bicycle,Ai_Hub,https://drive.google.com/uc?id=1mmxru-Ul6eTmZ1NYSlRUD4G7jcBtIDKL,10.0,,,.mp4,bb_1_170706_bike_111_007.mp4,15.0,150,293af6d4c4c4dcd8|83807c58785e5e7e|2b82d0b4f47c7c72|2b82dc1c747c7c72|2b82dc1cf47c3c72,1080,aihub_source_suffix:111_007,,video,차대자전거_직선도로,,,storage/vision/staging/per_label_300/raw/car_vs_bicycle/aihub_train_00003129.mp4,True,,classification_frame_extraction,full_candidate,c5481ff84a882d807dce84aa4a63052771e285290764d7fab34e11300dab4d07,Ai_Hub/Train,Ai_Hub/Train/TS_차대자전거_영상_직선도로/bb_1_170706_bike_111_007.mp4,,train,,,,,,1920
aihub_train_00002994,TS_차대자전거_영상_직선도로,car_vs_bicycle,Ai_Hub,https://drive.google.com/uc?id=1zuA9HqOmTLjUooE95EfclNujWr60lyJu,10.0,,,.mp4,bb_1_140824_bike_149_161.mp4,15.0,150,89cd9fea7c304326|9198cdce76327e22|9b9b9fec47c3d000|9b9aafce47e3d000|9b9aafce47e3d000,1080,aihub_source_suffix:149_161,,video,차대자전거_직선도로,,,storage/vision/staging/per_label_300/raw/car_vs_bicycle/aihub_train_00002994.mp4,True,,classification_frame_extraction,full_candidate,ce99cfa083a17ce4d03b82438051f6151d1463b62dbac2aba42753e02c6552a2,Ai_Hub/Train,Ai_Hub/Train/TS_차대자전거_영상_직선도로/bb_1_140824_bike_149_161.mp4,,test,,,,,,1920
aihub_train_00003046,TS_차대자전거_영상_직선도로,car_vs_bicycle,Ai_Hub,https://drive.google.com/uc?id=1TK4L3GpPYD-6eimBJxKONGvkqO82UlFx,10.0,,,.mp4,bb_1_160411_bike_244_21765.mp4,15.0,150,2108ded4f43c5cf6|2b28d4d47e34d4f4|2b28d4d4f4345e5e|2b28c4d6d4365ef4|2b2ad0d474f6dc70,1080,aihub_source_suffix:244_21765,,video,차대자전거_직선도로,,,storage/vision/staging/per_label_300/raw/car_vs_bicycle/aihub_train_00003046.mp4,True,,classification_frame_extraction,full_candidate,f198694514cf1098b02990f9cca7082b48580746d1217983f252b7ec15b866e6,Ai_Hub/Train,Ai_Hub/Train/TS_차대자전거_영상_직선도로/bb_1_160411_bike_244_21765.mp4,,val,,,,,,1920
aihub_train_00000315,TS_차대보행자_영상_횡단보도(신호등있음)부근,car_vs_pedestrian,Ai_Hub,https://drive.google.com/uc?id=1j649FTAM6RHqltQcEw6X50SCJ9tqNx3m,10.0,,,.mp4,bb_1_180601_pedestrian_124_202.mp4,15.0,150,37372737c84cc0dc|333276d594cf68c8|b85e638d98db2784|37372796cc58c2d8|2f29252ccc76d39a,1080,aihub_source_suffix:124_202,,video,차대보행자_횡단보도(신호등있음)부근,,,storage/vision/staging/per_label_300/raw/car_vs_pedestrian/aihub_train_00000315.mp4,True,,classification_frame_extraction,full_candidate,61e57b8f8252ad9aa64d4610e46508a80f2993d39db7da031544721146de5a5a,Ai_Hub/Train,Ai_Hub/Train/TS_차대보행자_영상_횡단보도(신호등있음)부근/bb_1_180601_pedestrian_124_202.mp4,,test,,,,,,1920
aihub_train_00000326,TS_차대보행자_영상_횡단보도(신호등있음)부근,car_vs_pedestrian,Ai_Hub,https://drive.google.com/uc?id=1MUojrsP1yVab2ddsn1L8kRT51KOPuQiI,10.0,,,.mp4,bb_1_181230_pedestrian_147_159.mp4,15.0,150,999c66c732591d3a|9f8ece6272713198|818587b67adaf1c4|818587be72da9bc8|8185a7a65edaf18c,1080,aihub_source_suffix:147_159,,video,차대보행자_횡단보도(신호등있음)부근,,,storage/vision/staging/per_label_300/raw/car_vs_pedestrian/aihub_train_00000326.mp4,True,,classification_frame_extraction,full_candidate,1809bdcd6a1fe8e4af86a611d7cb130efe9a0e52c5423c70c0d69fe3fee3fb08,Ai_Hub/Train,Ai_Hub/Train/TS_차대보행자_영상_횡단보도(신호등있음)부근/bb_1_181230_pedestrian_147_159.mp4,,train,,,,,,1920
aihub_train_00002943,TS_차대자전거_영상_직선도로,car_vs_bicycle,Ai_Hub,https://drive.google.com/uc?id=1C2YkrLbFcPO6LBhHw-NxQE71y8psOEaN,10.0,,,.mp4,bb_1_091207_bike_48_060.mp4,15.0,150,9b96e6e664685878|a1a5c6c6c278787e|39296bc6c6d2f03c|2b2a6ec6c4f2f078|3b2a6ec4c4f2f078,1080,aihub_source_suffix:48_060,,video,차대자전거_직선도로,,,storage/vision/staging/per_label_300/raw/car_vs_bicycle/aihub_train_00002943.mp4,True,,classification_frame_extraction,full_candidate,06912cc82bd8c91e866311b7c29ba7f65acab5fac9a26e1f377dfc8523e5c126,Ai_Hub/Train,Ai_Hub/Train/TS_차대자전거_영상_직선도로/bb_1_091207_bike_48_060.mp4,,train,,,,,,1920
aihub_train_00002895,TS_차대자전거_영상_사거리교차로(신호등있음),car_vs_bicycle,Ai_Hub,https://drive.google.com/uc?id=1nVUr-zLE5LS33CzCN_BLsqnp0raNQvbe,10.0,,,.mp4,bb_1_220117_bike_157_032.mp4,15.0,150,393898dce6e6d2d0|fb5a0b0aaeb434a6|8d8a62727d6c706e|3330ccccce66ceca|3734c8c8ce66ceca,1080,aihub_source_suffix:157_032,,video,차대자전거_사거리교차로(신호등있음),,,storage/vision/staging/per_label_300/raw/car_vs_bicycle/aihub_train_00002895.mp4,True,,classification_frame_extraction,full_candidate,f916717ad6417ff14b6bd7639760c6ab25f6423227928febfc4f73d3ab33e054,Ai_Hub/Train,Ai_Hub/Train/TS_차대자전거_영상_사거리교차로(신호등있음)/bb_1_220117_bike_157_032.mp4,,train,,,,,,1920
aihub_train_00000217,TS_차대보행자_영상_횡단보도(신호등있음),car_vs_pedestrian,Ai_Hub,https://drive.google.com/uc?id=1jCu0wjt8gAS4oShk1OsEfh18RyYWpwHd,10.0,,,.mp4,bb_1_220823_pedestrian_192_123.mp4,15.0,150,92f06f8c7983b278|0667653c79a68736|9272638c7dc6ce38|80c07e3e7fc43bb0|a0c0e53e1e8e3f3a,1080,aihub_source_suffix:192_123,,video,차대보행자_횡단보도(신호등있음),,,storage/vision/staging/per_label_300/raw/car_vs_pedestrian/aihub_train_00000217.mp4,True,,classification_frame_extraction,full_candidate,7dc9a84ef7e1e8990ab6ae133caf7574adbe74ace1b22db801adae742481d077,Ai_Hub/Train,Ai_Hub/Train/TS_차대보행자_영상_횡단보도(신호등있음)/bb_1_220823_pedestrian_192_123.mp4,,train,,,,,,1920
aihub_train_00000523,TS_차대보행자_영상_횡단보도없음,car_vs_pedestrian,Ai_Hub,https://drive.google.com/uc?id=1d5PoZWcDNhDQBS-K03Z2jqn8RjLaGakV,10.0,,,.mp4,bb_1_190521_pedestrian_213_20293.mp4,15.0,150,8b88e0363e7e7466|2392c2cc7c6c7c5e|2b1395accd6ed4c4|6a4ba724d6f43594|0adbc32cc4b636bc,1080,aihub_source_suffix:213_20293,,video,차대보행자_횡단보도없음,,,storage/vision/staging/per_label_300/raw/car_vs_pedestrian/aihub_train_00000523.mp4,True,,classification_frame_extraction,full_candidate,deb5101d8a97aaae647ba54530e0694c329890aa2fac02b66f99a768d8879e5b,Ai_Hub/Train,Ai_Hub/Train/TS_차대보행자_영상_횡단보도없음/bb_1_190521_pedestrian_213_20293.mp4,,val,,,,,,1920
aihub_train_00003037,TS_차대자전거_영상_직선도로,car_vs_bicycle,Ai_Hub,https://drive.google.com/uc?id=1E3d7Qvc7VD9lP-ETcoBEL22MibocdQrY,10.0,,,.mp4,bb_1_151129_bike_149_217.mp4,15.0,150,0d6c633798d9c762|2f8ff3b170c01b2a|313939393cccce9c|33337b2b2a6f841c|978dc5b1b0753526,1080,aihub_source_suffix:149_217,,video,차대자전거_직선도로,,,storage/vision/staging/per_label_300/raw/car_vs_bicycle/aihub_train_00003037.mp4,True,,classification_frame_extraction,full_candidate,26707496c6d91b76f62b813dd92dfee0c0c0c39125fe14b34d21c307b16392c8,Ai_Hub/Train,Ai_Hub/Train/TS_차대자전거_영상_직선도로/bb_1_151129_bike_149_217.mp4,,val,,,,,,1920
aihub_train_00003302,TS_차대자전거_영상_직선도로,car_vs_bicycle,Ai_Hub,https://drive.google.com/uc?id=1MqI4b79zXEfMrHWd4vxipB0HkVsBN6lT,10.0,,,.mp4,bb_1_200806_bike_125_275.mp4,15.0,150,2121d2cebd8d376a|830920ecdfc3bf0e|812b7b629ec5b51a|29a9834abe05fdca|93a3ed94b625e988,1080,aihub_source_suffix:125_275,,video,차대자전거_직선도로,,,storage/vision/staging/per_label_300/raw/car_vs_bicycle/aihub_train_00003302.mp4,True,,classification_frame_extraction,full_candidate,43a128fd7bb11541f0489c1a9508dabd4bfd51adeb53e7ebb473e3af10ee78f6,Ai_Hub/Train,Ai_Hub/Train/TS_차대자전거_영상_직선도로/bb_1_200806_bike_125_275.mp4,,train,,,,,,1920
aihub_train_00003545,TS_차대자전거_영상_직선도로,car_vs_bicycle,Ai_Hub,https://drive.google.com/uc?id=1xguXiaMi6XRSU-AmkuDY5h3UIfWCLBhX,10.0,,,.mp4,bb_3_211118_bike_143_091.mp4,15.0,150,2b0ad2f4c86e4eda|2736d39ac864e49e|2b6a64b4b4d6d61c|2b4aecb4b4d4d2b2|2b4af2b4b4d4d698,1080,aihub_source_suffix:143_091,,video,차대자전거_직선도로,,,storage/vision/staging/per_label_300/raw/car_vs_bicycle/aihub_train_00003545.mp4,True,,classification_frame_extraction,full_candidate,0b0fc697a4deaf2f93de4c2f011c42d808aa6f27d5d79b2cb39940ebace00e27,Ai_Hub/Train,Ai_Hub/Train/TS_차대자전거_영상_직선도로/bb_3_211118_bike_143_091.mp4,,train,,,,,,1920
aihub_train_00003365,TS_차대자전거_영상_직선도로,car_vs_bicycle,Ai_Hub,https://drive.google.com/uc?id=1ldxhIVBBChq6bkM-ddwj4fh1TGmFqyPD,10.0,,,.mp4,bb_1_210628_bike_315_011.mp4,15.0,150,015569687fa3eda4|035779686fa0eda4|035e4d687d866db4|035a49687da27fb4|035a49687fa27db4,1080,aihub_source_suffix:315_011,,video,차대자전거_직선도로,,,storage/vision/staging/per_label_300/raw/car_vs_bicycle/aihub_train_00003365.mp4,True,,classification_frame_extraction,full_candidate,803b8274d90e6d38a598c1ab8566aef267db0abbb8cb46e8a8fa53cf227425c6,Ai_Hub/Train,Ai_Hub/Train/TS_차대자전거_영상_직선도로/bb_1_210628_bike_315_011.mp4,,train,,,,,,1920
aihub_train_00000365,TS_차대보행자_영상_횡단보도(신호등있음)부근,car_vs_pedestrian,Ai_Hub,https://drive.google.com/uc?id=1B3skviA9gq4HCwZnlQM-VoVfGwucYGmR,10.0,,,.mp4,bb_1_210726_pedestrian_253_22388.mp4,15.0,150,8968729794f2770e|8b7a798584b4e54e|37a66ac99932656c|a5a4cadb93346d2c|a73478cb823a7d86,1080,aihub_source_suffix:253_22388,,video,차대보행자_횡단보도(신호등있음)부근,,,storage/vision/staging/per_label_300/raw/car_vs_pedestrian/aihub_train_00000365.mp4,True,,classification_frame_extraction,full_candidate,0f3f20d7052a49775dab52386c4dbd982e776228e49b3e74d3084a24ff05fae1,Ai_Hub/Train,Ai_Hub/Train/TS_차대보행자_영상_횡단보도(신호등있음)부근/bb_1_210726_pedestrian_253_22388.mp4,,train,,,,,,1920
aihub_train_00000271,TS_차대보행자_영상_횡단보도(신호등있음),car_vs_pedestrian,Ai_Hub,https://drive.google.com/uc?id=1qP31m4eV6lnK8MGPoxKvXjNDxokp4fwn,10.0,,,.mp4,bb_3_211101_pedestrian_147_118.mp4,15.0,150,8189b5a4f63cd98e|8189a5a4f63ccd9e|8189a7a4743ecdbc|8189a5a4763ecdbc|8189a5a4763ecdbc,1080,aihub_source_suffix:147_118,,video,차대보행자_횡단보도(신호등있음),,,storage/vision/staging/per_label_300/raw/car_vs_pedestrian/aihub_train_00000271.mp4,True,,classification_frame_extraction,full_candidate,546f6a60093b872501da7da0d071eee6369649f49c09b27ea4e56c40c7071d3f,Ai_Hub/Train,Ai_Hub/Train/TS_차대보행자_영상_횡단보도(신호등있음)/bb_3_211101_pedestrian_147_118.mp4,,train,,,,,,1920
aihub_train_00003227,TS_차대자전거_영상_직선도로,car_vs_bicycle,Ai_Hub,https://drive.google.com/uc?id=1BT5rpL3eOVyP0cB85roq-SBtz2yAcVZV,10.0,,,.mp4,bb_1_190124_bike_242_22091.mp4,15.0,150,ab6b6c28719335cc|b53f4f48659059c6|2b2ac6c4e13adec6|294f46c0fd36c9c6|294e46e0fd2adac6,926,aihub_source_suffix:242_22091,,video,차대자전거_직선도로,,,storage/vision/staging/per_label_300/raw/car_vs_bicycle/aihub_train_00003227.mp4,True,,classification_frame_extraction,full_candidate,194b1bd59a4d615e9db75b20feec6a66b2498037ea1127bcccea0144ab659a72,Ai_Hub/Train,Ai_Hub/Train/TS_차대자전거_영상_직선도로/bb_1_190124_bike_242_22091.mp4,,train,,,,,,1920
aihub_train_00000290,TS_차대보행자_영상_횡단보도(신호등있음)부근,car_vs_pedestrian,Ai_Hub,https://drive.google.com/uc?id=1BAvUiGsw9GHKE6GJJ6XGUviE-u3l5x4t,10.0,,,.mp4,bb_1_161226_pedestrian_201_21708.mp4,15.0,150,8f87267278787878|87872a6a6c7c78d2|878a6a7676787858|8f8b627674787858|8f8b627674787858,1080,aihub_source_suffix:201_21708,,video,차대보행자_횡단보도(신호등있음)부근,,,storage/vision/staging/per_label_300/raw/car_vs_pedestrian/aihub_train_00000290.mp4,True,,classification_frame_extraction,full_candidate,783bb981fe2dcb371fd301d96205dbb0194791221b03503329bca0d3f3122259,Ai_Hub/Train,Ai_Hub/Train/TS_차대보행자_영상_횡단보도(신호등있음)부근/bb_1_161226_pedestrian_201_21708.mp4,,train,,,,,,1920
aihub_train_00000587,TS_차대보행자_영상_횡단보도없음,car_vs_pedestrian,Ai_Hub,https://drive.google.com/uc?id=1xgHwolUtRc34oAp54DVdYcNlW-IMtfU1,10.0,,,.mp4,bb_1_201214_pedestrian_40_005.mp4,15.0,150,891a3f1a5b8a733a|899d2582f3a6f31a|89998f8a798aeb1a|891939a0db0eff1a|89992da8d90a7f9a,1080,aihub_source_suffix:40_005,,video,차대보행자_횡단보도없음,,,storage/vision/staging/per_label_300/raw/car_vs_pedestrian/aihub_train_00000587.mp4,True,,classification_frame_extraction,full_candidate,d4f2b488d6ccf4a87c21e333218cd8d23122c5bfb1033fd75e71d27955fad61d,Ai_Hub/Train,Ai_Hub/Train/TS_차대보행자_영상_횡단보도없음/bb_1_201214_pedestrian_40_005.mp4,,train,,,,,,1920
aihub_train_00000669,TS_차대보행자_영상_횡단보도없음,car_vs_pedestrian,Ai_Hub,https://drive.google.com/uc?id=1gylWTirOH__84P3-YR6DLOnvxT9OCkMr,10.0,,,.mp4,bb_3_130912_pedestrian_252_21967.mp4,15.0,150,326ccd333acb6d24|3766cdb1d8cb2524|3266c7393acae534|3466cf99386d3392|3066cf99984f25b6,1080,aihub_source_suffix:252_21967,,video,차대보행자_횡단보도없음,,,storage/vision/staging/per_label_300/raw/car_vs_pedestrian/aihub_train_00000669.mp4,True,,classification_frame_extraction,full_candidate,28ff286f5aa0e726054f0f208778f8fb2e252c776d2771f1203bedffc0fd8afc,Ai_Hub/Train,Ai_Hub/Train/TS_차대보행자_영상_횡단보도없음/bb_3_130912_pedestrian_252_21967.mp4,,train,,,,,,1920
aihub_train_00003411,TS_차대자전거_영상_직선도로,car_vs_bicycle,Ai_Hub,https://drive.google.com/uc?id=1splDkRyxUhP6FsDDbdAKD45zoW2pIOoi,10.0,,,.mp4,bb_1_220224_bike_110_187.mp4,15.0,150,0920c2c6dd176fde|2320ed687b1a6f1e|8982c326753dfc78|0983c7c6c7f074f8|13101f8ecd1f8fe4,1080,aihub_source_suffix:110_187,,video,차대자전거_직선도로,,,storage/vision/staging/per_label_300/raw/car_vs_bicycle/aihub_train_00003411.mp4,True,,classification_frame_extraction,full_candidate,7626e6bc4cf553b9cc21318eb02596d93ed62cf7f542228a1b058fb16ea85cab,Ai_Hub/Train,Ai_Hub/Train/TS_차대자전거_영상_직선도로/bb_1_220224_bike_110_187.mp4,,train,,,,,,1920
aihub_train_00003507,TS_차대자전거_영상_직선도로,car_vs_bicycle,Ai_Hub,https://drive.google.com/uc?id=1cn-K6FmefNHuNInhudXVreLShXYYSvXc,10.0,,,.mp4,bb_3_160415_bike_200_112.mp4,15.0,150,7481bc35dd1e40f6|1cdd8f38e0d7648c|669ba9b0e7da84a4|64fb985127c8d574|64bd915ba7a952a4,1080,aihub_source_suffix:200_112,,video,차대자전거_직선도로,,,storage/vision/staging/per_label_300/raw/car_vs_bicycle/aihub_train_00003507.mp4,True,,classification_frame_extraction,full_candidate,ef1bc43746c4869950064d18e8868b891afd09319cef2767e7407e2adf1a06fa,Ai_Hub/Train,Ai_Hub/Train/TS_차대자전거_영상_직선도로/bb_3_160415_bike_200_112.mp4,,train,,,,,,1920
aihub_train_00000184,TS_차대보행자_영상_횡단보도(신호등있음),car_vs_pedestrian,Ai_Hub,https://drive.google.com/uc?id=1zF3NVsAmyIyScYijGyxmtnamBGGiLJkb,10.0,,,.mp4,bb_1_200412_pedestrian_260_23765.mp4,15.0,150,91826e5dd15acfa8|81827669d2f4df1a|91a0667db3e20dce|81a4a47ff3e02d8e|81a0663fb3f325cc,926,aihub_source_suffix:260_23765,,video,차대보행자_횡단보도(신호등있음),,,storage/vision/staging/per_label_300/raw/car_vs_pedestrian/aihub_train_00000184.mp4,True,,classification_frame_extraction,full_candidate,22b23a9fdf53e4b4691df11326a2d368d9333a109be1ac53734c0946e31320b4,Ai_Hub/Train,Ai_Hub/Train/TS_차대보행자_영상_횡단보도(신호등있음)/bb_1_200412_pedestrian_260_23765.mp4,,train,,,,,,1920
aihub_train_00003358,TS_차대자전거_영상_직선도로,car_vs_bicycle,Ai_Hub,https://drive.google.com/uc?id=1gf9IIEek8GYc2Uupd9FVJfXBQDBWxnn5,10.0,,,.mp4,bb_1_210608_bike_213_22293.mp4,15.0,150,999172778b827378|9b9a70671fdc6070|9393e2611f9fe070|9392e467178fe470|9392e067179fe470,926,aihub_source_suffix:213_22293,,video,차대자전거_직선도로,,,storage/vision/staging/per_label_300/raw/car_vs_bicycle/aihub_train_00003358.mp4,True,,classification_frame_extraction,full_candidate,67402c870b371901ca4c3c0ca20f984b2a7c9ab8011f52f36a3541d7c78aa46f,Ai_Hub/Train,Ai_Hub/Train/TS_차대자전거_영상_직선도로/bb_1_210608_bike_213_22293.mp4,,test,,,,,,1920
aihub_train_00002715,TS_차대자전거_영상_사거리교차로(신호등없음),car_vs_bicycle,Ai_Hub,https://drive.google.com/uc?id=1p2BBmO_Xi0Le4N5ZWDEcrgNHi242sgPG,10.0,,,.mp4,bb_1_151209_bike_120_190.mp4,15.0,150,9a6c6798787594e8|9a6e65b00fe18a3e|86e467186d7799e0|84e46d395c5fa9e0|84e46d394c5fb9e0,1080,aihub_source_suffix:120_190,,video,차대자전거_사거리교차로(신호등없음),,,storage/vision/staging/per_label_300/raw/car_vs_bicycle/aihub_train_00002715.mp4,True,,classification_frame_extraction,full_candidate,eefbf702bd5572f26b9b82df4a599ab86fd69e130b21641baec5cc26969d948b,Ai_Hub/Train,Ai_Hub/Train/TS_차대자전거_영상_사거리교차로(신호등없음)/bb_1_151209_bike_120_190.mp4,,val,,,,,,1920
aihub_train_00000406,TS_차대보행자_영상_횡단보도없음,car_vs_pedestrian,Ai_Hub,https://drive.google.com/uc?id=1zezkK84XIBrjWVXA5RHgcZsxR4ev0wjx,10.0,,,.mp4,bb_1_150408_pedestrian_215_20408.mp4,15.0,150,93b26d4ccc4ac66e|33343dccc84adae6|33376d4cd4d8d0d4|33376d4cd4d8d0d4|33376d4cd4d8d0d4,1080,aihub_source_suffix:215_20408,,video,차대보행자_횡단보도없음,,,storage/vision/staging/per_label_300/raw/car_vs_pedestrian/aihub_train_00000406.mp4,True,,classification_frame_extraction,full_candidate,8cc89c8e2cafd7685acf30cd6e72acedab0b9431197748984a86db39b6642872,Ai_Hub/Train,Ai_Hub/Train/TS_차대보행자_영상_횡단보도없음/bb_1_150408_pedestrian_215_20408.mp4,,train,,,,,,1920
aihub_train_00002818,TS_차대자전거_영상_사거리교차로(신호등없음),car_vs_bicycle,Ai_Hub,https://drive.google.com/uc?id=1En6FzakZZie-bk5NO5Jr9qrs9TjNLhMY,10.0,,,.mp4,bb_3_160124_bike_217_20207.mp4,15.0,150,0382d4e4667e7cbc|2ba884c66e765e5a|238294c86c7e5ede|238394c86a7e7c5e|23a094cc4c7e7e7a,1080,aihub_source_suffix:217_20207,,video,차대자전거_사거리교차로(신호등없음),,,storage/vision/staging/per_label_300/raw/car_vs_bicycle/aihub_train_00002818.mp4,True,,classification_frame_extraction,full_candidate,939695a809fbf384378c1757e50a1b64ac171898956be60a21e3c8956f92de6f,Ai_Hub/Train,Ai_Hub/Train/TS_차대자전거_영상_사거리교차로(신호등없음)/bb_3_160124_bike_217_20207.mp4,,train,,,,,,1920
aihub_train_00003429,TS_차대자전거_영상_직선도로,car_vs_bicycle,Ai_Hub,https://drive.google.com/uc?id=1RbR8FxJjM6xThxguGlp8e-pgKz-nZ3pU,10.0,,,.mp4,bb_1_220416_bike_155_050.mp4,15.0,150,81b4776e791d06b4|85b4744679dd06b6|a9a4e5605b9b6ab4|a9a2667e8dd142e6|8babe22e049a6be6,1080,aihub_source_suffix:155_050,,video,차대자전거_직선도로,,,storage/vision/staging/per_label_300/raw/car_vs_bicycle/aihub_train_00003429.mp4,True,,classification_frame_extraction,full_candidate,bb049138d67eb1668003acea232dc9f4fbe190d705d6ffca65f4a516dbec50b6,Ai_Hub/Train,Ai_Hub/Train/TS_차대자전거_영상_직선도로/bb_1_220416_bike_155_050.mp4,,train,,,,,,1920
aihub_train_00003327,TS_차대자전거_영상_직선도로,car_vs_bicycle,Ai_Hub,https://drive.google.com/uc?id=1YMdKXndClOiDMj32Tj3Hu0mYv1WK63NT,10.0,,,.mp4,bb_1_210213_bike_195_146.mp4,15.0,150,2d0c9938d32fa78e|2727879cdc992566|2da7278e539d2538|2da7278e639b2538|2da76786639b2538,1080,aihub_source_suffix:195_146,,video,차대자전거_직선도로,,,storage/vision/staging/per_label_300/raw/car_vs_bicycle/aihub_train_00003327.mp4,True,,classification_frame_extraction,full_candidate,9af9f7e9ec95691a7f53a37beae0bce6dd5196c4bd82bbd2f48f0655685da89a,Ai_Hub/Train,Ai_Hub/Train/TS_차대자전거_영상_직선도로/bb_1_210213_bike_195_146.mp4,,train,,,,,,1920
aihub_train_00002924,TS_차대자전거_영상_사거리교차로(신호등있음),car_vs_bicycle,Ai_Hub,https://drive.google.com/uc?id=1iEb5-q3SfzcUT_UEJttMBkOL8COFkcOu,10.0,,,.mp4,bb_3_200525_bike_129_157.mp4,15.0,150,9d91f1d5c4d75340|9999b1d5ccd77140|19383bcf0cf77242|8990978f4c77372a|8990b7cd4c773712,1080,aihub_source_suffix:129_157,,video,차대자전거_사거리교차로(신호등있음),,,storage/vision/staging/per_label_300/raw/car_vs_bicycle/aihub_train_00002924.mp4,True,,classification_frame_extraction,full_candidate,44f9bd5eec958be774de41d3393456bed71892483583971b684974028a8acc19,Ai_Hub/Train,Ai_Hub/Train/TS_차대자전거_영상_사거리교차로(신호등있음)/bb_3_200525_bike_129_157.mp4,,val,,,,,,1920
aihub_train_00003254,TS_차대자전거_영상_직선도로,car_vs_bicycle,Ai_Hub,https://drive.google.com/uc?id=1vBVjgkmphNT8C2tK8J92DsdXq6N4iyyD,10.0,,,.mp4,bb_1_190715_bike_31_001.mp4,15.0,150,21a59870cf1fe2f4|2b978d2c947d32d2|2b358d8cd43dc276|29b78d8cf43dc072|2bb38d8ccc3d2ad2,1080,aihub_source_suffix:31_001,,video,차대자전거_직선도로,,,storage/vision/staging/per_label_300/raw/car_vs_bicycle/aihub_train_00003254.mp4,True,,classification_frame_extraction,full_candidate,dfcf843f52885df1f438670e92261c3dc18cb25ce374ee3d71e902809f2ac74e,Ai_Hub/Train,Ai_Hub/Train/TS_차대자전거_영상_직선도로/bb_1_190715_bike_31_001.mp4,,train,,,,,,1920
aihub_train_00000500,TS_차대보행자_영상_횡단보도없음,car_vs_pedestrian,Ai_Hub,https://drive.google.com/uc?id=1kyASfXizRUYU9Ia3ZH0yDBg0mCleqXQ6,10.0,,,.mp4,bb_1_181126_pedestrian_120_143.mp4,15.0,150,9c70638e1e70f58e|1d44c29eee68e9b8|86361dd6600cfde6|861e7ff4e020bdc8|86167dd4e068fd94,1080,aihub_source_suffix:120_143,,video,차대보행자_횡단보도없음,,,storage/vision/staging/per_label_300/raw/car_vs_pedestrian/aihub_train_00000500.mp4,True,,classification_frame_extraction,full_candidate,4734dab2a8c29950f0a93ae27c4524f9abcc2f9cafd2ad7d49654838af110006,Ai_Hub/Train,Ai_Hub/Train/TS_차대보행자_영상_횡단보도없음/bb_1_181126_pedestrian_120_143.mp4,,test,,,,,,1920
aihub_train_00000339,TS_차대보행자_영상_횡단보도(신호등있음)부근,car_vs_pedestrian,Ai_Hub,https://drive.google.com/uc?id=1TjWKjKobAElVNxDtY_ZVqYka6k_PXJ0a,10.0,,,.mp4,bb_1_191126_pedestrian_215_21679.mp4,15.0,150,2b0bc6c0f0f0fcdc|2b2bc0d4f4f63c4c|2b0b4ac0f4f4bcdc|2b0b48d4f4f4bc5c|2b0b48d4f4f4bc5c,1080,aihub_source_suffix:215_21679,,video,차대보행자_횡단보도(신호등있음)부근,,,storage/vision/staging/per_label_300/raw/car_vs_pedestrian/aihub_train_00000339.mp4,True,,classification_frame_extraction,full_candidate,28d74811fcba33eca0a0e1fa28ed450c41aed595cb42ee4898593d5596974f1b,Ai_Hub/Train,Ai_Hub/Train/TS_차대보행자_영상_횡단보도(신호등있음)부근/bb_1_191126_pedestrian_215_21679.mp4,,train,,,,,,1920
aihub_train_00003543,TS_차대자전거_영상_직선도로,car_vs_bicycle,Ai_Hub,https://drive.google.com/uc?id=1QuPElZpLQIccxwTQzaGQbgphANgyOxNt,10.0,,,.mp4,bb_3_190901_bike_314_010.mp4,15.0,150,3b784504dd9f25e8|3b784504dd9f25e8|3b784504dd9f25e8|39784504dd9fa5e8|39784504dd9fa5e8,1080,aihub_source_suffix:314_010,,video,차대자전거_직선도로,,,storage/vision/staging/per_label_300/raw/car_vs_bicycle/aihub_train_00003543.mp4,True,,classification_frame_extraction,full_candidate,7d0614040033f6c9e9f491a36c756fb04d4d7d9e11ea26d3394e6c71f5e95c3c,Ai_Hub/Train,Ai_Hub/Train/TS_차대자전거_영상_직선도로/bb_3_190901_bike_314_010.mp4,,val,,,,,,1920
aihub_train_00002834,TS_차대자전거_영상_사거리교차로(신호등없음),car_vs_bicycle,Ai_Hub,https://drive.google.com/uc?id=1se2t_TrmzHO-df0WiwWyuyLoz3gcqldC,10.0,,,.mp4,cc_3_190902_bike_218_21838.mp4,15.0,150,83e0705a7a1e7c3e|87a0705e5a4e7c3e|87e0709e5a0e7c3e|87e0709e5a0e7c3e|87e0709e5a0e7c3e,1080,aihub_source_suffix:218_21838,,video,차대자전거_사거리교차로(신호등없음),,,storage/vision/staging/per_label_300/raw/car_vs_bicycle/aihub_train_00002834.mp4,True,,classification_frame_extraction,full_candidate,7a7eeaf88a088644876b0bb5bd8c0364029c81b446594ed89679db8ad520e69c,Ai_Hub/Train,Ai_Hub/Train/TS_차대자전거_영상_사거리교차로(신호등없음)/cc_3_190902_bike_218_21838.mp4,,train,,,,,,1920
aihub_train_00003076,TS_차대자전거_영상_직선도로,car_vs_bicycle,Ai_Hub,https://drive.google.com/uc?id=1mXrCjKui0Fhv3iCET8xZqGgr56JEIs0q,10.0,,,.mp4,bb_1_161108_bike_242_22473.mp4,15.0,150,9380e47e7e7c4a92|3334d568ccd6cb62|2322f52cdcd2dad2|2362dc58d19cecdc|232eccdad4b44cda,1080,aihub_source_suffix:242_22473,,video,차대자전거_직선도로,,,storage/vision/staging/per_label_300/raw/car_vs_bicycle/aihub_train_00003076.mp4,True,,classification_frame_extraction,full_candidate,2236bb57310b349748f24b45bf3e77572aa9719e4e22994ad10fa9d879f3b9aa,Ai_Hub/Train,Ai_Hub/Train/TS_차대자전거_영상_직선도로/bb_1_161108_bike_242_22473.mp4,,train,,,,,,1920
aihub_train_00002913,TS_차대자전거_영상_사거리교차로(신호등있음),car_vs_bicycle,Ai_Hub,https://drive.google.com/uc?id=1___EKY6T6_qW6tES_Syic-hmTXTVdIKY,10.0,,,.mp4,bb_3_160323_bike_142_281.mp4,15.0,150,03928b8eb47e74ec|03d0838e9c3e7c7e|0390838e9c7e7c7e|0390838e9c7e7c7e|0390838e9c7e7c7e,1080,aihub_source_suffix:142_281,,video,차대자전거_사거리교차로(신호등있음),,,storage/vision/staging/per_label_300/raw/car_vs_bicycle/aihub_train_00002913.mp4,True,,classification_frame_extraction,full_candidate,673f8eacabdcd799f3363cb9ccc4e1abb8bea204a781caafe1d9a9d2750ff24e,Ai_Hub/Train,Ai_Hub/Train/TS_차대자전거_영상_사거리교차로(신호등있음)/bb_3_160323_bike_142_281.mp4,,train,,,,,,1920
aihub_train_00000444,TS_차대보행자_영상_횡단보도없음,car_vs_pedestrian,Ai_Hub,https://drive.google.com/uc?id=1fTAtoJJmwiLwatf4RC5yEjn_X_l4hZMA,10.0,,,.mp4,bb_1_170701_pedestrian_222_22959.mp4,15.0,150,a7665e91e16cce82|6d5e501070f5b76c|49585f1e70d5c4ae|59581f9e70d4a4ba|49581f9e71c485be,926,aihub_source_suffix:222_22959,,video,차대보행자_횡단보도없음,,,storage/vision/staging/per_label_300/raw/car_vs_pedestrian/aihub_train_00000444.mp4,True,,classification_frame_extraction,full_candidate,a5f84cbd9ad3be2d9dfd34defed66b09fa534354eeab31e82f845e2778869cf9,Ai_Hub/Train,Ai_Hub/Train/TS_차대보행자_영상_횡단보도없음/bb_1_170701_pedestrian_222_22959.mp4,,val,,,,,,1920
aihub_train_00003226,TS_차대자전거_영상_직선도로,car_vs_bicycle,Ai_Hub,https://drive.google.com/uc?id=1BF4VG2SY9gN3G0cFePyj5xT5davcc2iN,10.0,,,.mp4,bb_1_190122_bike_118_012.mp4,15.0,150,8190d1c2bcbe3bf8|19981a0e3d276bfa|9bb0bf3f79e004c0|9fbcb97868651898|9b9e997868e5189a,1080,aihub_source_suffix:118_012,,video,차대자전거_직선도로,,,storage/vision/staging/per_label_300/raw/car_vs_bicycle/aihub_train_00003226.mp4,True,,classification_frame_extraction,full_candidate,2e78fa0fcc1fcd8fe45c4d26ab0d473edbb100fd9210ba87c28b6de11e9a9664,Ai_Hub/Train,Ai_Hub/Train/TS_차대자전거_영상_직선도로/bb_1_190122_bike_118_012.mp4,,val,,,,,,1920
aihub_train_00003214,TS_차대자전거_영상_직선도로,car_vs_bicycle,Ai_Hub,https://drive.google.com/uc?id=184Be5RQNZ3iuspSDUUPxUDj3BPolBQXe,10.0,,,.mp4,bb_1_181030_bike_124_199.mp4,15.0,150,8303a3b6fd3d45e0|a1a1ad085ad7f4f2|03a3e53c91a9db72|03a3e53c6b2b4b72|03a3e53cf12d4b72,1080,aihub_source_suffix:124_199,,video,차대자전거_직선도로,,,storage/vision/staging/per_label_300/raw/car_vs_bicycle/aihub_train_00003214.mp4,True,,classification_frame_extraction,full_candidate,a571e9a5f86ef0d966ad7aebe47285d6654aba3f63ded3cdf6361cd61c4f99cd,Ai_Hub/Train,Ai_Hub/Train/TS_차대자전거_영상_직선도로/bb_1_181030_bike_124_199.mp4,,train,,,,,,1920
aihub_train_00003086,TS_차대자전거_영상_직선도로,car_vs_bicycle,Ai_Hub,https://drive.google.com/uc?id=1fVnsiBYyH2n0Y9vgOQiyVILMteYVLTua,10.0,,,.mp4,bb_1_170116_bike_121_063.mp4,15.0,150,19199f0e46979ed4|8181db3c7e4f4e46|8181db3e7e4f8646|8181db3e7e4f4646|8181db3e7e4f4646,720,aihub_source_suffix:121_063,,video,차대자전거_직선도로,,,storage/vision/staging/per_label_300/raw/car_vs_bicycle/aihub_train_00003086.mp4,True,,classification_frame_extraction,full_candidate,6848b12896ed78a6bfba39a68307f4bae6a1513b79b37a2b07d033f4377234e9,Ai_Hub/Train,Ai_Hub/Train/TS_차대자전거_영상_직선도로/bb_1_170116_bike_121_063.mp4,,test,,,,,,1280
aihub_train_00000282,TS_차대보행자_영상_횡단보도(신호등있음)부근,car_vs_pedestrian,Ai_Hub,https://drive.google.com/uc?id=15LOKeL2pEPaH2mw47yWHn8COQ4JaBkj_,10.0,,,.mp4,bb_1_161012_pedestrian_253_22794.mp4,15.0,150,9993e6761dc9823a|9b93e6f0f98d2130|9393c46c7a3f8f80|9393c46c7a3f8f80|9393c46c7a3f8f80,926,aihub_source_suffix:253_22794,,video,차대보행자_횡단보도(신호등있음)부근,,,storage/vision/staging/per_label_300/raw/car_vs_pedestrian/aihub_train_00000282.mp4,True,,classification_frame_extraction,full_candidate,3d88682e584fdf7d2b9b71868c19f1a4ccb389a25ef4de87d0a9c8d1c1161b53,Ai_Hub/Train,Ai_Hub/Train/TS_차대보행자_영상_횡단보도(신호등있음)부근/bb_1_161012_pedestrian_253_22794.mp4,,train,,,,,,1920
aihub_train_00002991,TS_차대자전거_영상_직선도로,car_vs_bicycle,Ai_Hub,https://drive.google.com/uc?id=1Ndhr8xdvGiKGG0ow53c2eVa0ZSCtqwrT,10.0,,,.mp4,bb_1_140809_bike_129_190.mp4,15.0,150,999ef7878681e06a|9d96afab4155a4a8|21888ba7f1698ede|8782a9ab8a2d3cfa|8786bb938a2978d6,1080,aihub_source_suffix:129_190,,video,차대자전거_직선도로,,,storage/vision/staging/per_label_300/raw/car_vs_bicycle/aihub_train_00002991.mp4,True,,classification_frame_extraction,full_candidate,70208e933f4be8b50f7c4b8444c7cae80eec174c874883afa22e70d9afa635ff,Ai_Hub/Train,Ai_Hub/Train/TS_차대자전거_영상_직선도로/bb_1_140809_bike_129_190.mp4,,train,,,,,,1920
aihub_train_00000507,TS_차대보행자_영상_횡단보도없음,car_vs_pedestrian,Ai_Hub,https://drive.google.com/uc?id=1RoetoRIDFB37J6d6-Q-7ZrHa4kyTzc30,10.0,,,.mp4,bb_1_190208_pedestrian_189_069.mp4,15.0,150,03171d6c6c567b6a|b797950c6c707968|97b7874468387c66|97b7874468387c66|93a5adc668b87c62,360,aihub_source_suffix:189_069,,video,차대보행자_횡단보도없음,,,storage/vision/staging/per_label_300/raw/car_vs_pedestrian/aihub_train_00000507.mp4,True,,classification_frame_extraction,full_candidate,d2c5368d4a10dcc2637991366f65da71242cfe4aaf93187b7f33ec32882afee0,Ai_Hub/Train,Ai_Hub/Train/TS_차대보행자_영상_횡단보도없음/bb_1_190208_pedestrian_189_069.mp4,,train,,,,,,360
aihub_train_00003127,TS_차대자전거_영상_직선도로,car_vs_bicycle,Ai_Hub,https://drive.google.com/uc?id=1jYlxz7dAJghKWJCIwQ3WHi3qtfxx3C12,10.0,,,.mp4,bb_1_170623_bike_234_21793.mp4,15.0,150,0d0ada98e6e6f664|2d2c74dac2d2d6e4|2d2c36d6f0d2d278|2d2ccc98f2d2d276|2d2ccc98f2f2d272,1080,aihub_source_suffix:234_21793,,video,차대자전거_직선도로,,,storage/vision/staging/per_label_300/raw/car_vs_bicycle/aihub_train_00003127.mp4,True,,classification_frame_extraction,full_candidate,71f2105b57aacfac38835869f40753c2e78372cd1b34df40f81e94038c147051,Ai_Hub/Train,Ai_Hub/Train/TS_차대자전거_영상_직선도로/bb_1_170623_bike_234_21793.mp4,,test,,,,,,1920
aihub_train_00000741,TS_차대보행자_영상_횡단보도없음,car_vs_pedestrian,Ai_Hub,https://drive.google.com/uc?id=10ByrwEh8_aWBGis656VtlEmGC1fmONDj,10.0,,,.mp4,cc_3_140331_pedestrian_249_22071.mp4,15.0,150,2bc4d47f1b83a29c|2bc0d47b1b8f269c|2ac4d53b9bc36474|29d0d46f8b8f389c|29d4d46f8b8b389c,1080,aihub_source_suffix:249_22071,,video,차대보행자_횡단보도없음,,,storage/vision/staging/per_label_300/raw/car_vs_pedestrian/aihub_train_00000741.mp4,True,,classification_frame_extraction,full_candidate,bb1f9528a7b1d41b259f0ee65aa373f40162a742a91757d596929665af5fd727,Ai_Hub/Train,Ai_Hub/Train/TS_차대보행자_영상_횡단보도없음/cc_3_140331_pedestrian_249_22071.mp4,,train,,,,,,1920
aihub_train_00000261,TS_차대보행자_영상_횡단보도(신호등있음),car_vs_pedestrian,Ai_Hub,https://drive.google.com/uc?id=1bkUdLz5tlUSvQMbYhloH76q_SGLm2Pgk,10.0,,,.mp4,bb_3_200812_pedestrian_227_22552.mp4,15.0,150,83807c6bcbcb3a6c|83807c6fc39368ee|83807c7bcef13a4c|83847c7accf9b24c|83847c7acd79b24c,926,aihub_source_suffix:227_22552,,video,차대보행자_횡단보도(신호등있음),,,storage/vision/staging/per_label_300/raw/car_vs_pedestrian/aihub_train_00000261.mp4,True,,classification_frame_extraction,full_candidate,a964fb6c0a5d39799402748a7669d708a14966b58f0d64e6fb545b7904206295,Ai_Hub/Train,Ai_Hub/Train/TS_차대보행자_영상_횡단보도(신호등있음)/bb_3_200812_pedestrian_227_22552.mp4,,train,,,,,,1920
aihub_train_00002854,TS_차대자전거_영상_사거리교차로(신호등있음),car_vs_bicycle,Ai_Hub,https://drive.google.com/uc?id=1FXXNfKnA7KeqJ_aPtXpRA-WThX5nNNig,10.0,,,.mp4,bb_1_151006_bike_259_20445.mp4,15.0,150,a786587870d67a78|87871c786af272d8|8f9a31a67074ce6c|8f2c793872d670d2|8f2c793872d270da,1080,aihub_source_suffix:259_20445,,video,차대자전거_사거리교차로(신호등있음),,,storage/vision/staging/per_label_300/raw/car_vs_bicycle/aihub_train_00002854.mp4,True,,classification_frame_extraction,full_candidate,96b144b45824bcb36b030420e51ecdf44cef6529739677f513f018c1860ed231,Ai_Hub/Train,Ai_Hub/Train/TS_차대자전거_영상_사거리교차로(신호등있음)/bb_1_151006_bike_259_20445.mp4,,train,,,,,,1920
aihub_train_00000375,TS_차대보행자_영상_횡단보도(신호등있음)부근,car_vs_pedestrian,Ai_Hub,https://drive.google.com/uc?id=16j2t5r_bP9cieyImbVsB49NeEmZ0uSRJ,10.0,,,.mp4,bb_3_171008_pedestrian_200_139.mp4,15.0,150,9797a72c68786872|9797870c78786c72|9797a72c69386c62|b7878dac7938486a|b7978d8c6938487a,1080,aihub_source_suffix:200_139,,video,차대보행자_횡단보도(신호등있음)부근,,,storage/vision/staging/per_label_300/raw/car_vs_pedestrian/aihub_train_00000375.mp4,True,,classification_frame_extraction,full_candidate,79d7420f3f82d4166bf0d11b1f31698e6c44df793349070e6ff4e2656ec21238,Ai_Hub/Train,Ai_Hub/Train/TS_차대보행자_영상_횡단보도(신호등있음)부근/bb_3_171008_pedestrian_200_139.mp4,,test,,,,,,1920
aihub_train_00003019,TS_차대자전거_영상_직선도로,car_vs_bicycle,Ai_Hub,https://drive.google.com/uc?id=1k5DJ19kYomnbl5gsIJW14_INnzxvrHiv,10.0,,,.mp4,bb_1_150625_bike_228_22437.mp4,15.0,150,8b7a7c85b0374f48|5b4b5266a4b49d9c|5b4b5266a4b49d9c|5b4b5266a4b49d9c|5b4b5266a4b495bc,1080,aihub_source_suffix:228_22437,,video,차대자전거_직선도로,,,storage/vision/staging/per_label_300/raw/car_vs_bicycle/aihub_train_00003019.mp4,True,,classification_frame_extraction,full_candidate,8282e9fe2649bf6028ddb887b33e55f96aab048ebbda6d7ff745f87fda476448,Ai_Hub/Train,Ai_Hub/Train/TS_차대자전거_영상_직선도로/bb_1_150625_bike_228_22437.mp4,,train,,,,,,1920
aihub_train_00000211,TS_차대보행자_영상_횡단보도(신호등있음),car_vs_pedestrian,Ai_Hub,https://drive.google.com/uc?id=1l891ecXpgb2MbRYBbpHKU7rg4-J4Nwch,10.0,,,.mp4,bb_1_220105_pedestrian_246_22057.mp4,15.0,150,2968d6972f6d6292|24f4db2724dad334|93326e3fcc4ce9c0|b066679c4c679ae8|b06667984e6792ec,1080,aihub_source_suffix:246_22057,,video,차대보행자_횡단보도(신호등있음),,,storage/vision/staging/per_label_300/raw/car_vs_pedestrian/aihub_train_00000211.mp4,True,,classification_frame_extraction,full_candidate,19938d501a3ec13a2ad51690aa5c658c8497e05e0385bae9f00a06875ff0a4dd,Ai_Hub/Train,Ai_Hub/Train/TS_차대보행자_영상_횡단보도(신호등있음)/bb_1_220105_pedestrian_246_22057.mp4,,train,,,,,,1920
aihub_train_00003101,TS_차대자전거_영상_직선도로,car_vs_bicycle,Ai_Hub,https://drive.google.com/uc?id=19WB2DfokyX-FYmR7oCdu2vnEDgKlJTmE,10.0,,,.mp4,bb_1_170319_bike_30_018.mp4,15.0,150,a1c59f3cd5807d4a|a67f3de0c302d7c0|f3d0cdb33318cd22|1786e36264cb8dbc|a09f0740f531ff64,1080,aihub_source_suffix:30_018,,video,차대자전거_직선도로,,,storage/vision/staging/per_label_300/raw/car_vs_bicycle/aihub_train_00003101.mp4,True,,classification_frame_extraction,full_candidate,d2d8b2c99a028894dea2b66ef978e384c52c1869fcf471620392e6cc00efa4a6,Ai_Hub/Train,Ai_Hub/Train/TS_차대자전거_영상_직선도로/bb_1_170319_bike_30_018.mp4,,train,,,,,,1920
aihub_train_00003038,TS_차대자전거_영상_직선도로,car_vs_bicycle,Ai_Hub,https://drive.google.com/uc?id=1AwNPhe34k1AFN-EwlJA8fjJroeIq6fm2,10.0,,,.mp4,bb_1_160107_bike_45_004.mp4,15.0,150,1171114a4f2fbeba|1b575138cc2c3f8e|094d4f22d6769fc2|094d4b2a74d69fcc|094d4b2a74f69f8c,1080,aihub_source_suffix:45_004,,video,차대자전거_직선도로,,,storage/vision/staging/per_label_300/raw/car_vs_bicycle/aihub_train_00003038.mp4,True,,classification_frame_extraction,full_candidate,d656ff27c5e1688b821dad1dd8d8f7f5431c3a34df7aa32039260cf6eaad1e9e,Ai_Hub/Train,Ai_Hub/Train/TS_차대자전거_영상_직선도로/bb_1_160107_bike_45_004.mp4,,test,,,,,,1920
aihub_train_00003078,TS_차대자전거_영상_직선도로,car_vs_bicycle,Ai_Hub,https://drive.google.com/uc?id=1h9pJfJXP6GMev230mgKqw7YH1-ru0xkk,10.0,,,.mp4,bb_1_161121_bike_242_22282.mp4,15.0,150,81966668d87a7e1e|918266746c6e7e3c|919066747e66667c|919066747e66667c|919066747e66667c,1080,aihub_source_suffix:242_22282,,video,차대자전거_직선도로,,,storage/vision/staging/per_label_300/raw/car_vs_bicycle/aihub_train_00003078.mp4,True,,classification_frame_extraction,full_candidate,0ed3a972d51491d218e0218d141b314bd845a6212497577c3c8d312e0e84a5b5,Ai_Hub/Train,Ai_Hub/Train/TS_차대자전거_영상_직선도로/bb_1_161121_bike_242_22282.mp4,,train,,,,,,1920
aihub_train_00000527,TS_차대보행자_영상_횡단보도없음,car_vs_pedestrian,Ai_Hub,https://drive.google.com/uc?id=1aiMtEAoBnwm3px9rrqH_oAngoqO9ohb0,10.0,,,.mp4,bb_1_190610_pedestrian_38_017.mp4,15.0,150,81a46c99f3c61fe4|93a76d987fc035c0|93e6698b31c71dc4|a36e6d9baa4929d0|a16a6b1be2a41db6,1080,aihub_source_suffix:38_017,,video,차대보행자_횡단보도없음,,,storage/vision/staging/per_label_300/raw/car_vs_pedestrian/aihub_train_00000527.mp4,True,,classification_frame_extraction,full_candidate,af8976dabf79da046898ea23bb01166376c0445984ae5bb51e1c358211843462,Ai_Hub/Train,Ai_Hub/Train/TS_차대보행자_영상_횡단보도없음/bb_1_190610_pedestrian_38_017.mp4,,test,,,,,,1920
aihub_train_00000659,TS_차대보행자_영상_횡단보도없음,car_vs_pedestrian,Ai_Hub,https://drive.google.com/uc?id=1FE1sykBlp9PRTAdNPXqaWxOC7c_dM0D0,10.0,,,.mp4,bb_1_220205_pedestrian_231_21646.mp4,15.0,150,29e8e6170d0cd6f6|13266c3bc9c8bc3e|9d266258d8ce9f34|8786747878d9c3c6|87a6747878d9c3c2,1080,aihub_source_suffix:231_21646,,video,차대보행자_횡단보도없음,,,storage/vision/staging/per_label_300/raw/car_vs_pedestrian/aihub_train_00000659.mp4,True,,classification_frame_extraction,full_candidate,5ae143eec0d56c5c54eecf458f85e3a0fdfe531f8869d08171d8f214a3bee952,Ai_Hub/Train,Ai_Hub/Train/TS_차대보행자_영상_횡단보도없음/bb_1_220205_pedestrian_231_21646.mp4,,train,,,,,,1920
aihub_train_00000757,TS_차대보행자_영상_횡단보도없음,car_vs_pedestrian,Ai_Hub,https://drive.google.com/uc?id=1gcu4AM9J6v-zxtOvDxj_pJp9TUPLuwSY,10.0,,,.mp4,cc_3_210901_pedestrian_198_158.mp4,15.0,150,a49a6fcaa6f0b164|a49a79d826e6b724|849a76da92d8bf24|849a6cd896d0bf6c|849a6cd896d0bf6c,720,aihub_source_suffix:198_158,,video,차대보행자_횡단보도없음,,,storage/vision/staging/per_label_300/raw/car_vs_pedestrian/aihub_train_00000757.mp4,True,,classification_frame_extraction,full_candidate,929770a7b5ab935cb9e659830960c70b9309be28f3a0e31b730a5a51559ebdc4,Ai_Hub/Train,Ai_Hub/Train/TS_차대보행자_영상_횡단보도없음/cc_3_210901_pedestrian_198_158.mp4,,train,,,,,,1280
aihub_train_00000319,TS_차대보행자_영상_횡단보도(신호등있음)부근,car_vs_pedestrian,Ai_Hub,https://drive.google.com/uc?id=1Xz9AShUGyRis_1BBMIhi4l7ZM61jnbzX,10.0,,,.mp4,bb_1_180730_pedestrian_120_230.mp4,15.0,150,b9eaee1c54527258|8ffa70944452f38e|b0fc2f86683a3ac6|b0fc2f86683a1ec6|b1fc2f86683a1e46,1080,aihub_source_suffix:120_230,,video,차대보행자_횡단보도(신호등있음)부근,,,storage/vision/staging/per_label_300/raw/car_vs_pedestrian/aihub_train_00000319.mp4,True,,classification_frame_extraction,full_candidate,a0fc0719fec27802444dcb5ad88f764550e1ec2cefdebca40b28f493acb1293d,Ai_Hub/Train,Ai_Hub/Train/TS_차대보행자_영상_횡단보도(신호등있음)부근/bb_1_180730_pedestrian_120_230.mp4,,train,,,,,,1920
aihub_train_00003349,TS_차대자전거_영상_직선도로,car_vs_bicycle,Ai_Hub,https://drive.google.com/uc?id=1gIugAxtteLKUwzDXf_QSzyff5o0Qo8KX,10.0,,,.mp4,bb_1_210505_bike_210_21691.mp4,15.0,150,8b83c4c458bda77a|8383eaf459890e7e|8183e2e61c5de3b6|81e1e5e45799da4a|b99364645929c6fa,926,aihub_source_suffix:210_21691,,video,차대자전거_직선도로,,,storage/vision/staging/per_label_300/raw/car_vs_bicycle/aihub_train_00003349.mp4,True,,classification_frame_extraction,full_candidate,e132a2ba075a8d38a417cd1402b893a819d9a58eaba7fbd2890f1e98834faa92,Ai_Hub/Train,Ai_Hub/Train/TS_차대자전거_영상_직선도로/bb_1_210505_bike_210_21691.mp4,,train,,,,,,1920
aihub_train_00000584,TS_차대보행자_영상_횡단보도없음,car_vs_pedestrian,Ai_Hub,https://drive.google.com/uc?id=1RogfPLnSbYIsJfkA8N3TF4Bi4dMM1lAb,10.0,,,.mp4,bb_1_201019_pedestrian_088_573.mp4,15.0,150,a1b9cd8e4fc27d80|313dcdaaebcac508|399e87386966c798|1d87c71c6c6ad38c|8d86e71c687ad38c,1080,aihub_source_suffix:088_573,,video,차대보행자_횡단보도없음,,,storage/vision/staging/per_label_300/raw/car_vs_pedestrian/aihub_train_00000584.mp4,True,,classification_frame_extraction,full_candidate,7e2a592c6bbb0787d5da2e7ee8cbb1382c73facc6cb73aca481b057a20dc7fcd,Ai_Hub/Train,Ai_Hub/Train/TS_차대보행자_영상_횡단보도없음/bb_1_201019_pedestrian_088_573.mp4,,test,,,,,,1920
aihub_train_00003147,TS_차대자전거_영상_직선도로,car_vs_bicycle,Ai_Hub,https://drive.google.com/uc?id=1qkFRTbHw13b_Id_bioSHOES0bcZXbjjd,10.0,,,.mp4,bb_1_170917_bike_199_057.mp4,15.0,150,b5a4e65a1b03e4f8|9b9264441db7e47c|b3b46c78038bfc34|b1b86c6c1192fe6c|b1a86c6c13d2fe2c,1080,aihub_source_suffix:199_057,,video,차대자전거_직선도로,,,storage/vision/staging/per_label_300/raw/car_vs_bicycle/aihub_train_00003147.mp4,True,,classification_frame_extraction,full_candidate,e67fd7dee8d8174f0730ef72ca8c45157e0c4d6870fc689dace940e3b2d5757e,Ai_Hub/Train,Ai_Hub/Train/TS_차대자전거_영상_직선도로/bb_1_170917_bike_199_057.mp4,,train,,,,,,1920
aihub_train_00003407,TS_차대자전거_영상_직선도로,car_vs_bicycle,Ai_Hub,https://drive.google.com/uc?id=1FiTbefoKNwtn9kEzYRCgMby4N7zYQYLZ,10.0,,,.mp4,bb_1_220210_bike_229_21686.mp4,15.0,150,926798dc4d9932ce|9863b398e6cccccc|c03f85f06f99f046|32673734273718e6|9c67373467963072,926,aihub_source_suffix:229_21686,,video,차대자전거_직선도로,,,storage/vision/staging/per_label_300/raw/car_vs_bicycle/aihub_train_00003407.mp4,True,,classification_frame_extraction,full_candidate,3086ab75685562877f3ddaacdda981828557bffe9960647c87ddf6e9bbb1b9f4,Ai_Hub/Train,Ai_Hub/Train/TS_차대자전거_영상_직선도로/bb_1_220210_bike_229_21686.mp4,,test,,,,,,1920
aihub_train_00000035,TS_차대보행자_영상_횡단보도(신호등없음),car_vs_pedestrian,Ai_Hub,https://drive.google.com/uc?id=1CzLeM7JY2mqDPZT9znqO6WvfyGXY4As-,10.0,,,.mp4,bb_1_200408_pedestrian_258_23754.mp4,15.0,150,9990d9892a7ee792|89989f0f2eb4c7c8|1b90971f9784c69e|3392972784dd8d9c|339297878c5d659c,926,aihub_source_suffix:258_23754,,video,차대보행자_횡단보도(신호등없음),,,storage/vision/staging/per_label_300/raw/car_vs_pedestrian/aihub_train_00000035.mp4,True,,classification_frame_extraction,full_candidate,17d8309b6c187fd5ce68e2690af105c3b1c1a8c4f8d79f76805ad2dd16dbd77a,Ai_Hub/Train,Ai_Hub/Train/TS_차대보행자_영상_횡단보도(신호등없음)/bb_1_200408_pedestrian_258_23754.mp4,,train,,,,,,1920
aihub_train_00002730,TS_차대자전거_영상_사거리교차로(신호등없음),car_vs_bicycle,Ai_Hub,https://drive.google.com/uc?id=18pzYBG6xZ0fwBFj-PY4rZWJQmZtIF6MP,10.0,,,.mp4,bb_1_180111_bike_120_200.mp4,15.0,150,9b96c660c9879766|3301667ccf8d3c66|33236e7cd183cc74|33226e7cd18b6c74|33226e7cd18b4e74,1080,aihub_source_suffix:120_200,,video,차대자전거_사거리교차로(신호등없음),,,storage/vision/staging/per_label_300/raw/car_vs_bicycle/aihub_train_00002730.mp4,True,,classification_frame_extraction,full_candidate,bb85c7f4ad79cc568350b12acdb4fa999f2bc75550c884c56740a40f0e43991c,Ai_Hub/Train,Ai_Hub/Train/TS_차대자전거_영상_사거리교차로(신호등없음)/bb_1_180111_bike_120_200.mp4,,train,,,,,,1920
aihub_train_00000590,TS_차대보행자_영상_횡단보도없음,car_vs_pedestrian,Ai_Hub,https://drive.google.com/uc?id=1o2ky881NcPLcCCAsMQr-oV4iagbAXGpf,10.0,,,.mp4,bb_1_210102_pedestrian_223_20702.mp4,15.0,150,23a2e4d85a1e7e6c|23a2ec58da9e564e|a3a26c5cd89a9ec6|a3e06c4c5a1e9eb6|b3b26c4cd99a9626,1080,aihub_source_suffix:223_20702,,video,차대보행자_횡단보도없음,,,storage/vision/staging/per_label_300/raw/car_vs_pedestrian/aihub_train_00000590.mp4,True,,classification_frame_extraction,full_candidate,96d99906c271114495fd798530be7ca52db3daf12b59f7f244a9427c67741600,Ai_Hub/Train,Ai_Hub/Train/TS_차대보행자_영상_횡단보도없음/bb_1_210102_pedestrian_223_20702.mp4,,train,,,,,,1920
aihub_train_00003463,TS_차대자전거_영상_직선도로,car_vs_bicycle,Ai_Hub,https://drive.google.com/uc?id=10pyCS8dhU8VTzq3PhgJxG-lfprvdAZor,10.0,,,.mp4,bb_1_220812_bike_144_180.mp4,15.0,150,1b0f0f9e7bc48706|130f0f3e3bcc8f12|3b0f4d3c39cc9d12|370f2d3c39cc9d12|370f2d3c39cc9d12,672,aihub_source_suffix:144_180,,video,차대자전거_직선도로,,,storage/vision/staging/per_label_300/raw/car_vs_bicycle/aihub_train_00003463.mp4,True,,classification_frame_extraction,full_candidate,fca2f8e9f0c5b65ef5052717671f8a23e9a46a957c37030f0ad000ef0fc4e6da,Ai_Hub/Train,Ai_Hub/Train/TS_차대자전거_영상_직선도로/bb_1_220812_bike_144_180.mp4,,train,,,,,,1128
aihub_train_00000656,TS_차대보행자_영상_횡단보도없음,car_vs_pedestrian,Ai_Hub,https://drive.google.com/uc?id=1EnmDGnyJFqY8OaHtGO0BEOyN0_viE0P9,10.0,,,.mp4,bb_1_220112_pedestrian_253_21610.mp4,15.0,150,24d2db2c66d71b2c|3ac6d538e4e52ad2|2ce4d33ad2d52d2c|2ce4d33ad2d52d2c|2ce4d31adad52d2c,1080,aihub_source_suffix:253_21610,,video,차대보행자_횡단보도없음,,,storage/vision/staging/per_label_300/raw/car_vs_pedestrian/aihub_train_00000656.mp4,True,,classification_frame_extraction,full_candidate,8682cd04bed546b4c7250a620aa4416910eff4faf6e0810234932676c59acfa8,Ai_Hub/Train,Ai_Hub/Train/TS_차대보행자_영상_횡단보도없음/bb_1_220112_pedestrian_253_21610.mp4,,train,,,,,,1920
aihub_train_00003399,TS_차대자전거_영상_직선도로,car_vs_bicycle,Ai_Hub,https://drive.google.com/uc?id=1im_5Ah4zM9h7ewoAH1jR4GkagzOedK8-,10.0,,,.mp4,bb_1_220106_bike_113_233.mp4,15.0,150,1b8ac16363badc74|139292d6e1e3e8ec|2b29a404c76f9ebc|2b29b004c72fdebc|2b2ba004c72fdebc,1080,aihub_source_suffix:113_233,,video,차대자전거_직선도로,,,storage/vision/staging/per_label_300/raw/car_vs_bicycle/aihub_train_00003399.mp4,True,,classification_frame_extraction,full_candidate,12f1561449ba08627aa820f3137757b9184f751f0c0acd8dc89397526a3e028e,Ai_Hub/Train,Ai_Hub/Train/TS_차대자전거_영상_직선도로/bb_1_220106_bike_113_233.mp4,,val,,,,,,1920
aihub_train_00000651,TS_차대보행자_영상_횡단보도없음,car_vs_pedestrian,Ai_Hub,https://drive.google.com/uc?id=1vYk69iuRRMMnjvMtloKVl3lbo4Q17t_u,10.0,,,.mp4,bb_1_211117_pedestrian_239_21473.mp4,15.0,150,3d24c6db99952666|89f0761f29e8d436|e1f05e0e2ed1f1e0|986647993ae6cf18|b066cf9932c6cd38,1080,aihub_source_suffix:239_21473,,video,차대보행자_횡단보도없음,,,storage/vision/staging/per_label_300/raw/car_vs_pedestrian/aihub_train_00000651.mp4,True,,classification_frame_extraction,full_candidate,05a083f97aa157b596c7408913e6e500503639f525c96ead2d40b70a751d17d3,Ai_Hub/Train,Ai_Hub/Train/TS_차대보행자_영상_횡단보도없음/bb_1_211117_pedestrian_239_21473.mp4,,train,,,,,,1920
aihub_train_00000541,TS_차대보행자_영상_횡단보도없음,car_vs_pedestrian,Ai_Hub,https://drive.google.com/uc?id=1vF4NJ1gU3CSbC1drAqOKwUMlY8VmPzl-,10.0,,,.mp4,bb_1_190904_pedestrian_207_25166.mp4,15.0,150,8b8be3707d0ec742|9991c67239cd4676|9fbfc6e03108e3e0|9f9fc6e03008efe0|9f9fc6e23008e7e0,926,aihub_source_suffix:207_25166,,video,차대보행자_횡단보도없음,,,storage/vision/staging/per_label_300/raw/car_vs_pedestrian/aihub_train_00000541.mp4,True,,classification_frame_extraction,full_candidate,7da0c799a6596fdb26562925b8f3f80b352abb4fdf8391f2238ea8d2dbb4d08b,Ai_Hub/Train,Ai_Hub/Train/TS_차대보행자_영상_횡단보도없음/bb_1_190904_pedestrian_207_25166.mp4,,train,,,,,,1920
aihub_train_00003295,TS_차대자전거_영상_직선도로,car_vs_bicycle,Ai_Hub,https://drive.google.com/uc?id=1cJYs2nnsmgFOWfmsQQgv8YxBVNkpV4oi,10.0,,,.mp4,bb_1_200614_bike_210_22093.mp4,15.0,150,a9a9a673585da594|8b4b26a6ac79878e|8bcb2ca5267db982|9bcba0b5243cdf82|9bcba2b5243c9f82,926,aihub_source_suffix:210_22093,,video,차대자전거_직선도로,,,storage/vision/staging/per_label_300/raw/car_vs_bicycle/aihub_train_00003295.mp4,True,,classification_frame_extraction,full_candidate,8daf5d21f539f30ed67e4697719b6158107f649502fca0c5b87700c073e0ce70,Ai_Hub/Train,Ai_Hub/Train/TS_차대자전거_영상_직선도로/bb_1_200614_bike_210_22093.mp4,,train,,,,,,1920
aihub_train_00002922,TS_차대자전거_영상_사거리교차로(신호등있음),car_vs_bicycle,Ai_Hub,https://drive.google.com/uc?id=1-ggK4EW2-T7PuC2wK6cSe-ThWDgXkP7n,10.0,,,.mp4,bb_3_190828_bike_149_226.mp4,15.0,150,1852673ee8adaea8|805e77a0f8afa2e8|1856673ef8aca638|1844e73ed8b56758|1864e71eeabd1866,1080,aihub_source_suffix:149_226,,video,차대자전거_사거리교차로(신호등있음),,,storage/vision/staging/per_label_300/raw/car_vs_bicycle/aihub_train_00002922.mp4,True,,classification_frame_extraction,full_candidate,ddfb2e5700eaf375a4090b9fe65e6468c3e2d3d90c98590fc61f61930ef79ae6,Ai_Hub/Train,Ai_Hub/Train/TS_차대자전거_영상_사거리교차로(신호등있음)/bb_3_190828_bike_149_226.mp4,,train,,,,,,1920
aihub_train_00003237,TS_차대자전거_영상_직선도로,car_vs_bicycle,Ai_Hub,https://drive.google.com/uc?id=18u21Ai0b0rXnSujlXZ0HkYKoljUJLaq9,10.0,,,.mp4,bb_1_190404_bike_236_21718.mp4,15.0,150,3d987266c6c3af30|33326ccccce78732|b73870cec8758732|878e786cf8d39924|878e787cd8719926,1080,aihub_source_suffix:236_21718,,video,차대자전거_직선도로,,,storage/vision/staging/per_label_300/raw/car_vs_bicycle/aihub_train_00003237.mp4,True,,classification_frame_extraction,full_candidate,e8ccb240fb13505409ca18cba36229b28643ec56a8e36ca4041d2a16b71e0102,Ai_Hub/Train,Ai_Hub/Train/TS_차대자전거_영상_직선도로/bb_1_190404_bike_236_21718.mp4,,train,,,,,,1920
aihub_train_00000361,TS_차대보행자_영상_횡단보도(신호등있음)부근,car_vs_pedestrian,Ai_Hub,https://drive.google.com/uc?id=1HaiPsfZdMNEmYM40W9kipjDz1QLSIolo,10.0,,,.mp4,bb_1_210424_pedestrian_202_22096.mp4,15.0,150,26dacd2e92c35ba4|9cda609f9d60db24|20db666f199cdb24|a4db645d9332db24|b4db644f99185b26,1080,aihub_source_suffix:202_22096,,video,차대보행자_횡단보도(신호등있음)부근,,,storage/vision/staging/per_label_300/raw/car_vs_pedestrian/aihub_train_00000361.mp4,True,,classification_frame_extraction,full_candidate,31c161c33c935a736e64d38de97bf03ab5504c96e44619f3bd35e9ee1c8c5b4a,Ai_Hub/Train,Ai_Hub/Train/TS_차대보행자_영상_횡단보도(신호등있음)부근/bb_1_210424_pedestrian_202_22096.mp4,,train,,,,,,1920
aihub_train_00000132,TS_차대보행자_영상_횡단보도(신호등있음),car_vs_pedestrian,Ai_Hub,https://drive.google.com/uc?id=1df1bNPyVpyOrxoBZVIHEG5G6qPHZ7fcc,10.0,,,.mp4,bb_1_160901_pedestrian_200_21695.mp4,15.0,150,8197c2de5b0a5aae|aba1e24e1d537256|a9a9e56443cd3ad2|a195e364476a5ada|81ade466c36a5ada,926,aihub_source_suffix:200_21695,,video,차대보행자_횡단보도(신호등있음),,,storage/vision/staging/per_label_300/raw/car_vs_pedestrian/aihub_train_00000132.mp4,True,,classification_frame_extraction,full_candidate,04786d4f10343c57203bf4c597eb93efc945c92ea754c3b7a19a10674093d517,Ai_Hub/Train,Ai_Hub/Train/TS_차대보행자_영상_횡단보도(신호등있음)/bb_1_160901_pedestrian_200_21695.mp4,,train,,,,,,1920
aihub_train_00000749,TS_차대보행자_영상_횡단보도없음,car_vs_pedestrian,Ai_Hub,https://drive.google.com/uc?id=1H_n9GB3ZsNhDgAVQR3v40fvlsiwMzQU4,10.0,,,.mp4,cc_3_191104_pedestrian_223_22223.mp4,15.0,150,81a0f5c44e4e7e5e|a1a0f5c04e4e7e5e|a1a0f5c04e4e7e5e|a1a0f5c24e4e7e5c|a1a0f5c44e4e7e5c,1080,aihub_source_suffix:223_22223,,video,차대보행자_횡단보도없음,,,storage/vision/staging/per_label_300/raw/car_vs_pedestrian/aihub_train_00000749.mp4,True,,classification_frame_extraction,full_candidate,c4b93e80b20b202b2efd12e965b85ddc9457f1b407a6f9a7c6431c5b899cc4ef,Ai_Hub/Train,Ai_Hub/Train/TS_차대보행자_영상_횡단보도없음/cc_3_191104_pedestrian_223_22223.mp4,,test,,,,,,1920
aihub_train_00003200,TS_차대자전거_영상_직선도로,car_vs_bicycle,Ai_Hub,https://drive.google.com/uc?id=1wEtEJbG1wSe2yrcowMSoL3BPVkDmqqJ-,10.0,,,.mp4,bb_1_180821_bike_198_093.mp4,15.0,150,3910c2e0eeee5a5e|a7a044fc7e1e1a5a|0540c1aefe3e1e3e|05e0da8efe1c2c76|05f0da0afe3c2c76,480,aihub_source_suffix:198_093,,video,차대자전거_직선도로,,,storage/vision/staging/per_label_300/raw/car_vs_bicycle/aihub_train_00003200.mp4,True,,classification_frame_extraction,full_candidate,9d5e2b674499a5fc4e4ba88cd76ae82258eea938c7b21bdb241e74c2fad97e2a,Ai_Hub/Train,Ai_Hub/Train/TS_차대자전거_영상_직선도로/bb_1_180821_bike_198_093.mp4,,train,,,,,,640
aihub_train_00000092,TS_차대보행자_영상_횡단보도(신호등없음)부근,car_vs_pedestrian,Ai_Hub,https://drive.google.com/uc?id=1CALBw7BDJjS0osWoV89F-kbFuqbgwABu,10.0,,,.mp4,bb_1_180622_pedestrian_15_010.mp4,15.0,150,293921a3a6f1dcda|2b392d2d2cf099da|2333272b0ccbcece|21393b292cdcc7ea|21393b292cdcc5ee,1080,aihub_source_suffix:15_010,,video,차대보행자_횡단보도(신호등없음)부근,,,storage/vision/staging/per_label_300/raw/car_vs_pedestrian/aihub_train_00000092.mp4,True,,classification_frame_extraction,full_candidate,1f2724002b263ab47f63ff9dcee18cef532a57d826ece83e720783eb8f02c52b,Ai_Hub/Train,Ai_Hub/Train/TS_차대보행자_영상_횡단보도(신호등없음)부근/bb_1_180622_pedestrian_15_010.mp4,,train,,,,,,1920
aihub_train_00000677,TS_차대보행자_영상_횡단보도없음,car_vs_pedestrian,Ai_Hub,https://drive.google.com/uc?id=1MBmJB8iRKnUdYMw_92mMqVpLudlt4KT6,10.0,,,.mp4,bb_3_150210_pedestrian_211_22414.mp4,15.0,150,3b2ac6d4c4f6c278|2b3ac8dcd4e6c668|2b3ad89cd4c6c4ea|2b3ad8dcd4c4f4c2|2b3adcd4d4c4f4c2,1080,aihub_source_suffix:211_22414,,video,차대보행자_횡단보도없음,,,storage/vision/staging/per_label_300/raw/car_vs_pedestrian/aihub_train_00000677.mp4,True,,classification_frame_extraction,full_candidate,505f9979d6b237bb284c5e508d6396c4c009c44c2dde2c5746c08bc10f6c6d69,Ai_Hub/Train,Ai_Hub/Train/TS_차대보행자_영상_횡단보도없음/bb_3_150210_pedestrian_211_22414.mp4,,train,,,,,,1920
aihub_train_00000088,TS_차대보행자_영상_횡단보도(신호등없음)부근,car_vs_pedestrian,Ai_Hub,https://drive.google.com/uc?id=1FwanwjXm6iGMd4PnpeqtDArtBXylL0Dt,10.0,,,.mp4,bb_1_171014_pedestrian_143_190.mp4,15.0,150,85803276ef687ada|81807a7efde4323a|81807a7ade76362e|81843372fedec664|8182767adb383a7c,1080,aihub_source_suffix:143_190,,video,차대보행자_횡단보도(신호등없음)부근,,,storage/vision/staging/per_label_300/raw/car_vs_pedestrian/aihub_train_00000088.mp4,True,,classification_frame_extraction,full_candidate,1f78e7a1b06fec143d6d8e78f4f146328a56a24c4020a0d5f0771b594609b5ab,Ai_Hub/Train,Ai_Hub/Train/TS_차대보행자_영상_횡단보도(신호등없음)부근/bb_1_171014_pedestrian_143_190.mp4,,test,,,,,,1920
aihub_train_00000219,TS_차대보행자_영상_횡단보도(신호등있음),car_vs_pedestrian,Ai_Hub,https://drive.google.com/uc?id=1EPJdADxGnpok0i37efs8sWQTG-mKDCdW,10.0,,,.mp4,bb_3_120728_pedestrian_232_21500.mp4,15.0,150,8322cede7ccc7072|8730ced678cc70dc|8f2c66d6d0cc78d8|852ce6d2d2da786c|8f2cf6d2704878dc,1080,aihub_source_suffix:232_21500,,video,차대보행자_횡단보도(신호등있음),,,storage/vision/staging/per_label_300/raw/car_vs_pedestrian/aihub_train_00000219.mp4,True,,classification_frame_extraction,full_candidate,07b374ddaec122a22fcf5eedaecd1f4a246e8dce6f803d6fe2fd4e369743b188,Ai_Hub/Train,Ai_Hub/Train/TS_차대보행자_영상_횡단보도(신호등있음)/bb_3_120728_pedestrian_232_21500.mp4,,train,,,,,,1920
aihub_train_00000366,TS_차대보행자_영상_횡단보도(신호등있음)부근,car_vs_pedestrian,Ai_Hub,https://drive.google.com/uc?id=1uONlnaHfy68YpQ_zNWoNacHo41RKIQNG,10.0,,,.mp4,bb_1_210920_pedestrian_120_147.mp4,15.0,150,1b2a84ccd8f6f4f0|172aaac8d4f4f2b4|032362d8dcf4f4bc|0302465cf8f6f6f8|030754ccfcf4f2b8,1080,aihub_source_suffix:120_147,,video,차대보행자_횡단보도(신호등있음)부근,,,storage/vision/staging/per_label_300/raw/car_vs_pedestrian/aihub_train_00000366.mp4,True,,classification_frame_extraction,full_candidate,85f478d712c7d92cac7e325d3496facc283f8ff68d422fe8098d903e64e7e983,Ai_Hub/Train,Ai_Hub/Train/TS_차대보행자_영상_횡단보도(신호등있음)부근/bb_1_210920_pedestrian_120_147.mp4,,train,,,,,,1920
aihub_train_00000525,TS_차대보행자_영상_횡단보도없음,car_vs_pedestrian,Ai_Hub,https://drive.google.com/uc?id=1EUlfHX7urZzn8wvU3cMSEl8KT-JC5Q_i,10.0,,,.mp4,bb_1_190607_pedestrian_232_20633.mp4,15.0,150,9f36666468d8f8c2|9b96666468d8da6a|b734646c48dadaca|9396666c6c5c6a6a|9396666c6c5c5a6a,1080,aihub_source_suffix:232_20633,,video,차대보행자_횡단보도없음,,,storage/vision/staging/per_label_300/raw/car_vs_pedestrian/aihub_train_00000525.mp4,True,,classification_frame_extraction,full_candidate,363087cc598ff37caf71a2f5eb87b80a81cd4b037e8e1f91f3a1fbae9f7912aa,Ai_Hub/Train,Ai_Hub/Train/TS_차대보행자_영상_횡단보도없음/bb_1_190607_pedestrian_232_20633.mp4,,train,,,,,,1920
aihub_train_00000061,TS_차대보행자_영상_횡단보도(신호등없음),car_vs_pedestrian,Ai_Hub,https://drive.google.com/uc?id=1OIakrA2258S6e4KSAihAAMsc182xR1Sb,10.0,,,.mp4,bb_3_161011_pedestrian_15_003.mp4,15.0,150,8bea6e66a9d8ca24|8dd25a6c77aac834|8996564837d6d47c|a5b6d4486b94ea74|a9aed64a4380fa6e,1080,aihub_source_suffix:15_003,,video,차대보행자_횡단보도(신호등없음),,,storage/vision/staging/per_label_300/raw/car_vs_pedestrian/aihub_train_00000061.mp4,True,,classification_frame_extraction,full_candidate,da94c9340632de8b0e68bb8e1d8b29c3ca27cb42e5c40a963c4168408995c8c1,Ai_Hub/Train,Ai_Hub/Train/TS_차대보행자_영상_횡단보도(신호등없음)/bb_3_161011_pedestrian_15_003.mp4,,train,,,,,,1920
aihub_train_00000564,TS_차대보행자_영상_횡단보도없음,car_vs_pedestrian,Ai_Hub,https://drive.google.com/uc?id=14_dmRzeF0jGmqlIQ0_wykbY9_1UXRlRj,10.0,,,.mp4,bb_1_200508_pedestrian_112_333.mp4,15.0,150,23e6ecf8da96160c|33e6ee78d8961780|a3e66c7cda9a1682|b3e46c4c591e1fa4|b3b66e6c491ad384,1080,aihub_source_suffix:112_333,,video,차대보행자_횡단보도없음,,,storage/vision/staging/per_label_300/raw/car_vs_pedestrian/aihub_train_00000564.mp4,True,,classification_frame_extraction,full_candidate,6dd907b9d09941c0d2ef355110671507eeee38b109446bfbb76cb03486336295,Ai_Hub/Train,Ai_Hub/Train/TS_차대보행자_영상_횡단보도없음/bb_1_200508_pedestrian_112_333.mp4,,test,,,,,,1920
aihub_train_00000574,TS_차대보행자_영상_횡단보도없음,car_vs_pedestrian,Ai_Hub,https://drive.google.com/uc?id=1zTgjK7aLGyYTfXQexS2D_d1C8OAIyByG,10.0,,,.mp4,bb_1_200630_pedestrian_144_155.mp4,15.0,150,29a1ed8e4a5b92f4|2b2b4fc6c2d392e4|29a3c1866a7797b4|2323698e62db97d4|2323698e62db979c,1080,aihub_source_suffix:144_155,,video,차대보행자_횡단보도없음,,,storage/vision/staging/per_label_300/raw/car_vs_pedestrian/aihub_train_00000574.mp4,True,,classification_frame_extraction,full_candidate,12f02d0cc3ab640426bd8c508ebe6cf0349b2a4db3bba3936e3d4d2c06c2e7a2,Ai_Hub/Train,Ai_Hub/Train/TS_차대보행자_영상_횡단보도없음/bb_1_200630_pedestrian_144_155.mp4,,train,,,,,,1920
aihub_train_00000570,TS_차대보행자_영상_횡단보도없음,car_vs_pedestrian,Ai_Hub,https://drive.google.com/uc?id=1K6MLVisQgAd0Of5kl8BPUD2deoKJ6-1P,10.0,,,.mp4,bb_1_200608_pedestrian_200_20799.mp4,15.0,150,2b84627adc5ae56a|0395666c7c6ad27a|1b94376ee468d86a|9990733ee446dc6a|1b907b6ee446566a,1080,aihub_source_suffix:200_20799,,video,차대보행자_횡단보도없음,,,storage/vision/staging/per_label_300/raw/car_vs_pedestrian/aihub_train_00000570.mp4,True,,classification_frame_extraction,full_candidate,1886d7d6ca339084228a292f1510fd1002871e478e376a90e7001b916ae8d85a,Ai_Hub/Train,Ai_Hub/Train/TS_차대보행자_영상_횡단보도없음/bb_1_200608_pedestrian_200_20799.mp4,,train,,,,,,1920
aihub_train_00000704,TS_차대보행자_영상_횡단보도없음,car_vs_pedestrian,Ai_Hub,https://drive.google.com/uc?id=1kzw9W-3RQio59VTeHXSQ70EQ1ubBNTzt,10.0,,,.mp4,bb_3_180114_pedestrian_193_028.mp4,15.0,150,9bd1a5670a77a05a|a9d3b7f7806908d4|13dba3b6a651147c|99db4765b4578078|99bba5cb1665807a,1080,aihub_source_suffix:193_028,,video,차대보행자_횡단보도없음,,,storage/vision/staging/per_label_300/raw/car_vs_pedestrian/aihub_train_00000704.mp4,True,,classification_frame_extraction,full_candidate,d6413e2c7bb3d96c001104b3ae2132bc5dae515c3460883c875f7d2e42030fc2,Ai_Hub/Train,Ai_Hub/Train/TS_차대보행자_영상_횡단보도없음/bb_3_180114_pedestrian_193_028.mp4,,train,,,,,,1920
aihub_train_00000585,TS_차대보행자_영상_횡단보도없음,car_vs_pedestrian,Ai_Hub,https://drive.google.com/uc?id=1Vi63cE1Zrg7ZV3-qkJ2Lh5g3FqZbfn27,10.0,,,.mp4,bb_1_201027_pedestrian_228_20413.mp4,15.0,150,2b4af034ceda7896|2bcafc36cc48d68c|2bcaf4368458dfa4|2bcaf4368c48dfa4|2bcaf4368458dfa4,1080,aihub_source_suffix:228_20413,,video,차대보행자_횡단보도없음,,,storage/vision/staging/per_label_300/raw/car_vs_pedestrian/aihub_train_00000585.mp4,True,,classification_frame_extraction,full_candidate,695fe6380c20e341f7a2680ba4cba1491834bbaf56ad4932a1f537c182e36460,Ai_Hub/Train,Ai_Hub/Train/TS_차대보행자_영상_횡단보도없음/bb_1_201027_pedestrian_228_20413.mp4,,train,,,,,,1920
aihub_train_00000300,TS_차대보행자_영상_횡단보도(신호등있음)부근,car_vs_pedestrian,Ai_Hub,https://drive.google.com/uc?id=1qlzg84kDcb7y9C8kFTE84s8lIqpBuc06,10.0,,,.mp4,bb_1_180115_pedestrian_224_21920.mp4,15.0,150,8b8b646c0b97d93c|8b8be46c1397d938|8b8be46c8397d938|93d364694b83b4ba|9393a46b3b85ada8,926,aihub_source_suffix:224_21920,,video,차대보행자_횡단보도(신호등있음)부근,,,storage/vision/staging/per_label_300/raw/car_vs_pedestrian/aihub_train_00000300.mp4,True,,classification_frame_extraction,full_candidate,60d4fb6a4319964914b3a86b589cc19134426759ae386afc5233827dbd0052dd,Ai_Hub/Train,Ai_Hub/Train/TS_차대보행자_영상_횡단보도(신호등있음)부근/bb_1_180115_pedestrian_224_21920.mp4,,train,,,,,,1920
aihub_train_00000172,TS_차대보행자_영상_횡단보도(신호등있음),car_vs_pedestrian,Ai_Hub,https://drive.google.com/uc?id=1yP4JMBUglG2oJIZUy25DSNkJIdQQ4qBZ,10.0,,,.mp4,bb_1_190705_pedestrian_130_174.mp4,15.0,150,111879b9a9ab327e|bd0c0181daff27e4|996873d181adee62|9f727b9c6387a060|bb32b393bf2960c0,652,aihub_source_suffix:130_174,,video,차대보행자_횡단보도(신호등있음),,,storage/vision/staging/per_label_300/raw/car_vs_pedestrian/aihub_train_00000172.mp4,True,,classification_frame_extraction,full_candidate,9baba3167c5c1f8f148ae55b6dccb381179b4b9a29f3f865322a3047fd319797,Ai_Hub/Train,Ai_Hub/Train/TS_차대보행자_영상_횡단보도(신호등있음)/bb_1_190705_pedestrian_130_174.mp4,,train,,,,,,872
aihub_train_00000605,TS_차대보행자_영상_횡단보도없음,car_vs_pedestrian,Ai_Hub,https://drive.google.com/uc?id=16rlB3-s_0-n_to-f1E7R30cZgwb8cQpE,10.0,,,.mp4,bb_1_210214_pedestrian_147_162.mp4,15.0,150,0b0ad6d6c6ad4ce6|2188de1e6e3f78c4|0b0a5a786c2ff6c6|0b0ad8f0f68726de|0b2a7cb4c6973e4a,1080,aihub_source_suffix:147_162,,video,차대보행자_횡단보도없음,,,storage/vision/staging/per_label_300/raw/car_vs_pedestrian/aihub_train_00000605.mp4,True,,classification_frame_extraction,full_candidate,f6f874b69dbf6a345fe3b7fa92a2b82483cbbeca96e20056b204b5402974a1c1,Ai_Hub/Train,Ai_Hub/Train/TS_차대보행자_영상_횡단보도없음/bb_1_210214_pedestrian_147_162.mp4,,train,,,,,,1920
aihub_train_00000561,TS_차대보행자_영상_횡단보도없음,car_vs_pedestrian,Ai_Hub,https://drive.google.com/uc?id=1Spi1vWuUMjDM_0yeYj_74MIq1e3rRFze,10.0,,,.mp4,bb_1_200418_pedestrian_254_22468.mp4,15.0,150,9998666666e6ccd8|939a4c6c66e6cad8|3332ccccc6ceced0|3138cece66c6cec4|33384ccee6c6ced0,1080,aihub_source_suffix:254_22468,,video,차대보행자_횡단보도없음,,,storage/vision/staging/per_label_300/raw/car_vs_pedestrian/aihub_train_00000561.mp4,True,,classification_frame_extraction,full_candidate,b96e960197017071ef9cb89cb389858756db55d5e955839c02c7393938630c63,Ai_Hub/Train,Ai_Hub/Train/TS_차대보행자_영상_횡단보도없음/bb_1_200418_pedestrian_254_22468.mp4,,train,,,,,,1920
aihub_train_00000458,TS_차대보행자_영상_횡단보도없음,car_vs_pedestrian,Ai_Hub,https://drive.google.com/uc?id=1K1-bnN82VJWaT1hhZEmSW3TmhVgzdmM0,10.0,,,.mp4,bb_1_180115_pedestrian_117_156.mp4,15.0,150,88990ee672f8353e|999d876070b55baa|999987f26074db26|999983e66071f83e|b99385ee66e36228,320,aihub_source_suffix:117_156,,video,차대보행자_횡단보도없음,,,storage/vision/staging/per_label_300/raw/car_vs_pedestrian/aihub_train_00000458.mp4,True,,classification_frame_extraction,full_candidate,447e230a52e8f1adef316bb2005d7c24be3d07e44fe321c1e5e989caacef52eb,Ai_Hub/Train,Ai_Hub/Train/TS_차대보행자_영상_횡단보도없음/bb_1_180115_pedestrian_117_156.mp4,,train,,,,,,496
aihub_train_00000539,TS_차대보행자_영상_횡단보도없음,car_vs_pedestrian,Ai_Hub,https://drive.google.com/uc?id=15ty4GqiS1IdGMgo0IM-IwFSLVACSeGTs,10.0,,,.mp4,bb_1_190826_pedestrian_214_22275.mp4,15.0,150,9872679d9c62e19c|2926d691bd6ee198|8e767981e22cbdc2|8e3e7bc1866ab18c|8e3e79c1866cf982,1080,aihub_source_suffix:214_22275,,video,차대보행자_횡단보도없음,,,storage/vision/staging/per_label_300/raw/car_vs_pedestrian/aihub_train_00000539.mp4,True,,classification_frame_extraction,full_candidate,6ffa4fc4a017ee9078c33f120c4ee4acf1927a3f47fc4dd5b54a24763eaf4451,Ai_Hub/Train,Ai_Hub/Train/TS_차대보행자_영상_횡단보도없음/bb_1_190826_pedestrian_214_22275.mp4,,train,,,,,,1920
aihub_train_00000701,TS_차대보행자_영상_횡단보도없음,car_vs_pedestrian,Ai_Hub,https://drive.google.com/uc?id=1e8I8Eok2P0w_Tns1-QI6X4Y9nnMy-L10,10.0,,,.mp4,bb_3_170908_pedestrian_141_305.mp4,15.0,150,8b9bc7c363b06568|8b9bc7c271b0c92e|8989c7c3689c3f6a|898bc2e07d93ef60|8981e0d27d34efd2,1080,aihub_source_suffix:141_305,,video,차대보행자_횡단보도없음,,,storage/vision/staging/per_label_300/raw/car_vs_pedestrian/aihub_train_00000701.mp4,True,,classification_frame_extraction,full_candidate,a36750793486acdb9c25e3a98b8f1221fa80712bb62cfb36b4c0bc890d712c6b,Ai_Hub/Train,Ai_Hub/Train/TS_차대보행자_영상_횡단보도없음/bb_3_170908_pedestrian_141_305.mp4,,train,,,,,,1920
aihub_train_00000671,TS_차대보행자_영상_횡단보도없음,car_vs_pedestrian,Ai_Hub,https://drive.google.com/uc?id=1xLycaUXfD34GQUxI8N7t0hcjF-gbu-wt,10.0,,,.mp4,bb_3_140114_pedestrian_228_22496.mp4,15.0,150,8990f4666a7ef498|a980d6765c6c6cda|0b8ae6b4b45e4e6c|899866647676de68|8992e56a7a769478,1080,aihub_source_suffix:228_22496,,video,차대보행자_횡단보도없음,,,storage/vision/staging/per_label_300/raw/car_vs_pedestrian/aihub_train_00000671.mp4,True,,classification_frame_extraction,full_candidate,2263352591c182c2cbd1ae129a194397f3f99b26a0881e58830354c612fa2817,Ai_Hub/Train,Ai_Hub/Train/TS_차대보행자_영상_횡단보도없음/bb_3_140114_pedestrian_228_22496.mp4,,train,,,,,,1920
aihub_train_00000385,TS_차대보행자_영상_횡단보도(신호등있음)부근,car_vs_pedestrian,Ai_Hub,https://drive.google.com/uc?id=12t0GT7sCO08Xvk3Zzt16l31b5hdL0tfM,10.0,,,.mp4,cc_3_160726_pedestrian_236_22672.mp4,15.0,150,2b2ab1bd969ac8cc|2b2fb4b89a9c49cc|3b2ab8998894d3ee|3f384ee731289ad4|3f3a4c4737291ad2,926,aihub_source_suffix:236_22672,,video,차대보행자_횡단보도(신호등있음)부근,,,storage/vision/staging/per_label_300/raw/car_vs_pedestrian/aihub_train_00000385.mp4,True,,classification_frame_extraction,full_candidate,bdaa5f29093b4dd7bafbead07facad8bc4ee34a2156904b42bb1e560bba438b2,Ai_Hub/Train,Ai_Hub/Train/TS_차대보행자_영상_횡단보도(신호등있음)부근/cc_3_160726_pedestrian_236_22672.mp4,,train,,,,,,1920
aihub_train_00000190,TS_차대보행자_영상_횡단보도(신호등있음),car_vs_pedestrian,Ai_Hub,https://drive.google.com/uc?id=1BTT5QaOaOdri1pYe-ZBJgW-P4ahgn5o8,10.0,,,.mp4,bb_1_200712_pedestrian_192_129.mp4,15.0,150,2a6a9dbd5302dda8|985e27e15f12f10e|b1e24e1eedec1a12|bdf84912f7664cc0|bdf84912f7664cc0,1080,aihub_source_suffix:192_129,,video,차대보행자_횡단보도(신호등있음),,,storage/vision/staging/per_label_300/raw/car_vs_pedestrian/aihub_train_00000190.mp4,True,,classification_frame_extraction,full_candidate,3d16b416f642aeecbda8e48e1582e5b95ddea21c22c5ce27aa11de18027ad4c0,Ai_Hub/Train,Ai_Hub/Train/TS_차대보행자_영상_횡단보도(신호등있음)/bb_1_200712_pedestrian_192_129.mp4,,test,,,,,,1920
aihub_train_00000163,TS_차대보행자_영상_횡단보도(신호등있음),car_vs_pedestrian,Ai_Hub,https://drive.google.com/uc?id=17LsPmNHpN-xW5iUlU-IjaksKqymsVRMz,10.0,,,.mp4,bb_1_181113_pedestrian_240_21616.mp4,15.0,150,c9c1b879f2a5a62c|8ddd895132ec3e0e|696ba7a1172ba394|8dc1b98bf23be01c|8cd1b981f23bf41c,926,aihub_source_suffix:240_21616,,video,차대보행자_횡단보도(신호등있음),,,storage/vision/staging/per_label_300/raw/car_vs_pedestrian/aihub_train_00000163.mp4,True,,classification_frame_extraction,full_candidate,5a844be396a26661969bd95c3dee499f5a59792bb50ddc2372a2da97c6d754c7,Ai_Hub/Train,Ai_Hub/Train/TS_차대보행자_영상_횡단보도(신호등있음)/bb_1_181113_pedestrian_240_21616.mp4,,val,,,,,,1920
aihub_train_00000079,TS_차대보행자_영상_횡단보도(신호등없음)부근,car_vs_pedestrian,Ai_Hub,https://drive.google.com/uc?id=1-jzFW5QYhmRIgZm_iu3K0zzWESFS_uZl,10.0,,,.mp4,bb_1_170206_pedestrian_218_22565.mp4,15.0,150,998ae3e1e9c8cdb0|918d6de078bb84b6|8987678c6d3878ce|8d2c3786e398cfc2|8d2c3786e398cfc2,926,aihub_source_suffix:218_22565,,video,차대보행자_횡단보도(신호등없음)부근,,,storage/vision/staging/per_label_300/raw/car_vs_pedestrian/aihub_train_00000079.mp4,True,,classification_frame_extraction,full_candidate,74605a409487655f0240fe1a93eb5ffedd407fb696d27c9c9a7f5592b8f560ce,Ai_Hub/Train,Ai_Hub/Train/TS_차대보행자_영상_횡단보도(신호등없음)부근/bb_1_170206_pedestrian_218_22565.mp4,,test,,,,,,1920
aihub_train_00000573,TS_차대보행자_영상_횡단보도없음,car_vs_pedestrian,Ai_Hub,https://drive.google.com/uc?id=11SxbtTFJgZ_tsyJNwFUQPSDM90Si8fkU,10.0,,,.mp4,bb_1_200623_pedestrian_142_195.mp4,15.0,150,9b89c9d2530ed93a|938acb72d326b5b0|5bdad1e467843b30|9392dbe2c786f504|9392d9e4c6c4fd0c,668,aihub_source_suffix:142_195,,video,차대보행자_횡단보도없음,,,storage/vision/staging/per_label_300/raw/car_vs_pedestrian/aihub_train_00000573.mp4,True,,classification_frame_extraction,full_candidate,ebf736e073d9b380c13a91c45d4e9a9456602619d59731a38eba6c6f41eb28f5,Ai_Hub/Train,Ai_Hub/Train/TS_차대보행자_영상_횡단보도없음/bb_1_200623_pedestrian_142_195.mp4,,train,,,,,,1128
aihub_train_00000343,TS_차대보행자_영상_횡단보도(신호등있음)부근,car_vs_pedestrian,Ai_Hub,https://drive.google.com/uc?id=1TlVx_dDt5Cs9yvb9ZsHoLTBYYXPCJTMb,10.0,,,.mp4,bb_1_200223_pedestrian_220_22496.mp4,15.0,150,8f1b72fe8b218c38|8913767637a98966|959772761a898c6e|8babea2611919dea|8babea22139599ea,926,aihub_source_suffix:220_22496,,video,차대보행자_횡단보도(신호등있음)부근,,,storage/vision/staging/per_label_300/raw/car_vs_pedestrian/aihub_train_00000343.mp4,True,,classification_frame_extraction,full_candidate,f396fa90165e6d24507fe298e8c2043d581836d7083d14ab0f4ad81eabff1ee1,Ai_Hub/Train,Ai_Hub/Train/TS_차대보행자_영상_횡단보도(신호등있음)부근/bb_1_200223_pedestrian_220_22496.mp4,,train,,,,,,1920
aihub_train_00000367,TS_차대보행자_영상_횡단보도(신호등있음)부근,car_vs_pedestrian,Ai_Hub,https://drive.google.com/uc?id=1z8CMtwPQrKYhzWSl-qBXac689lXGgpuT,10.0,,,.mp4,bb_1_211016_pedestrian_212_24189.mp4,15.0,150,919347e72388afe4|33b5ad47870ccd86|b3bdac6c2b02558e|b3b5cc686b244d1e|b3b9ec696b060d1a,926,aihub_source_suffix:212_24189,,video,차대보행자_횡단보도(신호등있음)부근,,,storage/vision/staging/per_label_300/raw/car_vs_pedestrian/aihub_train_00000367.mp4,True,,classification_frame_extraction,full_candidate,0c5f617165af909e177e085a4e4c80118b04bf9eaec3a9dc541612c5c422d3b0,Ai_Hub/Train,Ai_Hub/Train/TS_차대보행자_영상_횡단보도(신호등있음)부근/bb_1_211016_pedestrian_212_24189.mp4,,train,,,,,,1920
aihub_train_00000554,TS_차대보행자_영상_횡단보도없음,car_vs_pedestrian,Ai_Hub,https://drive.google.com/uc?id=14G6ZnCfcDo9eERv48nL7-IAP9FddfuFk,10.0,,,.mp4,bb_1_191227_pedestrian_124_190.mp4,15.0,150,0a5ca5a4db5e79a2|86cc59926d2cd3b6|10d4af3ec5463fa8|1aeca59a6b86d86a|9862d79869267b9c,1080,aihub_source_suffix:124_190,,video,차대보행자_횡단보도없음,,,storage/vision/staging/per_label_300/raw/car_vs_pedestrian/aihub_train_00000554.mp4,True,,classification_frame_extraction,full_candidate,3545fe593809ec37d83e25852154627808957b3ebccd177f074ca1afed596e70,Ai_Hub/Train,Ai_Hub/Train/TS_차대보행자_영상_횡단보도없음/bb_1_191227_pedestrian_124_190.mp4,,train,,,,,,1920
aihub_train_00000230,TS_차대보행자_영상_횡단보도(신호등있음),car_vs_pedestrian,Ai_Hub,https://drive.google.com/uc?id=1oA1VAqBMcZmMxuPuY_lI3wwEp41qETpb,10.0,,,.mp4,bb_3_160923_pedestrian_199_084.mp4,15.0,150,232033a6f5f7f504|0322171ebff79382|3ff38782f302c32a|a7a2b3b3b3e3c300|a5a2b3b3b3e3c304,1080,aihub_source_suffix:199_084,,video,차대보행자_횡단보도(신호등있음),,,storage/vision/staging/per_label_300/raw/car_vs_pedestrian/aihub_train_00000230.mp4,True,,classification_frame_extraction,full_candidate,4016017355245a2f05f600fbee6d269c33219dcc985bd784f64b4014552e188f,Ai_Hub/Train,Ai_Hub/Train/TS_차대보행자_영상_횡단보도(신호등있음)/bb_3_160923_pedestrian_199_084.mp4,,train,,,,,,1920
aihub_train_00000330,TS_차대보행자_영상_횡단보도(신호등있음)부근,car_vs_pedestrian,Ai_Hub,https://drive.google.com/uc?id=1VCGn7oeqcfeKkvA9NtxfWSA995wq5F6n,10.0,,,.mp4,bb_1_190512_pedestrian_149_139.mp4,15.0,150,b1b1394c4dcee782|81a1297c7cced716|bb8f8f6262cec310|81a16f39ea4e3bc2|9f83297de21f1942,1080,aihub_source_suffix:149_139,,video,차대보행자_횡단보도(신호등있음)부근,,,storage/vision/staging/per_label_300/raw/car_vs_pedestrian/aihub_train_00000330.mp4,True,,classification_frame_extraction,full_candidate,fcb665d0a7dad8702cd2df66f17aba7bedde8648369e6a34f33a74a03993f0f4,Ai_Hub/Train,Ai_Hub/Train/TS_차대보행자_영상_횡단보도(신호등있음)부근/bb_1_190512_pedestrian_149_139.mp4,,train,,,,,,1920
aihub_train_00000672,TS_차대보행자_영상_횡단보도없음,car_vs_pedestrian,Ai_Hub,https://drive.google.com/uc?id=1H5G--qVU4Dt5r1-DluhM7dA-fGyz9DGp,10.0,,,.mp4,bb_3_140309_pedestrian_252_22058.mp4,15.0,150,b124c6c33ada3d9c|b524cec332d83d8e|b334ccc332983d3e|9524c6c39adc3d3a|9124e6c39ad83db6,1080,aihub_source_suffix:252_22058,,video,차대보행자_횡단보도없음,,,storage/vision/staging/per_label_300/raw/car_vs_pedestrian/aihub_train_00000672.mp4,True,,classification_frame_extraction,full_candidate,908983d1004a4a9761b0cfcc3fb11fc36f296e1e900dc1798d7bf000f103ad85,Ai_Hub/Train,Ai_Hub/Train/TS_차대보행자_영상_횡단보도없음/bb_3_140309_pedestrian_252_22058.mp4,,train,,,,,,1920
aihub_train_00000492,TS_차대보행자_영상_횡단보도없음,car_vs_pedestrian,Ai_Hub,https://drive.google.com/uc?id=1xl4PArDN4wWfEPuzStcPEklircDEhE_v,10.0,,,.mp4,bb_1_180905_pedestrian_48_001.mp4,15.0,150,97172ae4c97b3524|8d811ab6e76b5316|eda5955a32b305d4|eda5955a32b305d4|eda5955a32b305d4,1080,aihub_source_suffix:48_001,,video,차대보행자_횡단보도없음,,,storage/vision/staging/per_label_300/raw/car_vs_pedestrian/aihub_train_00000492.mp4,True,,classification_frame_extraction,full_candidate,86a981927221c779b86f9b5d7eba26f3ad1d960bffd40004c54a8a8adc1b4976,Ai_Hub/Train,Ai_Hub/Train/TS_차대보행자_영상_횡단보도없음/bb_1_180905_pedestrian_48_001.mp4,,test,,,,,,1920
aihub_train_00000192,TS_차대보행자_영상_횡단보도(신호등있음),car_vs_pedestrian,Ai_Hub,https://drive.google.com/uc?id=1O0uFjnETNRCoFARbUrV1VcIchTv_wFdW,10.0,,,.mp4,bb_1_200725_pedestrian_185_113.mp4,15.0,150,9a63c78c718f3272|8867a79c710d66f8|8c738f8c738c66ca|8a71878c718f347e|887387a8738c78ee,272,aihub_source_suffix:185_113,,video,차대보행자_횡단보도(신호등있음),,,storage/vision/staging/per_label_300/raw/car_vs_pedestrian/aihub_train_00000192.mp4,True,,classification_frame_extraction,full_candidate,72800251c9888fe5ea9f56aa4bdd00bd9c4a37298bb6a04de1c01aad3bf0e1ef,Ai_Hub/Train,Ai_Hub/Train/TS_차대보행자_영상_횡단보도(신호등있음)/bb_1_200725_pedestrian_185_113.mp4,,train,,,,,,480
aihub_train_00000691,TS_차대보행자_영상_횡단보도없음,car_vs_pedestrian,Ai_Hub,https://drive.google.com/uc?id=14yT7Rz3FQQyRm52i2cDeZhAb0sRtdl4_,10.0,,,.mp4,bb_3_170202_pedestrian_40_013.mp4,15.0,150,8938352e66e6ced8|8938312e66e6ded8|893835aec666d2da|8939372666c6de58|8939352666e6ced8,1080,aihub_source_suffix:40_013,,video,차대보행자_횡단보도없음,,,storage/vision/staging/per_label_300/raw/car_vs_pedestrian/aihub_train_00000691.mp4,True,,classification_frame_extraction,full_candidate,952db608490bd7be970658ae0434ab7be543f426d35ec40c6a44b18b742ad10c,Ai_Hub/Train,Ai_Hub/Train/TS_차대보행자_영상_횡단보도없음/bb_3_170202_pedestrian_40_013.mp4,,test,,,,,,1920
aihub_train_00000699,TS_차대보행자_영상_횡단보도없음,car_vs_pedestrian,Ai_Hub,https://drive.google.com/uc?id=1qBZlvpNZK5S3x0FiXlSDq06f7_Se6Kas,10.0,,,.mp4,bb_3_170716_pedestrian_253_21934.mp4,15.0,150,9b8a64647cb8f654|818066767e3a7ace|83867c787a7ab170|81806e7e7a3e3c6c|81806c7e7a3a3cfc,1080,aihub_source_suffix:253_21934,,video,차대보행자_횡단보도없음,,,storage/vision/staging/per_label_300/raw/car_vs_pedestrian/aihub_train_00000699.mp4,True,,classification_frame_extraction,full_candidate,3a59e29119bd309664d8afa336d571d90d7f692651a12be8f42d5189f826adad,Ai_Hub/Train,Ai_Hub/Train/TS_차대보행자_영상_횡단보도없음/bb_3_170716_pedestrian_253_21934.mp4,,test,,,,,,1920
aihub_train_00000344,TS_차대보행자_영상_횡단보도(신호등있음)부근,car_vs_pedestrian,Ai_Hub,https://drive.google.com/uc?id=1LWqV53YcA_Zo_uruVRZsDzE-5VfJ83HM,10.0,,,.mp4,bb_1_200306_pedestrian_241_21548.mp4,15.0,150,81b06d4e4eced696|83823d685cd6d6d6|818c4f62765eda72|818475787e5e5e52|81803e787e5e5ec6,1080,aihub_source_suffix:241_21548,,video,차대보행자_횡단보도(신호등있음)부근,,,storage/vision/staging/per_label_300/raw/car_vs_pedestrian/aihub_train_00000344.mp4,True,,classification_frame_extraction,full_candidate,d0a4182da2447402732c8613515077a3f19f2e45207ce1b22fcedf5a3687a6ce,Ai_Hub/Train,Ai_Hub/Train/TS_차대보행자_영상_횡단보도(신호등있음)부근/bb_1_200306_pedestrian_241_21548.mp4,,test,,,,,,1920
aihub_train_00000414,TS_차대보행자_영상_횡단보도없음,car_vs_pedestrian,Ai_Hub,https://drive.google.com/uc?id=1KRMYTHFAVtVwLgyzAwlPQov6bJWkRIcc,10.0,,,.mp4,bb_1_160531_pedestrian_221_22021.mp4,15.0,150,2ba2945c6ee2f43c|890926f67cdcdc2c|81932e6e6df85e60|81932e6e6df85e60|81932e6e6df85e60,1080,aihub_source_suffix:221_22021,,video,차대보행자_횡단보도없음,,,storage/vision/staging/per_label_300/raw/car_vs_pedestrian/aihub_train_00000414.mp4,True,,classification_frame_extraction,full_candidate,d53a834301139b13ef25f4766eb0eb848e79a49e0512b18525ac2f6bf322bd54,Ai_Hub/Train,Ai_Hub/Train/TS_차대보행자_영상_횡단보도없음/bb_1_160531_pedestrian_221_22021.mp4,,train,,,,,,1920
aihub_train_00000383,TS_차대보행자_영상_횡단보도(신호등있음)부근,car_vs_pedestrian,Ai_Hub,https://drive.google.com/uc?id=1fd-ShvQG-d7EFeqUZ_fTAkL9NBMMzYJK,10.0,,,.mp4,bb_3_210206_pedestrian_216_21811.mp4,15.0,150,2332ce1c379adccc|29227732d8ccdcdc|2332cefcb198cccc|2332cedcb398cccc|23224ede9798dccc,1080,aihub_source_suffix:216_21811,,video,차대보행자_횡단보도(신호등있음)부근,,,storage/vision/staging/per_label_300/raw/car_vs_pedestrian/aihub_train_00000383.mp4,True,,classification_frame_extraction,full_candidate,5099073af81ea3179236f3d2a8d463204b9597658b3ad8b970da6be7386a115b,Ai_Hub/Train,Ai_Hub/Train/TS_차대보행자_영상_횡단보도(신호등있음)부근/bb_3_210206_pedestrian_216_21811.mp4,,val,,,,,,1920
aihub_train_00000262,TS_차대보행자_영상_횡단보도(신호등있음),car_vs_pedestrian,Ai_Hub,https://drive.google.com/uc?id=1M5Z6cQOMhe_CiuJIHLjFY_Nt_uLXLCfv,10.0,,,.mp4,bb_3_201007_pedestrian_116_193.mp4,15.0,150,3333174c4f3a792a|3333174c4f2a7d2a|3333174e4f2a7d28|3333174c4f2a7d2a|3333174e4f2a7d28,1080,aihub_source_suffix:116_193,,video,차대보행자_횡단보도(신호등있음),,,storage/vision/staging/per_label_300/raw/car_vs_pedestrian/aihub_train_00000262.mp4,True,,classification_frame_extraction,full_candidate,2a3dd15460a1e6de80dd93a4d5f5b6eb2f6e3a8bd075fb711111248ee8413dc0,Ai_Hub/Train,Ai_Hub/Train/TS_차대보행자_영상_횡단보도(신호등있음)/bb_3_201007_pedestrian_116_193.mp4,,train,,,,,,1920
aihub_train_00000386,TS_차대보행자_영상_횡단보도(신호등있음)부근,car_vs_pedestrian,Ai_Hub,https://drive.google.com/uc?id=14ZmdCN5m15WzdUl1kBcH3koae1d79pBG,10.0,,,.mp4,cc_3_190817_pedestrian_16_001.mp4,15.0,150,296eb1bd979a9848|2b2eb5b89a9a9c4c|3b7ba898890cd6d6|3f396ac73731089a|3f39684f6725291a,1080,aihub_source_suffix:16_001,,video,차대보행자_횡단보도(신호등있음)부근,,,storage/vision/staging/per_label_300/raw/car_vs_pedestrian/aihub_train_00000386.mp4,True,,classification_frame_extraction,full_candidate,f31a8866b99f11ecbc6d247464fc8cf7de0b4d4bd047183204aef818e5240f76,Ai_Hub/Train,Ai_Hub/Train/TS_차대보행자_영상_횡단보도(신호등있음)부근/cc_3_190817_pedestrian_16_001.mp4,,val,,,,,,1920
aihub_train_00000171,TS_차대보행자_영상_횡단보도(신호등있음),car_vs_pedestrian,Ai_Hub,https://drive.google.com/uc?id=1t45It8EeK-gPvruYpztMkNz84YsR3zkb,10.0,,,.mp4,bb_1_190630_pedestrian_198_112.mp4,15.0,150,83a325ac594afabc|a969731629a8d8fa|0b42a5af6d8db272|839333238fc8fd38|8193b328d7ce789c,480,aihub_source_suffix:198_112,,video,차대보행자_횡단보도(신호등있음),,,storage/vision/staging/per_label_300/raw/car_vs_pedestrian/aihub_train_00000171.mp4,True,,classification_frame_extraction,full_candidate,9f86a1f363b5d4c2af37febd1a9606376237e4b1879876fecebdb992802f2deb,Ai_Hub/Train,Ai_Hub/Train/TS_차대보행자_영상_횡단보도(신호등있음)/bb_1_190630_pedestrian_198_112.mp4,,train,,,,,,640
aihub_train_00000161,TS_차대보행자_영상_횡단보도(신호등있음),car_vs_pedestrian,Ai_Hub,https://drive.google.com/uc?id=1ibyza3oZ9j7WpVe7hZXkS8yWtVXr_oQf,10.0,,,.mp4,bb_1_180703_pedestrian_237_22962.mp4,15.0,150,f86205f07e0bc1fc|82ec3d827fb1c07c|9a6799e618639e64|9c63998e739866d8|3640f78c71bd04fa,926,aihub_source_suffix:237_22962,,video,차대보행자_횡단보도(신호등있음),,,storage/vision/staging/per_label_300/raw/car_vs_pedestrian/aihub_train_00000161.mp4,True,,classification_frame_extraction,full_candidate,37321b6cc4702ef3769d6b072862a0c95b0484307914672d41dff0ba04079df0,Ai_Hub/Train,Ai_Hub/Train/TS_차대보행자_영상_횡단보도(신호등있음)/bb_1_180703_pedestrian_237_22962.mp4,,train,,,,,,1920
aihub_train_00000179,TS_차대보행자_영상_횡단보도(신호등있음),car_vs_pedestrian,Ai_Hub,https://drive.google.com/uc?id=1xO_A0a2BcSJhs671lILa_3WHZFaTdxkg,10.0,,,.mp4,bb_1_200126_pedestrian_141_282.mp4,15.0,150,aa7ec1952e0a9da6|033ab9bc7b53d8a0|2f4e5bb29810d8ee|2c46db24d49ad4fc|2546eb34d59ad46c,1080,aihub_source_suffix:141_282,,video,차대보행자_횡단보도(신호등있음),,,storage/vision/staging/per_label_300/raw/car_vs_pedestrian/aihub_train_00000179.mp4,True,,classification_frame_extraction,full_candidate,85ea6c192e4355bb73885e7150e905e3d28cca04b4d191cce4e3dc7c28cd3295,Ai_Hub/Train,Ai_Hub/Train/TS_차대보행자_영상_횡단보도(신호등있음)/bb_1_200126_pedestrian_141_282.mp4,,test,,,,,,1920
aihub_train_00000641,TS_차대보행자_영상_횡단보도없음,car_vs_pedestrian,Ai_Hub,https://drive.google.com/uc?id=14tcp-La03314cGFMYiFqGoAl1GLW7r5L,10.0,,,.mp4,bb_1_210930_pedestrian_146_093.mp4,15.0,150,b1312dcc4adbdb90|9f1f3726206d4d8c|1f39ad2c606bcb92|6b6d6554d49a2b2c|7bb1b97aa0624b86,1080,aihub_source_suffix:146_093,,video,차대보행자_횡단보도없음,,,storage/vision/staging/per_label_300/raw/car_vs_pedestrian/aihub_train_00000641.mp4,True,,classification_frame_extraction,full_candidate,d676874be28068db6cd0c00a83d37de9d3c010517e7c81126b6924ac8664803c,Ai_Hub/Train,Ai_Hub/Train/TS_차대보행자_영상_횡단보도없음/bb_1_210930_pedestrian_146_093.mp4,,train,,,,,,1920
aihub_train_00000683,TS_차대보행자_영상_횡단보도없음,car_vs_pedestrian,Ai_Hub,https://drive.google.com/uc?id=1da4chL1Kp7LYrR18UmNuHAhsnsuXOuRt,10.0,,,.mp4,bb_3_160601_pedestrian_208_23223.mp4,15.0,150,8d093a6398f7a47c|8d193263b0772e7c|8d19326394f70e7c|8d19336390fd267c|8d19326394f52e7c,926,aihub_source_suffix:208_23223,,video,차대보행자_횡단보도없음,,,storage/vision/staging/per_label_300/raw/car_vs_pedestrian/aihub_train_00000683.mp4,True,,classification_frame_extraction,full_candidate,18897a258166701808087ad0fc551a73e6e8b2a434b2c26d981834a3c0b9677f,Ai_Hub/Train,Ai_Hub/Train/TS_차대보행자_영상_횡단보도없음/bb_3_160601_pedestrian_208_23223.mp4,,val,,,,,,1920
