category,asset_id,source_video_path,expected_target,coarse_label,local_path,split,video_sha256,incident_id,incident_id_status,viewpoint,viewpoint_source,visible_target,visible_target_source,lighting,lighting_source,metadata_review_status
car_vs_car,aihub_train_00003906_bb_1_170214_vehicle_124_052,/workspace/SKN27-FINAL-3Team/storage/vision/datasets/classification/raw_videos/차대차/aihub_train_00003906_bb_1_170214_vehicle_124_052.mp4,car_vs_car,car_vs_car,storage/vision/datasets/classification/raw_videos/차대차/aihub_train_00003906_bb_1_170214_vehicle_124_052.mp4,train,d86531e434ce8c30df73737ebeedf987725112b62c1213288e642312c3893257,aihub_source_suffix:124_052,source_filename_suffix_validated_by_exact_duplicates,blackbox_unspecified,filename_capture_code:bb,car,dataset_coarse_label,night,cv_first_middle_last_majority,auto_enriched_needs_human_review
car_vs_car,aihub_train_00003873_bb_1_161027_vehicle_30_097,/workspace/SKN27-FINAL-3Team/storage/vision/datasets/classification/raw_videos/차대차/aihub_train_00003873_bb_1_161027_vehicle_30_097.mp4,car_vs_car,car_vs_car,storage/vision/datasets/classification/raw_videos/차대차/aihub_train_00003873_bb_1_161027_vehicle_30_097.mp4,train,e7995c38c91089202df25f57b244865ae197f5ab117ad3ff8a27cdb71fa294bf,aihub_source_suffix:30_097,source_filename_suffix_validated_by_exact_duplicates,blackbox_unspecified,filename_capture_code:bb,car,dataset_coarse_label,day,cv_first_middle_last_majority,auto_enriched_needs_human_review
car_vs_car,aihub_train_00005996_bb_1_140412_vehicle_30_379,/workspace/SKN27-FINAL-3Team/storage/vision/datasets/classification/raw_videos/차대차/aihub_train_00005996_bb_1_140412_vehicle_30_379.mp4,car_vs_car,car_vs_car,storage/vision/datasets/classification/raw_videos/차대차/aihub_train_00005996_bb_1_140412_vehicle_30_379.mp4,train,3ed7d8450461dc82253311c6d05b14cc558ab31595353ae52bf5a9bc457d569f,aihub_source_suffix:30_379,source_filename_suffix_validated_by_exact_duplicates,blackbox_unspecified,filename_capture_code:bb,car,dataset_coarse_label,day,cv_first_middle_last_majority,auto_enriched_needs_human_review
car_vs_car,aihub_train_00004729_bb_1_140509_vehicle_236_22178,/workspace/SKN27-FINAL-3Team/storage/vision/datasets/classification/raw_videos/차대차/aihub_train_00004729_bb_1_140509_vehicle_236_22178.mp4,car_vs_car,car_vs_car,storage/vision/datasets/classification/raw_videos/차대차/aihub_train_00004729_bb_1_140509_vehicle_236_22178.mp4,train,6647e53bb6e3d8a35cefada2bba194843ef1d9f55417a1d24ce14fb0b773d56a,aihub_source_suffix:236_22178,source_filename_suffix_validated_by_exact_duplicates,blackbox_unspecified,filename_capture_code:bb,car,dataset_coarse_label,low_light,cv_first_middle_last_majority,auto_enriched_needs_human_review
car_vs_car,aihub_train_00004958_bb_1_170520_vehicle_41_131,/workspace/SKN27-FINAL-3Team/storage/vision/datasets/classification/raw_videos/차대차/aihub_train_00004958_bb_1_170520_vehicle_41_131.mp4,car_vs_car,car_vs_car,storage/vision/datasets/classification/raw_videos/차대차/aihub_train_00004958_bb_1_170520_vehicle_41_131.mp4,train,a512af63f0ec9e5a982d841fa0f245e5f4bd4e8682b4c521507b7880766421b7,aihub_source_suffix:41_131,source_filename_suffix_validated_by_exact_duplicates,blackbox_unspecified,filename_capture_code:bb,car,dataset_coarse_label,night,cv_first_middle_last_majority,auto_enriched_needs_human_review
car_vs_car,aihub_train_00004129_bb_1_181222_vehicle_117_053,/workspace/SKN27-FINAL-3Team/storage/vision/datasets/classification/raw_videos/차대차/aihub_train_00004129_bb_1_181222_vehicle_117_053.mp4,car_vs_car,car_vs_car,storage/vision/datasets/classification/raw_videos/차대차/aihub_train_00004129_bb_1_181222_vehicle_117_053.mp4,train,f99fbb2669c09e717126a6cd99a8542d6fc623ca952b157e6693be461cb48f07,aihub_source_suffix:117_053,source_filename_suffix_validated_by_exact_duplicates,blackbox_unspecified,filename_capture_code:bb,car,dataset_coarse_label,low_light,cv_first_middle_last_majority,auto_enriched_needs_human_review
car_vs_car,aihub_train_00003767_bb_1_160120_vehicle_208_32978,/workspace/SKN27-FINAL-3Team/storage/vision/datasets/classification/raw_videos/차대차/aihub_train_00003767_bb_1_160120_vehicle_208_32978.mp4,car_vs_car,car_vs_car,storage/vision/datasets/classification/raw_videos/차대차/aihub_train_00003767_bb_1_160120_vehicle_208_32978.mp4,train,7b7097912b73e53d320fda914da88b8939d3df125562d4f3f562718cebdfe81e,aihub_source_suffix:208_32978,source_filename_suffix_validated_by_exact_duplicates,blackbox_unspecified,filename_capture_code:bb,car,dataset_coarse_label,low_light,cv_first_middle_last_majority,auto_enriched_needs_human_review
car_vs_car,aihub_train_00005158_bb_1_190505_vehicle_131_077,/workspace/SKN27-FINAL-3Team/storage/vision/datasets/classification/raw_videos/차대차/aihub_train_00005158_bb_1_190505_vehicle_131_077.mp4,car_vs_car,car_vs_car,storage/vision/datasets/classification/raw_videos/차대차/aihub_train_00005158_bb_1_190505_vehicle_131_077.mp4,train,c0b6dc28da5964b842f7b4f2d3f3c412fcb03a2b618f10c93c8bd62b7df1180a,aihub_source_suffix:131_077,source_filename_suffix_validated_by_exact_duplicates,blackbox_unspecified,filename_capture_code:bb,car,dataset_coarse_label,day,cv_first_middle_last_majority,auto_enriched_needs_human_review
car_vs_car,aihub_train_00005653_bb_3_160228_vehicle_246_30442,/workspace/SKN27-FINAL-3Team/storage/vision/datasets/classification/raw_videos/차대차/aihub_train_00005653_bb_3_160228_vehicle_246_30442.mp4,car_vs_car,car_vs_car,storage/vision/datasets/classification/raw_videos/차대차/aihub_train_00005653_bb_3_160228_vehicle_246_30442.mp4,train,f127661e2eeb0a8ecd0aee5d83ad561060a7d8af6b4ac4ceb4a2665ed205e53b,aihub_source_suffix:246_30442,source_filename_suffix_validated_by_exact_duplicates,blackbox_unspecified,filename_capture_code:bb,car,dataset_coarse_label,low_light,cv_first_middle_last_majority,auto_enriched_needs_human_review
car_vs_car,aihub_train_00005421_bb_1_220128_vehicle_29_361,/workspace/SKN27-FINAL-3Team/storage/vision/datasets/classification/raw_videos/차대차/aihub_train_00005421_bb_1_220128_vehicle_29_361.mp4,car_vs_car,car_vs_car,storage/vision/datasets/classification/raw_videos/차대차/aihub_train_00005421_bb_1_220128_vehicle_29_361.mp4,train,1f3cd65f75c7e0bfe952880e55e0a5d51bc50a3ad510d83265b79dd84af988d3,aihub_source_suffix:29_361,source_filename_suffix_validated_by_exact_duplicates,blackbox_unspecified,filename_capture_code:bb,car,dataset_coarse_label,low_light,cv_first_middle_last_majority,auto_enriched_needs_human_review
car_vs_car,aihub_train_00005267_bb_1_200813_vehicle_222_21143,/workspace/SKN27-FINAL-3Team/storage/vision/datasets/classification/raw_videos/차대차/aihub_train_00005267_bb_1_200813_vehicle_222_21143.mp4,car_vs_car,car_vs_car,storage/vision/datasets/classification/raw_videos/차대차/aihub_train_00005267_bb_1_200813_vehicle_222_21143.mp4,train,049ec9f3f36e14d73257d4cb3c2bb7e5faf30fe12ba59c7d3b1e2ee826db9723,aihub_source_suffix:222_21143,source_filename_suffix_validated_by_exact_duplicates,blackbox_unspecified,filename_capture_code:bb,car,dataset_coarse_label,low_light,cv_first_middle_last_majority,auto_enriched_needs_human_review
car_vs_car,aihub_train_00004838_bb_1_160118_vehicle_248_21835,/workspace/SKN27-FINAL-3Team/storage/vision/datasets/classification/raw_videos/차대차/aihub_train_00004838_bb_1_160118_vehicle_248_21835.mp4,car_vs_car,car_vs_car,storage/vision/datasets/classification/raw_videos/차대차/aihub_train_00004838_bb_1_160118_vehicle_248_21835.mp4,train,3626f2080db7c9b25ad2b81e4daf9505246434a29769a24e8850a8ed85ae4582,aihub_source_suffix:248_21835,source_filename_suffix_validated_by_exact_duplicates,blackbox_unspecified,filename_capture_code:bb,car,dataset_coarse_label,low_light,cv_first_middle_last_majority,auto_enriched_needs_human_review
car_vs_car,aihub_train_00004469_bb_1_220117_vehicle_118_094,/workspace/SKN27-FINAL-3Team/storage/vision/datasets/classification/raw_videos/차대차/aihub_train_00004469_bb_1_220117_vehicle_118_094.mp4,car_vs_car,car_vs_car,storage/vision/datasets/classification/raw_videos/차대차/aihub_train_00004469_bb_1_220117_vehicle_118_094.mp4,train,b31991e5f05a4af36eed5601cdd00592eb78acb11e32397631d951982adbf42f,aihub_source_suffix:118_094,source_filename_suffix_validated_by_exact_duplicates,blackbox_unspecified,filename_capture_code:bb,car,dataset_coarse_label,day,cv_first_middle_last_majority,auto_enriched_needs_human_review
car_vs_car,aihub_train_00004471_bb_1_220121_vehicle_236_25382,/workspace/SKN27-FINAL-3Team/storage/vision/datasets/classification/raw_videos/차대차/aihub_train_00004471_bb_1_220121_vehicle_236_25382.mp4,car_vs_car,car_vs_car,storage/vision/datasets/classification/raw_videos/차대차/aihub_train_00004471_bb_1_220121_vehicle_236_25382.mp4,train,09f339d8c448a940db59e61c3caaf8611e2d2751352d3396ad435c667d47bf95,aihub_source_suffix:236_25382,source_filename_suffix_validated_by_exact_duplicates,blackbox_unspecified,filename_capture_code:bb,car,dataset_coarse_label,day,cv_first_middle_last_majority,auto_enriched_needs_human_review
car_vs_car,aihub_train_00005242_bb_1_200429_vehicle_41_164,/workspace/SKN27-FINAL-3Team/storage/vision/datasets/classification/raw_videos/차대차/aihub_train_00005242_bb_1_200429_vehicle_41_164.mp4,car_vs_car,car_vs_car,storage/vision/datasets/classification/raw_videos/차대차/aihub_train_00005242_bb_1_200429_vehicle_41_164.mp4,train,d38ed1a8862aa539cdf2a7363430622c1eedad046bb2598fc4e9629da9ea6791,aihub_source_suffix:41_164,source_filename_suffix_validated_by_exact_duplicates,blackbox_unspecified,filename_capture_code:bb,car,dataset_coarse_label,day,cv_first_middle_last_majority,auto_enriched_needs_human_review
car_vs_car,aihub_train_00003947_bb_1_170528_vehicle_204_22044,/workspace/SKN27-FINAL-3Team/storage/vision/datasets/classification/raw_videos/차대차/aihub_train_00003947_bb_1_170528_vehicle_204_22044.mp4,car_vs_car,car_vs_car,storage/vision/datasets/classification/raw_videos/차대차/aihub_train_00003947_bb_1_170528_vehicle_204_22044.mp4,train,b8807b1a3564da1ead66fa0d42676baad8a685ddadbb64445946356c6b414958,aihub_source_suffix:204_22044,source_filename_suffix_validated_by_exact_duplicates,blackbox_unspecified,filename_capture_code:bb,car,dataset_coarse_label,low_light,cv_first_middle_last_majority,auto_enriched_needs_human_review
car_vs_car,aihub_train_00004054_bb_1_180420_vehicle_223_20168,/workspace/SKN27-FINAL-3Team/storage/vision/datasets/classification/raw_videos/차대차/aihub_train_00004054_bb_1_180420_vehicle_223_20168.mp4,car_vs_car,car_vs_car,storage/vision/datasets/classification/raw_videos/차대차/aihub_train_00004054_bb_1_180420_vehicle_223_20168.mp4,train,45943048e83342e0e09c712c892a83937b708105ac029cdcd8a2d5aa14d9a075,aihub_source_suffix:223_20168,source_filename_suffix_validated_by_exact_duplicates,blackbox_unspecified,filename_capture_code:bb,car,dataset_coarse_label,low_light,cv_first_middle_last_majority,auto_enriched_needs_human_review
car_vs_car,aihub_train_00006010_bb_1_140619_vehicle_29_070,/workspace/SKN27-FINAL-3Team/storage/vision/datasets/classification/raw_videos/차대차/aihub_train_00006010_bb_1_140619_vehicle_29_070.mp4,car_vs_car,car_vs_car,storage/vision/datasets/classification/raw_videos/차대차/aihub_train_00006010_bb_1_140619_vehicle_29_070.mp4,train,8b393a782685daddf58470d89b05445b0f6113e5778b4daf47630f04fe75a6cf,aihub_source_suffix:29_070,source_filename_suffix_validated_by_exact_duplicates,blackbox_unspecified,filename_capture_code:bb,car,dataset_coarse_label,day,cv_first_middle_last_majority,auto_enriched_needs_human_review
car_vs_car,aihub_train_00005373_bb_1_210831_vehicle_232_22109,/workspace/SKN27-FINAL-3Team/storage/vision/datasets/classification/raw_videos/차대차/aihub_train_00005373_bb_1_210831_vehicle_232_22109.mp4,car_vs_car,car_vs_car,storage/vision/datasets/classification/raw_videos/차대차/aihub_train_00005373_bb_1_210831_vehicle_232_22109.mp4,train,01255a75cdeecfb4452e843db94346eae4e26ed5fec2ce61ff01a424e8f0b873,aihub_source_suffix:232_22109,source_filename_suffix_validated_by_exact_duplicates,blackbox_unspecified,filename_capture_code:bb,car,dataset_coarse_label,night,cv_first_middle_last_majority,auto_enriched_needs_human_review
car_vs_car,aihub_train_00003638_bb_1_140603_vehicle_209_32155,/workspace/SKN27-FINAL-3Team/storage/vision/datasets/classification/raw_videos/차대차/aihub_train_00003638_bb_1_140603_vehicle_209_32155.mp4,car_vs_car,car_vs_car,storage/vision/datasets/classification/raw_videos/차대차/aihub_train_00003638_bb_1_140603_vehicle_209_32155.mp4,train,4721965a70d1a06de73d565df1029d8639626db739f2d603388494e52fe77cca,aihub_source_suffix:209_32155,source_filename_suffix_validated_by_exact_duplicates,blackbox_unspecified,filename_capture_code:bb,car,dataset_coarse_label,night,cv_first_middle_last_majority,auto_enriched_needs_human_review
car_vs_car,aihub_train_00006133_bb_1_150824_vehicle_185_093,/workspace/SKN27-FINAL-3Team/storage/vision/datasets/classification/raw_videos/차대차/aihub_train_00006133_bb_1_150824_vehicle_185_093.mp4,car_vs_car,car_vs_car,storage/vision/datasets/classification/raw_videos/차대차/aihub_train_00006133_bb_1_150824_vehicle_185_093.mp4,train,23aa917f585196471d820eefcb794a2be0ed36f57e1670ae07a65606d758d91c,aihub_source_suffix:185_093,source_filename_suffix_validated_by_exact_duplicates,blackbox_unspecified,filename_capture_code:bb,car,dataset_coarse_label,day,cv_first_middle_last_majority,auto_enriched_needs_human_review
car_vs_car,aihub_train_00004559_bb_3_150504_vehicle_119_087,/workspace/SKN27-FINAL-3Team/storage/vision/datasets/classification/raw_videos/차대차/aihub_train_00004559_bb_3_150504_vehicle_119_087.mp4,car_vs_car,car_vs_car,storage/vision/datasets/classification/raw_videos/차대차/aihub_train_00004559_bb_3_150504_vehicle_119_087.mp4,train,eea71099c985bc0bc2a4bb4ce839e0e282a0d84168b135a05d077a4b69d474a0,aihub_source_suffix:119_087,source_filename_suffix_validated_by_exact_duplicates,blackbox_unspecified,filename_capture_code:bb,car,dataset_coarse_label,day,cv_first_middle_last_majority,auto_enriched_needs_human_review
car_vs_car,aihub_train_00004247_bb_1_191114_vehicle_244_32006,/workspace/SKN27-FINAL-3Team/storage/vision/datasets/classification/raw_videos/차대차/aihub_train_00004247_bb_1_191114_vehicle_244_32006.mp4,car_vs_car,car_vs_car,storage/vision/datasets/classification/raw_videos/차대차/aihub_train_00004247_bb_1_191114_vehicle_244_32006.mp4,train,9391ee24b6b39c0996e91c00d08729c9fcbb8146472f8dbf3a900b5c933beb18,aihub_source_suffix:244_32006,source_filename_suffix_validated_by_exact_duplicates,blackbox_unspecified,filename_capture_code:bb,car,dataset_coarse_label,low_light,cv_first_middle_last_majority,auto_enriched_needs_human_review
car_vs_car,aihub_train_00006198_bb_1_160225_vehicle_29_210,/workspace/SKN27-FINAL-3Team/storage/vision/datasets/classification/raw_videos/차대차/aihub_train_00006198_bb_1_160225_vehicle_29_210.mp4,car_vs_car,car_vs_car,storage/vision/datasets/classification/raw_videos/차대차/aihub_train_00006198_bb_1_160225_vehicle_29_210.mp4,train,b5f59fc8fcdf2626d2526a833fe6abd320e5484f6fc7e1ec7110d5a6efb908c1,aihub_source_suffix:29_210,source_filename_suffix_validated_by_exact_duplicates,blackbox_unspecified,filename_capture_code:bb,car,dataset_coarse_label,day,cv_first_middle_last_majority,auto_enriched_needs_human_review
car_vs_car,aihub_train_00005543_bb_3_120523_vehicle_142_102,/workspace/SKN27-FINAL-3Team/storage/vision/datasets/classification/raw_videos/차대차/aihub_train_00005543_bb_3_120523_vehicle_142_102.mp4,car_vs_car,car_vs_car,storage/vision/datasets/classification/raw_videos/차대차/aihub_train_00005543_bb_3_120523_vehicle_142_102.mp4,train,03e1396147060287d115637047cf1124d7f09256b0c9627b6f1d9fcdfc84613a,aihub_source_suffix:142_102,source_filename_suffix_validated_by_exact_duplicates,blackbox_unspecified,filename_capture_code:bb,car,dataset_coarse_label,day,cv_first_middle_last_majority,auto_enriched_needs_human_review
car_vs_car,aihub_train_00004058_bb_1_180503_vehicle_218_32277,/workspace/SKN27-FINAL-3Team/storage/vision/datasets/classification/raw_videos/차대차/aihub_train_00004058_bb_1_180503_vehicle_218_32277.mp4,car_vs_car,car_vs_car,storage/vision/datasets/classification/raw_videos/차대차/aihub_train_00004058_bb_1_180503_vehicle_218_32277.mp4,train,b1f7c3932b7a50496524bf20a52a65544690d1f2f6c7d14cb1188a6561a9865a,aihub_source_suffix:218_32277,source_filename_suffix_validated_by_exact_duplicates,blackbox_unspecified,filename_capture_code:bb,car,dataset_coarse_label,night,cv_first_middle_last_majority,auto_enriched_needs_human_review
car_vs_car,aihub_train_00005704_bb_3_170531_vehicle_111_100,/workspace/SKN27-FINAL-3Team/storage/vision/datasets/classification/raw_videos/차대차/aihub_train_00005704_bb_3_170531_vehicle_111_100.mp4,car_vs_car,car_vs_car,storage/vision/datasets/classification/raw_videos/차대차/aihub_train_00005704_bb_3_170531_vehicle_111_100.mp4,train,eeb9703449cf6649b9c27b2da54e05372e4224700f78a83d9cd244ffc08265cf,aihub_source_suffix:111_100,source_filename_suffix_validated_by_exact_duplicates,blackbox_unspecified,filename_capture_code:bb,car,dataset_coarse_label,day,cv_first_middle_last_majority,auto_enriched_needs_human_review
car_vs_car,aihub_train_00005729_bb_3_171107_vehicle_144_078,/workspace/SKN27-FINAL-3Team/storage/vision/datasets/classification/raw_videos/차대차/aihub_train_00005729_bb_3_171107_vehicle_144_078.mp4,car_vs_car,car_vs_car,storage/vision/datasets/classification/raw_videos/차대차/aihub_train_00005729_bb_3_171107_vehicle_144_078.mp4,train,57e1088d80039921c851a8ce1536cfafb9d70eb28616b4bcfef7be9720497a70,aihub_source_suffix:144_078,source_filename_suffix_validated_by_exact_duplicates,blackbox_unspecified,filename_capture_code:bb,car,dataset_coarse_label,day,cv_first_middle_last_majority,auto_enriched_needs_human_review
car_vs_car,aihub_train_00005757_bb_3_180520_vehicle_123_115,/workspace/SKN27-FINAL-3Team/storage/vision/datasets/classification/raw_videos/차대차/aihub_train_00005757_bb_3_180520_vehicle_123_115.mp4,car_vs_car,car_vs_car,storage/vision/datasets/classification/raw_videos/차대차/aihub_train_00005757_bb_3_180520_vehicle_123_115.mp4,train,77894f33e2608782bafd4ee96f24ed358694d25a189979fe769dbfa33b7dcb57,aihub_source_suffix:123_115,source_filename_suffix_validated_by_exact_duplicates,blackbox_unspecified,filename_capture_code:bb,car,dataset_coarse_label,low_light,cv_first_middle_last_majority,auto_enriched_needs_human_review
car_vs_car,aihub_train_00004793_bb_1_150622_vehicle_191_119,/workspace/SKN27-FINAL-3Team/storage/vision/datasets/classification/raw_videos/차대차/aihub_train_00004793_bb_1_150622_vehicle_191_119.mp4,car_vs_car,car_vs_car,storage/vision/datasets/classification/raw_videos/차대차/aihub_train_00004793_bb_1_150622_vehicle_191_119.mp4,train,72aacebe71dce922fd4102d4f20fca97aab8689f48f7f468cc1674d5905f5d8a,aihub_source_suffix:191_119,source_filename_suffix_validated_by_exact_duplicates,blackbox_unspecified,filename_capture_code:bb,car,dataset_coarse_label,day,cv_first_middle_last_majority,auto_enriched_needs_human_review
car_vs_car,aihub_train_00004399_bb_1_210629_vehicle_126_053,/workspace/SKN27-FINAL-3Team/storage/vision/datasets/classification/raw_videos/차대차/aihub_train_00004399_bb_1_210629_vehicle_126_053.mp4,car_vs_car,car_vs_car,storage/vision/datasets/classification/raw_videos/차대차/aihub_train_00004399_bb_1_210629_vehicle_126_053.mp4,train,cc9c0a913082ebe33a8b3f080ab80aaa15b06179cb6828c5e6271f14f02b6118,aihub_source_suffix:126_053,source_filename_suffix_validated_by_exact_duplicates,blackbox_unspecified,filename_capture_code:bb,car,dataset_coarse_label,low_light,cv_first_middle_last_majority,auto_enriched_needs_human_review
car_vs_car,aihub_train_00004024_bb_1_171222_vehicle_142_123,/workspace/SKN27-FINAL-3Team/storage/vision/datasets/classification/raw_videos/차대차/aihub_train_00004024_bb_1_171222_vehicle_142_123.mp4,car_vs_car,car_vs_car,storage/vision/datasets/classification/raw_videos/차대차/aihub_train_00004024_bb_1_171222_vehicle_142_123.mp4,train,5da59e31d2c891915a14d0f35e0237d472aba79be0a06fe5fa324a9a83900f7a,aihub_source_suffix:142_123,source_filename_suffix_validated_by_exact_duplicates,blackbox_unspecified,filename_capture_code:bb,car,dataset_coarse_label,night,cv_first_middle_last_majority,auto_enriched_needs_human_review
car_vs_car,aihub_train_00004616_cc_3_160316_vehicle_210_47971,/workspace/SKN27-FINAL-3Team/storage/vision/datasets/classification/raw_videos/차대차/aihub_train_00004616_cc_3_160316_vehicle_210_47971.mp4,car_vs_car,car_vs_car,storage/vision/datasets/classification/raw_videos/차대차/aihub_train_00004616_cc_3_160316_vehicle_210_47971.mp4,train,2d25984844820d61859d2e7cbaf8a1e6007e20a70830583eac24e85d6ac403d8,aihub_source_suffix:210_47971,source_filename_suffix_validated_by_exact_duplicates,cctv_fixed,filename_capture_code:cc,car,dataset_coarse_label,low_light,cv_first_middle_last_majority,auto_enriched_needs_human_review
car_vs_car,aihub_train_00004910_bb_1_161124_vehicle_234_21564,/workspace/SKN27-FINAL-3Team/storage/vision/datasets/classification/raw_videos/차대차/aihub_train_00004910_bb_1_161124_vehicle_234_21564.mp4,car_vs_car,car_vs_car,storage/vision/datasets/classification/raw_videos/차대차/aihub_train_00004910_bb_1_161124_vehicle_234_21564.mp4,train,bc06532c9c23a9fc69d671533a91938d1332278acbab84bb9de6732deb7baf17,aihub_source_suffix:234_21564,source_filename_suffix_validated_by_exact_duplicates,blackbox_unspecified,filename_capture_code:bb,car,dataset_coarse_label,low_light,cv_first_middle_last_majority,auto_enriched_needs_human_review
car_vs_car,aihub_train_00005291_bb_1_210103_vehicle_119_250,/workspace/SKN27-FINAL-3Team/storage/vision/datasets/classification/raw_videos/차대차/aihub_train_00005291_bb_1_210103_vehicle_119_250.mp4,car_vs_car,car_vs_car,storage/vision/datasets/classification/raw_videos/차대차/aihub_train_00005291_bb_1_210103_vehicle_119_250.mp4,train,928927631e91a13eb50bf56a4f88933b6b007c25af3f5668771023e7857a3e5e,aihub_source_suffix:119_250,source_filename_suffix_validated_by_exact_duplicates,blackbox_unspecified,filename_capture_code:bb,car,dataset_coarse_label,night,cv_first_middle_last_majority,auto_enriched_needs_human_review
car_vs_car,aihub_train_00003936_bb_1_170507_vehicle_236_32875,/workspace/SKN27-FINAL-3Team/storage/vision/datasets/classification/raw_videos/차대차/aihub_train_00003936_bb_1_170507_vehicle_236_32875.mp4,car_vs_car,car_vs_car,storage/vision/datasets/classification/raw_videos/차대차/aihub_train_00003936_bb_1_170507_vehicle_236_32875.mp4,train,4952f17d63ffc0e7c31dabb68a9583682ea061639595095ec04ef7c9413f2705,aihub_source_suffix:236_32875,source_filename_suffix_validated_by_exact_duplicates,blackbox_unspecified,filename_capture_code:bb,car,dataset_coarse_label,night,cv_first_middle_last_majority,auto_enriched_needs_human_review
car_vs_car,aihub_train_00006309_bb_1_161205_vehicle_46_390,/workspace/SKN27-FINAL-3Team/storage/vision/datasets/classification/raw_videos/차대차/aihub_train_00006309_bb_1_161205_vehicle_46_390.mp4,car_vs_car,car_vs_car,storage/vision/datasets/classification/raw_videos/차대차/aihub_train_00006309_bb_1_161205_vehicle_46_390.mp4,train,79ae74eaddec9b27af280ab77978bcc7f893ad72e5fbb36ac3e8b38277d4a06b,aihub_source_suffix:46_390,source_filename_suffix_validated_by_exact_duplicates,blackbox_unspecified,filename_capture_code:bb,car,dataset_coarse_label,night,cv_first_middle_last_majority,auto_enriched_needs_human_review
car_vs_car,aihub_train_00004191_bb_1_190602_vehicle_116_087,/workspace/SKN27-FINAL-3Team/storage/vision/datasets/classification/raw_videos/차대차/aihub_train_00004191_bb_1_190602_vehicle_116_087.mp4,car_vs_car,car_vs_car,storage/vision/datasets/classification/raw_videos/차대차/aihub_train_00004191_bb_1_190602_vehicle_116_087.mp4,train,eeaccaac06aa13a4de933508dd131205447bbac1d3e289d95915b307fc0fa755,aihub_source_suffix:116_087,source_filename_suffix_validated_by_exact_duplicates,blackbox_unspecified,filename_capture_code:bb,car,dataset_coarse_label,day,cv_first_middle_last_majority,auto_enriched_needs_human_review
car_vs_car,aihub_train_00005750_bb_3_180418_vehicle_196_056,/workspace/SKN27-FINAL-3Team/storage/vision/datasets/classification/raw_videos/차대차/aihub_train_00005750_bb_3_180418_vehicle_196_056.mp4,car_vs_car,car_vs_car,storage/vision/datasets/classification/raw_videos/차대차/aihub_train_00005750_bb_3_180418_vehicle_196_056.mp4,train,391de1b87e0c4a018d6337ec063b2d1a48e425fd58569586e3d90dfd8eced20d,aihub_source_suffix:196_056,source_filename_suffix_validated_by_exact_duplicates,blackbox_unspecified,filename_capture_code:bb,car,dataset_coarse_label,low_light,cv_first_middle_last_majority,auto_enriched_needs_human_review
car_vs_car,aihub_train_00004940_bb_1_170313_vehicle_202_20510,/workspace/SKN27-FINAL-3Team/storage/vision/datasets/classification/raw_videos/차대차/aihub_train_00004940_bb_1_170313_vehicle_202_20510.mp4,car_vs_car,car_vs_car,storage/vision/datasets/classification/raw_videos/차대차/aihub_train_00004940_bb_1_170313_vehicle_202_20510.mp4,train,1ba23bf0ad6658033a64de569b45c6630f25c717911ee36e5e0ba79e6931a026,aihub_source_suffix:202_20510,source_filename_suffix_validated_by_exact_duplicates,blackbox_unspecified,filename_capture_code:bb,car,dataset_coarse_label,night,cv_first_middle_last_majority,auto_enriched_needs_human_review
car_vs_car,aihub_train_00003552_bb_1_000512_vehicle_30_418,/workspace/SKN27-FINAL-3Team/storage/vision/datasets/classification/raw_videos/차대차/aihub_train_00003552_bb_1_000512_vehicle_30_418.mp4,car_vs_car,car_vs_car,storage/vision/datasets/classification/raw_videos/차대차/aihub_train_00003552_bb_1_000512_vehicle_30_418.mp4,train,e3e7da4e3b30abcde35b09ff8190491292cffa34071a7f98adee64a51b2e73e7,aihub_source_suffix:30_418,source_filename_suffix_validated_by_exact_duplicates,blackbox_unspecified,filename_capture_code:bb,car,dataset_coarse_label,day,cv_first_middle_last_majority,auto_enriched_needs_human_review
car_vs_car,aihub_train_00005229_bb_1_200227_vehicle_120_058,/workspace/SKN27-FINAL-3Team/storage/vision/datasets/classification/raw_videos/차대차/aihub_train_00005229_bb_1_200227_vehicle_120_058.mp4,car_vs_car,car_vs_car,storage/vision/datasets/classification/raw_videos/차대차/aihub_train_00005229_bb_1_200227_vehicle_120_058.mp4,train,660003c85525154dccddacd628113189e7afc8dcbae0b094d62754c80a4e8ac5,aihub_source_suffix:120_058,source_filename_suffix_validated_by_exact_duplicates,blackbox_unspecified,filename_capture_code:bb,car,dataset_coarse_label,low_light,cv_first_middle_last_majority,auto_enriched_needs_human_review
car_vs_car,aihub_train_00003666_bb_1_150102_vehicle_233_30181,/workspace/SKN27-FINAL-3Team/storage/vision/datasets/classification/raw_videos/차대차/aihub_train_00003666_bb_1_150102_vehicle_233_30181.mp4,car_vs_car,car_vs_car,storage/vision/datasets/classification/raw_videos/차대차/aihub_train_00003666_bb_1_150102_vehicle_233_30181.mp4,train,d25f13e3ca0401ceac1b17de821b65a80793b1d96ec2fef3b0f5b43d9bafc485,aihub_source_suffix:233_30181,source_filename_suffix_validated_by_exact_duplicates,blackbox_unspecified,filename_capture_code:bb,car,dataset_coarse_label,low_light,cv_first_middle_last_majority,auto_enriched_needs_human_review
car_vs_car,aihub_train_00003798_bb_1_160417_vehicle_194_057,/workspace/SKN27-FINAL-3Team/storage/vision/datasets/classification/raw_videos/차대차/aihub_train_00003798_bb_1_160417_vehicle_194_057.mp4,car_vs_car,car_vs_car,storage/vision/datasets/classification/raw_videos/차대차/aihub_train_00003798_bb_1_160417_vehicle_194_057.mp4,train,86b9dbc98f0572c46272f07e207202c9a9e45e82a1d8940bcfb41cb09c2f9039,aihub_source_suffix:194_057,source_filename_suffix_validated_by_exact_duplicates,blackbox_unspecified,filename_capture_code:bb,car,dataset_coarse_label,low_light,cv_first_middle_last_majority,auto_enriched_needs_human_review
car_vs_car,aihub_train_00004174_bb_1_190410_vehicle_250_23606,/workspace/SKN27-FINAL-3Team/storage/vision/datasets/classification/raw_videos/차대차/aihub_train_00004174_bb_1_190410_vehicle_250_23606.mp4,car_vs_car,car_vs_car,storage/vision/datasets/classification/raw_videos/차대차/aihub_train_00004174_bb_1_190410_vehicle_250_23606.mp4,train,a5ccf10fa62befc1e990a16d2ac6effacbc1c941724b54e747d41087ef877a7d,aihub_source_suffix:250_23606,source_filename_suffix_validated_by_exact_duplicates,blackbox_unspecified,filename_capture_code:bb,car,dataset_coarse_label,night,cv_first_middle_last_majority,auto_enriched_needs_human_review
car_vs_car,aihub_train_00005021_bb_1_180127_vehicle_227_30307,/workspace/SKN27-FINAL-3Team/storage/vision/datasets/classification/raw_videos/차대차/aihub_train_00005021_bb_1_180127_vehicle_227_30307.mp4,car_vs_car,car_vs_car,storage/vision/datasets/classification/raw_videos/차대차/aihub_train_00005021_bb_1_180127_vehicle_227_30307.mp4,train,dbb6e491833081794bccdededf320e8d90a996006e8198b4bfbd15210dc3ebd8,aihub_source_suffix:227_30307,source_filename_suffix_validated_by_exact_duplicates,blackbox_unspecified,filename_capture_code:bb,car,dataset_coarse_label,low_light,cv_first_middle_last_majority,auto_enriched_needs_human_review
car_vs_car,aihub_train_00004867_bb_1_160507_vehicle_126_153,/workspace/SKN27-FINAL-3Team/storage/vision/datasets/classification/raw_videos/차대차/aihub_train_00004867_bb_1_160507_vehicle_126_153.mp4,car_vs_car,car_vs_car,storage/vision/datasets/classification/raw_videos/차대차/aihub_train_00004867_bb_1_160507_vehicle_126_153.mp4,train,0d032c40b50932a0e80616796e77d589937972f6a1f02e2eabcd6643e96153a9,aihub_source_suffix:126_153,source_filename_suffix_validated_by_exact_duplicates,blackbox_unspecified,filename_capture_code:bb,car,dataset_coarse_label,day,cv_first_middle_last_majority,auto_enriched_needs_human_review
car_vs_car,aihub_train_00004753_bb_1_141006_vehicle_230_31812,/workspace/SKN27-FINAL-3Team/storage/vision/datasets/classification/raw_videos/차대차/aihub_train_00004753_bb_1_141006_vehicle_230_31812.mp4,car_vs_car,car_vs_car,storage/vision/datasets/classification/raw_videos/차대차/aihub_train_00004753_bb_1_141006_vehicle_230_31812.mp4,train,e84d79aa80f0183e342f3ac8748674f1bc128f537c562e4116539806fef07221,aihub_source_suffix:230_31812,source_filename_suffix_validated_by_exact_duplicates,blackbox_unspecified,filename_capture_code:bb,car,dataset_coarse_label,night,cv_first_middle_last_majority,auto_enriched_needs_human_review
car_vs_car,aihub_train_00004347_bb_1_201027_vehicle_118_147,/workspace/SKN27-FINAL-3Team/storage/vision/datasets/classification/raw_videos/차대차/aihub_train_00004347_bb_1_201027_vehicle_118_147.mp4,car_vs_car,car_vs_car,storage/vision/datasets/classification/raw_videos/차대차/aihub_train_00004347_bb_1_201027_vehicle_118_147.mp4,train,941867658d3df81a0fa109f887ae9bcf2d44d1c4115b05f1b8667c2cf1e649d1,aihub_source_suffix:118_147,source_filename_suffix_validated_by_exact_duplicates,blackbox_unspecified,filename_capture_code:bb,car,dataset_coarse_label,day,cv_first_middle_last_majority,auto_enriched_needs_human_review
car_vs_car,aihub_train_00005952_bb_1_130417_vehicle_253_21913,/workspace/SKN27-FINAL-3Team/storage/vision/datasets/classification/raw_videos/차대차/aihub_train_00005952_bb_1_130417_vehicle_253_21913.mp4,car_vs_car,car_vs_car,storage/vision/datasets/classification/raw_videos/차대차/aihub_train_00005952_bb_1_130417_vehicle_253_21913.mp4,train,e7be507b37c3bca379ce6210f7a9c58c47cf052a96c03682e7731a4f413ad2dd,aihub_source_suffix:253_21913,source_filename_suffix_validated_by_exact_duplicates,blackbox_unspecified,filename_capture_code:bb,car,dataset_coarse_label,night,cv_first_middle_last_majority,auto_enriched_needs_human_review
car_vs_car,aihub_train_00006316_bb_1_170107_vehicle_36_120,/workspace/SKN27-FINAL-3Team/storage/vision/datasets/classification/raw_videos/차대차/aihub_train_00006316_bb_1_170107_vehicle_36_120.mp4,car_vs_car,car_vs_car,storage/vision/datasets/classification/raw_videos/차대차/aihub_train_00006316_bb_1_170107_vehicle_36_120.mp4,train,12e4186c13b5a31710231c8aafdc0c808abb9b0aaf93cb3e905715a8eca9a868,aihub_source_suffix:36_120,source_filename_suffix_validated_by_exact_duplicates,blackbox_unspecified,filename_capture_code:bb,car,dataset_coarse_label,day,cv_first_middle_last_majority,auto_enriched_needs_human_review
car_vs_car,aihub_train_00003972_bb_1_170728_vehicle_224_22983,/workspace/SKN27-FINAL-3Team/storage/vision/datasets/classification/raw_videos/차대차/aihub_train_00003972_bb_1_170728_vehicle_224_22983.mp4,car_vs_car,car_vs_car,storage/vision/datasets/classification/raw_videos/차대차/aihub_train_00003972_bb_1_170728_vehicle_224_22983.mp4,train,c8429dc8a666bd6db8470ffd86642de1d9e4e5c542ad1c416ef42c34b4d88d06,aihub_source_suffix:224_22983,source_filename_suffix_validated_by_exact_duplicates,blackbox_unspecified,filename_capture_code:bb,car,dataset_coarse_label,low_light,cv_first_middle_last_majority,auto_enriched_needs_human_review
car_vs_car,aihub_train_00003918_bb_1_170310_vehicle_116_095,/workspace/SKN27-FINAL-3Team/storage/vision/datasets/classification/raw_videos/차대차/aihub_train_00003918_bb_1_170310_vehicle_116_095.mp4,car_vs_car,car_vs_car,storage/vision/datasets/classification/raw_videos/차대차/aihub_train_00003918_bb_1_170310_vehicle_116_095.mp4,train,8c9ea12f7bfe150b7e0de1a5dc6240ad19f0f0db705344844fbf6c7c90b970d7,aihub_source_suffix:116_095,source_filename_suffix_validated_by_exact_duplicates,blackbox_unspecified,filename_capture_code:bb,car,dataset_coarse_label,night,cv_first_middle_last_majority,auto_enriched_needs_human_review
car_vs_car,aihub_train_00004170_bb_1_190331_vehicle_05_023,/workspace/SKN27-FINAL-3Team/storage/vision/datasets/classification/raw_videos/차대차/aihub_train_00004170_bb_1_190331_vehicle_05_023.mp4,car_vs_car,car_vs_car,storage/vision/datasets/classification/raw_videos/차대차/aihub_train_00004170_bb_1_190331_vehicle_05_023.mp4,train,bf6058b6f6cb12e0115445d4428eee19579c954605b26b919b359fb4958e4dba,aihub_source_suffix:05_023,source_filename_suffix_validated_by_exact_duplicates,blackbox_unspecified,filename_capture_code:bb,car,dataset_coarse_label,day,cv_first_middle_last_majority,auto_enriched_needs_human_review
car_vs_car,aihub_train_00006075_bb_1_150307_vehicle_235_21931,/workspace/SKN27-FINAL-3Team/storage/vision/datasets/classification/raw_videos/차대차/aihub_train_00006075_bb_1_150307_vehicle_235_21931.mp4,car_vs_car,car_vs_car,storage/vision/datasets/classification/raw_videos/차대차/aihub_train_00006075_bb_1_150307_vehicle_235_21931.mp4,train,74f4dec5ebaff4d32009a9810f81518a0e6d39a2211d06f8b62947ce5129bc4a,aihub_source_suffix:235_21931,source_filename_suffix_validated_by_exact_duplicates,blackbox_unspecified,filename_capture_code:bb,car,dataset_coarse_label,low_light,cv_first_middle_last_majority,auto_enriched_needs_human_review
car_vs_car,aihub_train_00003655_bb_1_140908_vehicle_141_171,/workspace/SKN27-FINAL-3Team/storage/vision/datasets/classification/raw_videos/차대차/aihub_train_00003655_bb_1_140908_vehicle_141_171.mp4,car_vs_car,car_vs_car,storage/vision/datasets/classification/raw_videos/차대차/aihub_train_00003655_bb_1_140908_vehicle_141_171.mp4,train,052cd4f7b52bd8ecae213518527db332247e78c5ecfb6f2e8bde7d865db9a51b,aihub_source_suffix:141_171,source_filename_suffix_validated_by_exact_duplicates,blackbox_unspecified,filename_capture_code:bb,car,dataset_coarse_label,day,cv_first_middle_last_majority,auto_enriched_needs_human_review
car_vs_car,aihub_train_00004601_bb_3_200305_vehicle_243_47864,/workspace/SKN27-FINAL-3Team/storage/vision/datasets/classification/raw_videos/차대차/aihub_train_00004601_bb_3_200305_vehicle_243_47864.mp4,car_vs_car,car_vs_car,storage/vision/datasets/classification/raw_videos/차대차/aihub_train_00004601_bb_3_200305_vehicle_243_47864.mp4,train,2f0dbaff06c3dbf54ccb713370034b6fb2a3013af06a9cd1d29db87fafad6eec,aihub_source_suffix:243_47864,source_filename_suffix_validated_by_exact_duplicates,blackbox_unspecified,filename_capture_code:bb,car,dataset_coarse_label,night,cv_first_middle_last_majority,auto_enriched_needs_human_review
car_vs_car,aihub_train_00005074_bb_1_180727_vehicle_123_057,/workspace/SKN27-FINAL-3Team/storage/vision/datasets/classification/raw_videos/차대차/aihub_train_00005074_bb_1_180727_vehicle_123_057.mp4,car_vs_car,car_vs_car,storage/vision/datasets/classification/raw_videos/차대차/aihub_train_00005074_bb_1_180727_vehicle_123_057.mp4,train,bbcf56fb7cfc654cd83383e1ecf2a6f336319a6398f1b75f13f168bfc17cef61,aihub_source_suffix:123_057,source_filename_suffix_validated_by_exact_duplicates,blackbox_unspecified,filename_capture_code:bb,car,dataset_coarse_label,night,cv_first_middle_last_majority,auto_enriched_needs_human_review
car_vs_car,aihub_train_00005031_bb_1_180228_vehicle_125_081,/workspace/SKN27-FINAL-3Team/storage/vision/datasets/classification/raw_videos/차대차/aihub_train_00005031_bb_1_180228_vehicle_125_081.mp4,car_vs_car,car_vs_car,storage/vision/datasets/classification/raw_videos/차대차/aihub_train_00005031_bb_1_180228_vehicle_125_081.mp4,train,1b537ff8cd4d7a6fd9163f465644b9b44e680342a6efa9d5d01821dfd7898fc0,aihub_source_suffix:125_081,source_filename_suffix_validated_by_exact_duplicates,blackbox_unspecified,filename_capture_code:bb,car,dataset_coarse_label,day,cv_first_middle_last_majority,auto_enriched_needs_human_review
car_vs_car,aihub_train_00004876_bb_1_160612_vehicle_235_32975,/workspace/SKN27-FINAL-3Team/storage/vision/datasets/classification/raw_videos/차대차/aihub_train_00004876_bb_1_160612_vehicle_235_32975.mp4,car_vs_car,car_vs_car,storage/vision/datasets/classification/raw_videos/차대차/aihub_train_00004876_bb_1_160612_vehicle_235_32975.mp4,train,8bd08d634afa15e590d618164564a4ce495ef5367e14b80d90e48b52f632c406,aihub_source_suffix:235_32975,source_filename_suffix_validated_by_exact_duplicates,blackbox_unspecified,filename_capture_code:bb,car,dataset_coarse_label,low_light,cv_first_middle_last_majority,auto_enriched_needs_human_review
car_vs_car,aihub_train_00005261_bb_1_200725_vehicle_48_246,/workspace/SKN27-FINAL-3Team/storage/vision/datasets/classification/raw_videos/차대차/aihub_train_00005261_bb_1_200725_vehicle_48_246.mp4,car_vs_car,car_vs_car,storage/vision/datasets/classification/raw_videos/차대차/aihub_train_00005261_bb_1_200725_vehicle_48_246.mp4,train,af67d0a67f11f34c5b2cf4033171c39a72ea0f69368dcf866a220359eab799d6,aihub_source_suffix:48_246,source_filename_suffix_validated_by_exact_duplicates,blackbox_unspecified,filename_capture_code:bb,car,dataset_coarse_label,low_light,cv_first_middle_last_majority,auto_enriched_needs_human_review
car_vs_car,aihub_train_00004088_bb_1_180828_vehicle_194_079,/workspace/SKN27-FINAL-3Team/storage/vision/datasets/classification/raw_videos/차대차/aihub_train_00004088_bb_1_180828_vehicle_194_079.mp4,car_vs_car,car_vs_car,storage/vision/datasets/classification/raw_videos/차대차/aihub_train_00004088_bb_1_180828_vehicle_194_079.mp4,train,8a4bcd6e747999e2c925e735fa376858ee81b52859064fd32624199ec3cf5c1b,aihub_source_suffix:194_079,source_filename_suffix_validated_by_exact_duplicates,blackbox_unspecified,filename_capture_code:bb,car,dataset_coarse_label,day,cv_first_middle_last_majority,auto_enriched_needs_human_review
car_vs_car,aihub_train_00004306_bb_1_200614_vehicle_05_003,/workspace/SKN27-FINAL-3Team/storage/vision/datasets/classification/raw_videos/차대차/aihub_train_00004306_bb_1_200614_vehicle_05_003.mp4,car_vs_car,car_vs_car,storage/vision/datasets/classification/raw_videos/차대차/aihub_train_00004306_bb_1_200614_vehicle_05_003.mp4,train,518bd929e740048a7f5fc4985a11b4aa522474a5319970dec03fa2ababffee51,aihub_source_suffix:05_003,source_filename_suffix_validated_by_exact_duplicates,blackbox_unspecified,filename_capture_code:bb,car,dataset_coarse_label,day,cv_first_middle_last_majority,auto_enriched_needs_human_review
car_vs_car,aihub_train_00005064_bb_1_180702_vehicle_199_039,/workspace/SKN27-FINAL-3Team/storage/vision/datasets/classification/raw_videos/차대차/aihub_train_00005064_bb_1_180702_vehicle_199_039.mp4,car_vs_car,car_vs_car,storage/vision/datasets/classification/raw_videos/차대차/aihub_train_00005064_bb_1_180702_vehicle_199_039.mp4,train,dbca76a88f41f7146f780c6f33e71db587129080704c18634c7be6f8a861ad89,aihub_source_suffix:199_039,source_filename_suffix_validated_by_exact_duplicates,blackbox_unspecified,filename_capture_code:bb,car,dataset_coarse_label,day,cv_first_middle_last_majority,auto_enriched_needs_human_review
car_vs_car,aihub_train_00005693_bb_3_170327_vehicle_31_118,/workspace/SKN27-FINAL-3Team/storage/vision/datasets/classification/raw_videos/차대차/aihub_train_00005693_bb_3_170327_vehicle_31_118.mp4,car_vs_car,car_vs_car,storage/vision/datasets/classification/raw_videos/차대차/aihub_train_00005693_bb_3_170327_vehicle_31_118.mp4,train,0abc0462d3fcd4d67ab835f6a5b2cf9bd9bb7bc9da85d1e0ac2190125955c5b7,aihub_source_suffix:31_118,source_filename_suffix_validated_by_exact_duplicates,blackbox_unspecified,filename_capture_code:bb,car,dataset_coarse_label,night,cv_first_middle_last_majority,auto_enriched_needs_human_review
car_vs_car,aihub_train_00004250_bb_1_191118_vehicle_237_32858,/workspace/SKN27-FINAL-3Team/storage/vision/datasets/classification/raw_videos/차대차/aihub_train_00004250_bb_1_191118_vehicle_237_32858.mp4,car_vs_car,car_vs_car,storage/vision/datasets/classification/raw_videos/차대차/aihub_train_00004250_bb_1_191118_vehicle_237_32858.mp4,train,5ff13da2cf135156bda30360d9b09011878b6c9d2bcccd73bac00ecb3ce298e8,aihub_source_suffix:237_32858,source_filename_suffix_validated_by_exact_duplicates,blackbox_unspecified,filename_capture_code:bb,car,dataset_coarse_label,night,cv_first_middle_last_majority,auto_enriched_needs_human_review
car_vs_car,aihub_train_00005502_bb_1_220815_vehicle_259_22061,/workspace/SKN27-FINAL-3Team/storage/vision/datasets/classification/raw_videos/차대차/aihub_train_00005502_bb_1_220815_vehicle_259_22061.mp4,car_vs_car,car_vs_car,storage/vision/datasets/classification/raw_videos/차대차/aihub_train_00005502_bb_1_220815_vehicle_259_22061.mp4,train,af856b61c92d37658bb2712976f8a0364fede14315b6525fe8c6ebd66bc06e43,aihub_source_suffix:259_22061,source_filename_suffix_validated_by_exact_duplicates,blackbox_unspecified,filename_capture_code:bb,car,dataset_coarse_label,low_light,cv_first_middle_last_majority,auto_enriched_needs_human_review
car_vs_car,aihub_train_00003932_bb_1_170428_vehicle_19_087,/workspace/SKN27-FINAL-3Team/storage/vision/datasets/classification/raw_videos/차대차/aihub_train_00003932_bb_1_170428_vehicle_19_087.mp4,car_vs_car,car_vs_car,storage/vision/datasets/classification/raw_videos/차대차/aihub_train_00003932_bb_1_170428_vehicle_19_087.mp4,train,8f5a3a81ccbd82a021afc30fd61d43baa12dfa1003cc2973a2a888f24ef661ef,aihub_source_suffix:19_087,source_filename_suffix_validated_by_exact_duplicates,blackbox_unspecified,filename_capture_code:bb,car,dataset_coarse_label,day,cv_first_middle_last_majority,auto_enriched_needs_human_review
car_vs_car,aihub_train_00005867_bb_3_201121_vehicle_117_181,/workspace/SKN27-FINAL-3Team/storage/vision/datasets/classification/raw_videos/차대차/aihub_train_00005867_bb_3_201121_vehicle_117_181.mp4,car_vs_car,car_vs_car,storage/vision/datasets/classification/raw_videos/차대차/aihub_train_00005867_bb_3_201121_vehicle_117_181.mp4,train,47cf327d201c91dc2726e7953cd09a3496bca6e60451d8453fdc923a123da739,aihub_source_suffix:117_181,source_filename_suffix_validated_by_exact_duplicates,blackbox_unspecified,filename_capture_code:bb,car,dataset_coarse_label,day,cv_first_middle_last_majority,auto_enriched_needs_human_review
car_vs_car,aihub_train_00004323_bb_1_200718_vehicle_112_257,/workspace/SKN27-FINAL-3Team/storage/vision/datasets/classification/raw_videos/차대차/aihub_train_00004323_bb_1_200718_vehicle_112_257.mp4,car_vs_car,car_vs_car,storage/vision/datasets/classification/raw_videos/차대차/aihub_train_00004323_bb_1_200718_vehicle_112_257.mp4,train,8c7af9645f95c78ef1d67495f5743a23f17c0f0f480a8669693c13c1791e0e36,aihub_source_suffix:112_257,source_filename_suffix_validated_by_exact_duplicates,blackbox_unspecified,filename_capture_code:bb,car,dataset_coarse_label,low_light,cv_first_middle_last_majority,auto_enriched_needs_human_review
car_vs_car,aihub_train_00003582_bb_1_121016_vehicle_48_021,/workspace/SKN27-FINAL-3Team/storage/vision/datasets/classification/raw_videos/차대차/aihub_train_00003582_bb_1_121016_vehicle_48_021.mp4,car_vs_car,car_vs_car,storage/vision/datasets/classification/raw_videos/차대차/aihub_train_00003582_bb_1_121016_vehicle_48_021.mp4,val,ff0ef62abab5f0689e18a9c1715ee8b8631682991d3842132ba18d38e4394b1e,aihub_source_suffix:48_021,source_filename_suffix_validated_by_exact_duplicates,blackbox_unspecified,filename_capture_code:bb,car,dataset_coarse_label,night,cv_first_middle_last_majority,auto_enriched_needs_human_review
car_vs_car,aihub_train_00006110_bb_1_150613_vehicle_223_21861,/workspace/SKN27-FINAL-3Team/storage/vision/datasets/classification/raw_videos/차대차/aihub_train_00006110_bb_1_150613_vehicle_223_21861.mp4,car_vs_car,car_vs_car,storage/vision/datasets/classification/raw_videos/차대차/aihub_train_00006110_bb_1_150613_vehicle_223_21861.mp4,val,6147f10d2034e2c3b213a08b10e946caba3610f9476e4baad0349820c793d5c6,aihub_source_suffix:223_21861,source_filename_suffix_validated_by_exact_duplicates,blackbox_unspecified,filename_capture_code:bb,car,dataset_coarse_label,low_light,cv_first_middle_last_majority,auto_enriched_needs_human_review
car_vs_car,aihub_train_00004570_bb_3_160324_vehicle_200_47580,/workspace/SKN27-FINAL-3Team/storage/vision/datasets/classification/raw_videos/차대차/aihub_train_00004570_bb_3_160324_vehicle_200_47580.mp4,car_vs_car,car_vs_car,storage/vision/datasets/classification/raw_videos/차대차/aihub_train_00004570_bb_3_160324_vehicle_200_47580.mp4,val,cac48c3593da70b91e69a15a447af4bc725dc4dae5fea2a6ec71bcbf657f00e8,aihub_source_suffix:200_47580,source_filename_suffix_validated_by_exact_duplicates,blackbox_unspecified,filename_capture_code:bb,car,dataset_coarse_label,night,cv_first_middle_last_majority,auto_enriched_needs_human_review
car_vs_car,aihub_train_00006030_bb_1_140919_vehicle_200_027,/workspace/SKN27-FINAL-3Team/storage/vision/datasets/classification/raw_videos/차대차/aihub_train_00006030_bb_1_140919_vehicle_200_027.mp4,car_vs_car,car_vs_car,storage/vision/datasets/classification/raw_videos/차대차/aihub_train_00006030_bb_1_140919_vehicle_200_027.mp4,val,226192a34e88d1ecf4c9decf9ce20f94f8cc2098e2936948f7076c7bb42bd45f,aihub_source_suffix:200_027,source_filename_suffix_validated_by_exact_duplicates,blackbox_unspecified,filename_capture_code:bb,car,dataset_coarse_label,day,cv_first_middle_last_majority,auto_enriched_needs_human_review
car_vs_car,aihub_train_00004253_bb_1_191125_vehicle_089_038,/workspace/SKN27-FINAL-3Team/storage/vision/datasets/classification/raw_videos/차대차/aihub_train_00004253_bb_1_191125_vehicle_089_038.mp4,car_vs_car,car_vs_car,storage/vision/datasets/classification/raw_videos/차대차/aihub_train_00004253_bb_1_191125_vehicle_089_038.mp4,val,e0f81eaec73b83e57c8e3c644d31b49e7ad9edc4d26da62d660f3f4adc418d34,aihub_source_suffix:089_038,source_filename_suffix_validated_by_exact_duplicates,blackbox_unspecified,filename_capture_code:bb,car,dataset_coarse_label,day,cv_first_middle_last_majority,auto_enriched_needs_human_review
car_vs_car,aihub_train_00005855_bb_3_200803_vehicle_203_31113,/workspace/SKN27-FINAL-3Team/storage/vision/datasets/classification/raw_videos/차대차/aihub_train_00005855_bb_3_200803_vehicle_203_31113.mp4,car_vs_car,car_vs_car,storage/vision/datasets/classification/raw_videos/차대차/aihub_train_00005855_bb_3_200803_vehicle_203_31113.mp4,val,0af4ae1b78c8431d555ec8dad9a4a945c409f6ec0167f95abf33945789b843d1,aihub_source_suffix:203_31113,source_filename_suffix_validated_by_exact_duplicates,blackbox_unspecified,filename_capture_code:bb,car,dataset_coarse_label,low_light,cv_first_middle_last_majority,auto_enriched_needs_human_review
car_vs_car,aihub_train_00005313_bb_1_210309_vehicle_225_22154,/workspace/SKN27-FINAL-3Team/storage/vision/datasets/classification/raw_videos/차대차/aihub_train_00005313_bb_1_210309_vehicle_225_22154.mp4,car_vs_car,car_vs_car,storage/vision/datasets/classification/raw_videos/차대차/aihub_train_00005313_bb_1_210309_vehicle_225_22154.mp4,val,aa8a7265825dc142f6a7ada375f76408fe39ce469100ebd5e0c3e31a39498c77,aihub_source_suffix:225_22154,source_filename_suffix_validated_by_exact_duplicates,blackbox_unspecified,filename_capture_code:bb,car,dataset_coarse_label,night,cv_first_middle_last_majority,auto_enriched_needs_human_review
car_vs_car,aihub_train_00005228_bb_1_200224_vehicle_193_010,/workspace/SKN27-FINAL-3Team/storage/vision/datasets/classification/raw_videos/차대차/aihub_train_00005228_bb_1_200224_vehicle_193_010.mp4,car_vs_car,car_vs_car,storage/vision/datasets/classification/raw_videos/차대차/aihub_train_00005228_bb_1_200224_vehicle_193_010.mp4,val,dcbd6f0574db0104c0057c6b5abb5d7dc9a7b91d67b4201553a71425886ef292,aihub_source_suffix:193_010,source_filename_suffix_validated_by_exact_duplicates,blackbox_unspecified,filename_capture_code:bb,car,dataset_coarse_label,low_light,cv_first_middle_last_majority,auto_enriched_needs_human_review
car_vs_car,aihub_train_00005724_bb_3_171009_vehicle_245_21882,/workspace/SKN27-FINAL-3Team/storage/vision/datasets/classification/raw_videos/차대차/aihub_train_00005724_bb_3_171009_vehicle_245_21882.mp4,car_vs_car,car_vs_car,storage/vision/datasets/classification/raw_videos/차대차/aihub_train_00005724_bb_3_171009_vehicle_245_21882.mp4,val,fce70b5f772774cb3a666403e8d0065441deac7103d81fd5d5912944389a2a34,aihub_source_suffix:245_21882,source_filename_suffix_validated_by_exact_duplicates,blackbox_unspecified,filename_capture_code:bb,car,dataset_coarse_label,night,cv_first_middle_last_majority,auto_enriched_needs_human_review
car_vs_car,aihub_train_00005409_bb_1_211127_vehicle_235_20703,/workspace/SKN27-FINAL-3Team/storage/vision/datasets/classification/raw_videos/차대차/aihub_train_00005409_bb_1_211127_vehicle_235_20703.mp4,car_vs_car,car_vs_car,storage/vision/datasets/classification/raw_videos/차대차/aihub_train_00005409_bb_1_211127_vehicle_235_20703.mp4,val,ad85a6cf28c390946a8f33deddb7412daa382b20757a819471ca576abe03065f,aihub_source_suffix:235_20703,source_filename_suffix_validated_by_exact_duplicates,blackbox_unspecified,filename_capture_code:bb,car,dataset_coarse_label,low_light,cv_first_middle_last_majority,auto_enriched_needs_human_review
car_vs_car,aihub_train_00004929_bb_1_170215_vehicle_247_20252,/workspace/SKN27-FINAL-3Team/storage/vision/datasets/classification/raw_videos/차대차/aihub_train_00004929_bb_1_170215_vehicle_247_20252.mp4,car_vs_car,car_vs_car,storage/vision/datasets/classification/raw_videos/차대차/aihub_train_00004929_bb_1_170215_vehicle_247_20252.mp4,val,41189791d8ed1f4bfb6d5de83667a774c9ef48259bc248422589c361184fc2bc,aihub_source_suffix:247_20252,source_filename_suffix_validated_by_exact_duplicates,blackbox_unspecified,filename_capture_code:bb,car,dataset_coarse_label,night,cv_first_middle_last_majority,auto_enriched_needs_human_review
car_vs_car,aihub_train_00006105_bb_1_150527_vehicle_231_23220,/workspace/SKN27-FINAL-3Team/storage/vision/datasets/classification/raw_videos/차대차/aihub_train_00006105_bb_1_150527_vehicle_231_23220.mp4,car_vs_car,car_vs_car,storage/vision/datasets/classification/raw_videos/차대차/aihub_train_00006105_bb_1_150527_vehicle_231_23220.mp4,val,f1592d63a145f6b836d4ecf5cef4f8f381a0b9f94aba700e3cd6f1d9aa085c04,aihub_source_suffix:231_23220,source_filename_suffix_validated_by_exact_duplicates,blackbox_unspecified,filename_capture_code:bb,car,dataset_coarse_label,low_light,cv_first_middle_last_majority,auto_enriched_needs_human_review
car_vs_car,aihub_train_00005863_bb_3_201111_vehicle_257_31612,/workspace/SKN27-FINAL-3Team/storage/vision/datasets/classification/raw_videos/차대차/aihub_train_00005863_bb_3_201111_vehicle_257_31612.mp4,car_vs_car,car_vs_car,storage/vision/datasets/classification/raw_videos/차대차/aihub_train_00005863_bb_3_201111_vehicle_257_31612.mp4,val,3f25cc59ad53c23a3964b3a242f635acd67bebe99cca999bb02d62631cebddbf,aihub_source_suffix:257_31612,source_filename_suffix_validated_by_exact_duplicates,blackbox_unspecified,filename_capture_code:bb,car,dataset_coarse_label,low_light,cv_first_middle_last_majority,auto_enriched_needs_human_review
car_vs_car,aihub_train_00005811_bb_3_190702_vehicle_123_261,/workspace/SKN27-FINAL-3Team/storage/vision/datasets/classification/raw_videos/차대차/aihub_train_00005811_bb_3_190702_vehicle_123_261.mp4,car_vs_car,car_vs_car,storage/vision/datasets/classification/raw_videos/차대차/aihub_train_00005811_bb_3_190702_vehicle_123_261.mp4,val,c498c7ea43614be529618369ca83b84254fa844e751cd9f928edb62c8db4831b,aihub_source_suffix:123_261,source_filename_suffix_validated_by_exact_duplicates,blackbox_unspecified,filename_capture_code:bb,car,dataset_coarse_label,night,cv_first_middle_last_majority,auto_enriched_needs_human_review
car_vs_car,aihub_train_00006289_bb_1_161008_vehicle_198_041,/workspace/SKN27-FINAL-3Team/storage/vision/datasets/classification/raw_videos/차대차/aihub_train_00006289_bb_1_161008_vehicle_198_041.mp4,car_vs_car,car_vs_car,storage/vision/datasets/classification/raw_videos/차대차/aihub_train_00006289_bb_1_161008_vehicle_198_041.mp4,val,9d727c32709e0f027098840eb348999901712d80e32c335784da1552a85c1b20,aihub_source_suffix:198_041,source_filename_suffix_validated_by_exact_duplicates,blackbox_unspecified,filename_capture_code:bb,car,dataset_coarse_label,low_light,cv_first_middle_last_majority,auto_enriched_needs_human_review
car_vs_car,aihub_train_00004067_bb_1_180614_vehicle_144_109,/workspace/SKN27-FINAL-3Team/storage/vision/datasets/classification/raw_videos/차대차/aihub_train_00004067_bb_1_180614_vehicle_144_109.mp4,car_vs_car,car_vs_car,storage/vision/datasets/classification/raw_videos/차대차/aihub_train_00004067_bb_1_180614_vehicle_144_109.mp4,test,9d759e7e801d8467b3aad74fd6fcac9293bf44bc801a6ef569c2165d773becd4,aihub_source_suffix:144_109,source_filename_suffix_validated_by_exact_duplicates,blackbox_unspecified,filename_capture_code:bb,car,dataset_coarse_label,low_light,cv_first_middle_last_majority,auto_enriched_needs_human_review
car_vs_car,aihub_train_00004431_bb_1_211009_vehicle_313_032,/workspace/SKN27-FINAL-3Team/storage/vision/datasets/classification/raw_videos/차대차/aihub_train_00004431_bb_1_211009_vehicle_313_032.mp4,car_vs_car,car_vs_car,storage/vision/datasets/classification/raw_videos/차대차/aihub_train_00004431_bb_1_211009_vehicle_313_032.mp4,test,6c389d01d37e88b24c4df94a68bf9e9ed3d186f923bc907dd08a14487d857572,aihub_source_suffix:313_032,source_filename_suffix_validated_by_exact_duplicates,blackbox_unspecified,filename_capture_code:bb,car,dataset_coarse_label,low_light,cv_first_middle_last_majority,auto_enriched_needs_human_review
car_vs_car,aihub_train_00005314_bb_1_210315_vehicle_118_105,/workspace/SKN27-FINAL-3Team/storage/vision/datasets/classification/raw_videos/차대차/aihub_train_00005314_bb_1_210315_vehicle_118_105.mp4,car_vs_car,car_vs_car,storage/vision/datasets/classification/raw_videos/차대차/aihub_train_00005314_bb_1_210315_vehicle_118_105.mp4,test,de1e66b17908ed9775114108aa53a932408aa273e188fa5c53e6b424f06cc742,aihub_source_suffix:118_105,source_filename_suffix_validated_by_exact_duplicates,blackbox_unspecified,filename_capture_code:bb,car,dataset_coarse_label,day,cv_first_middle_last_majority,auto_enriched_needs_human_review
car_vs_car,aihub_train_00004916_bb_1_170116_vehicle_141_079,/workspace/SKN27-FINAL-3Team/storage/vision/datasets/classification/raw_videos/차대차/aihub_train_00004916_bb_1_170116_vehicle_141_079.mp4,car_vs_car,car_vs_car,storage/vision/datasets/classification/raw_videos/차대차/aihub_train_00004916_bb_1_170116_vehicle_141_079.mp4,test,d4822a61d672058e694234b5a7e4f6b8edf1f871e0a0e106706aefaa5b525f0c,aihub_source_suffix:141_079,source_filename_suffix_validated_by_exact_duplicates,blackbox_unspecified,filename_capture_code:bb,car,dataset_coarse_label,night,cv_first_middle_last_majority,auto_enriched_needs_human_review
car_vs_car,aihub_train_00005140_bb_1_190303_vehicle_46_248,/workspace/SKN27-FINAL-3Team/storage/vision/datasets/classification/raw_videos/차대차/aihub_train_00005140_bb_1_190303_vehicle_46_248.mp4,car_vs_car,car_vs_car,storage/vision/datasets/classification/raw_videos/차대차/aihub_train_00005140_bb_1_190303_vehicle_46_248.mp4,test,f9a3a237c7c92756292295a831b556f0a1d8e8beafe9af76a602525297b7e45e,aihub_source_suffix:46_248,source_filename_suffix_validated_by_exact_duplicates,blackbox_unspecified,filename_capture_code:bb,car,dataset_coarse_label,day,cv_first_middle_last_majority,auto_enriched_needs_human_review
car_vs_car,aihub_train_00005752_bb_3_180427_vehicle_251_22144,/workspace/SKN27-FINAL-3Team/storage/vision/datasets/classification/raw_videos/차대차/aihub_train_00005752_bb_3_180427_vehicle_251_22144.mp4,car_vs_car,car_vs_car,storage/vision/datasets/classification/raw_videos/차대차/aihub_train_00005752_bb_3_180427_vehicle_251_22144.mp4,test,cb3c0fb09796eff192c8089508e18fdd138e6e30d47e622b0b534aa23bee9c6b,aihub_source_suffix:251_22144,source_filename_suffix_validated_by_exact_duplicates,blackbox_unspecified,filename_capture_code:bb,car,dataset_coarse_label,low_light,cv_first_middle_last_majority,auto_enriched_needs_human_review
car_vs_car,aihub_train_00005608_bb_3_141003_vehicle_144_088,/workspace/SKN27-FINAL-3Team/storage/vision/datasets/classification/raw_videos/차대차/aihub_train_00005608_bb_3_141003_vehicle_144_088.mp4,car_vs_car,car_vs_car,storage/vision/datasets/classification/raw_videos/차대차/aihub_train_00005608_bb_3_141003_vehicle_144_088.mp4,test,d70c1cb0bc08af00d6238e4c84f75f1cbb97aad2aa5963ca15340714badaf5ac,aihub_source_suffix:144_088,source_filename_suffix_validated_by_exact_duplicates,blackbox_unspecified,filename_capture_code:bb,car,dataset_coarse_label,day,cv_first_middle_last_majority,auto_enriched_needs_human_review
car_vs_car,aihub_train_00003995_bb_1_170930_vehicle_220_31058,/workspace/SKN27-FINAL-3Team/storage/vision/datasets/classification/raw_videos/차대차/aihub_train_00003995_bb_1_170930_vehicle_220_31058.mp4,car_vs_car,car_vs_car,storage/vision/datasets/classification/raw_videos/차대차/aihub_train_00003995_bb_1_170930_vehicle_220_31058.mp4,test,a587485835b60432e27b25c3f59e27cf948b5d7d05856e6e8ce01b3d4e62fb16,aihub_source_suffix:220_31058,source_filename_suffix_validated_by_exact_duplicates,blackbox_unspecified,filename_capture_code:bb,car,dataset_coarse_label,night,cv_first_middle_last_majority,auto_enriched_needs_human_review
car_vs_car,aihub_train_00006091_bb_1_150420_vehicle_112_244,/workspace/SKN27-FINAL-3Team/storage/vision/datasets/classification/raw_videos/차대차/aihub_train_00006091_bb_1_150420_vehicle_112_244.mp4,car_vs_car,car_vs_car,storage/vision/datasets/classification/raw_videos/차대차/aihub_train_00006091_bb_1_150420_vehicle_112_244.mp4,test,52b8aeaef3e85b1c99f4bb15d90f57508d313102457b89a33a4a02e0f4b0ff1b,aihub_source_suffix:112_244,source_filename_suffix_validated_by_exact_duplicates,blackbox_unspecified,filename_capture_code:bb,car,dataset_coarse_label,day,cv_first_middle_last_majority,auto_enriched_needs_human_review
car_vs_car,aihub_train_00006297_bb_1_161103_vehicle_252_23684,/workspace/SKN27-FINAL-3Team/storage/vision/datasets/classification/raw_videos/차대차/aihub_train_00006297_bb_1_161103_vehicle_252_23684.mp4,car_vs_car,car_vs_car,storage/vision/datasets/classification/raw_videos/차대차/aihub_train_00006297_bb_1_161103_vehicle_252_23684.mp4,test,3ca2ee640f3608f073c8e37c44affe43bc78c435e3fcc021fbda72c29f7c3e00,aihub_source_suffix:252_23684,source_filename_suffix_validated_by_exact_duplicates,blackbox_unspecified,filename_capture_code:bb,car,dataset_coarse_label,night,cv_first_middle_last_majority,auto_enriched_needs_human_review
car_vs_car,aihub_train_00006219_bb_1_160423_vehicle_145_106,/workspace/SKN27-FINAL-3Team/storage/vision/datasets/classification/raw_videos/차대차/aihub_train_00006219_bb_1_160423_vehicle_145_106.mp4,car_vs_car,car_vs_car,storage/vision/datasets/classification/raw_videos/차대차/aihub_train_00006219_bb_1_160423_vehicle_145_106.mp4,test,e0a0c8a78863efe2af5d3a0881ce4e1229337ea65268d84746d48c2b159928cc,aihub_source_suffix:145_106,source_filename_suffix_validated_by_exact_duplicates,blackbox_unspecified,filename_capture_code:bb,car,dataset_coarse_label,day,cv_first_middle_last_majority,auto_enriched_needs_human_review
car_vs_car,aihub_train_00006063_bb_1_150202_vehicle_148_322,/workspace/SKN27-FINAL-3Team/storage/vision/datasets/classification/raw_videos/차대차/aihub_train_00006063_bb_1_150202_vehicle_148_322.mp4,car_vs_car,car_vs_car,storage/vision/datasets/classification/raw_videos/차대차/aihub_train_00006063_bb_1_150202_vehicle_148_322.mp4,test,2f328fa56c5475f2783c4504584ba2da7967f8800ca880183ca3b3a4ad6a47f9,aihub_source_suffix:148_322,source_filename_suffix_validated_by_exact_duplicates,blackbox_unspecified,filename_capture_code:bb,car,dataset_coarse_label,day,cv_first_middle_last_majority,auto_enriched_needs_human_review
car_vs_car,aihub_train_00004010_bb_1_171105_vehicle_147_042,/workspace/SKN27-FINAL-3Team/storage/vision/datasets/classification/raw_videos/차대차/aihub_train_00004010_bb_1_171105_vehicle_147_042.mp4,car_vs_car,car_vs_car,storage/vision/datasets/classification/raw_videos/차대차/aihub_train_00004010_bb_1_171105_vehicle_147_042.mp4,test,6c7e15a436c94402c7eb0c3dcc680ff2d169568b456bbc37dc0b3e3a23a42542,aihub_source_suffix:147_042,source_filename_suffix_validated_by_exact_duplicates,blackbox_unspecified,filename_capture_code:bb,car,dataset_coarse_label,day,cv_first_middle_last_majority,auto_enriched_needs_human_review
car_vs_car,aihub_train_00005635_bb_3_150730_vehicle_195_106,/workspace/SKN27-FINAL-3Team/storage/vision/datasets/classification/raw_videos/차대차/aihub_train_00005635_bb_3_150730_vehicle_195_106.mp4,car_vs_car,car_vs_car,storage/vision/datasets/classification/raw_videos/차대차/aihub_train_00005635_bb_3_150730_vehicle_195_106.mp4,test,90253994be4ab5eea68238f6c7af41a8a6bd40daaf6c5d40d8666b8e11a09b1b,aihub_source_suffix:195_106,source_filename_suffix_validated_by_exact_duplicates,blackbox_unspecified,filename_capture_code:bb,car,dataset_coarse_label,day,cv_first_middle_last_majority,auto_enriched_needs_human_review
car_vs_car,aihub_train_00005634_bb_3_150627_vehicle_147_143,/workspace/SKN27-FINAL-3Team/storage/vision/datasets/classification/raw_videos/차대차/aihub_train_00005634_bb_3_150627_vehicle_147_143.mp4,car_vs_car,car_vs_car,storage/vision/datasets/classification/raw_videos/차대차/aihub_train_00005634_bb_3_150627_vehicle_147_143.mp4,test,6594af42136799395ffd0e0d49d75149d4e97005b57e7257019b97fbaf6da1b2,aihub_source_suffix:147_143,source_filename_suffix_validated_by_exact_duplicates,blackbox_unspecified,filename_capture_code:bb,car,dataset_coarse_label,day,cv_first_middle_last_majority,auto_enriched_needs_human_review
car_vs_pedestrian,aihub_train_00000039_bb_1_200806_pedestrian_36_031,/workspace/SKN27-FINAL-3Team/storage/vision/datasets/classification/raw_videos/차대보행자/aihub_train_00000039_bb_1_200806_pedestrian_36_031.mp4,car_vs_pedestrian,car_vs_pedestrian,storage/vision/datasets/classification/raw_videos/차대보행자/aihub_train_00000039_bb_1_200806_pedestrian_36_031.mp4,train,dd4586bb7f1d49f39e784578dcf1f048321dc2b44e58dddc19eb9570328ed46a,aihub_source_suffix:36_031,source_filename_suffix_validated_by_exact_duplicates,blackbox_unspecified,filename_capture_code:bb,pedestrian,dataset_coarse_label,low_light,cv_first_middle_last_majority,auto_enriched_needs_human_review
car_vs_pedestrian,aihub_train_00000099_bb_1_190214_pedestrian_238_22113,/workspace/SKN27-FINAL-3Team/storage/vision/datasets/classification/raw_videos/차대보행자/aihub_train_00000099_bb_1_190214_pedestrian_238_22113.mp4,car_vs_pedestrian,car_vs_pedestrian,storage/vision/datasets/classification/raw_videos/차대보행자/aihub_train_00000099_bb_1_190214_pedestrian_238_22113.mp4,train,a78c08810363a8c005caef6f07caa78df3d85a476b27ace00f1fcc478c64e432,aihub_source_suffix:238_22113,source_filename_suffix_validated_by_exact_duplicates,blackbox_unspecified,filename_capture_code:bb,pedestrian,dataset_coarse_label,night,cv_first_middle_last_majority,auto_enriched_needs_human_review
car_vs_pedestrian,aihub_train_00000031_bb_1_200224_pedestrian_199_083,/workspace/SKN27-FINAL-3Team/storage/vision/datasets/classification/raw_videos/차대보행자/aihub_train_00000031_bb_1_200224_pedestrian_199_083.mp4,car_vs_pedestrian,car_vs_pedestrian,storage/vision/datasets/classification/raw_videos/차대보행자/aihub_train_00000031_bb_1_200224_pedestrian_199_083.mp4,train,5405285ec1387f0beef45443f0b968fa1ddc6f678e797839d40bd89f832ab81d,aihub_source_suffix:199_083,source_filename_suffix_validated_by_exact_duplicates,blackbox_unspecified,filename_capture_code:bb,pedestrian,dataset_coarse_label,day,cv_first_middle_last_majority,auto_enriched_needs_human_review
car_vs_pedestrian,aihub_train_00000033_bb_1_200319_pedestrian_230_21815,/workspace/SKN27-FINAL-3Team/storage/vision/datasets/classification/raw_videos/차대보행자/aihub_train_00000033_bb_1_200319_pedestrian_230_21815.mp4,car_vs_pedestrian,car_vs_pedestrian,storage/vision/datasets/classification/raw_videos/차대보행자/aihub_train_00000033_bb_1_200319_pedestrian_230_21815.mp4,train,f19d5d5833f7b5026960ef29a5064134811cc57926d85574628a1fafbbd8ab0e,aihub_source_suffix:230_21815,source_filename_suffix_validated_by_exact_duplicates,blackbox_unspecified,filename_capture_code:bb,pedestrian,dataset_coarse_label,night,cv_first_middle_last_majority,auto_enriched_needs_human_review
car_vs_pedestrian,aihub_train_00000133_bb_1_160910_pedestrian_111_045,/workspace/SKN27-FINAL-3Team/storage/vision/datasets/classification/raw_videos/차대보행자/aihub_train_00000133_bb_1_160910_pedestrian_111_045.mp4,car_vs_pedestrian,car_vs_pedestrian,storage/vision/datasets/classification/raw_videos/차대보행자/aihub_train_00000133_bb_1_160910_pedestrian_111_045.mp4,train,e2cc9ac0ea7a40571c6843d103dc8e3789d52dd0282f58bce411da65b7e9c433,aihub_source_suffix:111_045,source_filename_suffix_validated_by_exact_duplicates,blackbox_unspecified,filename_capture_code:bb,pedestrian,dataset_coarse_label,day,cv_first_middle_last_majority,auto_enriched_needs_human_review
car_vs_pedestrian,aihub_train_00000011_bb_1_170127_pedestrian_38_005,/workspace/SKN27-FINAL-3Team/storage/vision/datasets/classification/raw_videos/차대보행자/aihub_train_00000011_bb_1_170127_pedestrian_38_005.mp4,car_vs_pedestrian,car_vs_pedestrian,storage/vision/datasets/classification/raw_videos/차대보행자/aihub_train_00000011_bb_1_170127_pedestrian_38_005.mp4,train,13bff641d9c6490d80f9c0741481cc9314cb31380af1c931e133b49613154a69,aihub_source_suffix:38_005,source_filename_suffix_validated_by_exact_duplicates,blackbox_unspecified,filename_capture_code:bb,pedestrian,dataset_coarse_label,day,cv_first_middle_last_majority,auto_enriched_needs_human_review
car_vs_pedestrian,aihub_train_00000073_bb_1_160607_pedestrian_257_21761,/workspace/SKN27-FINAL-3Team/storage/vision/datasets/classification/raw_videos/차대보행자/aihub_train_00000073_bb_1_160607_pedestrian_257_21761.mp4,car_vs_pedestrian,car_vs_pedestrian,storage/vision/datasets/classification/raw_videos/차대보행자/aihub_train_00000073_bb_1_160607_pedestrian_257_21761.mp4,train,9bee0f3bb5cea616042f41e7a5e1630870832a5d72679c2b1635016652e59083,aihub_source_suffix:257_21761,source_filename_suffix_validated_by_exact_duplicates,blackbox_unspecified,filename_capture_code:bb,pedestrian,dataset_coarse_label,low_light,cv_first_middle_last_majority,auto_enriched_needs_human_review
car_vs_pedestrian,aihub_train_00000107_bb_1_200121_pedestrian_214_21581,/workspace/SKN27-FINAL-3Team/storage/vision/datasets/classification/raw_videos/차대보행자/aihub_train_00000107_bb_1_200121_pedestrian_214_21581.mp4,car_vs_pedestrian,car_vs_pedestrian,storage/vision/datasets/classification/raw_videos/차대보행자/aihub_train_00000107_bb_1_200121_pedestrian_214_21581.mp4,train,9281a88f046ffeb410cd54c168bae59acd5484c001d6f87c1a2d458b93e79c75,aihub_source_suffix:214_21581,source_filename_suffix_validated_by_exact_duplicates,blackbox_unspecified,filename_capture_code:bb,pedestrian,dataset_coarse_label,low_light,cv_first_middle_last_majority,auto_enriched_needs_human_review
car_vs_pedestrian,aihub_train_00000094_bb_1_180725_pedestrian_125_194,/workspace/SKN27-FINAL-3Team/storage/vision/datasets/classification/raw_videos/차대보행자/aihub_train_00000094_bb_1_180725_pedestrian_125_194.mp4,car_vs_pedestrian,car_vs_pedestrian,storage/vision/datasets/classification/raw_videos/차대보행자/aihub_train_00000094_bb_1_180725_pedestrian_125_194.mp4,train,bdf74db9055e22b6adc235efc12117e37a40a8df4704c6af5ec09a40264e1ac7,aihub_source_suffix:125_194,source_filename_suffix_validated_by_exact_duplicates,blackbox_unspecified,filename_capture_code:bb,pedestrian,dataset_coarse_label,day,cv_first_middle_last_majority,auto_enriched_needs_human_review
car_vs_pedestrian,aihub_train_00000128_bb_1_160521_pedestrian_251_22043,/workspace/SKN27-FINAL-3Team/storage/vision/datasets/classification/raw_videos/차대보행자/aihub_train_00000128_bb_1_160521_pedestrian_251_22043.mp4,car_vs_pedestrian,car_vs_pedestrian,storage/vision/datasets/classification/raw_videos/차대보행자/aihub_train_00000128_bb_1_160521_pedestrian_251_22043.mp4,train,808770cc059225069e52d5e3bc560f821c981fbf1bfd0f56a1d702d5ef30e4d7,aihub_source_suffix:251_22043,source_filename_suffix_validated_by_exact_duplicates,blackbox_unspecified,filename_capture_code:bb,pedestrian,dataset_coarse_label,night,cv_first_middle_last_majority,auto_enriched_needs_human_review
car_vs_pedestrian,aihub_train_00000026_bb_1_190917_pedestrian_195_209,/workspace/SKN27-FINAL-3Team/storage/vision/datasets/classification/raw_videos/차대보행자/aihub_train_00000026_bb_1_190917_pedestrian_195_209.mp4,car_vs_pedestrian,car_vs_pedestrian,storage/vision/datasets/classification/raw_videos/차대보행자/aihub_train_00000026_bb_1_190917_pedestrian_195_209.mp4,train,16305539c7f12428bf55def13c7fd857156c13f981e0a2305083f73ff2ab7c05,aihub_source_suffix:195_209,source_filename_suffix_validated_by_exact_duplicates,blackbox_unspecified,filename_capture_code:bb,pedestrian,dataset_coarse_label,night,cv_first_middle_last_majority,auto_enriched_needs_human_review
car_vs_pedestrian,aihub_train_00000049_bb_1_210619_pedestrian_216_20629,/workspace/SKN27-FINAL-3Team/storage/vision/datasets/classification/raw_videos/차대보행자/aihub_train_00000049_bb_1_210619_pedestrian_216_20629.mp4,car_vs_pedestrian,car_vs_pedestrian,storage/vision/datasets/classification/raw_videos/차대보행자/aihub_train_00000049_bb_1_210619_pedestrian_216_20629.mp4,train,d6e8fa9746ae0fa0176aff54cd97adab1988e62958232b51f6dbf886dcd70b5c,aihub_source_suffix:216_20629,source_filename_suffix_validated_by_exact_duplicates,blackbox_unspecified,filename_capture_code:bb,pedestrian,dataset_coarse_label,night,cv_first_middle_last_majority,auto_enriched_needs_human_review
car_vs_pedestrian,aihub_train_00000027_bb_1_190929_pedestrian_111_043,/workspace/SKN27-FINAL-3Team/storage/vision/datasets/classification/raw_videos/차대보행자/aihub_train_00000027_bb_1_190929_pedestrian_111_043.mp4,car_vs_pedestrian,car_vs_pedestrian,storage/vision/datasets/classification/raw_videos/차대보행자/aihub_train_00000027_bb_1_190929_pedestrian_111_043.mp4,train,9f83b483620bf5532c64582239eab0925fdaf86e638428697259bed68aea2eb4,aihub_source_suffix:111_043,source_filename_suffix_validated_by_exact_duplicates,blackbox_unspecified,filename_capture_code:bb,pedestrian,dataset_coarse_label,day,cv_first_middle_last_majority,auto_enriched_needs_human_review
car_vs_pedestrian,aihub_train_00000052_bb_1_210818_pedestrian_144_154,/workspace/SKN27-FINAL-3Team/storage/vision/datasets/classification/raw_videos/차대보행자/aihub_train_00000052_bb_1_210818_pedestrian_144_154.mp4,car_vs_pedestrian,car_vs_pedestrian,storage/vision/datasets/classification/raw_videos/차대보행자/aihub_train_00000052_bb_1_210818_pedestrian_144_154.mp4,train,254f2ac495862a874f3349298ac28e2f772850517768ca229996e94f08f889ae,aihub_source_suffix:144_154,source_filename_suffix_validated_by_exact_duplicates,blackbox_unspecified,filename_capture_code:bb,pedestrian,dataset_coarse_label,day,cv_first_middle_last_majority,auto_enriched_needs_human_review
car_vs_pedestrian,aihub_train_00000141_bb_1_170630_pedestrian_44_004,/workspace/SKN27-FINAL-3Team/storage/vision/datasets/classification/raw_videos/차대보행자/aihub_train_00000141_bb_1_170630_pedestrian_44_004.mp4,car_vs_pedestrian,car_vs_pedestrian,storage/vision/datasets/classification/raw_videos/차대보행자/aihub_train_00000141_bb_1_170630_pedestrian_44_004.mp4,train,54b0ac4965d44eb4334b97c499450b1ccf31e53939d4177f97552133452a07f1,aihub_source_suffix:44_004,source_filename_suffix_validated_by_exact_duplicates,blackbox_unspecified,filename_capture_code:bb,pedestrian,dataset_coarse_label,night,cv_first_middle_last_majority,auto_enriched_needs_human_review
car_vs_pedestrian,aihub_train_00000135_bb_1_160930_pedestrian_222_22036,/workspace/SKN27-FINAL-3Team/storage/vision/datasets/classification/raw_videos/차대보행자/aihub_train_00000135_bb_1_160930_pedestrian_222_22036.mp4,car_vs_pedestrian,car_vs_pedestrian,storage/vision/datasets/classification/raw_videos/차대보행자/aihub_train_00000135_bb_1_160930_pedestrian_222_22036.mp4,train,708a08b0f3dfdc20464e510e623feb26ca8102cc761a47f0a3b23be9403354ec,aihub_source_suffix:222_22036,source_filename_suffix_validated_by_exact_duplicates,blackbox_unspecified,filename_capture_code:bb,pedestrian,dataset_coarse_label,night,cv_first_middle_last_majority,auto_enriched_needs_human_review
car_vs_pedestrian,aihub_train_00000114_bb_1_201030_pedestrian_117_095,/workspace/SKN27-FINAL-3Team/storage/vision/datasets/classification/raw_videos/차대보행자/aihub_train_00000114_bb_1_201030_pedestrian_117_095.mp4,car_vs_pedestrian,car_vs_pedestrian,storage/vision/datasets/classification/raw_videos/차대보행자/aihub_train_00000114_bb_1_201030_pedestrian_117_095.mp4,train,dded6aa242217a2332d5401e882beb5a91bbb64eb6df2ba9a013c65970a93d5d,aihub_source_suffix:117_095,source_filename_suffix_validated_by_exact_duplicates,blackbox_unspecified,filename_capture_code:bb,pedestrian,dataset_coarse_label,low_light,cv_first_middle_last_majority,auto_enriched_needs_human_review
car_vs_pedestrian,aihub_train_00000028_bb_1_191102_pedestrian_149_243,/workspace/SKN27-FINAL-3Team/storage/vision/datasets/classification/raw_videos/차대보행자/aihub_train_00000028_bb_1_191102_pedestrian_149_243.mp4,car_vs_pedestrian,car_vs_pedestrian,storage/vision/datasets/classification/raw_videos/차대보행자/aihub_train_00000028_bb_1_191102_pedestrian_149_243.mp4,train,c4db44a705e9e21cb1107d2208b32c17db91c5eb34d4af63656b0f91b6b0d858,aihub_source_suffix:149_243,source_filename_suffix_validated_by_exact_duplicates,blackbox_unspecified,filename_capture_code:bb,pedestrian,dataset_coarse_label,night,cv_first_middle_last_majority,auto_enriched_needs_human_review
car_vs_pedestrian,aihub_train_00000113_bb_1_200908_pedestrian_113_200,/workspace/SKN27-FINAL-3Team/storage/vision/datasets/classification/raw_videos/차대보행자/aihub_train_00000113_bb_1_200908_pedestrian_113_200.mp4,car_vs_pedestrian,car_vs_pedestrian,storage/vision/datasets/classification/raw_videos/차대보행자/aihub_train_00000113_bb_1_200908_pedestrian_113_200.mp4,train,5affdfc7b414ffc2a83d5acb75e7982c0d2a50a71803cd246dee432f44bb41c3,aihub_source_suffix:113_200,source_filename_suffix_validated_by_exact_duplicates,blackbox_unspecified,filename_capture_code:bb,pedestrian,dataset_coarse_label,day,cv_first_middle_last_majority,auto_enriched_needs_human_review
car_vs_pedestrian,aihub_train_00000160_bb_1_180624_pedestrian_235_21836,/workspace/SKN27-FINAL-3Team/storage/vision/datasets/classification/raw_videos/차대보행자/aihub_train_00000160_bb_1_180624_pedestrian_235_21836.mp4,car_vs_pedestrian,car_vs_pedestrian,storage/vision/datasets/classification/raw_videos/차대보행자/aihub_train_00000160_bb_1_180624_pedestrian_235_21836.mp4,train,ccf9821ab6b45a303670b0b4bbeb4b9c183892732c901b3e3b4ec5381f32ef64,aihub_source_suffix:235_21836,source_filename_suffix_validated_by_exact_duplicates,blackbox_unspecified,filename_capture_code:bb,pedestrian,dataset_coarse_label,night,cv_first_middle_last_majority,auto_enriched_needs_human_review
car_vs_pedestrian,aihub_train_00000032_bb_1_200227_pedestrian_199_085,/workspace/SKN27-FINAL-3Team/storage/vision/datasets/classification/raw_videos/차대보행자/aihub_train_00000032_bb_1_200227_pedestrian_199_085.mp4,car_vs_pedestrian,car_vs_pedestrian,storage/vision/datasets/classification/raw_videos/차대보행자/aihub_train_00000032_bb_1_200227_pedestrian_199_085.mp4,train,81e50e96b6149cc8c576c69ffa046582cca539a9e468cee2ebd7b98ca30f4269,aihub_source_suffix:199_085,source_filename_suffix_validated_by_exact_duplicates,blackbox_unspecified,filename_capture_code:bb,pedestrian,dataset_coarse_label,low_light,cv_first_middle_last_majority,auto_enriched_needs_human_review
car_vs_pedestrian,aihub_train_00000074_bb_1_160626_pedestrian_120_237,/workspace/SKN27-FINAL-3Team/storage/vision/datasets/classification/raw_videos/차대보행자/aihub_train_00000074_bb_1_160626_pedestrian_120_237.mp4,car_vs_pedestrian,car_vs_pedestrian,storage/vision/datasets/classification/raw_videos/차대보행자/aihub_train_00000074_bb_1_160626_pedestrian_120_237.mp4,train,ea2a8b00f8e1ca507b2ded63ffec51f7637bb406a4ae5a77ba3c43c65dd998ce,aihub_source_suffix:120_237,source_filename_suffix_validated_by_exact_duplicates,blackbox_unspecified,filename_capture_code:bb,pedestrian,dataset_coarse_label,day,cv_first_middle_last_majority,auto_enriched_needs_human_review
car_vs_pedestrian,aihub_train_00000127_bb_1_160505_pedestrian_117_091,/workspace/SKN27-FINAL-3Team/storage/vision/datasets/classification/raw_videos/차대보행자/aihub_train_00000127_bb_1_160505_pedestrian_117_091.mp4,car_vs_pedestrian,car_vs_pedestrian,storage/vision/datasets/classification/raw_videos/차대보행자/aihub_train_00000127_bb_1_160505_pedestrian_117_091.mp4,train,fbf5a1b179af3d9ced7f653a7e303d1e7eacb4b557c2d14f19fdc40f12a18566,aihub_source_suffix:117_091,source_filename_suffix_validated_by_exact_duplicates,blackbox_unspecified,filename_capture_code:bb,pedestrian,dataset_coarse_label,night,cv_first_middle_last_majority,auto_enriched_needs_human_review
car_vs_pedestrian,aihub_train_00000108_bb_1_200520_pedestrian_227_22023,/workspace/SKN27-FINAL-3Team/storage/vision/datasets/classification/raw_videos/차대보행자/aihub_train_00000108_bb_1_200520_pedestrian_227_22023.mp4,car_vs_pedestrian,car_vs_pedestrian,storage/vision/datasets/classification/raw_videos/차대보행자/aihub_train_00000108_bb_1_200520_pedestrian_227_22023.mp4,train,6bb5d702dac4770de47bf3bec22e0c06408d18da4b6b5bb4c94fae79bf8ee6cd,aihub_source_suffix:227_22023,source_filename_suffix_validated_by_exact_duplicates,blackbox_unspecified,filename_capture_code:bb,pedestrian,dataset_coarse_label,night,cv_first_middle_last_majority,auto_enriched_needs_human_review
car_vs_pedestrian,aihub_train_00000045_bb_1_210316_pedestrian_207_21627,/workspace/SKN27-FINAL-3Team/storage/vision/datasets/classification/raw_videos/차대보행자/aihub_train_00000045_bb_1_210316_pedestrian_207_21627.mp4,car_vs_pedestrian,car_vs_pedestrian,storage/vision/datasets/classification/raw_videos/차대보행자/aihub_train_00000045_bb_1_210316_pedestrian_207_21627.mp4,train,9f52fc01f17c427d434f2069b7c27e5af9215c769f785ccaf15e6fc049ad3c09,aihub_source_suffix:207_21627,source_filename_suffix_validated_by_exact_duplicates,blackbox_unspecified,filename_capture_code:bb,pedestrian,dataset_coarse_label,night,cv_first_middle_last_majority,auto_enriched_needs_human_review
car_vs_pedestrian,aihub_train_00000122_bb_3_181227_pedestrian_125_138,/workspace/SKN27-FINAL-3Team/storage/vision/datasets/classification/raw_videos/차대보행자/aihub_train_00000122_bb_3_181227_pedestrian_125_138.mp4,car_vs_pedestrian,car_vs_pedestrian,storage/vision/datasets/classification/raw_videos/차대보행자/aihub_train_00000122_bb_3_181227_pedestrian_125_138.mp4,train,dc314a8c6848984842c1d74248e42fea182df6f9e836b35dfdb95113decec8a3,aihub_source_suffix:125_138,source_filename_suffix_validated_by_exact_duplicates,blackbox_unspecified,filename_capture_code:bb,pedestrian,dataset_coarse_label,low_light,cv_first_middle_last_majority,auto_enriched_needs_human_review
car_vs_pedestrian,aihub_train_00000103_bb_1_190313_pedestrian_112_235,/workspace/SKN27-FINAL-3Team/storage/vision/datasets/classification/raw_videos/차대보행자/aihub_train_00000103_bb_1_190313_pedestrian_112_235.mp4,car_vs_pedestrian,car_vs_pedestrian,storage/vision/datasets/classification/raw_videos/차대보행자/aihub_train_00000103_bb_1_190313_pedestrian_112_235.mp4,train,70b3cc455a5ebe3dd2d2009826b917f30a0c19f7e404de6e607b4843e908ee8a,aihub_source_suffix:112_235,source_filename_suffix_validated_by_exact_duplicates,blackbox_unspecified,filename_capture_code:bb,pedestrian,dataset_coarse_label,day,cv_first_middle_last_majority,auto_enriched_needs_human_review
car_vs_pedestrian,aihub_train_00000082_bb_1_170412_pedestrian_120_237,/workspace/SKN27-FINAL-3Team/storage/vision/datasets/classification/raw_videos/차대보행자/aihub_train_00000082_bb_1_170412_pedestrian_120_237.mp4,car_vs_pedestrian,car_vs_pedestrian,storage/vision/datasets/classification/raw_videos/차대보행자/aihub_train_00000082_bb_1_170412_pedestrian_120_237.mp4,train,ea2a8b00f8e1ca507b2ded63ffec51f7637bb406a4ae5a77ba3c43c65dd998ce,aihub_source_suffix:120_237,source_filename_suffix_validated_by_exact_duplicates,blackbox_unspecified,filename_capture_code:bb,pedestrian,dataset_coarse_label,day,cv_first_middle_last_majority,auto_enriched_needs_human_review
car_vs_pedestrian,aihub_train_00000104_bb_1_190731_pedestrian_190_142,/workspace/SKN27-FINAL-3Team/storage/vision/datasets/classification/raw_videos/차대보행자/aihub_train_00000104_bb_1_190731_pedestrian_190_142.mp4,car_vs_pedestrian,car_vs_pedestrian,storage/vision/datasets/classification/raw_videos/차대보행자/aihub_train_00000104_bb_1_190731_pedestrian_190_142.mp4,train,e6a9ee8c098801e2f82ad5a80738703adea7bf13d1a7a1891229f992c449fc3a,aihub_source_suffix:190_142,source_filename_suffix_validated_by_exact_duplicates,blackbox_unspecified,filename_capture_code:bb,pedestrian,dataset_coarse_label,low_light,cv_first_middle_last_majority,auto_enriched_needs_human_review
car_vs_pedestrian,aihub_train_00000121_bb_3_161007_pedestrian_48_005,/workspace/SKN27-FINAL-3Team/storage/vision/datasets/classification/raw_videos/차대보행자/aihub_train_00000121_bb_3_161007_pedestrian_48_005.mp4,car_vs_pedestrian,car_vs_pedestrian,storage/vision/datasets/classification/raw_videos/차대보행자/aihub_train_00000121_bb_3_161007_pedestrian_48_005.mp4,train,5e72e972a7ccb8d98c3a2d318c9a8245828eed5c33fc501a11947617df1b21b2,aihub_source_suffix:48_005,source_filename_suffix_validated_by_exact_duplicates,blackbox_unspecified,filename_capture_code:bb,pedestrian,dataset_coarse_label,day,cv_first_middle_last_majority,auto_enriched_needs_human_review
car_vs_pedestrian,aihub_train_00000156_bb_1_180405_pedestrian_44_005,/workspace/SKN27-FINAL-3Team/storage/vision/datasets/classification/raw_videos/차대보행자/aihub_train_00000156_bb_1_180405_pedestrian_44_005.mp4,car_vs_pedestrian,car_vs_pedestrian,storage/vision/datasets/classification/raw_videos/차대보행자/aihub_train_00000156_bb_1_180405_pedestrian_44_005.mp4,train,f33786564538b8d2694f48dce2575156d7972874be11e364576f8a00db10d7ea,aihub_source_suffix:44_005,source_filename_suffix_validated_by_exact_duplicates,blackbox_unspecified,filename_capture_code:bb,pedestrian,dataset_coarse_label,low_light,cv_first_middle_last_majority,auto_enriched_needs_human_review
car_vs_pedestrian,aihub_train_00000055_bb_3_130105_pedestrian_250_21813,/workspace/SKN27-FINAL-3Team/storage/vision/datasets/classification/raw_videos/차대보행자/aihub_train_00000055_bb_3_130105_pedestrian_250_21813.mp4,car_vs_pedestrian,car_vs_pedestrian,storage/vision/datasets/classification/raw_videos/차대보행자/aihub_train_00000055_bb_3_130105_pedestrian_250_21813.mp4,train,e6c73ebec594d8b6c0f867ebef12ae207a4a25032f7110e3107d8301871fcbf4,aihub_source_suffix:250_21813,source_filename_suffix_validated_by_exact_duplicates,blackbox_unspecified,filename_capture_code:bb,pedestrian,dataset_coarse_label,low_light,cv_first_middle_last_majority,auto_enriched_needs_human_review
car_vs_pedestrian,aihub_train_00000120_bb_3_160917_pedestrian_247_22111,/workspace/SKN27-FINAL-3Team/storage/vision/datasets/classification/raw_videos/차대보행자/aihub_train_00000120_bb_3_160917_pedestrian_247_22111.mp4,car_vs_pedestrian,car_vs_pedestrian,storage/vision/datasets/classification/raw_videos/차대보행자/aihub_train_00000120_bb_3_160917_pedestrian_247_22111.mp4,train,5d0a0b8be84a932ffbff627e139e242f748463e6ff58830834089456e1ffbd7d,aihub_source_suffix:247_22111,source_filename_suffix_validated_by_exact_duplicates,blackbox_unspecified,filename_capture_code:bb,pedestrian,dataset_coarse_label,night,cv_first_middle_last_majority,auto_enriched_needs_human_review
car_vs_pedestrian,aihub_train_00000148_bb_1_171222_pedestrian_202_21644,/workspace/SKN27-FINAL-3Team/storage/vision/datasets/classification/raw_videos/차대보행자/aihub_train_00000148_bb_1_171222_pedestrian_202_21644.mp4,car_vs_pedestrian,car_vs_pedestrian,storage/vision/datasets/classification/raw_videos/차대보행자/aihub_train_00000148_bb_1_171222_pedestrian_202_21644.mp4,train,0a19ddd20ea72e7affd51656794abb752785715f7b039945d019f207672c5b89,aihub_source_suffix:202_21644,source_filename_suffix_validated_by_exact_duplicates,blackbox_unspecified,filename_capture_code:bb,pedestrian,dataset_coarse_label,night,cv_first_middle_last_majority,auto_enriched_needs_human_review
car_vs_pedestrian,aihub_train_00000158_bb_1_180501_pedestrian_36_021,/workspace/SKN27-FINAL-3Team/storage/vision/datasets/classification/raw_videos/차대보행자/aihub_train_00000158_bb_1_180501_pedestrian_36_021.mp4,car_vs_pedestrian,car_vs_pedestrian,storage/vision/datasets/classification/raw_videos/차대보행자/aihub_train_00000158_bb_1_180501_pedestrian_36_021.mp4,train,de15a2152090dc66c0aa9f829728812e91b44792ec791c5d1b3427c26a69a663,aihub_source_suffix:36_021,source_filename_suffix_validated_by_exact_duplicates,blackbox_unspecified,filename_capture_code:bb,pedestrian,dataset_coarse_label,night,cv_first_middle_last_majority,auto_enriched_needs_human_review
car_vs_pedestrian,aihub_train_00000076_bb_1_160723_pedestrian_223_22363,/workspace/SKN27-FINAL-3Team/storage/vision/datasets/classification/raw_videos/차대보행자/aihub_train_00000076_bb_1_160723_pedestrian_223_22363.mp4,car_vs_pedestrian,car_vs_pedestrian,storage/vision/datasets/classification/raw_videos/차대보행자/aihub_train_00000076_bb_1_160723_pedestrian_223_22363.mp4,train,2fb155b6b0a26782f199fc8af2dd728e4347caaceb7e5247546630c807ce0db4,aihub_source_suffix:223_22363,source_filename_suffix_validated_by_exact_duplicates,blackbox_unspecified,filename_capture_code:bb,pedestrian,dataset_coarse_label,low_light,cv_first_middle_last_majority,auto_enriched_needs_human_review
car_vs_pedestrian,aihub_train_00000029_bb_1_200109_pedestrian_251_21539,/workspace/SKN27-FINAL-3Team/storage/vision/datasets/classification/raw_videos/차대보행자/aihub_train_00000029_bb_1_200109_pedestrian_251_21539.mp4,car_vs_pedestrian,car_vs_pedestrian,storage/vision/datasets/classification/raw_videos/차대보행자/aihub_train_00000029_bb_1_200109_pedestrian_251_21539.mp4,train,e8a898f3246b8d2c71e5c9e4c7ed9f9c02ab6fcc1c8fbcf8288358c15f1a48f5,aihub_source_suffix:251_21539,source_filename_suffix_validated_by_exact_duplicates,blackbox_unspecified,filename_capture_code:bb,pedestrian,dataset_coarse_label,night,cv_first_middle_last_majority,auto_enriched_needs_human_review
car_vs_pedestrian,aihub_train_00000117_bb_1_210612_pedestrian_143_188,/workspace/SKN27-FINAL-3Team/storage/vision/datasets/classification/raw_videos/차대보행자/aihub_train_00000117_bb_1_210612_pedestrian_143_188.mp4,car_vs_pedestrian,car_vs_pedestrian,storage/vision/datasets/classification/raw_videos/차대보행자/aihub_train_00000117_bb_1_210612_pedestrian_143_188.mp4,train,a8a06b4aca652f8c6f67dcbb283f49e3b96085f9ac801d8c3cd42e442d97ef00,aihub_source_suffix:143_188,source_filename_suffix_validated_by_exact_duplicates,blackbox_unspecified,filename_capture_code:bb,pedestrian,dataset_coarse_label,day,cv_first_middle_last_majority,auto_enriched_needs_human_review
car_vs_pedestrian,aihub_train_00000057_bb_3_140806_pedestrian_231_21943,/workspace/SKN27-FINAL-3Team/storage/vision/datasets/classification/raw_videos/차대보행자/aihub_train_00000057_bb_3_140806_pedestrian_231_21943.mp4,car_vs_pedestrian,car_vs_pedestrian,storage/vision/datasets/classification/raw_videos/차대보행자/aihub_train_00000057_bb_3_140806_pedestrian_231_21943.mp4,train,3b92d07004b23818c390aaba9da853495c24b0fc928ba62754a68808c5ecba73,aihub_source_suffix:231_21943,source_filename_suffix_validated_by_exact_duplicates,blackbox_unspecified,filename_capture_code:bb,pedestrian,dataset_coarse_label,night,cv_first_middle_last_majority,auto_enriched_needs_human_review
car_vs_pedestrian,aihub_train_00000021_bb_1_180509_pedestrian_148_209,/workspace/SKN27-FINAL-3Team/storage/vision/datasets/classification/raw_videos/차대보행자/aihub_train_00000021_bb_1_180509_pedestrian_148_209.mp4,car_vs_pedestrian,car_vs_pedestrian,storage/vision/datasets/classification/raw_videos/차대보행자/aihub_train_00000021_bb_1_180509_pedestrian_148_209.mp4,train,b2404a0da5e73110d2c54027fc37fcb7c7a465f8c2a5643201889952e1c64cc4,aihub_source_suffix:148_209,source_filename_suffix_validated_by_exact_duplicates,blackbox_unspecified,filename_capture_code:bb,pedestrian,dataset_coarse_label,night,cv_first_middle_last_majority,auto_enriched_needs_human_review
car_vs_pedestrian,aihub_train_00000030_bb_1_200223_pedestrian_121_137,/workspace/SKN27-FINAL-3Team/storage/vision/datasets/classification/raw_videos/차대보행자/aihub_train_00000030_bb_1_200223_pedestrian_121_137.mp4,car_vs_pedestrian,car_vs_pedestrian,storage/vision/datasets/classification/raw_videos/차대보행자/aihub_train_00000030_bb_1_200223_pedestrian_121_137.mp4,train,997572e3fa2c80e6c5f263933ff86232002b789fe0b074c7e370eb66c66dd48b,aihub_source_suffix:121_137,source_filename_suffix_validated_by_exact_duplicates,blackbox_unspecified,filename_capture_code:bb,pedestrian,dataset_coarse_label,day,cv_first_middle_last_majority,auto_enriched_needs_human_review
car_vs_pedestrian,aihub_train_00000098_bb_1_190131_pedestrian_48_006,/workspace/SKN27-FINAL-3Team/storage/vision/datasets/classification/raw_videos/차대보행자/aihub_train_00000098_bb_1_190131_pedestrian_48_006.mp4,car_vs_pedestrian,car_vs_pedestrian,storage/vision/datasets/classification/raw_videos/차대보행자/aihub_train_00000098_bb_1_190131_pedestrian_48_006.mp4,train,be60c36ea87cce3cecbdc4ee8be1ff903f3d07f7f9cce6dc576c7b8788b61635,aihub_source_suffix:48_006,source_filename_suffix_validated_by_exact_duplicates,blackbox_unspecified,filename_capture_code:bb,pedestrian,dataset_coarse_label,day,cv_first_middle_last_majority,auto_enriched_needs_human_review
car_vs_pedestrian,aihub_train_00000123_bb_3_200205_pedestrian_225_21779,/workspace/SKN27-FINAL-3Team/storage/vision/datasets/classification/raw_videos/차대보행자/aihub_train_00000123_bb_3_200205_pedestrian_225_21779.mp4,car_vs_pedestrian,car_vs_pedestrian,storage/vision/datasets/classification/raw_videos/차대보행자/aihub_train_00000123_bb_3_200205_pedestrian_225_21779.mp4,train,8164a41d29d3d244a7e4a96e8a91f2712cac79d04a0cde9b624f9d03eb737e69,aihub_source_suffix:225_21779,source_filename_suffix_validated_by_exact_duplicates,blackbox_unspecified,filename_capture_code:bb,pedestrian,dataset_coarse_label,night,cv_first_middle_last_majority,auto_enriched_needs_human_review
car_vs_pedestrian,aihub_train_00000080_bb_1_170227_pedestrian_228_22023,/workspace/SKN27-FINAL-3Team/storage/vision/datasets/classification/raw_videos/차대보행자/aihub_train_00000080_bb_1_170227_pedestrian_228_22023.mp4,car_vs_pedestrian,car_vs_pedestrian,storage/vision/datasets/classification/raw_videos/차대보행자/aihub_train_00000080_bb_1_170227_pedestrian_228_22023.mp4,train,435ea76f9dd2f9b953a8f5d404c7dc634b80a79ce895bd721e6587be0ab5ed09,aihub_source_suffix:228_22023,source_filename_suffix_validated_by_exact_duplicates,blackbox_unspecified,filename_capture_code:bb,pedestrian,dataset_coarse_label,night,cv_first_middle_last_majority,auto_enriched_needs_human_review
car_vs_pedestrian,aihub_train_00000053_bb_1_211130_pedestrian_256_21775,/workspace/SKN27-FINAL-3Team/storage/vision/datasets/classification/raw_videos/차대보행자/aihub_train_00000053_bb_1_211130_pedestrian_256_21775.mp4,car_vs_pedestrian,car_vs_pedestrian,storage/vision/datasets/classification/raw_videos/차대보행자/aihub_train_00000053_bb_1_211130_pedestrian_256_21775.mp4,train,7713734c5be33c2b104a4138e9643885575890c89ad4c0d0e9552284648a1d0d,aihub_source_suffix:256_21775,source_filename_suffix_validated_by_exact_duplicates,blackbox_unspecified,filename_capture_code:bb,pedestrian,dataset_coarse_label,night,cv_first_middle_last_majority,auto_enriched_needs_human_review
car_vs_pedestrian,aihub_train_00000058_bb_3_140808_pedestrian_212_22016,/workspace/SKN27-FINAL-3Team/storage/vision/datasets/classification/raw_videos/차대보행자/aihub_train_00000058_bb_3_140808_pedestrian_212_22016.mp4,car_vs_pedestrian,car_vs_pedestrian,storage/vision/datasets/classification/raw_videos/차대보행자/aihub_train_00000058_bb_3_140808_pedestrian_212_22016.mp4,train,70a5bdb13515a67a71a216428ecce0583daa43fcb5f8312ec9acadec8dba0d43,aihub_source_suffix:212_22016,source_filename_suffix_validated_by_exact_duplicates,blackbox_unspecified,filename_capture_code:bb,pedestrian,dataset_coarse_label,low_light,cv_first_middle_last_majority,auto_enriched_needs_human_review
car_vs_pedestrian,aihub_train_00000051_bb_1_210717_pedestrian_112_231,/workspace/SKN27-FINAL-3Team/storage/vision/datasets/classification/raw_videos/차대보행자/aihub_train_00000051_bb_1_210717_pedestrian_112_231.mp4,car_vs_pedestrian,car_vs_pedestrian,storage/vision/datasets/classification/raw_videos/차대보행자/aihub_train_00000051_bb_1_210717_pedestrian_112_231.mp4,train,71e848623f0a3692c6d32dac8337db31ec3a51194ad4a6b9cff42d48f3a0662c,aihub_source_suffix:112_231,source_filename_suffix_validated_by_exact_duplicates,blackbox_unspecified,filename_capture_code:bb,pedestrian,dataset_coarse_label,day,cv_first_middle_last_majority,auto_enriched_needs_human_review
car_vs_pedestrian,aihub_train_00000149_bb_1_171225_pedestrian_117_202,/workspace/SKN27-FINAL-3Team/storage/vision/datasets/classification/raw_videos/차대보행자/aihub_train_00000149_bb_1_171225_pedestrian_117_202.mp4,car_vs_pedestrian,car_vs_pedestrian,storage/vision/datasets/classification/raw_videos/차대보행자/aihub_train_00000149_bb_1_171225_pedestrian_117_202.mp4,train,32a0d126ffbbf29f60b359366a23a8090e8338eef3c61eeedb3ed4cbf9e501c7,aihub_source_suffix:117_202,source_filename_suffix_validated_by_exact_duplicates,blackbox_unspecified,filename_capture_code:bb,pedestrian,dataset_coarse_label,night,cv_first_middle_last_majority,auto_enriched_needs_human_review
car_vs_pedestrian,aihub_train_00000151_bb_1_180111_pedestrian_117_096,/workspace/SKN27-FINAL-3Team/storage/vision/datasets/classification/raw_videos/차대보행자/aihub_train_00000151_bb_1_180111_pedestrian_117_096.mp4,car_vs_pedestrian,car_vs_pedestrian,storage/vision/datasets/classification/raw_videos/차대보행자/aihub_train_00000151_bb_1_180111_pedestrian_117_096.mp4,train,e6f7a6a5f2e2e09af079e513cef1f5f963529b7da5d958e7d3b760bd3751ae9d,aihub_source_suffix:117_096,source_filename_suffix_validated_by_exact_duplicates,blackbox_unspecified,filename_capture_code:bb,pedestrian,dataset_coarse_label,night,cv_first_middle_last_majority,auto_enriched_needs_human_review
car_vs_pedestrian,aihub_train_00000048_bb_1_210613_pedestrian_142_185,/workspace/SKN27-FINAL-3Team/storage/vision/datasets/classification/raw_videos/차대보행자/aihub_train_00000048_bb_1_210613_pedestrian_142_185.mp4,car_vs_pedestrian,car_vs_pedestrian,storage/vision/datasets/classification/raw_videos/차대보행자/aihub_train_00000048_bb_1_210613_pedestrian_142_185.mp4,train,7f0b8b01908300eaa039a54622348d7cf86c7375e322ad28b06660e91a718ae7,aihub_source_suffix:142_185,source_filename_suffix_validated_by_exact_duplicates,blackbox_unspecified,filename_capture_code:bb,pedestrian,dataset_coarse_label,low_light,cv_first_middle_last_majority,auto_enriched_needs_human_review
car_vs_pedestrian,aihub_train_00000034_bb_1_200401_pedestrian_125_110,/workspace/SKN27-FINAL-3Team/storage/vision/datasets/classification/raw_videos/차대보행자/aihub_train_00000034_bb_1_200401_pedestrian_125_110.mp4,car_vs_pedestrian,car_vs_pedestrian,storage/vision/datasets/classification/raw_videos/차대보행자/aihub_train_00000034_bb_1_200401_pedestrian_125_110.mp4,train,55a3ec10b44cb4f759c84ba97e4b99ccb1ff241ded3130553bbdb1d9438d4922,aihub_source_suffix:125_110,source_filename_suffix_validated_by_exact_duplicates,blackbox_unspecified,filename_capture_code:bb,pedestrian,dataset_coarse_label,day,cv_first_middle_last_majority,auto_enriched_needs_human_review
car_vs_pedestrian,aihub_train_00000091_bb_1_180609_pedestrian_147_167,/workspace/SKN27-FINAL-3Team/storage/vision/datasets/classification/raw_videos/차대보행자/aihub_train_00000091_bb_1_180609_pedestrian_147_167.mp4,car_vs_pedestrian,car_vs_pedestrian,storage/vision/datasets/classification/raw_videos/차대보행자/aihub_train_00000091_bb_1_180609_pedestrian_147_167.mp4,train,d5ec6770edd3e5e280422b30f8742808ac80669c422a214c9af81a0abc3dd337,aihub_source_suffix:147_167,source_filename_suffix_validated_by_exact_duplicates,blackbox_unspecified,filename_capture_code:bb,pedestrian,dataset_coarse_label,night,cv_first_middle_last_majority,auto_enriched_needs_human_review
car_vs_pedestrian,aihub_train_00000016_bb_1_180218_pedestrian_143_116,/workspace/SKN27-FINAL-3Team/storage/vision/datasets/classification/raw_videos/차대보행자/aihub_train_00000016_bb_1_180218_pedestrian_143_116.mp4,car_vs_pedestrian,car_vs_pedestrian,storage/vision/datasets/classification/raw_videos/차대보행자/aihub_train_00000016_bb_1_180218_pedestrian_143_116.mp4,train,9a8b8fc3e4a4ce2f838e5657a226e612802c7565c68b058a721665c1b117f6d7,aihub_source_suffix:143_116,source_filename_suffix_validated_by_exact_duplicates,blackbox_unspecified,filename_capture_code:bb,pedestrian,dataset_coarse_label,day,cv_first_middle_last_majority,auto_enriched_needs_human_review
car_vs_pedestrian,aihub_train_00000154_bb_1_180314_pedestrian_112_014,/workspace/SKN27-FINAL-3Team/storage/vision/datasets/classification/raw_videos/차대보행자/aihub_train_00000154_bb_1_180314_pedestrian_112_014.mp4,car_vs_pedestrian,car_vs_pedestrian,storage/vision/datasets/classification/raw_videos/차대보행자/aihub_train_00000154_bb_1_180314_pedestrian_112_014.mp4,train,af89ed46f7c91b98fcebfbe89a71bbd55bfcd416bee02acf1718544294587b35,aihub_source_suffix:112_014,source_filename_suffix_validated_by_exact_duplicates,blackbox_unspecified,filename_capture_code:bb,pedestrian,dataset_coarse_label,night,cv_first_middle_last_majority,auto_enriched_needs_human_review
car_vs_pedestrian,aihub_train_00000001_bb_1_161018_pedestrian_112_331,/workspace/SKN27-FINAL-3Team/storage/vision/datasets/classification/raw_videos/차대보행자/aihub_train_00000001_bb_1_161018_pedestrian_112_331.mp4,car_vs_pedestrian,car_vs_pedestrian,storage/vision/datasets/classification/raw_videos/차대보행자/aihub_train_00000001_bb_1_161018_pedestrian_112_331.mp4,train,05acc52eb5fbb5b5fcd47b71c98a469ddabe84b94d8ba645181cea5d42861cbd,aihub_source_suffix:112_331,source_filename_suffix_validated_by_exact_duplicates,blackbox_unspecified,filename_capture_code:bb,pedestrian,dataset_coarse_label,night,cv_first_middle_last_majority,auto_enriched_needs_human_review
car_vs_pedestrian,aihub_train_00000075_bb_1_160722_pedestrian_228_22023,/workspace/SKN27-FINAL-3Team/storage/vision/datasets/classification/raw_videos/차대보행자/aihub_train_00000075_bb_1_160722_pedestrian_228_22023.mp4,car_vs_pedestrian,car_vs_pedestrian,storage/vision/datasets/classification/raw_videos/차대보행자/aihub_train_00000075_bb_1_160722_pedestrian_228_22023.mp4,train,435ea76f9dd2f9b953a8f5d404c7dc634b80a79ce895bd721e6587be0ab5ed09,aihub_source_suffix:228_22023,source_filename_suffix_validated_by_exact_duplicates,blackbox_unspecified,filename_capture_code:bb,pedestrian,dataset_coarse_label,night,cv_first_middle_last_majority,auto_enriched_needs_human_review
car_vs_pedestrian,aihub_train_00000137_bb_1_161105_pedestrian_199_087,/workspace/SKN27-FINAL-3Team/storage/vision/datasets/classification/raw_videos/차대보행자/aihub_train_00000137_bb_1_161105_pedestrian_199_087.mp4,car_vs_pedestrian,car_vs_pedestrian,storage/vision/datasets/classification/raw_videos/차대보행자/aihub_train_00000137_bb_1_161105_pedestrian_199_087.mp4,train,aa1ca659bbbf948d9d87186d8189a53e1d5e751fb37f5be88e19a3459298ecdd,aihub_source_suffix:199_087,source_filename_suffix_validated_by_exact_duplicates,blackbox_unspecified,filename_capture_code:bb,pedestrian,dataset_coarse_label,day,cv_first_middle_last_majority,auto_enriched_needs_human_review
car_vs_pedestrian,aihub_train_00000003_bb_1_201220_pedestrian_209_21158,/workspace/SKN27-FINAL-3Team/storage/vision/datasets/classification/raw_videos/차대보행자/aihub_train_00000003_bb_1_201220_pedestrian_209_21158.mp4,car_vs_pedestrian,car_vs_pedestrian,storage/vision/datasets/classification/raw_videos/차대보행자/aihub_train_00000003_bb_1_201220_pedestrian_209_21158.mp4,train,2ae6a9d023aed256d99b487238720e527123ddd2bad9f4472034b5ec503716ac,aihub_source_suffix:209_21158,source_filename_suffix_validated_by_exact_duplicates,blackbox_unspecified,filename_capture_code:bb,pedestrian,dataset_coarse_label,night,cv_first_middle_last_majority,auto_enriched_needs_human_review
car_vs_pedestrian,aihub_train_00000090_bb_1_180521_pedestrian_250_22201,/workspace/SKN27-FINAL-3Team/storage/vision/datasets/classification/raw_videos/차대보행자/aihub_train_00000090_bb_1_180521_pedestrian_250_22201.mp4,car_vs_pedestrian,car_vs_pedestrian,storage/vision/datasets/classification/raw_videos/차대보행자/aihub_train_00000090_bb_1_180521_pedestrian_250_22201.mp4,train,81f19eea089871027bf05747ac3a69139fb77ee5dd68dffd285fc1d0b2c1a952,aihub_source_suffix:250_22201,source_filename_suffix_validated_by_exact_duplicates,blackbox_unspecified,filename_capture_code:bb,pedestrian,dataset_coarse_label,night,cv_first_middle_last_majority,auto_enriched_needs_human_review
car_vs_pedestrian,aihub_train_00000043_bb_1_210228_pedestrian_30_004,/workspace/SKN27-FINAL-3Team/storage/vision/datasets/classification/raw_videos/차대보행자/aihub_train_00000043_bb_1_210228_pedestrian_30_004.mp4,car_vs_pedestrian,car_vs_pedestrian,storage/vision/datasets/classification/raw_videos/차대보행자/aihub_train_00000043_bb_1_210228_pedestrian_30_004.mp4,train,d05fba109e009727a89e9e7f144c6e8b44258a967b599ec18858ec626e7934fd,aihub_source_suffix:30_004,source_filename_suffix_validated_by_exact_duplicates,blackbox_unspecified,filename_capture_code:bb,pedestrian,dataset_coarse_label,day,cv_first_middle_last_majority,auto_enriched_needs_human_review
car_vs_pedestrian,aihub_train_00000143_bb_1_170729_pedestrian_125_192,/workspace/SKN27-FINAL-3Team/storage/vision/datasets/classification/raw_videos/차대보행자/aihub_train_00000143_bb_1_170729_pedestrian_125_192.mp4,car_vs_pedestrian,car_vs_pedestrian,storage/vision/datasets/classification/raw_videos/차대보행자/aihub_train_00000143_bb_1_170729_pedestrian_125_192.mp4,train,539fae854821b3cd17ecba6c3f19a6199e41183e7022a4fe69ee853ecce9e554,aihub_source_suffix:125_192,source_filename_suffix_validated_by_exact_duplicates,blackbox_unspecified,filename_capture_code:bb,pedestrian,dataset_coarse_label,night,cv_first_middle_last_majority,auto_enriched_needs_human_review
car_vs_pedestrian,aihub_train_00000157_bb_1_180415_pedestrian_129_192,/workspace/SKN27-FINAL-3Team/storage/vision/datasets/classification/raw_videos/차대보행자/aihub_train_00000157_bb_1_180415_pedestrian_129_192.mp4,car_vs_pedestrian,car_vs_pedestrian,storage/vision/datasets/classification/raw_videos/차대보행자/aihub_train_00000157_bb_1_180415_pedestrian_129_192.mp4,train,ab948dd34c4a10e0d0a9bae9d2d20a96583caa3582a28192219cf6fbf237714c,aihub_source_suffix:129_192,source_filename_suffix_validated_by_exact_duplicates,blackbox_unspecified,filename_capture_code:bb,pedestrian,dataset_coarse_label,day,cv_first_middle_last_majority,auto_enriched_needs_human_review
car_vs_pedestrian,aihub_train_00000025_bb_1_190405_pedestrian_112_232,/workspace/SKN27-FINAL-3Team/storage/vision/datasets/classification/raw_videos/차대보행자/aihub_train_00000025_bb_1_190405_pedestrian_112_232.mp4,car_vs_pedestrian,car_vs_pedestrian,storage/vision/datasets/classification/raw_videos/차대보행자/aihub_train_00000025_bb_1_190405_pedestrian_112_232.mp4,train,1f4db687e0d46de52d67acd4615741bf0832071560ec9c2c0bb3a9ded6786791,aihub_source_suffix:112_232,source_filename_suffix_validated_by_exact_duplicates,blackbox_unspecified,filename_capture_code:bb,pedestrian,dataset_coarse_label,night,cv_first_middle_last_majority,auto_enriched_needs_human_review
car_vs_pedestrian,aihub_train_00000023_bb_1_181029_pedestrian_257_22070,/workspace/SKN27-FINAL-3Team/storage/vision/datasets/classification/raw_videos/차대보행자/aihub_train_00000023_bb_1_181029_pedestrian_257_22070.mp4,car_vs_pedestrian,car_vs_pedestrian,storage/vision/datasets/classification/raw_videos/차대보행자/aihub_train_00000023_bb_1_181029_pedestrian_257_22070.mp4,train,6bc071991bfd8230816436c5d0b2c19ec672d38c1751ee3ad800899f709a0486,aihub_source_suffix:257_22070,source_filename_suffix_validated_by_exact_duplicates,blackbox_unspecified,filename_capture_code:bb,pedestrian,dataset_coarse_label,low_light,cv_first_middle_last_majority,auto_enriched_needs_human_review
car_vs_pedestrian,aihub_train_00000036_bb_1_200419_pedestrian_258_21502,/workspace/SKN27-FINAL-3Team/storage/vision/datasets/classification/raw_videos/차대보행자/aihub_train_00000036_bb_1_200419_pedestrian_258_21502.mp4,car_vs_pedestrian,car_vs_pedestrian,storage/vision/datasets/classification/raw_videos/차대보행자/aihub_train_00000036_bb_1_200419_pedestrian_258_21502.mp4,train,dff03d9917681ef45828de845ac695600e9cd5c27a8c0a3383e194d7de398688,aihub_source_suffix:258_21502,source_filename_suffix_validated_by_exact_duplicates,blackbox_unspecified,filename_capture_code:bb,pedestrian,dataset_coarse_label,low_light,cv_first_middle_last_majority,auto_enriched_needs_human_review
car_vs_pedestrian,aihub_train_00000096_bb_1_181118_pedestrian_209_22243,/workspace/SKN27-FINAL-3Team/storage/vision/datasets/classification/raw_videos/차대보행자/aihub_train_00000096_bb_1_181118_pedestrian_209_22243.mp4,car_vs_pedestrian,car_vs_pedestrian,storage/vision/datasets/classification/raw_videos/차대보행자/aihub_train_00000096_bb_1_181118_pedestrian_209_22243.mp4,train,ff9986d3c72db86a29b06aa89b97b28ee06373499f5869b6a2913c48ec9edb91,aihub_source_suffix:209_22243,source_filename_suffix_validated_by_exact_duplicates,blackbox_unspecified,filename_capture_code:bb,pedestrian,dataset_coarse_label,night,cv_first_middle_last_majority,auto_enriched_needs_human_review
car_vs_pedestrian,aihub_train_00000066_bb_3_180712_pedestrian_118_005,/workspace/SKN27-FINAL-3Team/storage/vision/datasets/classification/raw_videos/차대보행자/aihub_train_00000066_bb_3_180712_pedestrian_118_005.mp4,car_vs_pedestrian,car_vs_pedestrian,storage/vision/datasets/classification/raw_videos/차대보행자/aihub_train_00000066_bb_3_180712_pedestrian_118_005.mp4,train,30c057de0dddc8a3070d1aa42246066f5da0fc2fdd8899806e31c4d6fb1035bd,aihub_source_suffix:118_005,source_filename_suffix_validated_by_exact_duplicates,blackbox_unspecified,filename_capture_code:bb,pedestrian,dataset_coarse_label,night,cv_first_middle_last_majority,auto_enriched_needs_human_review
car_vs_pedestrian,aihub_train_00000014_bb_1_171207_pedestrian_224_21757,/workspace/SKN27-FINAL-3Team/storage/vision/datasets/classification/raw_videos/차대보행자/aihub_train_00000014_bb_1_171207_pedestrian_224_21757.mp4,car_vs_pedestrian,car_vs_pedestrian,storage/vision/datasets/classification/raw_videos/차대보행자/aihub_train_00000014_bb_1_171207_pedestrian_224_21757.mp4,train,66aa867a988c0e37d6ab07c49f237fb4bea10005b4c12547485e6a134204bfef,aihub_source_suffix:224_21757,source_filename_suffix_validated_by_exact_duplicates,blackbox_unspecified,filename_capture_code:bb,pedestrian,dataset_coarse_label,night,cv_first_middle_last_majority,auto_enriched_needs_human_review
car_vs_pedestrian,aihub_train_00000129_bb_1_160623_pedestrian_260_22207,/workspace/SKN27-FINAL-3Team/storage/vision/datasets/classification/raw_videos/차대보행자/aihub_train_00000129_bb_1_160623_pedestrian_260_22207.mp4,car_vs_pedestrian,car_vs_pedestrian,storage/vision/datasets/classification/raw_videos/차대보행자/aihub_train_00000129_bb_1_160623_pedestrian_260_22207.mp4,train,0fa3d024a10e95c4bbda9dbf25a3a2d5f2a319e75bbc09bf9286ed3939b7aebc,aihub_source_suffix:260_22207,source_filename_suffix_validated_by_exact_duplicates,blackbox_unspecified,filename_capture_code:bb,pedestrian,dataset_coarse_label,night,cv_first_middle_last_majority,auto_enriched_needs_human_review
car_vs_pedestrian,aihub_train_00000145_bb_1_170903_pedestrian_193_008,/workspace/SKN27-FINAL-3Team/storage/vision/datasets/classification/raw_videos/차대보행자/aihub_train_00000145_bb_1_170903_pedestrian_193_008.mp4,car_vs_pedestrian,car_vs_pedestrian,storage/vision/datasets/classification/raw_videos/차대보행자/aihub_train_00000145_bb_1_170903_pedestrian_193_008.mp4,train,4886463c18a22b136ef865df109cc81c65e141bade99e20f3a9df50e86957836,aihub_source_suffix:193_008,source_filename_suffix_validated_by_exact_duplicates,blackbox_unspecified,filename_capture_code:bb,pedestrian,dataset_coarse_label,night,cv_first_middle_last_majority,auto_enriched_needs_human_review
car_vs_pedestrian,aihub_train_00000020_bb_1_180414_pedestrian_117_200,/workspace/SKN27-FINAL-3Team/storage/vision/datasets/classification/raw_videos/차대보행자/aihub_train_00000020_bb_1_180414_pedestrian_117_200.mp4,car_vs_pedestrian,car_vs_pedestrian,storage/vision/datasets/classification/raw_videos/차대보행자/aihub_train_00000020_bb_1_180414_pedestrian_117_200.mp4,val,a3cfe3d21d6759c3b73a55d98a3c52f9b6b9ff70c5f48380bcac44fefef3c88a,aihub_source_suffix:117_200,source_filename_suffix_validated_by_exact_duplicates,blackbox_unspecified,filename_capture_code:bb,pedestrian,dataset_coarse_label,day,cv_first_middle_last_majority,auto_enriched_needs_human_review
car_vs_pedestrian,aihub_train_00000139_bb_1_170421_pedestrian_130_173,/workspace/SKN27-FINAL-3Team/storage/vision/datasets/classification/raw_videos/차대보행자/aihub_train_00000139_bb_1_170421_pedestrian_130_173.mp4,car_vs_pedestrian,car_vs_pedestrian,storage/vision/datasets/classification/raw_videos/차대보행자/aihub_train_00000139_bb_1_170421_pedestrian_130_173.mp4,val,325666a6cf64c2b75c6c286ed90bae8614e7705d8dd8318f3538fef811617de6,aihub_source_suffix:130_173,source_filename_suffix_validated_by_exact_duplicates,blackbox_unspecified,filename_capture_code:bb,pedestrian,dataset_coarse_label,day,cv_first_middle_last_majority,auto_enriched_needs_human_review
car_vs_pedestrian,aihub_train_00000019_bb_1_180322_pedestrian_126_211,/workspace/SKN27-FINAL-3Team/storage/vision/datasets/classification/raw_videos/차대보행자/aihub_train_00000019_bb_1_180322_pedestrian_126_211.mp4,car_vs_pedestrian,car_vs_pedestrian,storage/vision/datasets/classification/raw_videos/차대보행자/aihub_train_00000019_bb_1_180322_pedestrian_126_211.mp4,val,d07fa8e744c83b78d4d77c0f3406d78c8e208b721b5c40e4e4177a10bb65d738,aihub_source_suffix:126_211,source_filename_suffix_validated_by_exact_duplicates,blackbox_unspecified,filename_capture_code:bb,pedestrian,dataset_coarse_label,night,cv_first_middle_last_majority,auto_enriched_needs_human_review
car_vs_pedestrian,aihub_train_00000062_bb_3_161022_pedestrian_193_030,/workspace/SKN27-FINAL-3Team/storage/vision/datasets/classification/raw_videos/차대보행자/aihub_train_00000062_bb_3_161022_pedestrian_193_030.mp4,car_vs_pedestrian,car_vs_pedestrian,storage/vision/datasets/classification/raw_videos/차대보행자/aihub_train_00000062_bb_3_161022_pedestrian_193_030.mp4,val,049154085f7ebae03af464f04311cba1e7ffd37c6990092e2fc57071bb129e27,aihub_source_suffix:193_030,source_filename_suffix_validated_by_exact_duplicates,blackbox_unspecified,filename_capture_code:bb,pedestrian,dataset_coarse_label,day,cv_first_middle_last_majority,auto_enriched_needs_human_review
car_vs_pedestrian,aihub_train_00000013_bb_1_171016_pedestrian_250_21448,/workspace/SKN27-FINAL-3Team/storage/vision/datasets/classification/raw_videos/차대보행자/aihub_train_00000013_bb_1_171016_pedestrian_250_21448.mp4,car_vs_pedestrian,car_vs_pedestrian,storage/vision/datasets/classification/raw_videos/차대보행자/aihub_train_00000013_bb_1_171016_pedestrian_250_21448.mp4,val,59d4bf092e721e29a8a3c0543c4661bf478fe12a626281ca376658606b68a214,aihub_source_suffix:250_21448,source_filename_suffix_validated_by_exact_duplicates,blackbox_unspecified,filename_capture_code:bb,pedestrian,dataset_coarse_label,night,cv_first_middle_last_majority,auto_enriched_needs_human_review
car_vs_pedestrian,aihub_train_00000010_bb_1_161217_pedestrian_144_152,/workspace/SKN27-FINAL-3Team/storage/vision/datasets/classification/raw_videos/차대보행자/aihub_train_00000010_bb_1_161217_pedestrian_144_152.mp4,car_vs_pedestrian,car_vs_pedestrian,storage/vision/datasets/classification/raw_videos/차대보행자/aihub_train_00000010_bb_1_161217_pedestrian_144_152.mp4,val,47f140380f806412bc3280d98f4110dd1e02ce8247a90b577eac215253718b9e,aihub_source_suffix:144_152,source_filename_suffix_validated_by_exact_duplicates,blackbox_unspecified,filename_capture_code:bb,pedestrian,dataset_coarse_label,day,cv_first_middle_last_majority,auto_enriched_needs_human_review
car_vs_pedestrian,aihub_train_00000153_bb_1_180225_pedestrian_205_22285,/workspace/SKN27-FINAL-3Team/storage/vision/datasets/classification/raw_videos/차대보행자/aihub_train_00000153_bb_1_180225_pedestrian_205_22285.mp4,car_vs_pedestrian,car_vs_pedestrian,storage/vision/datasets/classification/raw_videos/차대보행자/aihub_train_00000153_bb_1_180225_pedestrian_205_22285.mp4,val,578a2c0bb82a370c220342f7d10539d2feb81d5664d606982851fe1db6163b81,aihub_source_suffix:205_22285,source_filename_suffix_validated_by_exact_duplicates,blackbox_unspecified,filename_capture_code:bb,pedestrian,dataset_coarse_label,night,cv_first_middle_last_majority,auto_enriched_needs_human_review
car_vs_pedestrian,aihub_train_00000022_bb_1_180624_pedestrian_200_127,/workspace/SKN27-FINAL-3Team/storage/vision/datasets/classification/raw_videos/차대보행자/aihub_train_00000022_bb_1_180624_pedestrian_200_127.mp4,car_vs_pedestrian,car_vs_pedestrian,storage/vision/datasets/classification/raw_videos/차대보행자/aihub_train_00000022_bb_1_180624_pedestrian_200_127.mp4,val,fd319f49dfe73984466be9e48ca74653049280155fee096c70b81d5fe3ae4e2a,aihub_source_suffix:200_127,source_filename_suffix_validated_by_exact_duplicates,blackbox_unspecified,filename_capture_code:bb,pedestrian,dataset_coarse_label,low_light,cv_first_middle_last_majority,auto_enriched_needs_human_review
car_vs_pedestrian,aihub_train_00000069_cc_3_160823_pedestrian_125_009,/workspace/SKN27-FINAL-3Team/storage/vision/datasets/classification/raw_videos/차대보행자/aihub_train_00000069_cc_3_160823_pedestrian_125_009.mp4,car_vs_pedestrian,car_vs_pedestrian,storage/vision/datasets/classification/raw_videos/차대보행자/aihub_train_00000069_cc_3_160823_pedestrian_125_009.mp4,val,06c73602d8d00e7761eaa0ab25fd43ffe4280b1858f1a2e03745112958a0a374,aihub_source_suffix:125_009,source_filename_suffix_validated_by_exact_duplicates,cctv_fixed,filename_capture_code:cc,pedestrian,dataset_coarse_label,day,cv_first_middle_last_majority,auto_enriched_needs_human_review
car_vs_pedestrian,aihub_train_00000124_bb_3_200527_pedestrian_190_043,/workspace/SKN27-FINAL-3Team/storage/vision/datasets/classification/raw_videos/차대보행자/aihub_train_00000124_bb_3_200527_pedestrian_190_043.mp4,car_vs_pedestrian,car_vs_pedestrian,storage/vision/datasets/classification/raw_videos/차대보행자/aihub_train_00000124_bb_3_200527_pedestrian_190_043.mp4,val,a46c3c0977e10a7583e9784b7b21b58eccd18f8dde9206812e79849129b74d60,aihub_source_suffix:190_043,source_filename_suffix_validated_by_exact_duplicates,blackbox_unspecified,filename_capture_code:bb,pedestrian,dataset_coarse_label,low_light,cv_first_middle_last_majority,auto_enriched_needs_human_review
car_vs_pedestrian,aihub_train_00000106_bb_1_200108_pedestrian_236_22220,/workspace/SKN27-FINAL-3Team/storage/vision/datasets/classification/raw_videos/차대보행자/aihub_train_00000106_bb_1_200108_pedestrian_236_22220.mp4,car_vs_pedestrian,car_vs_pedestrian,storage/vision/datasets/classification/raw_videos/차대보행자/aihub_train_00000106_bb_1_200108_pedestrian_236_22220.mp4,val,39e424a4e6a7518c9f6503d755f828f20d213e8ed0961f9aa958ccca63ed3e72,aihub_source_suffix:236_22220,source_filename_suffix_validated_by_exact_duplicates,blackbox_unspecified,filename_capture_code:bb,pedestrian,dataset_coarse_label,low_light,cv_first_middle_last_majority,auto_enriched_needs_human_review
car_vs_pedestrian,aihub_train_00000119_bb_1_211111_pedestrian_35_014,/workspace/SKN27-FINAL-3Team/storage/vision/datasets/classification/raw_videos/차대보행자/aihub_train_00000119_bb_1_211111_pedestrian_35_014.mp4,car_vs_pedestrian,car_vs_pedestrian,storage/vision/datasets/classification/raw_videos/차대보행자/aihub_train_00000119_bb_1_211111_pedestrian_35_014.mp4,val,21d7cb8ad2fb7fa8634fc6d70b617e220f1389027e74f25223c80790a3048efa,aihub_source_suffix:35_014,source_filename_suffix_validated_by_exact_duplicates,blackbox_unspecified,filename_capture_code:bb,pedestrian,dataset_coarse_label,day,cv_first_middle_last_majority,auto_enriched_needs_human_review
car_vs_pedestrian,aihub_train_00000146_bb_1_170915_pedestrian_190_103,/workspace/SKN27-FINAL-3Team/storage/vision/datasets/classification/raw_videos/차대보행자/aihub_train_00000146_bb_1_170915_pedestrian_190_103.mp4,car_vs_pedestrian,car_vs_pedestrian,storage/vision/datasets/classification/raw_videos/차대보행자/aihub_train_00000146_bb_1_170915_pedestrian_190_103.mp4,val,e6b397ea01f58ed8f0717be3a10fd5e7028a181fbda9ef657274c93fbe5db3ed,aihub_source_suffix:190_103,source_filename_suffix_validated_by_exact_duplicates,blackbox_unspecified,filename_capture_code:bb,pedestrian,dataset_coarse_label,low_light,cv_first_middle_last_majority,auto_enriched_needs_human_review
car_vs_pedestrian,aihub_train_00000112_bb_1_200904_pedestrian_250_21807,/workspace/SKN27-FINAL-3Team/storage/vision/datasets/classification/raw_videos/차대보행자/aihub_train_00000112_bb_1_200904_pedestrian_250_21807.mp4,car_vs_pedestrian,car_vs_pedestrian,storage/vision/datasets/classification/raw_videos/차대보행자/aihub_train_00000112_bb_1_200904_pedestrian_250_21807.mp4,val,e5f1c8b07d36686485bc45287de96d0b974a0ba795db261d1eedf3d3afe2c9e3,aihub_source_suffix:250_21807,source_filename_suffix_validated_by_exact_duplicates,blackbox_unspecified,filename_capture_code:bb,pedestrian,dataset_coarse_label,night,cv_first_middle_last_majority,auto_enriched_needs_human_review
car_vs_pedestrian,aihub_train_00000078_bb_1_170101_pedestrian_36_022,/workspace/SKN27-FINAL-3Team/storage/vision/datasets/classification/raw_videos/차대보행자/aihub_train_00000078_bb_1_170101_pedestrian_36_022.mp4,car_vs_pedestrian,car_vs_pedestrian,storage/vision/datasets/classification/raw_videos/차대보행자/aihub_train_00000078_bb_1_170101_pedestrian_36_022.mp4,val,ad755516aa7267f6065d46497fadf3bbd1d439772a68ca971e4bf50084e2d97e,aihub_source_suffix:36_022,source_filename_suffix_validated_by_exact_duplicates,blackbox_unspecified,filename_capture_code:bb,pedestrian,dataset_coarse_label,day,cv_first_middle_last_majority,auto_enriched_needs_human_review
car_vs_pedestrian,aihub_train_00000097_bb_1_181130_pedestrian_142_245,/workspace/SKN27-FINAL-3Team/storage/vision/datasets/classification/raw_videos/차대보행자/aihub_train_00000097_bb_1_181130_pedestrian_142_245.mp4,car_vs_pedestrian,car_vs_pedestrian,storage/vision/datasets/classification/raw_videos/차대보행자/aihub_train_00000097_bb_1_181130_pedestrian_142_245.mp4,test,54a4575422c33fba4ce67035f602be740d11abb881b57087c1f3806d17a23432,aihub_source_suffix:142_245,source_filename_suffix_validated_by_exact_duplicates,blackbox_unspecified,filename_capture_code:bb,pedestrian,dataset_coarse_label,night,cv_first_middle_last_majority,auto_enriched_needs_human_review
car_vs_pedestrian,aihub_train_00000142_bb_1_170709_pedestrian_255_21731,/workspace/SKN27-FINAL-3Team/storage/vision/datasets/classification/raw_videos/차대보행자/aihub_train_00000142_bb_1_170709_pedestrian_255_21731.mp4,car_vs_pedestrian,car_vs_pedestrian,storage/vision/datasets/classification/raw_videos/차대보행자/aihub_train_00000142_bb_1_170709_pedestrian_255_21731.mp4,test,d20661cd693f7341d6136808c8ddc02c89e532adbab922b6b211ed8590b4167b,aihub_source_suffix:255_21731,source_filename_suffix_validated_by_exact_duplicates,blackbox_unspecified,filename_capture_code:bb,pedestrian,dataset_coarse_label,night,cv_first_middle_last_majority,auto_enriched_needs_human_review
car_vs_pedestrian,aihub_train_00000116_bb_1_210128_pedestrian_195_140,/workspace/SKN27-FINAL-3Team/storage/vision/datasets/classification/raw_videos/차대보행자/aihub_train_00000116_bb_1_210128_pedestrian_195_140.mp4,car_vs_pedestrian,car_vs_pedestrian,storage/vision/datasets/classification/raw_videos/차대보행자/aihub_train_00000116_bb_1_210128_pedestrian_195_140.mp4,test,f53955dc3a384c7460376fed53759bcfc5078733963de3f756ef81c2d67fee63,aihub_source_suffix:195_140,source_filename_suffix_validated_by_exact_duplicates,blackbox_unspecified,filename_capture_code:bb,pedestrian,dataset_coarse_label,low_light,cv_first_middle_last_majority,auto_enriched_needs_human_review
car_vs_pedestrian,aihub_train_00000095_bb_1_180822_pedestrian_235_22384,/workspace/SKN27-FINAL-3Team/storage/vision/datasets/classification/raw_videos/차대보행자/aihub_train_00000095_bb_1_180822_pedestrian_235_22384.mp4,car_vs_pedestrian,car_vs_pedestrian,storage/vision/datasets/classification/raw_videos/차대보행자/aihub_train_00000095_bb_1_180822_pedestrian_235_22384.mp4,test,3db28e6bfa5bd2396779b564651304c2fa110c54242cf3ca9f84f227a7e05d1e,aihub_source_suffix:235_22384,source_filename_suffix_validated_by_exact_duplicates,blackbox_unspecified,filename_capture_code:bb,pedestrian,dataset_coarse_label,night,cv_first_middle_last_majority,auto_enriched_needs_human_review
car_vs_pedestrian,aihub_train_00000115_bb_1_201102_pedestrian_254_21987,/workspace/SKN27-FINAL-3Team/storage/vision/datasets/classification/raw_videos/차대보행자/aihub_train_00000115_bb_1_201102_pedestrian_254_21987.mp4,car_vs_pedestrian,car_vs_pedestrian,storage/vision/datasets/classification/raw_videos/차대보행자/aihub_train_00000115_bb_1_201102_pedestrian_254_21987.mp4,test,f4e68e8e987124db8e6d300597c64540be96bc6b4944896a0c94941089adc60b,aihub_source_suffix:254_21987,source_filename_suffix_validated_by_exact_duplicates,blackbox_unspecified,filename_capture_code:bb,pedestrian,dataset_coarse_label,night,cv_first_middle_last_majority,auto_enriched_needs_human_review
car_vs_pedestrian,aihub_train_00000083_bb_1_170418_pedestrian_39_051,/workspace/SKN27-FINAL-3Team/storage/vision/datasets/classification/raw_videos/차대보행자/aihub_train_00000083_bb_1_170418_pedestrian_39_051.mp4,car_vs_pedestrian,car_vs_pedestrian,storage/vision/datasets/classification/raw_videos/차대보행자/aihub_train_00000083_bb_1_170418_pedestrian_39_051.mp4,test,3358b48eb097b644e5127b615e00506527643862aaf8fce34594f57ca2d2b98f,aihub_source_suffix:39_051,source_filename_suffix_validated_by_exact_duplicates,blackbox_unspecified,filename_capture_code:bb,pedestrian,dataset_coarse_label,day,cv_first_middle_last_majority,auto_enriched_needs_human_review
car_vs_pedestrian,aihub_train_00000008_bb_1_160531_pedestrian_125_128,/workspace/SKN27-FINAL-3Team/storage/vision/datasets/classification/raw_videos/차대보행자/aihub_train_00000008_bb_1_160531_pedestrian_125_128.mp4,car_vs_pedestrian,car_vs_pedestrian,storage/vision/datasets/classification/raw_videos/차대보행자/aihub_train_00000008_bb_1_160531_pedestrian_125_128.mp4,test,c1bde3aaa4f009f3fcb70c9af153a4265a4931d3b832af4d524ce82ed6465789,aihub_source_suffix:125_128,source_filename_suffix_validated_by_exact_duplicates,blackbox_unspecified,filename_capture_code:bb,pedestrian,dataset_coarse_label,night,cv_first_middle_last_majority,auto_enriched_needs_human_review
car_vs_pedestrian,aihub_train_00000155_bb_1_180326_pedestrian_147_163,/workspace/SKN27-FINAL-3Team/storage/vision/datasets/classification/raw_videos/차대보행자/aihub_train_00000155_bb_1_180326_pedestrian_147_163.mp4,car_vs_pedestrian,car_vs_pedestrian,storage/vision/datasets/classification/raw_videos/차대보행자/aihub_train_00000155_bb_1_180326_pedestrian_147_163.mp4,test,032ded5434b1b0633f38614b2cd5473f5afde2e671cd235692a83c2c818324c4,aihub_source_suffix:147_163,source_filename_suffix_validated_by_exact_duplicates,blackbox_unspecified,filename_capture_code:bb,pedestrian,dataset_coarse_label,night,cv_first_middle_last_majority,auto_enriched_needs_human_review
car_vs_pedestrian,aihub_train_00000126_bb_3_220404_pedestrian_249_21633,/workspace/SKN27-FINAL-3Team/storage/vision/datasets/classification/raw_videos/차대보행자/aihub_train_00000126_bb_3_220404_pedestrian_249_21633.mp4,car_vs_pedestrian,car_vs_pedestrian,storage/vision/datasets/classification/raw_videos/차대보행자/aihub_train_00000126_bb_3_220404_pedestrian_249_21633.mp4,test,16919b4905c93f162b28e52b4166d66b32e9b316c43c00d42c7cf5a76ae71925,aihub_source_suffix:249_21633,source_filename_suffix_validated_by_exact_duplicates,blackbox_unspecified,filename_capture_code:bb,pedestrian,dataset_coarse_label,low_light,cv_first_middle_last_majority,auto_enriched_needs_human_review
car_vs_pedestrian,aihub_train_00000060_bb_3_160511_pedestrian_118_008,/workspace/SKN27-FINAL-3Team/storage/vision/datasets/classification/raw_videos/차대보행자/aihub_train_00000060_bb_3_160511_pedestrian_118_008.mp4,car_vs_pedestrian,car_vs_pedestrian,storage/vision/datasets/classification/raw_videos/차대보행자/aihub_train_00000060_bb_3_160511_pedestrian_118_008.mp4,test,645d2815d1ccc91bd6a961be10661dae6d8424b733faca085efe0821df9a66d6,aihub_source_suffix:118_008,source_filename_suffix_validated_by_exact_duplicates,blackbox_unspecified,filename_capture_code:bb,pedestrian,dataset_coarse_label,day,cv_first_middle_last_majority,auto_enriched_needs_human_review
car_vs_pedestrian,aihub_train_00000084_bb_1_170424_pedestrian_189_034,/workspace/SKN27-FINAL-3Team/storage/vision/datasets/classification/raw_videos/차대보행자/aihub_train_00000084_bb_1_170424_pedestrian_189_034.mp4,car_vs_pedestrian,car_vs_pedestrian,storage/vision/datasets/classification/raw_videos/차대보행자/aihub_train_00000084_bb_1_170424_pedestrian_189_034.mp4,test,d19d09364d65d3120944adcbd1ea52e30a9ea5ee1812fdec11a66e8ab6e3364b,aihub_source_suffix:189_034,source_filename_suffix_validated_by_exact_duplicates,blackbox_unspecified,filename_capture_code:bb,pedestrian,dataset_coarse_label,day,cv_first_middle_last_majority,auto_enriched_needs_human_review
car_vs_pedestrian,aihub_train_00000018_bb_1_180319_pedestrian_117_199,/workspace/SKN27-FINAL-3Team/storage/vision/datasets/classification/raw_videos/차대보행자/aihub_train_00000018_bb_1_180319_pedestrian_117_199.mp4,car_vs_pedestrian,car_vs_pedestrian,storage/vision/datasets/classification/raw_videos/차대보행자/aihub_train_00000018_bb_1_180319_pedestrian_117_199.mp4,test,f4d026e651de9c9ae7c1516ddcc1e2dfe770aaae61b08ed4b72dc0fd0ffe6aa1,aihub_source_suffix:117_199,source_filename_suffix_validated_by_exact_duplicates,blackbox_unspecified,filename_capture_code:bb,pedestrian,dataset_coarse_label,night,cv_first_middle_last_majority,auto_enriched_needs_human_review
car_vs_pedestrian,aihub_train_00000134_bb_1_160922_pedestrian_111_044,/workspace/SKN27-FINAL-3Team/storage/vision/datasets/classification/raw_videos/차대보행자/aihub_train_00000134_bb_1_160922_pedestrian_111_044.mp4,car_vs_pedestrian,car_vs_pedestrian,storage/vision/datasets/classification/raw_videos/차대보행자/aihub_train_00000134_bb_1_160922_pedestrian_111_044.mp4,test,faafe0abf916c00754a29251717caed87c290b56e50f0fd459b5718c94b606d8,aihub_source_suffix:111_044,source_filename_suffix_validated_by_exact_duplicates,blackbox_unspecified,filename_capture_code:bb,pedestrian,dataset_coarse_label,low_light,cv_first_middle_last_majority,auto_enriched_needs_human_review
car_vs_pedestrian,aihub_train_00000040_bb_1_200831_pedestrian_192_106,/workspace/SKN27-FINAL-3Team/storage/vision/datasets/classification/raw_videos/차대보행자/aihub_train_00000040_bb_1_200831_pedestrian_192_106.mp4,car_vs_pedestrian,car_vs_pedestrian,storage/vision/datasets/classification/raw_videos/차대보행자/aihub_train_00000040_bb_1_200831_pedestrian_192_106.mp4,test,042dd8d742ca5bae49329ffb8536422a2bda2334f8c61d40ba6b82290950baf3,aihub_source_suffix:192_106,source_filename_suffix_validated_by_exact_duplicates,blackbox_unspecified,filename_capture_code:bb,pedestrian,dataset_coarse_label,night,cv_first_middle_last_majority,auto_enriched_needs_human_review
car_vs_pedestrian,aihub_train_00000144_bb_1_170816_pedestrian_38_015,/workspace/SKN27-FINAL-3Team/storage/vision/datasets/classification/raw_videos/차대보행자/aihub_train_00000144_bb_1_170816_pedestrian_38_015.mp4,car_vs_pedestrian,car_vs_pedestrian,storage/vision/datasets/classification/raw_videos/차대보행자/aihub_train_00000144_bb_1_170816_pedestrian_38_015.mp4,test,b37a8486de2fa4e4662bfe903569acd074316b7a2fd6e120bdf0f07c0cae8ad8,aihub_source_suffix:38_015,source_filename_suffix_validated_by_exact_duplicates,blackbox_unspecified,filename_capture_code:bb,pedestrian,dataset_coarse_label,night,cv_first_middle_last_majority,auto_enriched_needs_human_review
car_vs_motorcycle,aihub_train_00000924_bb_3_220108_two-wheeled-vehicle_116_147,/workspace/SKN27-FINAL-3Team/storage/vision/datasets/classification/raw_videos/차대이륜차/aihub_train_00000924_bb_3_220108_two-wheeled-vehicle_116_147.mp4,car_vs_motorcycle,car_vs_motorcycle,storage/vision/datasets/classification/raw_videos/차대이륜차/aihub_train_00000924_bb_3_220108_two-wheeled-vehicle_116_147.mp4,train,4c9daee416dbc9e0da706f77eef6670dd19f09aca9831bdcd14930b0f9616e61,aihub_source_suffix:116_147,source_filename_suffix_validated_by_exact_duplicates,blackbox_unspecified,filename_capture_code:bb,motorcycle,dataset_coarse_label,night,cv_first_middle_last_majority,auto_enriched_needs_human_review
car_vs_motorcycle,aihub_train_00000805_bb_1_190318_two-wheeled-vehicle_312_037,/workspace/SKN27-FINAL-3Team/storage/vision/datasets/classification/raw_videos/차대이륜차/aihub_train_00000805_bb_1_190318_two-wheeled-vehicle_312_037.mp4,car_vs_motorcycle,car_vs_motorcycle,storage/vision/datasets/classification/raw_videos/차대이륜차/aihub_train_00000805_bb_1_190318_two-wheeled-vehicle_312_037.mp4,train,7f6da1247b32c2d4b06a7497ed80fc33e026c21eb89f365c936ca3daef33c624,aihub_source_suffix:312_037,source_filename_suffix_validated_by_exact_duplicates,blackbox_unspecified,filename_capture_code:bb,motorcycle,dataset_coarse_label,day,cv_first_middle_last_majority,auto_enriched_needs_human_review
car_vs_motorcycle,aihub_train_00001064_bb_1_210424_two-wheeled-vehicle_210_22425,/workspace/SKN27-FINAL-3Team/storage/vision/datasets/classification/raw_videos/차대이륜차/aihub_train_00001064_bb_1_210424_two-wheeled-vehicle_210_22425.mp4,car_vs_motorcycle,car_vs_motorcycle,storage/vision/datasets/classification/raw_videos/차대이륜차/aihub_train_00001064_bb_1_210424_two-wheeled-vehicle_210_22425.mp4,train,4814cf147730a01cc21014bf2dd30f290767444518244c3acb2840cb0d76aae0,aihub_source_suffix:210_22425,source_filename_suffix_validated_by_exact_duplicates,blackbox_unspecified,filename_capture_code:bb,motorcycle,dataset_coarse_label,night,cv_first_middle_last_majority,auto_enriched_needs_human_review
car_vs_motorcycle,aihub_train_00000871_bb_1_211107_two-wheeled-vehicle_144_188,/workspace/SKN27-FINAL-3Team/storage/vision/datasets/classification/raw_videos/차대이륜차/aihub_train_00000871_bb_1_211107_two-wheeled-vehicle_144_188.mp4,car_vs_motorcycle,car_vs_motorcycle,storage/vision/datasets/classification/raw_videos/차대이륜차/aihub_train_00000871_bb_1_211107_two-wheeled-vehicle_144_188.mp4,train,9ce8ba6e27b9de2fcf319b830f97f48e637a87005c5465ff27a54a1004642db3,aihub_source_suffix:144_188,source_filename_suffix_validated_by_exact_duplicates,blackbox_unspecified,filename_capture_code:bb,motorcycle,dataset_coarse_label,low_light,cv_first_middle_last_majority,auto_enriched_needs_human_review
car_vs_motorcycle,aihub_train_00000784_bb_1_171125_two-wheeled-vehicle_205_22066,/workspace/SKN27-FINAL-3Team/storage/vision/datasets/classification/raw_videos/차대이륜차/aihub_train_00000784_bb_1_171125_two-wheeled-vehicle_205_22066.mp4,car_vs_motorcycle,car_vs_motorcycle,storage/vision/datasets/classification/raw_videos/차대이륜차/aihub_train_00000784_bb_1_171125_two-wheeled-vehicle_205_22066.mp4,train,ad4df7f2a54b5849b7e1d8271fc94de38882ef850c6c4ecd7177c4417e6ae36f,aihub_source_suffix:205_22066,source_filename_suffix_validated_by_exact_duplicates,blackbox_unspecified,filename_capture_code:bb,motorcycle,dataset_coarse_label,night,cv_first_middle_last_majority,auto_enriched_needs_human_review
car_vs_motorcycle,aihub_train_00000964_bb_1_170912_two-wheeled-vehicle_123_286,/workspace/SKN27-FINAL-3Team/storage/vision/datasets/classification/raw_videos/차대이륜차/aihub_train_00000964_bb_1_170912_two-wheeled-vehicle_123_286.mp4,car_vs_motorcycle,car_vs_motorcycle,storage/vision/datasets/classification/raw_videos/차대이륜차/aihub_train_00000964_bb_1_170912_two-wheeled-vehicle_123_286.mp4,train,33a3b8c8b2e0a632b1a5ab2beb932429796d38f11a83b66f267a17180a5df04d,aihub_source_suffix:123_286,source_filename_suffix_validated_by_exact_duplicates,blackbox_unspecified,filename_capture_code:bb,motorcycle,dataset_coarse_label,night,cv_first_middle_last_majority,auto_enriched_needs_human_review
car_vs_motorcycle,aihub_train_00001009_bb_1_190701_two-wheeled-vehicle_316_026,/workspace/SKN27-FINAL-3Team/storage/vision/datasets/classification/raw_videos/차대이륜차/aihub_train_00001009_bb_1_190701_two-wheeled-vehicle_316_026.mp4,car_vs_motorcycle,car_vs_motorcycle,storage/vision/datasets/classification/raw_videos/차대이륜차/aihub_train_00001009_bb_1_190701_two-wheeled-vehicle_316_026.mp4,train,daafb088e9fd1e331c699900c39d563fec6a4307023ec05c96541e809e632ed7,aihub_source_suffix:316_026,source_filename_suffix_validated_by_exact_duplicates,blackbox_unspecified,filename_capture_code:bb,motorcycle,dataset_coarse_label,low_light,cv_first_middle_last_majority,auto_enriched_needs_human_review
car_vs_motorcycle,aihub_train_00001025_bb_1_191225_two-wheeled-vehicle_46_028,/workspace/SKN27-FINAL-3Team/storage/vision/datasets/classification/raw_videos/차대이륜차/aihub_train_00001025_bb_1_191225_two-wheeled-vehicle_46_028.mp4,car_vs_motorcycle,car_vs_motorcycle,storage/vision/datasets/classification/raw_videos/차대이륜차/aihub_train_00001025_bb_1_191225_two-wheeled-vehicle_46_028.mp4,train,660cc8d92a9e191ba880795ca95cef8070c973720bad2a2e10f67a25529a5e24,aihub_source_suffix:46_028,source_filename_suffix_validated_by_exact_duplicates,blackbox_unspecified,filename_capture_code:bb,motorcycle,dataset_coarse_label,low_light,cv_first_middle_last_majority,auto_enriched_needs_human_review
car_vs_motorcycle,aihub_train_00000813_bb_1_190830_two-wheeled-vehicle_248_22467,/workspace/SKN27-FINAL-3Team/storage/vision/datasets/classification/raw_videos/차대이륜차/aihub_train_00000813_bb_1_190830_two-wheeled-vehicle_248_22467.mp4,car_vs_motorcycle,car_vs_motorcycle,storage/vision/datasets/classification/raw_videos/차대이륜차/aihub_train_00000813_bb_1_190830_two-wheeled-vehicle_248_22467.mp4,train,001b242a052404cdb402ee887400a87fe87a491ef3605e2c6a62b164471e0858,aihub_source_suffix:248_22467,source_filename_suffix_validated_by_exact_duplicates,blackbox_unspecified,filename_capture_code:bb,motorcycle,dataset_coarse_label,night,cv_first_middle_last_majority,auto_enriched_needs_human_review
car_vs_motorcycle,aihub_train_00000788_bb_1_180312_two-wheeled-vehicle_46_023,/workspace/SKN27-FINAL-3Team/storage/vision/datasets/classification/raw_videos/차대이륜차/aihub_train_00000788_bb_1_180312_two-wheeled-vehicle_46_023.mp4,car_vs_motorcycle,car_vs_motorcycle,storage/vision/datasets/classification/raw_videos/차대이륜차/aihub_train_00000788_bb_1_180312_two-wheeled-vehicle_46_023.mp4,train,de96c1918fe8c4b1d7dbb1654680fec03535bdf8f8bbd1ed629cf5606dc180dc,aihub_source_suffix:46_023,source_filename_suffix_validated_by_exact_duplicates,blackbox_unspecified,filename_capture_code:bb,motorcycle,dataset_coarse_label,night,cv_first_middle_last_majority,auto_enriched_needs_human_review
car_vs_motorcycle,aihub_train_00000923_bb_3_211210_two-wheeled-vehicle_124_167,/workspace/SKN27-FINAL-3Team/storage/vision/datasets/classification/raw_videos/차대이륜차/aihub_train_00000923_bb_3_211210_two-wheeled-vehicle_124_167.mp4,car_vs_motorcycle,car_vs_motorcycle,storage/vision/datasets/classification/raw_videos/차대이륜차/aihub_train_00000923_bb_3_211210_two-wheeled-vehicle_124_167.mp4,train,8aaa629e0abd32845687409affb79a4697c63f68874cc8138e70131e6eacd689,aihub_source_suffix:124_167,source_filename_suffix_validated_by_exact_duplicates,blackbox_unspecified,filename_capture_code:bb,motorcycle,dataset_coarse_label,day,cv_first_middle_last_majority,auto_enriched_needs_human_review
car_vs_motorcycle,aihub_train_00001162_bb_1_120730_two-wheeled-vehicle_16_018,/workspace/SKN27-FINAL-3Team/storage/vision/datasets/classification/raw_videos/차대이륜차/aihub_train_00001162_bb_1_120730_two-wheeled-vehicle_16_018.mp4,car_vs_motorcycle,car_vs_motorcycle,storage/vision/datasets/classification/raw_videos/차대이륜차/aihub_train_00001162_bb_1_120730_two-wheeled-vehicle_16_018.mp4,train,4dddc870e1691802b3a6c773679e02b30954f84199c3113c94532afc9b2afc2e,aihub_source_suffix:16_018,source_filename_suffix_validated_by_exact_duplicates,blackbox_unspecified,filename_capture_code:bb,motorcycle,dataset_coarse_label,day,cv_first_middle_last_majority,auto_enriched_needs_human_review
car_vs_motorcycle,aihub_train_00001081_bb_1_210913_two-wheeled-vehicle_30_001,/workspace/SKN27-FINAL-3Team/storage/vision/datasets/classification/raw_videos/차대이륜차/aihub_train_00001081_bb_1_210913_two-wheeled-vehicle_30_001.mp4,car_vs_motorcycle,car_vs_motorcycle,storage/vision/datasets/classification/raw_videos/차대이륜차/aihub_train_00001081_bb_1_210913_two-wheeled-vehicle_30_001.mp4,train,e1b9d10fd0119ca12d043eee37ea04bee4034a22560cda1ac67a2f9eaa2ef038,aihub_source_suffix:30_001,source_filename_suffix_validated_by_exact_duplicates,blackbox_unspecified,filename_capture_code:bb,motorcycle,dataset_coarse_label,night,cv_first_middle_last_majority,auto_enriched_needs_human_review
car_vs_motorcycle,aihub_train_00000820_bb_1_200205_two-wheeled-vehicle_148_282,/workspace/SKN27-FINAL-3Team/storage/vision/datasets/classification/raw_videos/차대이륜차/aihub_train_00000820_bb_1_200205_two-wheeled-vehicle_148_282.mp4,car_vs_motorcycle,car_vs_motorcycle,storage/vision/datasets/classification/raw_videos/차대이륜차/aihub_train_00000820_bb_1_200205_two-wheeled-vehicle_148_282.mp4,train,531ee97dc2219df8edfb4228cbdc68912a44fa25d1c4838d96727a0f9d1ce3c0,aihub_source_suffix:148_282,source_filename_suffix_validated_by_exact_duplicates,blackbox_unspecified,filename_capture_code:bb,motorcycle,dataset_coarse_label,day,cv_first_middle_last_majority,auto_enriched_needs_human_review
car_vs_motorcycle,aihub_train_00000814_bb_1_190921_two-wheeled-vehicle_129_180,/workspace/SKN27-FINAL-3Team/storage/vision/datasets/classification/raw_videos/차대이륜차/aihub_train_00000814_bb_1_190921_two-wheeled-vehicle_129_180.mp4,car_vs_motorcycle,car_vs_motorcycle,storage/vision/datasets/classification/raw_videos/차대이륜차/aihub_train_00000814_bb_1_190921_two-wheeled-vehicle_129_180.mp4,train,40466812a6d5eabfca2b968d8f70876534c412012a960ae7e77f90dcf8e40c0d,aihub_source_suffix:129_180,source_filename_suffix_validated_by_exact_duplicates,blackbox_unspecified,filename_capture_code:bb,motorcycle,dataset_coarse_label,low_light,cv_first_middle_last_majority,auto_enriched_needs_human_review
car_vs_motorcycle,aihub_train_00000894_bb_3_120630_two-wheeled-vehicle_253_22451,/workspace/SKN27-FINAL-3Team/storage/vision/datasets/classification/raw_videos/차대이륜차/aihub_train_00000894_bb_3_120630_two-wheeled-vehicle_253_22451.mp4,car_vs_motorcycle,car_vs_motorcycle,storage/vision/datasets/classification/raw_videos/차대이륜차/aihub_train_00000894_bb_3_120630_two-wheeled-vehicle_253_22451.mp4,train,cf028f2557dca18389b304c7b59e56db279d1da933afd6a8d04cbb8b1544b0d3,aihub_source_suffix:253_22451,source_filename_suffix_validated_by_exact_duplicates,blackbox_unspecified,filename_capture_code:bb,motorcycle,dataset_coarse_label,low_light,cv_first_middle_last_majority,auto_enriched_needs_human_review
car_vs_motorcycle,aihub_train_00000935_bb_1_160610_two-wheeled-vehicle_116_173,/workspace/SKN27-FINAL-3Team/storage/vision/datasets/classification/raw_videos/차대이륜차/aihub_train_00000935_bb_1_160610_two-wheeled-vehicle_116_173.mp4,car_vs_motorcycle,car_vs_motorcycle,storage/vision/datasets/classification/raw_videos/차대이륜차/aihub_train_00000935_bb_1_160610_two-wheeled-vehicle_116_173.mp4,train,e8f6671e2b4e4f04bd3fbcfa53d7f4269e7fe48bff0eef10516638fadea5f299,aihub_source_suffix:116_173,source_filename_suffix_validated_by_exact_duplicates,blackbox_unspecified,filename_capture_code:bb,motorcycle,dataset_coarse_label,night,cv_first_middle_last_majority,auto_enriched_needs_human_review
car_vs_motorcycle,aihub_train_00000949_bb_1_161227_two-wheeled-vehicle_226_22480,/workspace/SKN27-FINAL-3Team/storage/vision/datasets/classification/raw_videos/차대이륜차/aihub_train_00000949_bb_1_161227_two-wheeled-vehicle_226_22480.mp4,car_vs_motorcycle,car_vs_motorcycle,storage/vision/datasets/classification/raw_videos/차대이륜차/aihub_train_00000949_bb_1_161227_two-wheeled-vehicle_226_22480.mp4,train,047dead4687fa8820a9eceffee89e6a804973f43ad828028a74e2e6a637f20c3,aihub_source_suffix:226_22480,source_filename_suffix_validated_by_exact_duplicates,blackbox_unspecified,filename_capture_code:bb,motorcycle,dataset_coarse_label,night,cv_first_middle_last_majority,auto_enriched_needs_human_review
car_vs_motorcycle,aihub_train_00001030_bb_1_200216_two-wheeled-vehicle_311_065,/workspace/SKN27-FINAL-3Team/storage/vision/datasets/classification/raw_videos/차대이륜차/aihub_train_00001030_bb_1_200216_two-wheeled-vehicle_311_065.mp4,car_vs_motorcycle,car_vs_motorcycle,storage/vision/datasets/classification/raw_videos/차대이륜차/aihub_train_00001030_bb_1_200216_two-wheeled-vehicle_311_065.mp4,train,1c9b0384b4c07a56ca762d241626badcf25a3a8f5b64d266c5e5670c06ebb7f1,aihub_source_suffix:311_065,source_filename_suffix_validated_by_exact_duplicates,blackbox_unspecified,filename_capture_code:bb,motorcycle,dataset_coarse_label,day,cv_first_middle_last_majority,auto_enriched_needs_human_review
car_vs_motorcycle,aihub_train_00001024_bb_1_191221_two-wheeled-vehicle_130_121,/workspace/SKN27-FINAL-3Team/storage/vision/datasets/classification/raw_videos/차대이륜차/aihub_train_00001024_bb_1_191221_two-wheeled-vehicle_130_121.mp4,car_vs_motorcycle,car_vs_motorcycle,storage/vision/datasets/classification/raw_videos/차대이륜차/aihub_train_00001024_bb_1_191221_two-wheeled-vehicle_130_121.mp4,train,d1cb922c58cec652f2b5c608c3edf22e7d91d6a2e831bef7cb487ffe76624dc4,aihub_source_suffix:130_121,source_filename_suffix_validated_by_exact_duplicates,blackbox_unspecified,filename_capture_code:bb,motorcycle,dataset_coarse_label,low_light,cv_first_middle_last_majority,auto_enriched_needs_human_review
car_vs_motorcycle,aihub_train_00000854_bb_1_210412_two-wheeled-vehicle_114_136,/workspace/SKN27-FINAL-3Team/storage/vision/datasets/classification/raw_videos/차대이륜차/aihub_train_00000854_bb_1_210412_two-wheeled-vehicle_114_136.mp4,car_vs_motorcycle,car_vs_motorcycle,storage/vision/datasets/classification/raw_videos/차대이륜차/aihub_train_00000854_bb_1_210412_two-wheeled-vehicle_114_136.mp4,train,e4951d95c0bc65435ce8d463a9ff42b53542a1217f70f71328f82a792320dec1,aihub_source_suffix:114_136,source_filename_suffix_validated_by_exact_duplicates,blackbox_unspecified,filename_capture_code:bb,motorcycle,dataset_coarse_label,day,cv_first_middle_last_majority,auto_enriched_needs_human_review
car_vs_motorcycle,aihub_train_00001140_bb_3_211210_two-wheeled-vehicle_248_21545,/workspace/SKN27-FINAL-3Team/storage/vision/datasets/classification/raw_videos/차대이륜차/aihub_train_00001140_bb_3_211210_two-wheeled-vehicle_248_21545.mp4,car_vs_motorcycle,car_vs_motorcycle,storage/vision/datasets/classification/raw_videos/차대이륜차/aihub_train_00001140_bb_3_211210_two-wheeled-vehicle_248_21545.mp4,train,ceddc516d0fc97da0389f5dcf3fd8c632d4e8c04c2aaeb9fc36d54db77d52256,aihub_source_suffix:248_21545,source_filename_suffix_validated_by_exact_duplicates,blackbox_unspecified,filename_capture_code:bb,motorcycle,dataset_coarse_label,low_light,cv_first_middle_last_majority,auto_enriched_needs_human_review
car_vs_motorcycle,aihub_train_00001090_bb_1_211112_two-wheeled-vehicle_147_126,/workspace/SKN27-FINAL-3Team/storage/vision/datasets/classification/raw_videos/차대이륜차/aihub_train_00001090_bb_1_211112_two-wheeled-vehicle_147_126.mp4,car_vs_motorcycle,car_vs_motorcycle,storage/vision/datasets/classification/raw_videos/차대이륜차/aihub_train_00001090_bb_1_211112_two-wheeled-vehicle_147_126.mp4,train,9b8ded6dbd7c8b4d198f5d35d1717771618589b65c385091412bb2f54508331d,aihub_source_suffix:147_126,source_filename_suffix_validated_by_exact_duplicates,blackbox_unspecified,filename_capture_code:bb,motorcycle,dataset_coarse_label,day,cv_first_middle_last_majority,auto_enriched_needs_human_review
car_vs_motorcycle,aihub_train_00001161_bb_1_120625_two-wheeled-vehicle_16_016,/workspace/SKN27-FINAL-3Team/storage/vision/datasets/classification/raw_videos/차대이륜차/aihub_train_00001161_bb_1_120625_two-wheeled-vehicle_16_016.mp4,car_vs_motorcycle,car_vs_motorcycle,storage/vision/datasets/classification/raw_videos/차대이륜차/aihub_train_00001161_bb_1_120625_two-wheeled-vehicle_16_016.mp4,train,3eee0a54a4805756bae41142307d46b5e97b70179b0acd9bfcfefc32ba45ca79,aihub_source_suffix:16_016,source_filename_suffix_validated_by_exact_duplicates,blackbox_unspecified,filename_capture_code:bb,motorcycle,dataset_coarse_label,day,cv_first_middle_last_majority,auto_enriched_needs_human_review
car_vs_motorcycle,aihub_train_00000951_bb_1_170105_two-wheeled-vehicle_144_019,/workspace/SKN27-FINAL-3Team/storage/vision/datasets/classification/raw_videos/차대이륜차/aihub_train_00000951_bb_1_170105_two-wheeled-vehicle_144_019.mp4,car_vs_motorcycle,car_vs_motorcycle,storage/vision/datasets/classification/raw_videos/차대이륜차/aihub_train_00000951_bb_1_170105_two-wheeled-vehicle_144_019.mp4,train,c773b6208945edebbf904de1a5d52c6b9716fffd77db47d4e737dcda1b74f352,aihub_source_suffix:144_019,source_filename_suffix_validated_by_exact_duplicates,blackbox_unspecified,filename_capture_code:bb,motorcycle,dataset_coarse_label,day,cv_first_middle_last_majority,auto_enriched_needs_human_review
car_vs_motorcycle,aihub_train_00001160_bb_1_120616_two-wheeled-vehicle_227_21935,/workspace/SKN27-FINAL-3Team/storage/vision/datasets/classification/raw_videos/차대이륜차/aihub_train_00001160_bb_1_120616_two-wheeled-vehicle_227_21935.mp4,car_vs_motorcycle,car_vs_motorcycle,storage/vision/datasets/classification/raw_videos/차대이륜차/aihub_train_00001160_bb_1_120616_two-wheeled-vehicle_227_21935.mp4,train,545ae149ffa956b44bb5e90636516a3a2b9cbf1f085cda804d00a9fb0519a64d,aihub_source_suffix:227_21935,source_filename_suffix_validated_by_exact_duplicates,blackbox_unspecified,filename_capture_code:bb,motorcycle,dataset_coarse_label,night,cv_first_middle_last_majority,auto_enriched_needs_human_review
car_vs_motorcycle,aihub_train_00001152_bb_1_110130_two-wheeled-vehicle_116_175,/workspace/SKN27-FINAL-3Team/storage/vision/datasets/classification/raw_videos/차대이륜차/aihub_train_00001152_bb_1_110130_two-wheeled-vehicle_116_175.mp4,car_vs_motorcycle,car_vs_motorcycle,storage/vision/datasets/classification/raw_videos/차대이륜차/aihub_train_00001152_bb_1_110130_two-wheeled-vehicle_116_175.mp4,train,4693dbcef5b0f0aeb5b357cf84b94c0d7356da1d132d9c3350b50eab2f2c7413,aihub_source_suffix:116_175,source_filename_suffix_validated_by_exact_duplicates,blackbox_unspecified,filename_capture_code:bb,motorcycle,dataset_coarse_label,low_light,cv_first_middle_last_majority,auto_enriched_needs_human_review
car_vs_motorcycle,aihub_train_00000999_bb_1_190324_two-wheeled-vehicle_149_197,/workspace/SKN27-FINAL-3Team/storage/vision/datasets/classification/raw_videos/차대이륜차/aihub_train_00000999_bb_1_190324_two-wheeled-vehicle_149_197.mp4,car_vs_motorcycle,car_vs_motorcycle,storage/vision/datasets/classification/raw_videos/차대이륜차/aihub_train_00000999_bb_1_190324_two-wheeled-vehicle_149_197.mp4,train,98722f62ae7578159c17950cbf9564c786fd4f26456b0357498cac4d434dbd8d,aihub_source_suffix:149_197,source_filename_suffix_validated_by_exact_duplicates,blackbox_unspecified,filename_capture_code:bb,motorcycle,dataset_coarse_label,night,cv_first_middle_last_majority,auto_enriched_needs_human_review
car_vs_motorcycle,aihub_train_00000793_bb_1_180727_two-wheeled-vehicle_254_21976,/workspace/SKN27-FINAL-3Team/storage/vision/datasets/classification/raw_videos/차대이륜차/aihub_train_00000793_bb_1_180727_two-wheeled-vehicle_254_21976.mp4,car_vs_motorcycle,car_vs_motorcycle,storage/vision/datasets/classification/raw_videos/차대이륜차/aihub_train_00000793_bb_1_180727_two-wheeled-vehicle_254_21976.mp4,train,922bf6c7975fff8547d911607c0141958a79a986203cb59ea84473eff18dbccd,aihub_source_suffix:254_21976,source_filename_suffix_validated_by_exact_duplicates,blackbox_unspecified,filename_capture_code:bb,motorcycle,dataset_coarse_label,night,cv_first_middle_last_majority,auto_enriched_needs_human_review
car_vs_motorcycle,aihub_train_00000966_bb_1_170926_two-wheeled-vehicle_250_22075,/workspace/SKN27-FINAL-3Team/storage/vision/datasets/classification/raw_videos/차대이륜차/aihub_train_00000966_bb_1_170926_two-wheeled-vehicle_250_22075.mp4,car_vs_motorcycle,car_vs_motorcycle,storage/vision/datasets/classification/raw_videos/차대이륜차/aihub_train_00000966_bb_1_170926_two-wheeled-vehicle_250_22075.mp4,train,38c92c0be29f37dc934de2f14d0b088285e181e07be5fe7c72c099a657b04a2f,aihub_source_suffix:250_22075,source_filename_suffix_validated_by_exact_duplicates,blackbox_unspecified,filename_capture_code:bb,motorcycle,dataset_coarse_label,low_light,cv_first_middle_last_majority,auto_enriched_needs_human_review
car_vs_motorcycle,aihub_train_00000930_bb_1_130306_two-wheeled-vehicle_130_182,/workspace/SKN27-FINAL-3Team/storage/vision/datasets/classification/raw_videos/차대이륜차/aihub_train_00000930_bb_1_130306_two-wheeled-vehicle_130_182.mp4,car_vs_motorcycle,car_vs_motorcycle,storage/vision/datasets/classification/raw_videos/차대이륜차/aihub_train_00000930_bb_1_130306_two-wheeled-vehicle_130_182.mp4,train,7661975dd330fe62b25a223fbac5fc0707e277ef9a950764f010745f5b17b000,aihub_source_suffix:130_182,source_filename_suffix_validated_by_exact_duplicates,blackbox_unspecified,filename_capture_code:bb,motorcycle,dataset_coarse_label,day,cv_first_middle_last_majority,auto_enriched_needs_human_review
car_vs_motorcycle,aihub_train_00000869_bb_1_211024_two-wheeled-vehicle_29_015,/workspace/SKN27-FINAL-3Team/storage/vision/datasets/classification/raw_videos/차대이륜차/aihub_train_00000869_bb_1_211024_two-wheeled-vehicle_29_015.mp4,car_vs_motorcycle,car_vs_motorcycle,storage/vision/datasets/classification/raw_videos/차대이륜차/aihub_train_00000869_bb_1_211024_two-wheeled-vehicle_29_015.mp4,train,c5d96e74c066ec9122e67d9174c4d171cd0d45042e2e6537d88c9d68a5af4e6c,aihub_source_suffix:29_015,source_filename_suffix_validated_by_exact_duplicates,blackbox_unspecified,filename_capture_code:bb,motorcycle,dataset_coarse_label,day,cv_first_middle_last_majority,auto_enriched_needs_human_review
car_vs_motorcycle,aihub_train_00000952_bb_1_170329_two-wheeled-vehicle_157_035,/workspace/SKN27-FINAL-3Team/storage/vision/datasets/classification/raw_videos/차대이륜차/aihub_train_00000952_bb_1_170329_two-wheeled-vehicle_157_035.mp4,car_vs_motorcycle,car_vs_motorcycle,storage/vision/datasets/classification/raw_videos/차대이륜차/aihub_train_00000952_bb_1_170329_two-wheeled-vehicle_157_035.mp4,train,744e6ddedb89074b896b58250696f5256fa4148fcfe2465f1f4b6ef0512ad944,aihub_source_suffix:157_035,source_filename_suffix_validated_by_exact_duplicates,blackbox_unspecified,filename_capture_code:bb,motorcycle,dataset_coarse_label,day,cv_first_middle_last_majority,auto_enriched_needs_human_review
car_vs_motorcycle,aihub_train_00000838_bb_1_200814_two-wheeled-vehicle_244_21639,/workspace/SKN27-FINAL-3Team/storage/vision/datasets/classification/raw_videos/차대이륜차/aihub_train_00000838_bb_1_200814_two-wheeled-vehicle_244_21639.mp4,car_vs_motorcycle,car_vs_motorcycle,storage/vision/datasets/classification/raw_videos/차대이륜차/aihub_train_00000838_bb_1_200814_two-wheeled-vehicle_244_21639.mp4,train,085da38837ca264a5f30f39d3946a8e283d907de684463e34c11a8648407af08,aihub_source_suffix:244_21639,source_filename_suffix_validated_by_exact_duplicates,blackbox_unspecified,filename_capture_code:bb,motorcycle,dataset_coarse_label,night,cv_first_middle_last_majority,auto_enriched_needs_human_review
car_vs_motorcycle,aihub_train_00001157_bb_1_120218_two-wheeled-vehicle_238_21038,/workspace/SKN27-FINAL-3Team/storage/vision/datasets/classification/raw_videos/차대이륜차/aihub_train_00001157_bb_1_120218_two-wheeled-vehicle_238_21038.mp4,car_vs_motorcycle,car_vs_motorcycle,storage/vision/datasets/classification/raw_videos/차대이륜차/aihub_train_00001157_bb_1_120218_two-wheeled-vehicle_238_21038.mp4,train,54959ebd11f623ae2cf8b955916410b061160a635d7510420fce2469e02d099f,aihub_source_suffix:238_21038,source_filename_suffix_validated_by_exact_duplicates,blackbox_unspecified,filename_capture_code:bb,motorcycle,dataset_coarse_label,low_light,cv_first_middle_last_majority,auto_enriched_needs_human_review
car_vs_motorcycle,aihub_train_00001017_bb_1_191010_two-wheeled-vehicle_219_20960,/workspace/SKN27-FINAL-3Team/storage/vision/datasets/classification/raw_videos/차대이륜차/aihub_train_00001017_bb_1_191010_two-wheeled-vehicle_219_20960.mp4,car_vs_motorcycle,car_vs_motorcycle,storage/vision/datasets/classification/raw_videos/차대이륜차/aihub_train_00001017_bb_1_191010_two-wheeled-vehicle_219_20960.mp4,train,547783e33713937f0ca0a0fcd89812c8fd5ff7c74809d05532fc8fd82d88f0ac,aihub_source_suffix:219_20960,source_filename_suffix_validated_by_exact_duplicates,blackbox_unspecified,filename_capture_code:bb,motorcycle,dataset_coarse_label,night,cv_first_middle_last_majority,auto_enriched_needs_human_review
car_vs_motorcycle,aihub_train_00001050_bb_1_210110_two-wheeled-vehicle_240_21681,/workspace/SKN27-FINAL-3Team/storage/vision/datasets/classification/raw_videos/차대이륜차/aihub_train_00001050_bb_1_210110_two-wheeled-vehicle_240_21681.mp4,car_vs_motorcycle,car_vs_motorcycle,storage/vision/datasets/classification/raw_videos/차대이륜차/aihub_train_00001050_bb_1_210110_two-wheeled-vehicle_240_21681.mp4,train,24d75a5597375c95d724b660d0abdd249847c9775a66f8fb1bb49628c979363b,aihub_source_suffix:240_21681,source_filename_suffix_validated_by_exact_duplicates,blackbox_unspecified,filename_capture_code:bb,motorcycle,dataset_coarse_label,night,cv_first_middle_last_majority,auto_enriched_needs_human_review
car_vs_motorcycle,aihub_train_00000979_bb_1_180512_two-wheeled-vehicle_203_22189,/workspace/SKN27-FINAL-3Team/storage/vision/datasets/classification/raw_videos/차대이륜차/aihub_train_00000979_bb_1_180512_two-wheeled-vehicle_203_22189.mp4,car_vs_motorcycle,car_vs_motorcycle,storage/vision/datasets/classification/raw_videos/차대이륜차/aihub_train_00000979_bb_1_180512_two-wheeled-vehicle_203_22189.mp4,train,7d655cb515b99bd58856f64e15944b536eaf75e39da3cacada3f2babe7a05c45,aihub_source_suffix:203_22189,source_filename_suffix_validated_by_exact_duplicates,blackbox_unspecified,filename_capture_code:bb,motorcycle,dataset_coarse_label,night,cv_first_middle_last_majority,auto_enriched_needs_human_review
car_vs_motorcycle,aihub_train_00000972_bb_1_171110_two-wheeled-vehicle_127_065,/workspace/SKN27-FINAL-3Team/storage/vision/datasets/classification/raw_videos/차대이륜차/aihub_train_00000972_bb_1_171110_two-wheeled-vehicle_127_065.mp4,car_vs_motorcycle,car_vs_motorcycle,storage/vision/datasets/classification/raw_videos/차대이륜차/aihub_train_00000972_bb_1_171110_two-wheeled-vehicle_127_065.mp4,train,cd0ed54710cf3db22c5f8a3327135b814e8d813c8a6f3f1e6d39f98a7d8ca6e9,aihub_source_suffix:127_065,source_filename_suffix_validated_by_exact_duplicates,blackbox_unspecified,filename_capture_code:bb,motorcycle,dataset_coarse_label,day,cv_first_middle_last_majority,auto_enriched_needs_human_review
car_vs_motorcycle,aihub_train_00000802_bb_1_190202_two-wheeled-vehicle_16_029,/workspace/SKN27-FINAL-3Team/storage/vision/datasets/classification/raw_videos/차대이륜차/aihub_train_00000802_bb_1_190202_two-wheeled-vehicle_16_029.mp4,car_vs_motorcycle,car_vs_motorcycle,storage/vision/datasets/classification/raw_videos/차대이륜차/aihub_train_00000802_bb_1_190202_two-wheeled-vehicle_16_029.mp4,train,e0a0a915c310a57f7f4070cfd1966287b4d42826d2b88928fc7dc460ec396935,aihub_source_suffix:16_029,source_filename_suffix_validated_by_exact_duplicates,blackbox_unspecified,filename_capture_code:bb,motorcycle,dataset_coarse_label,day,cv_first_middle_last_majority,auto_enriched_needs_human_review
car_vs_motorcycle,aihub_train_00000938_bb_1_160703_two-wheeled-vehicle_200_172,/workspace/SKN27-FINAL-3Team/storage/vision/datasets/classification/raw_videos/차대이륜차/aihub_train_00000938_bb_1_160703_two-wheeled-vehicle_200_172.mp4,car_vs_motorcycle,car_vs_motorcycle,storage/vision/datasets/classification/raw_videos/차대이륜차/aihub_train_00000938_bb_1_160703_two-wheeled-vehicle_200_172.mp4,train,2ae919d1cb194fb8aa7c1e623724c848bffbe4d30653c0e009a3adbf030d9702,aihub_source_suffix:200_172,source_filename_suffix_validated_by_exact_duplicates,blackbox_unspecified,filename_capture_code:bb,motorcycle,dataset_coarse_label,low_light,cv_first_middle_last_majority,auto_enriched_needs_human_review
car_vs_motorcycle,aihub_train_00000777_bb_1_170507_two-wheeled-vehicle_142_259,/workspace/SKN27-FINAL-3Team/storage/vision/datasets/classification/raw_videos/차대이륜차/aihub_train_00000777_bb_1_170507_two-wheeled-vehicle_142_259.mp4,car_vs_motorcycle,car_vs_motorcycle,storage/vision/datasets/classification/raw_videos/차대이륜차/aihub_train_00000777_bb_1_170507_two-wheeled-vehicle_142_259.mp4,train,cfd3ace389c72469384e8162fb4858d67a03cb60eaa4f69f63a9538d02365666,aihub_source_suffix:142_259,source_filename_suffix_validated_by_exact_duplicates,blackbox_unspecified,filename_capture_code:bb,motorcycle,dataset_coarse_label,night,cv_first_middle_last_majority,auto_enriched_needs_human_review
car_vs_motorcycle,aihub_train_00000767_bb_1_160916_two-wheeled-vehicle_203_21783,/workspace/SKN27-FINAL-3Team/storage/vision/datasets/classification/raw_videos/차대이륜차/aihub_train_00000767_bb_1_160916_two-wheeled-vehicle_203_21783.mp4,car_vs_motorcycle,car_vs_motorcycle,storage/vision/datasets/classification/raw_videos/차대이륜차/aihub_train_00000767_bb_1_160916_two-wheeled-vehicle_203_21783.mp4,train,664e3c68a6225b08174b3f10e97c4ccccd0ce47f58cf657e482fc51f5b485af9,aihub_source_suffix:203_21783,source_filename_suffix_validated_by_exact_duplicates,blackbox_unspecified,filename_capture_code:bb,motorcycle,dataset_coarse_label,low_light,cv_first_middle_last_majority,auto_enriched_needs_human_review
car_vs_motorcycle,aihub_train_00001046_bb_1_201019_two-wheeled-vehicle_233_21869,/workspace/SKN27-FINAL-3Team/storage/vision/datasets/classification/raw_videos/차대이륜차/aihub_train_00001046_bb_1_201019_two-wheeled-vehicle_233_21869.mp4,car_vs_motorcycle,car_vs_motorcycle,storage/vision/datasets/classification/raw_videos/차대이륜차/aihub_train_00001046_bb_1_201019_two-wheeled-vehicle_233_21869.mp4,train,a837ab019c084a509f5ccbf4e97bb478291e6245d925f5985ca0cb96f2d158cb,aihub_source_suffix:233_21869,source_filename_suffix_validated_by_exact_duplicates,blackbox_unspecified,filename_capture_code:bb,motorcycle,dataset_coarse_label,night,cv_first_middle_last_majority,auto_enriched_needs_human_review
car_vs_motorcycle,aihub_train_00001048_bb_1_201124_two-wheeled-vehicle_149_129,/workspace/SKN27-FINAL-3Team/storage/vision/datasets/classification/raw_videos/차대이륜차/aihub_train_00001048_bb_1_201124_two-wheeled-vehicle_149_129.mp4,car_vs_motorcycle,car_vs_motorcycle,storage/vision/datasets/classification/raw_videos/차대이륜차/aihub_train_00001048_bb_1_201124_two-wheeled-vehicle_149_129.mp4,train,58a316ff6be0f24e0184ac7a6588a31690cdfcec8f9794459eb55101bc22c4bf,aihub_source_suffix:149_129,source_filename_suffix_validated_by_exact_duplicates,blackbox_unspecified,filename_capture_code:bb,motorcycle,dataset_coarse_label,low_light,cv_first_middle_last_majority,auto_enriched_needs_human_review
car_vs_motorcycle,aihub_train_00001038_bb_1_200710_two-wheeled-vehicle_236_22305,/workspace/SKN27-FINAL-3Team/storage/vision/datasets/classification/raw_videos/차대이륜차/aihub_train_00001038_bb_1_200710_two-wheeled-vehicle_236_22305.mp4,car_vs_motorcycle,car_vs_motorcycle,storage/vision/datasets/classification/raw_videos/차대이륜차/aihub_train_00001038_bb_1_200710_two-wheeled-vehicle_236_22305.mp4,train,d0c957d1a696fa4a2e5710abaee86ae91165af1d9b61a3ad727d725649360075,aihub_source_suffix:236_22305,source_filename_suffix_validated_by_exact_duplicates,blackbox_unspecified,filename_capture_code:bb,motorcycle,dataset_coarse_label,low_light,cv_first_middle_last_majority,auto_enriched_needs_human_review
car_vs_motorcycle,aihub_train_00000789_bb_1_180324_two-wheeled-vehicle_236_22304,/workspace/SKN27-FINAL-3Team/storage/vision/datasets/classification/raw_videos/차대이륜차/aihub_train_00000789_bb_1_180324_two-wheeled-vehicle_236_22304.mp4,car_vs_motorcycle,car_vs_motorcycle,storage/vision/datasets/classification/raw_videos/차대이륜차/aihub_train_00000789_bb_1_180324_two-wheeled-vehicle_236_22304.mp4,train,dd5af8dc6df17ef25cb94f6c1711ec0e9e552b83748872c956dd05291a6ba851,aihub_source_suffix:236_22304,source_filename_suffix_validated_by_exact_duplicates,blackbox_unspecified,filename_capture_code:bb,motorcycle,dataset_coarse_label,low_light,cv_first_middle_last_majority,auto_enriched_needs_human_review
car_vs_motorcycle,aihub_train_00001051_bb_1_210111_two-wheeled-vehicle_113_303,/workspace/SKN27-FINAL-3Team/storage/vision/datasets/classification/raw_videos/차대이륜차/aihub_train_00001051_bb_1_210111_two-wheeled-vehicle_113_303.mp4,car_vs_motorcycle,car_vs_motorcycle,storage/vision/datasets/classification/raw_videos/차대이륜차/aihub_train_00001051_bb_1_210111_two-wheeled-vehicle_113_303.mp4,train,8ced0085c79e121cdc07087a00e3559ad8da418484b460005d48dde9c0b00b72,aihub_source_suffix:113_303,source_filename_suffix_validated_by_exact_duplicates,blackbox_unspecified,filename_capture_code:bb,motorcycle,dataset_coarse_label,day,cv_first_middle_last_majority,auto_enriched_needs_human_review
car_vs_motorcycle,aihub_train_00001034_bb_1_200412_two-wheeled-vehicle_312_130,/workspace/SKN27-FINAL-3Team/storage/vision/datasets/classification/raw_videos/차대이륜차/aihub_train_00001034_bb_1_200412_two-wheeled-vehicle_312_130.mp4,car_vs_motorcycle,car_vs_motorcycle,storage/vision/datasets/classification/raw_videos/차대이륜차/aihub_train_00001034_bb_1_200412_two-wheeled-vehicle_312_130.mp4,train,06c07008ae126f04b428f74d93f8a37088e58ddbd56a79fdc2f59253b8db5f70,aihub_source_suffix:312_130,source_filename_suffix_validated_by_exact_duplicates,blackbox_unspecified,filename_capture_code:bb,motorcycle,dataset_coarse_label,low_light,cv_first_middle_last_majority,auto_enriched_needs_human_review
car_vs_motorcycle,aihub_train_00000868_bb_1_211019_two-wheeled-vehicle_239_22150,/workspace/SKN27-FINAL-3Team/storage/vision/datasets/classification/raw_videos/차대이륜차/aihub_train_00000868_bb_1_211019_two-wheeled-vehicle_239_22150.mp4,car_vs_motorcycle,car_vs_motorcycle,storage/vision/datasets/classification/raw_videos/차대이륜차/aihub_train_00000868_bb_1_211019_two-wheeled-vehicle_239_22150.mp4,train,3caaf060856fc07b34b8521929d0cccea97f2f44f51c3537fd392d6aa375b75e,aihub_source_suffix:239_22150,source_filename_suffix_validated_by_exact_duplicates,blackbox_unspecified,filename_capture_code:bb,motorcycle,dataset_coarse_label,low_light,cv_first_middle_last_majority,auto_enriched_needs_human_review
car_vs_motorcycle,aihub_train_00001119_bb_3_180908_two-wheeled-vehicle_38_004,/workspace/SKN27-FINAL-3Team/storage/vision/datasets/classification/raw_videos/차대이륜차/aihub_train_00001119_bb_3_180908_two-wheeled-vehicle_38_004.mp4,car_vs_motorcycle,car_vs_motorcycle,storage/vision/datasets/classification/raw_videos/차대이륜차/aihub_train_00001119_bb_3_180908_two-wheeled-vehicle_38_004.mp4,train,c8e43d9c4349acf713887e1aa27dc03c98ec4dfa0718ba04b6204ef9fb2da643,aihub_source_suffix:38_004,source_filename_suffix_validated_by_exact_duplicates,blackbox_unspecified,filename_capture_code:bb,motorcycle,dataset_coarse_label,day,cv_first_middle_last_majority,auto_enriched_needs_human_review
car_vs_motorcycle,aihub_train_00000876_bb_1_220104_two-wheeled-vehicle_118_006,/workspace/SKN27-FINAL-3Team/storage/vision/datasets/classification/raw_videos/차대이륜차/aihub_train_00000876_bb_1_220104_two-wheeled-vehicle_118_006.mp4,car_vs_motorcycle,car_vs_motorcycle,storage/vision/datasets/classification/raw_videos/차대이륜차/aihub_train_00000876_bb_1_220104_two-wheeled-vehicle_118_006.mp4,train,992982ae895b1dec61d0420f64dec3f853ef221f768d5bc31405f1ffe49af1ac,aihub_source_suffix:118_006,source_filename_suffix_validated_by_exact_duplicates,blackbox_unspecified,filename_capture_code:bb,motorcycle,dataset_coarse_label,day,cv_first_middle_last_majority,auto_enriched_needs_human_review
car_vs_motorcycle,aihub_train_00001107_bb_3_140920_two-wheeled-vehicle_209_21998,/workspace/SKN27-FINAL-3Team/storage/vision/datasets/classification/raw_videos/차대이륜차/aihub_train_00001107_bb_3_140920_two-wheeled-vehicle_209_21998.mp4,car_vs_motorcycle,car_vs_motorcycle,storage/vision/datasets/classification/raw_videos/차대이륜차/aihub_train_00001107_bb_3_140920_two-wheeled-vehicle_209_21998.mp4,train,90f4ebffd79d28a68d9155fed057ad4897e1bc675706ff16e84b975063e1aff5,aihub_source_suffix:209_21998,source_filename_suffix_validated_by_exact_duplicates,blackbox_unspecified,filename_capture_code:bb,motorcycle,dataset_coarse_label,low_light,cv_first_middle_last_majority,auto_enriched_needs_human_review
car_vs_motorcycle,aihub_train_00000872_bb_1_211124_two-wheeled-vehicle_126_159,/workspace/SKN27-FINAL-3Team/storage/vision/datasets/classification/raw_videos/차대이륜차/aihub_train_00000872_bb_1_211124_two-wheeled-vehicle_126_159.mp4,car_vs_motorcycle,car_vs_motorcycle,storage/vision/datasets/classification/raw_videos/차대이륜차/aihub_train_00000872_bb_1_211124_two-wheeled-vehicle_126_159.mp4,train,0bfd76e3ab80ae01cc88b089225118756f43eb8c781fff15923b58d9dfbaa1ec,aihub_source_suffix:126_159,source_filename_suffix_validated_by_exact_duplicates,blackbox_unspecified,filename_capture_code:bb,motorcycle,dataset_coarse_label,day,cv_first_middle_last_majority,auto_enriched_needs_human_review
car_vs_motorcycle,aihub_train_00001121_bb_3_181216_two-wheeled-vehicle_45_008,/workspace/SKN27-FINAL-3Team/storage/vision/datasets/classification/raw_videos/차대이륜차/aihub_train_00001121_bb_3_181216_two-wheeled-vehicle_45_008.mp4,car_vs_motorcycle,car_vs_motorcycle,storage/vision/datasets/classification/raw_videos/차대이륜차/aihub_train_00001121_bb_3_181216_two-wheeled-vehicle_45_008.mp4,train,f187e48628899b53f33c037a58fffca57cf28189e174b2577131357b4ac712ff,aihub_source_suffix:45_008,source_filename_suffix_validated_by_exact_duplicates,blackbox_unspecified,filename_capture_code:bb,motorcycle,dataset_coarse_label,day,cv_first_middle_last_majority,auto_enriched_needs_human_review
car_vs_motorcycle,aihub_train_00001154_bb_1_110616_two-wheeled-vehicle_130_151,/workspace/SKN27-FINAL-3Team/storage/vision/datasets/classification/raw_videos/차대이륜차/aihub_train_00001154_bb_1_110616_two-wheeled-vehicle_130_151.mp4,car_vs_motorcycle,car_vs_motorcycle,storage/vision/datasets/classification/raw_videos/차대이륜차/aihub_train_00001154_bb_1_110616_two-wheeled-vehicle_130_151.mp4,train,b90bd4b5c4662fd665df9d4a4393e986541629921143173fdd58887fdc43964f,aihub_source_suffix:130_151,source_filename_suffix_validated_by_exact_duplicates,blackbox_unspecified,filename_capture_code:bb,motorcycle,dataset_coarse_label,low_light,cv_first_middle_last_majority,auto_enriched_needs_human_review
car_vs_motorcycle,aihub_train_00000937_bb_1_160702_two-wheeled-vehicle_141_100,/workspace/SKN27-FINAL-3Team/storage/vision/datasets/classification/raw_videos/차대이륜차/aihub_train_00000937_bb_1_160702_two-wheeled-vehicle_141_100.mp4,car_vs_motorcycle,car_vs_motorcycle,storage/vision/datasets/classification/raw_videos/차대이륜차/aihub_train_00000937_bb_1_160702_two-wheeled-vehicle_141_100.mp4,train,60cfc3b7adf807d5b348279e8c29960907bdf0dc1ea388753d377f5f891ab803,aihub_source_suffix:141_100,source_filename_suffix_validated_by_exact_duplicates,blackbox_unspecified,filename_capture_code:bb,motorcycle,dataset_coarse_label,low_light,cv_first_middle_last_majority,auto_enriched_needs_human_review
car_vs_motorcycle,aihub_train_00000982_bb_1_180625_two-wheeled-vehicle_130_237,/workspace/SKN27-FINAL-3Team/storage/vision/datasets/classification/raw_videos/차대이륜차/aihub_train_00000982_bb_1_180625_two-wheeled-vehicle_130_237.mp4,car_vs_motorcycle,car_vs_motorcycle,storage/vision/datasets/classification/raw_videos/차대이륜차/aihub_train_00000982_bb_1_180625_two-wheeled-vehicle_130_237.mp4,train,382b6ddac0b0eaab005e92bd2f8f2ac654805dd50a75e2d32d358c3724f762c4,aihub_source_suffix:130_237,source_filename_suffix_validated_by_exact_duplicates,blackbox_unspecified,filename_capture_code:bb,motorcycle,dataset_coarse_label,day,cv_first_middle_last_majority,auto_enriched_needs_human_review
car_vs_motorcycle,aihub_train_00000945_bb_1_161108_two-wheeled-vehicle_129_119,/workspace/SKN27-FINAL-3Team/storage/vision/datasets/classification/raw_videos/차대이륜차/aihub_train_00000945_bb_1_161108_two-wheeled-vehicle_129_119.mp4,car_vs_motorcycle,car_vs_motorcycle,storage/vision/datasets/classification/raw_videos/차대이륜차/aihub_train_00000945_bb_1_161108_two-wheeled-vehicle_129_119.mp4,train,3547b00eabd91ceee6cf3f90d0675537642a093687c4fde24341c30a38a99501,aihub_source_suffix:129_119,source_filename_suffix_validated_by_exact_duplicates,blackbox_unspecified,filename_capture_code:bb,motorcycle,dataset_coarse_label,night,cv_first_middle_last_majority,auto_enriched_needs_human_review
car_vs_motorcycle,aihub_train_00000804_bb_1_190309_two-wheeled-vehicle_250_25219,/workspace/SKN27-FINAL-3Team/storage/vision/datasets/classification/raw_videos/차대이륜차/aihub_train_00000804_bb_1_190309_two-wheeled-vehicle_250_25219.mp4,car_vs_motorcycle,car_vs_motorcycle,storage/vision/datasets/classification/raw_videos/차대이륜차/aihub_train_00000804_bb_1_190309_two-wheeled-vehicle_250_25219.mp4,train,5b365d8bd45ec91de69307b24d676c005a91e354810dc5e3b00305a3cd13d62f,aihub_source_suffix:250_25219,source_filename_suffix_validated_by_exact_duplicates,blackbox_unspecified,filename_capture_code:bb,motorcycle,dataset_coarse_label,night,cv_first_middle_last_majority,auto_enriched_needs_human_review
car_vs_motorcycle,aihub_train_00000991_bb_1_181208_two-wheeled-vehicle_131_216,/workspace/SKN27-FINAL-3Team/storage/vision/datasets/classification/raw_videos/차대이륜차/aihub_train_00000991_bb_1_181208_two-wheeled-vehicle_131_216.mp4,car_vs_motorcycle,car_vs_motorcycle,storage/vision/datasets/classification/raw_videos/차대이륜차/aihub_train_00000991_bb_1_181208_two-wheeled-vehicle_131_216.mp4,train,8bafcb13edd04d75c14d8e770a4a75b24c94d44645e42d1b73f92ee93a88a823,aihub_source_suffix:131_216,source_filename_suffix_validated_by_exact_duplicates,blackbox_unspecified,filename_capture_code:bb,motorcycle,dataset_coarse_label,low_light,cv_first_middle_last_majority,auto_enriched_needs_human_review
car_vs_motorcycle,aihub_train_00000781_bb_1_171009_two-wheeled-vehicle_089_302005,/workspace/SKN27-FINAL-3Team/storage/vision/datasets/classification/raw_videos/차대이륜차/aihub_train_00000781_bb_1_171009_two-wheeled-vehicle_089_302005.mp4,car_vs_motorcycle,car_vs_motorcycle,storage/vision/datasets/classification/raw_videos/차대이륜차/aihub_train_00000781_bb_1_171009_two-wheeled-vehicle_089_302005.mp4,train,1c4f6df2d2f18a3722c6d5593f53a4033e23792d5f45a69154f8109b8f396490,aihub_source_suffix:089_302005,source_filename_suffix_validated_by_exact_duplicates,blackbox_unspecified,filename_capture_code:bb,motorcycle,dataset_coarse_label,night,cv_first_middle_last_majority,auto_enriched_needs_human_review
car_vs_motorcycle,aihub_train_00001131_bb_3_200717_two-wheeled-vehicle_116_153,/workspace/SKN27-FINAL-3Team/storage/vision/datasets/classification/raw_videos/차대이륜차/aihub_train_00001131_bb_3_200717_two-wheeled-vehicle_116_153.mp4,car_vs_motorcycle,car_vs_motorcycle,storage/vision/datasets/classification/raw_videos/차대이륜차/aihub_train_00001131_bb_3_200717_two-wheeled-vehicle_116_153.mp4,train,60c49003d199bb8cb7c1d812e9c4103d44eec8187905b48704e165f8dc794ebb,aihub_source_suffix:116_153,source_filename_suffix_validated_by_exact_duplicates,blackbox_unspecified,filename_capture_code:bb,motorcycle,dataset_coarse_label,day,cv_first_middle_last_majority,auto_enriched_needs_human_review
car_vs_motorcycle,aihub_train_00000961_bb_1_170627_two-wheeled-vehicle_144_182,/workspace/SKN27-FINAL-3Team/storage/vision/datasets/classification/raw_videos/차대이륜차/aihub_train_00000961_bb_1_170627_two-wheeled-vehicle_144_182.mp4,car_vs_motorcycle,car_vs_motorcycle,storage/vision/datasets/classification/raw_videos/차대이륜차/aihub_train_00000961_bb_1_170627_two-wheeled-vehicle_144_182.mp4,train,89b8527165ddaa6ceb932ecc96e67433babe77248397cba5ba2405f8422ebf8f,aihub_source_suffix:144_182,source_filename_suffix_validated_by_exact_duplicates,blackbox_unspecified,filename_capture_code:bb,motorcycle,dataset_coarse_label,day,cv_first_middle_last_majority,auto_enriched_needs_human_review
car_vs_motorcycle,aihub_train_00001120_bb_3_181020_two-wheeled-vehicle_145_084,/workspace/SKN27-FINAL-3Team/storage/vision/datasets/classification/raw_videos/차대이륜차/aihub_train_00001120_bb_3_181020_two-wheeled-vehicle_145_084.mp4,car_vs_motorcycle,car_vs_motorcycle,storage/vision/datasets/classification/raw_videos/차대이륜차/aihub_train_00001120_bb_3_181020_two-wheeled-vehicle_145_084.mp4,train,763cf3d73db387933fdd9d70498e477f59cc5a0f7df0d8fe2df572030ecaf442,aihub_source_suffix:145_084,source_filename_suffix_validated_by_exact_duplicates,blackbox_unspecified,filename_capture_code:bb,motorcycle,dataset_coarse_label,day,cv_first_middle_last_majority,auto_enriched_needs_human_review
car_vs_motorcycle,aihub_train_00001062_bb_1_210324_two-wheeled-vehicle_203_22296,/workspace/SKN27-FINAL-3Team/storage/vision/datasets/classification/raw_videos/차대이륜차/aihub_train_00001062_bb_1_210324_two-wheeled-vehicle_203_22296.mp4,car_vs_motorcycle,car_vs_motorcycle,storage/vision/datasets/classification/raw_videos/차대이륜차/aihub_train_00001062_bb_1_210324_two-wheeled-vehicle_203_22296.mp4,train,07c8d039234c30dfd7e6271270022d40b48b304cfcef7e78217647e965aebeed,aihub_source_suffix:203_22296,source_filename_suffix_validated_by_exact_duplicates,blackbox_unspecified,filename_capture_code:bb,motorcycle,dataset_coarse_label,night,cv_first_middle_last_majority,auto_enriched_needs_human_review
car_vs_motorcycle,aihub_train_00000839_bb_1_200816_two-wheeled-vehicle_229_24806,/workspace/SKN27-FINAL-3Team/storage/vision/datasets/classification/raw_videos/차대이륜차/aihub_train_00000839_bb_1_200816_two-wheeled-vehicle_229_24806.mp4,car_vs_motorcycle,car_vs_motorcycle,storage/vision/datasets/classification/raw_videos/차대이륜차/aihub_train_00000839_bb_1_200816_two-wheeled-vehicle_229_24806.mp4,train,8fdef6ba44fa9bc800fd8c99f122799513b88d9a2308cf86d14d898f72a2fcb4,aihub_source_suffix:229_24806,source_filename_suffix_validated_by_exact_duplicates,blackbox_unspecified,filename_capture_code:bb,motorcycle,dataset_coarse_label,low_light,cv_first_middle_last_majority,auto_enriched_needs_human_review
car_vs_motorcycle,aihub_train_00000819_bb_1_200203_two-wheeled-vehicle_113_322,/workspace/SKN27-FINAL-3Team/storage/vision/datasets/classification/raw_videos/차대이륜차/aihub_train_00000819_bb_1_200203_two-wheeled-vehicle_113_322.mp4,car_vs_motorcycle,car_vs_motorcycle,storage/vision/datasets/classification/raw_videos/차대이륜차/aihub_train_00000819_bb_1_200203_two-wheeled-vehicle_113_322.mp4,train,b1710694fcf9c69e53450fcfe106d2fda3353c2bb715aaab21958085ba0932cf,aihub_source_suffix:113_322,source_filename_suffix_validated_by_exact_duplicates,blackbox_unspecified,filename_capture_code:bb,motorcycle,dataset_coarse_label,night,cv_first_middle_last_majority,auto_enriched_needs_human_review
car_vs_motorcycle,aihub_train_00001080_bb_1_210909_two-wheeled-vehicle_205_20021,/workspace/SKN27-FINAL-3Team/storage/vision/datasets/classification/raw_videos/차대이륜차/aihub_train_00001080_bb_1_210909_two-wheeled-vehicle_205_20021.mp4,car_vs_motorcycle,car_vs_motorcycle,storage/vision/datasets/classification/raw_videos/차대이륜차/aihub_train_00001080_bb_1_210909_two-wheeled-vehicle_205_20021.mp4,train,c5e83d14138fe65f46f788bc06fbf676fa55b6a1d8344bfc6a87b4d488be4d88,aihub_source_suffix:205_20021,source_filename_suffix_validated_by_exact_duplicates,blackbox_unspecified,filename_capture_code:bb,motorcycle,dataset_coarse_label,night,cv_first_middle_last_majority,auto_enriched_needs_human_review
car_vs_motorcycle,aihub_train_00001006_bb_1_190602_two-wheeled-vehicle_120_171,/workspace/SKN27-FINAL-3Team/storage/vision/datasets/classification/raw_videos/차대이륜차/aihub_train_00001006_bb_1_190602_two-wheeled-vehicle_120_171.mp4,car_vs_motorcycle,car_vs_motorcycle,storage/vision/datasets/classification/raw_videos/차대이륜차/aihub_train_00001006_bb_1_190602_two-wheeled-vehicle_120_171.mp4,train,69a694b24d9ad8a5ec6f0cc0713020dcc5243d677d279f75cf77fe761bbf73d8,aihub_source_suffix:120_171,source_filename_suffix_validated_by_exact_duplicates,blackbox_unspecified,filename_capture_code:bb,motorcycle,dataset_coarse_label,low_light,cv_first_middle_last_majority,auto_enriched_needs_human_review
car_vs_motorcycle,aihub_train_00001067_bb_1_210527_two-wheeled-vehicle_193_161,/workspace/SKN27-FINAL-3Team/storage/vision/datasets/classification/raw_videos/차대이륜차/aihub_train_00001067_bb_1_210527_two-wheeled-vehicle_193_161.mp4,car_vs_motorcycle,car_vs_motorcycle,storage/vision/datasets/classification/raw_videos/차대이륜차/aihub_train_00001067_bb_1_210527_two-wheeled-vehicle_193_161.mp4,val,ffa45a0ccbd5e4a9f10c0b1785765f1a193a2fdf43b96fcba2dc1c96172341ed,aihub_source_suffix:193_161,source_filename_suffix_validated_by_exact_duplicates,blackbox_unspecified,filename_capture_code:bb,motorcycle,dataset_coarse_label,day,cv_first_middle_last_majority,auto_enriched_needs_human_review
car_vs_motorcycle,aihub_train_00001098_bb_1_220118_two-wheeled-vehicle_228_20312,/workspace/SKN27-FINAL-3Team/storage/vision/datasets/classification/raw_videos/차대이륜차/aihub_train_00001098_bb_1_220118_two-wheeled-vehicle_228_20312.mp4,car_vs_motorcycle,car_vs_motorcycle,storage/vision/datasets/classification/raw_videos/차대이륜차/aihub_train_00001098_bb_1_220118_two-wheeled-vehicle_228_20312.mp4,val,cdd5bf3e5b808caa2be9b6536543d5b073a9c2e1fe2bbba1e826af292b942861,aihub_source_suffix:228_20312,source_filename_suffix_validated_by_exact_duplicates,blackbox_unspecified,filename_capture_code:bb,motorcycle,dataset_coarse_label,low_light,cv_first_middle_last_majority,auto_enriched_needs_human_review
car_vs_motorcycle,aihub_train_00001071_bb_1_210625_two-wheeled-vehicle_315_010,/workspace/SKN27-FINAL-3Team/storage/vision/datasets/classification/raw_videos/차대이륜차/aihub_train_00001071_bb_1_210625_two-wheeled-vehicle_315_010.mp4,car_vs_motorcycle,car_vs_motorcycle,storage/vision/datasets/classification/raw_videos/차대이륜차/aihub_train_00001071_bb_1_210625_two-wheeled-vehicle_315_010.mp4,val,1350867ec5f5e71d7c3bd84ce956981e9e8c8fc1ea54bf97c01bc11b1f28e29d,aihub_source_suffix:315_010,source_filename_suffix_validated_by_exact_duplicates,blackbox_unspecified,filename_capture_code:bb,motorcycle,dataset_coarse_label,low_light,cv_first_middle_last_majority,auto_enriched_needs_human_review
car_vs_motorcycle,aihub_train_00000824_bb_1_200305_two-wheeled-vehicle_149_192,/workspace/SKN27-FINAL-3Team/storage/vision/datasets/classification/raw_videos/차대이륜차/aihub_train_00000824_bb_1_200305_two-wheeled-vehicle_149_192.mp4,car_vs_motorcycle,car_vs_motorcycle,storage/vision/datasets/classification/raw_videos/차대이륜차/aihub_train_00000824_bb_1_200305_two-wheeled-vehicle_149_192.mp4,val,4e1e96b2bc729b48c0d589f4832ad3878cf5d000a04b396bc076c1a33d92b78f,aihub_source_suffix:149_192,source_filename_suffix_validated_by_exact_duplicates,blackbox_unspecified,filename_capture_code:bb,motorcycle,dataset_coarse_label,low_light,cv_first_middle_last_majority,auto_enriched_needs_human_review
car_vs_motorcycle,aihub_train_00000858_bb_1_210614_two-wheeled-vehicle_46_016,/workspace/SKN27-FINAL-3Team/storage/vision/datasets/classification/raw_videos/차대이륜차/aihub_train_00000858_bb_1_210614_two-wheeled-vehicle_46_016.mp4,car_vs_motorcycle,car_vs_motorcycle,storage/vision/datasets/classification/raw_videos/차대이륜차/aihub_train_00000858_bb_1_210614_two-wheeled-vehicle_46_016.mp4,val,af283ab557061a4214e356de1e980c59576778d2a527e3fc2f6f60dc4e809ce6,aihub_source_suffix:46_016,source_filename_suffix_validated_by_exact_duplicates,blackbox_unspecified,filename_capture_code:bb,motorcycle,dataset_coarse_label,low_light,cv_first_middle_last_majority,auto_enriched_needs_human_review
car_vs_motorcycle,aihub_train_00001012_bb_1_190723_two-wheeled-vehicle_248_22110,/workspace/SKN27-FINAL-3Team/storage/vision/datasets/classification/raw_videos/차대이륜차/aihub_train_00001012_bb_1_190723_two-wheeled-vehicle_248_22110.mp4,car_vs_motorcycle,car_vs_motorcycle,storage/vision/datasets/classification/raw_videos/차대이륜차/aihub_train_00001012_bb_1_190723_two-wheeled-vehicle_248_22110.mp4,val,6398239cb21f27835fa335f7f13d5d108de3b7a862ec39b01234e68aac463987,aihub_source_suffix:248_22110,source_filename_suffix_validated_by_exact_duplicates,blackbox_unspecified,filename_capture_code:bb,motorcycle,dataset_coarse_label,night,cv_first_middle_last_majority,auto_enriched_needs_human_review
car_vs_motorcycle,aihub_train_00000870_bb_1_211106_two-wheeled-vehicle_195_137,/workspace/SKN27-FINAL-3Team/storage/vision/datasets/classification/raw_videos/차대이륜차/aihub_train_00000870_bb_1_211106_two-wheeled-vehicle_195_137.mp4,car_vs_motorcycle,car_vs_motorcycle,storage/vision/datasets/classification/raw_videos/차대이륜차/aihub_train_00000870_bb_1_211106_two-wheeled-vehicle_195_137.mp4,val,c61747152d760ae71dadba478520c4d4eaf44bbf52c3788a9a10947d14a2e712,aihub_source_suffix:195_137,source_filename_suffix_validated_by_exact_duplicates,blackbox_unspecified,filename_capture_code:bb,motorcycle,dataset_coarse_label,night,cv_first_middle_last_majority,auto_enriched_needs_human_review
car_vs_motorcycle,aihub_train_00000852_bb_1_210317_two-wheeled-vehicle_30_017,/workspace/SKN27-FINAL-3Team/storage/vision/datasets/classification/raw_videos/차대이륜차/aihub_train_00000852_bb_1_210317_two-wheeled-vehicle_30_017.mp4,car_vs_motorcycle,car_vs_motorcycle,storage/vision/datasets/classification/raw_videos/차대이륜차/aihub_train_00000852_bb_1_210317_two-wheeled-vehicle_30_017.mp4,val,f4de5d186ab81e0df1e28f5fb24d6b6122acae0b0ccfef5abf0892c311ca1485,aihub_source_suffix:30_017,source_filename_suffix_validated_by_exact_duplicates,blackbox_unspecified,filename_capture_code:bb,motorcycle,dataset_coarse_label,day,cv_first_middle_last_majority,auto_enriched_needs_human_review
car_vs_motorcycle,aihub_train_00000902_bb_3_171122_two-wheeled-vehicle_120_130,/workspace/SKN27-FINAL-3Team/storage/vision/datasets/classification/raw_videos/차대이륜차/aihub_train_00000902_bb_3_171122_two-wheeled-vehicle_120_130.mp4,car_vs_motorcycle,car_vs_motorcycle,storage/vision/datasets/classification/raw_videos/차대이륜차/aihub_train_00000902_bb_3_171122_two-wheeled-vehicle_120_130.mp4,val,f0fd0cd77f7f27cd35cec4d108dd4c55c47ed62fbd09eb462a8ed32389b5b2f8,aihub_source_suffix:120_130,source_filename_suffix_validated_by_exact_duplicates,blackbox_unspecified,filename_capture_code:bb,motorcycle,dataset_coarse_label,day,cv_first_middle_last_majority,auto_enriched_needs_human_review
car_vs_motorcycle,aihub_train_00001036_bb_1_200629_two-wheeled-vehicle_112_169,/workspace/SKN27-FINAL-3Team/storage/vision/datasets/classification/raw_videos/차대이륜차/aihub_train_00001036_bb_1_200629_two-wheeled-vehicle_112_169.mp4,car_vs_motorcycle,car_vs_motorcycle,storage/vision/datasets/classification/raw_videos/차대이륜차/aihub_train_00001036_bb_1_200629_two-wheeled-vehicle_112_169.mp4,val,129a6d9cd716d3f9e63ab5a162dab81626872184a90b0052e69221e3bb5bc12c,aihub_source_suffix:112_169,source_filename_suffix_validated_by_exact_duplicates,blackbox_unspecified,filename_capture_code:bb,motorcycle,dataset_coarse_label,day,cv_first_middle_last_majority,auto_enriched_needs_human_review
car_vs_motorcycle,aihub_train_00001130_bb_3_200504_two-wheeled-vehicle_126_283,/workspace/SKN27-FINAL-3Team/storage/vision/datasets/classification/raw_videos/차대이륜차/aihub_train_00001130_bb_3_200504_two-wheeled-vehicle_126_283.mp4,car_vs_motorcycle,car_vs_motorcycle,storage/vision/datasets/classification/raw_videos/차대이륜차/aihub_train_00001130_bb_3_200504_two-wheeled-vehicle_126_283.mp4,val,db88354e75ddafb9e9383c8557460828d47551dcef11de0738f91723242457ce,aihub_source_suffix:126_283,source_filename_suffix_validated_by_exact_duplicates,blackbox_unspecified,filename_capture_code:bb,motorcycle,dataset_coarse_label,day,cv_first_middle_last_majority,auto_enriched_needs_human_review
car_vs_motorcycle,aihub_train_00001057_bb_1_210213_two-wheeled-vehicle_45_012,/workspace/SKN27-FINAL-3Team/storage/vision/datasets/classification/raw_videos/차대이륜차/aihub_train_00001057_bb_1_210213_two-wheeled-vehicle_45_012.mp4,car_vs_motorcycle,car_vs_motorcycle,storage/vision/datasets/classification/raw_videos/차대이륜차/aihub_train_00001057_bb_1_210213_two-wheeled-vehicle_45_012.mp4,val,f8610465356e3527a6f3d172afecd43af1e48a06970b9f928ed48b04e3670dbc,aihub_source_suffix:45_012,source_filename_suffix_validated_by_exact_duplicates,blackbox_unspecified,filename_capture_code:bb,motorcycle,dataset_coarse_label,day,cv_first_middle_last_majority,auto_enriched_needs_human_review
car_vs_motorcycle,aihub_train_00000836_bb_1_200809_two-wheeled-vehicle_131_217,/workspace/SKN27-FINAL-3Team/storage/vision/datasets/classification/raw_videos/차대이륜차/aihub_train_00000836_bb_1_200809_two-wheeled-vehicle_131_217.mp4,car_vs_motorcycle,car_vs_motorcycle,storage/vision/datasets/classification/raw_videos/차대이륜차/aihub_train_00000836_bb_1_200809_two-wheeled-vehicle_131_217.mp4,val,b9a861319d6eade80f172207372f8e196a95586f0440513dff783f74f4953fd5,aihub_source_suffix:131_217,source_filename_suffix_validated_by_exact_duplicates,blackbox_unspecified,filename_capture_code:bb,motorcycle,dataset_coarse_label,day,cv_first_middle_last_majority,auto_enriched_needs_human_review
car_vs_motorcycle,aihub_train_00000973_bb_1_171203_two-wheeled-vehicle_123_041,/workspace/SKN27-FINAL-3Team/storage/vision/datasets/classification/raw_videos/차대이륜차/aihub_train_00000973_bb_1_171203_two-wheeled-vehicle_123_041.mp4,car_vs_motorcycle,car_vs_motorcycle,storage/vision/datasets/classification/raw_videos/차대이륜차/aihub_train_00000973_bb_1_171203_two-wheeled-vehicle_123_041.mp4,val,7a9cc450040d8f6729082cc29d498d6b1c77edbb19ee2fc750da0511dfd64667,aihub_source_suffix:123_041,source_filename_suffix_validated_by_exact_duplicates,blackbox_unspecified,filename_capture_code:bb,motorcycle,dataset_coarse_label,low_light,cv_first_middle_last_majority,auto_enriched_needs_human_review
car_vs_motorcycle,aihub_train_00000765_bb_1_150329_two-wheeled-vehicle_226_20661,/workspace/SKN27-FINAL-3Team/storage/vision/datasets/classification/raw_videos/차대이륜차/aihub_train_00000765_bb_1_150329_two-wheeled-vehicle_226_20661.mp4,car_vs_motorcycle,car_vs_motorcycle,storage/vision/datasets/classification/raw_videos/차대이륜차/aihub_train_00000765_bb_1_150329_two-wheeled-vehicle_226_20661.mp4,val,be9fe02cff0ec9f819efd4abe182a0e43871aca73997c5ffe66a09e6e0ed97d9,aihub_source_suffix:226_20661,source_filename_suffix_validated_by_exact_duplicates,blackbox_unspecified,filename_capture_code:bb,motorcycle,dataset_coarse_label,night,cv_first_middle_last_majority,auto_enriched_needs_human_review
car_vs_motorcycle,aihub_train_00001044_bb_1_200910_two-wheeled-vehicle_242_21480,/workspace/SKN27-FINAL-3Team/storage/vision/datasets/classification/raw_videos/차대이륜차/aihub_train_00001044_bb_1_200910_two-wheeled-vehicle_242_21480.mp4,car_vs_motorcycle,car_vs_motorcycle,storage/vision/datasets/classification/raw_videos/차대이륜차/aihub_train_00001044_bb_1_200910_two-wheeled-vehicle_242_21480.mp4,test,9380bbfdec0119e3f036335437f4b39c05e2217f09b7988d6fce4f9e54c3b011,aihub_source_suffix:242_21480,source_filename_suffix_validated_by_exact_duplicates,blackbox_unspecified,filename_capture_code:bb,motorcycle,dataset_coarse_label,low_light,cv_first_middle_last_majority,auto_enriched_needs_human_review
car_vs_motorcycle,aihub_train_00000867_bb_1_211006_two-wheeled-vehicle_142_182,/workspace/SKN27-FINAL-3Team/storage/vision/datasets/classification/raw_videos/차대이륜차/aihub_train_00000867_bb_1_211006_two-wheeled-vehicle_142_182.mp4,car_vs_motorcycle,car_vs_motorcycle,storage/vision/datasets/classification/raw_videos/차대이륜차/aihub_train_00000867_bb_1_211006_two-wheeled-vehicle_142_182.mp4,test,af9c18e902f707d7c825146089e933af40671152ef8666e06afed9b13b0f1120,aihub_source_suffix:142_182,source_filename_suffix_validated_by_exact_duplicates,blackbox_unspecified,filename_capture_code:bb,motorcycle,dataset_coarse_label,night,cv_first_middle_last_majority,auto_enriched_needs_human_review
car_vs_motorcycle,aihub_train_00001023_bb_1_191219_two-wheeled-vehicle_113_331,/workspace/SKN27-FINAL-3Team/storage/vision/datasets/classification/raw_videos/차대이륜차/aihub_train_00001023_bb_1_191219_two-wheeled-vehicle_113_331.mp4,car_vs_motorcycle,car_vs_motorcycle,storage/vision/datasets/classification/raw_videos/차대이륜차/aihub_train_00001023_bb_1_191219_two-wheeled-vehicle_113_331.mp4,test,5b19c0a31e072f63db42c12aca9a1ca45c2762ee9583240369a75ff35f01ecb8,aihub_source_suffix:113_331,source_filename_suffix_validated_by_exact_duplicates,blackbox_unspecified,filename_capture_code:bb,motorcycle,dataset_coarse_label,night,cv_first_middle_last_majority,auto_enriched_needs_human_review
car_vs_motorcycle,aihub_train_00001133_bb_3_210107_two-wheeled-vehicle_207_22161,/workspace/SKN27-FINAL-3Team/storage/vision/datasets/classification/raw_videos/차대이륜차/aihub_train_00001133_bb_3_210107_two-wheeled-vehicle_207_22161.mp4,car_vs_motorcycle,car_vs_motorcycle,storage/vision/datasets/classification/raw_videos/차대이륜차/aihub_train_00001133_bb_3_210107_two-wheeled-vehicle_207_22161.mp4,test,771d13f38f245cb0770e60c0130f87084003eae6b4c26802b048b0d58dbb26af,aihub_source_suffix:207_22161,source_filename_suffix_validated_by_exact_duplicates,blackbox_unspecified,filename_capture_code:bb,motorcycle,dataset_coarse_label,night,cv_first_middle_last_majority,auto_enriched_needs_human_review
car_vs_motorcycle,aihub_train_00001124_bb_3_190803_two-wheeled-vehicle_30_070,/workspace/SKN27-FINAL-3Team/storage/vision/datasets/classification/raw_videos/차대이륜차/aihub_train_00001124_bb_3_190803_two-wheeled-vehicle_30_070.mp4,car_vs_motorcycle,car_vs_motorcycle,storage/vision/datasets/classification/raw_videos/차대이륜차/aihub_train_00001124_bb_3_190803_two-wheeled-vehicle_30_070.mp4,test,c977c841ea12c6157da61a3f38d1b50171860b98cfa5d14d28f460c3cbfaae47,aihub_source_suffix:30_070,source_filename_suffix_validated_by_exact_duplicates,blackbox_unspecified,filename_capture_code:bb,motorcycle,dataset_coarse_label,day,cv_first_middle_last_majority,auto_enriched_needs_human_review
car_vs_motorcycle,aihub_train_00000880_bb_1_220219_two-wheeled-vehicle_260_21656,/workspace/SKN27-FINAL-3Team/storage/vision/datasets/classification/raw_videos/차대이륜차/aihub_train_00000880_bb_1_220219_two-wheeled-vehicle_260_21656.mp4,car_vs_motorcycle,car_vs_motorcycle,storage/vision/datasets/classification/raw_videos/차대이륜차/aihub_train_00000880_bb_1_220219_two-wheeled-vehicle_260_21656.mp4,test,1a5e01139772bf0ad521b9c2852e481776b71745d075579b6f5eb1e228976165,aihub_source_suffix:260_21656,source_filename_suffix_validated_by_exact_duplicates,blackbox_unspecified,filename_capture_code:bb,motorcycle,dataset_coarse_label,low_light,cv_first_middle_last_majority,auto_enriched_needs_human_review
car_vs_motorcycle,aihub_train_00000835_bb_1_200715_two-wheeled-vehicle_143_182,/workspace/SKN27-FINAL-3Team/storage/vision/datasets/classification/raw_videos/차대이륜차/aihub_train_00000835_bb_1_200715_two-wheeled-vehicle_143_182.mp4,car_vs_motorcycle,car_vs_motorcycle,storage/vision/datasets/classification/raw_videos/차대이륜차/aihub_train_00000835_bb_1_200715_two-wheeled-vehicle_143_182.mp4,test,8b0bfce4b84452d6907d74079566ab1206af744e2c8c806986e83fb0022d05d8,aihub_source_suffix:143_182,source_filename_suffix_validated_by_exact_duplicates,blackbox_unspecified,filename_capture_code:bb,motorcycle,dataset_coarse_label,day,cv_first_middle_last_majority,auto_enriched_needs_human_review
car_vs_motorcycle,aihub_train_00000791_bb_1_180519_two-wheeled-vehicle_48_088,/workspace/SKN27-FINAL-3Team/storage/vision/datasets/classification/raw_videos/차대이륜차/aihub_train_00000791_bb_1_180519_two-wheeled-vehicle_48_088.mp4,car_vs_motorcycle,car_vs_motorcycle,storage/vision/datasets/classification/raw_videos/차대이륜차/aihub_train_00000791_bb_1_180519_two-wheeled-vehicle_48_088.mp4,test,5494549cedf7f66bda6347ac56af7635b5aa27ea47c8f96b2fe17ad6d229f02e,aihub_source_suffix:48_088,source_filename_suffix_validated_by_exact_duplicates,blackbox_unspecified,filename_capture_code:bb,motorcycle,dataset_coarse_label,day,cv_first_middle_last_majority,auto_enriched_needs_human_review
car_vs_motorcycle,aihub_train_00000874_bb_1_211129_two-wheeled-vehicle_130_010,/workspace/SKN27-FINAL-3Team/storage/vision/datasets/classification/raw_videos/차대이륜차/aihub_train_00000874_bb_1_211129_two-wheeled-vehicle_130_010.mp4,car_vs_motorcycle,car_vs_motorcycle,storage/vision/datasets/classification/raw_videos/차대이륜차/aihub_train_00000874_bb_1_211129_two-wheeled-vehicle_130_010.mp4,test,ab9343b8b1340e9934bc6c6bf4a5e3f394a5b4b1658c0a48d7c61dc21f410ba1,aihub_source_suffix:130_010,source_filename_suffix_validated_by_exact_duplicates,blackbox_unspecified,filename_capture_code:bb,motorcycle,dataset_coarse_label,day,cv_first_middle_last_majority,auto_enriched_needs_human_review
car_vs_motorcycle,aihub_train_00000770_bb_1_161224_two-wheeled-vehicle_232_22526,/workspace/SKN27-FINAL-3Team/storage/vision/datasets/classification/raw_videos/차대이륜차/aihub_train_00000770_bb_1_161224_two-wheeled-vehicle_232_22526.mp4,car_vs_motorcycle,car_vs_motorcycle,storage/vision/datasets/classification/raw_videos/차대이륜차/aihub_train_00000770_bb_1_161224_two-wheeled-vehicle_232_22526.mp4,test,172c249a7770b496f3197b50ff8511dc9114f085ee823373fec24099493398f8,aihub_source_suffix:232_22526,source_filename_suffix_validated_by_exact_duplicates,blackbox_unspecified,filename_capture_code:bb,motorcycle,dataset_coarse_label,low_light,cv_first_middle_last_majority,auto_enriched_needs_human_review
car_vs_motorcycle,aihub_train_00001100_bb_1_220409_two-wheeled-vehicle_239_35972,/workspace/SKN27-FINAL-3Team/storage/vision/datasets/classification/raw_videos/차대이륜차/aihub_train_00001100_bb_1_220409_two-wheeled-vehicle_239_35972.mp4,car_vs_motorcycle,car_vs_motorcycle,storage/vision/datasets/classification/raw_videos/차대이륜차/aihub_train_00001100_bb_1_220409_two-wheeled-vehicle_239_35972.mp4,test,3c4db95c4be7fa6c0f5c96bbad27f49c465515cf68860fbec40e0ee1b18ada7b,aihub_source_suffix:239_35972,source_filename_suffix_validated_by_exact_duplicates,blackbox_unspecified,filename_capture_code:bb,motorcycle,dataset_coarse_label,night,cv_first_middle_last_majority,auto_enriched_needs_human_review
car_vs_motorcycle,aihub_train_00001108_bb_3_150205_two-wheeled-vehicle_203_22426,/workspace/SKN27-FINAL-3Team/storage/vision/datasets/classification/raw_videos/차대이륜차/aihub_train_00001108_bb_3_150205_two-wheeled-vehicle_203_22426.mp4,car_vs_motorcycle,car_vs_motorcycle,storage/vision/datasets/classification/raw_videos/차대이륜차/aihub_train_00001108_bb_3_150205_two-wheeled-vehicle_203_22426.mp4,test,b0a448dd725b5058f432841a22678dd4d978c114ca298813eb95f82fc3e746a9,aihub_source_suffix:203_22426,source_filename_suffix_validated_by_exact_duplicates,blackbox_unspecified,filename_capture_code:bb,motorcycle,dataset_coarse_label,low_light,cv_first_middle_last_majority,auto_enriched_needs_human_review
car_vs_motorcycle,aihub_train_00001003_bb_1_190429_two-wheeled-vehicle_114_142,/workspace/SKN27-FINAL-3Team/storage/vision/datasets/classification/raw_videos/차대이륜차/aihub_train_00001003_bb_1_190429_two-wheeled-vehicle_114_142.mp4,car_vs_motorcycle,car_vs_motorcycle,storage/vision/datasets/classification/raw_videos/차대이륜차/aihub_train_00001003_bb_1_190429_two-wheeled-vehicle_114_142.mp4,test,471d45a8ff70d8e6651a003c1c6655347e71f45fb81d80aa7dac003c5f28018d,aihub_source_suffix:114_142,source_filename_suffix_validated_by_exact_duplicates,blackbox_unspecified,filename_capture_code:bb,motorcycle,dataset_coarse_label,day,cv_first_middle_last_majority,auto_enriched_needs_human_review
car_vs_motorcycle,aihub_train_00000974_bb_1_171207_two-wheeled-vehicle_147_016,/workspace/SKN27-FINAL-3Team/storage/vision/datasets/classification/raw_videos/차대이륜차/aihub_train_00000974_bb_1_171207_two-wheeled-vehicle_147_016.mp4,car_vs_motorcycle,car_vs_motorcycle,storage/vision/datasets/classification/raw_videos/차대이륜차/aihub_train_00000974_bb_1_171207_two-wheeled-vehicle_147_016.mp4,test,656b8e0e9d738c4b2403d4699d4c34998b6abd593277c27874a7d5d2bf87d754,aihub_source_suffix:147_016,source_filename_suffix_validated_by_exact_duplicates,blackbox_unspecified,filename_capture_code:bb,motorcycle,dataset_coarse_label,night,cv_first_middle_last_majority,auto_enriched_needs_human_review
car_vs_motorcycle,aihub_train_00000903_bb_3_180322_two-wheeled-vehicle_229_22055,/workspace/SKN27-FINAL-3Team/storage/vision/datasets/classification/raw_videos/차대이륜차/aihub_train_00000903_bb_3_180322_two-wheeled-vehicle_229_22055.mp4,car_vs_motorcycle,car_vs_motorcycle,storage/vision/datasets/classification/raw_videos/차대이륜차/aihub_train_00000903_bb_3_180322_two-wheeled-vehicle_229_22055.mp4,test,747c55831c26abd4bd0fa8a7eb371ed99dbf59d70f8588e2d425c309d80df693,aihub_source_suffix:229_22055,source_filename_suffix_validated_by_exact_duplicates,blackbox_unspecified,filename_capture_code:bb,motorcycle,dataset_coarse_label,night,cv_first_middle_last_majority,auto_enriched_needs_human_review
car_vs_bicycle,aihub_train_00002812_bb_3_120214_bike_118_007,/workspace/SKN27-FINAL-3Team/storage/vision/datasets/classification/raw_videos/차대자전거/aihub_train_00002812_bb_3_120214_bike_118_007.mp4,car_vs_bicycle,car_vs_bicycle,storage/vision/datasets/classification/raw_videos/차대자전거/aihub_train_00002812_bb_3_120214_bike_118_007.mp4,train,dec0bbe3ad95ebcad019446aeb9572c8ca7c39463e5d7756aab7f2c7767eaf37,aihub_source_suffix:118_007,source_filename_suffix_validated_by_exact_duplicates,blackbox_unspecified,filename_capture_code:bb,bicycle,dataset_coarse_label,low_light,cv_first_middle_last_majority,auto_enriched_needs_human_review
car_vs_bicycle,aihub_train_00002780_bb_1_210202_bike_201_21799,/workspace/SKN27-FINAL-3Team/storage/vision/datasets/classification/raw_videos/차대자전거/aihub_train_00002780_bb_1_210202_bike_201_21799.mp4,car_vs_bicycle,car_vs_bicycle,storage/vision/datasets/classification/raw_videos/차대자전거/aihub_train_00002780_bb_1_210202_bike_201_21799.mp4,train,86cf1ba5d7c058f5f55b76fa0048dee84ef2291f98640cf0b65170fd398c1b9a,aihub_source_suffix:201_21799,source_filename_suffix_validated_by_exact_duplicates,blackbox_unspecified,filename_capture_code:bb,bicycle,dataset_coarse_label,low_light,cv_first_middle_last_majority,auto_enriched_needs_human_review
car_vs_bicycle,aihub_train_00002767_bb_1_200705_bike_144_248,/workspace/SKN27-FINAL-3Team/storage/vision/datasets/classification/raw_videos/차대자전거/aihub_train_00002767_bb_1_200705_bike_144_248.mp4,car_vs_bicycle,car_vs_bicycle,storage/vision/datasets/classification/raw_videos/차대자전거/aihub_train_00002767_bb_1_200705_bike_144_248.mp4,train,db10dc01a42bcd04cc20c059c7f4e532b174a069794d54180f8eedd3dfbf3f47,aihub_source_suffix:144_248,source_filename_suffix_validated_by_exact_duplicates,blackbox_unspecified,filename_capture_code:bb,bicycle,dataset_coarse_label,day,cv_first_middle_last_majority,auto_enriched_needs_human_review
car_vs_bicycle,aihub_train_00002784_bb_1_210414_bike_244_21092,/workspace/SKN27-FINAL-3Team/storage/vision/datasets/classification/raw_videos/차대자전거/aihub_train_00002784_bb_1_210414_bike_244_21092.mp4,car_vs_bicycle,car_vs_bicycle,storage/vision/datasets/classification/raw_videos/차대자전거/aihub_train_00002784_bb_1_210414_bike_244_21092.mp4,train,152f32bd8931105d551b4e2148d53e6f6d0ad00e2d1b1e2cc91e1aba50b34a2a,aihub_source_suffix:244_21092,source_filename_suffix_validated_by_exact_duplicates,blackbox_unspecified,filename_capture_code:bb,bicycle,dataset_coarse_label,low_light,cv_first_middle_last_majority,auto_enriched_needs_human_review
car_vs_bicycle,aihub_train_00002713_bb_1_151011_bike_247_21709,/workspace/SKN27-FINAL-3Team/storage/vision/datasets/classification/raw_videos/차대자전거/aihub_train_00002713_bb_1_151011_bike_247_21709.mp4,car_vs_bicycle,car_vs_bicycle,storage/vision/datasets/classification/raw_videos/차대자전거/aihub_train_00002713_bb_1_151011_bike_247_21709.mp4,train,aea4ae48bbf3ff8156378ca1d99517b32296c1dfe42fd6b1ff2e7db014259be0,aihub_source_suffix:247_21709,source_filename_suffix_validated_by_exact_duplicates,blackbox_unspecified,filename_capture_code:bb,bicycle,dataset_coarse_label,night,cv_first_middle_last_majority,auto_enriched_needs_human_review
car_vs_bicycle,aihub_train_00002798_bb_1_210910_bike_233_21604,/workspace/SKN27-FINAL-3Team/storage/vision/datasets/classification/raw_videos/차대자전거/aihub_train_00002798_bb_1_210910_bike_233_21604.mp4,car_vs_bicycle,car_vs_bicycle,storage/vision/datasets/classification/raw_videos/차대자전거/aihub_train_00002798_bb_1_210910_bike_233_21604.mp4,train,6b7d22d54cb56a07e02e725643aae2c5ae0fb314d8896385bac95022c83f3788,aihub_source_suffix:233_21604,source_filename_suffix_validated_by_exact_duplicates,blackbox_unspecified,filename_capture_code:bb,bicycle,dataset_coarse_label,night,cv_first_middle_last_majority,auto_enriched_needs_human_review
car_vs_bicycle,aihub_train_00002832_cc_3_190318_bike_224_21598,/workspace/SKN27-FINAL-3Team/storage/vision/datasets/classification/raw_videos/차대자전거/aihub_train_00002832_cc_3_190318_bike_224_21598.mp4,car_vs_bicycle,car_vs_bicycle,storage/vision/datasets/classification/raw_videos/차대자전거/aihub_train_00002832_cc_3_190318_bike_224_21598.mp4,train,08b5f31e1486c667a6c966ef0c219fe05fa8b74521c812672564b2bec3c047f3,aihub_source_suffix:224_21598,source_filename_suffix_validated_by_exact_duplicates,cctv_fixed,filename_capture_code:cc,bicycle,dataset_coarse_label,low_light,cv_first_middle_last_majority,auto_enriched_needs_human_review
car_vs_bicycle,aihub_train_00002837_cc_3_200613_bike_246_23066,/workspace/SKN27-FINAL-3Team/storage/vision/datasets/classification/raw_videos/차대자전거/aihub_train_00002837_cc_3_200613_bike_246_23066.mp4,car_vs_bicycle,car_vs_bicycle,storage/vision/datasets/classification/raw_videos/차대자전거/aihub_train_00002837_cc_3_200613_bike_246_23066.mp4,train,c55a2585fe2f79da8641cf2b2dcdd3e3313ae53ad7d9e5e7503b17895ea9edd3,aihub_source_suffix:246_23066,source_filename_suffix_validated_by_exact_duplicates,cctv_fixed,filename_capture_code:cc,bicycle,dataset_coarse_label,night,cv_first_middle_last_majority,auto_enriched_needs_human_review
car_vs_bicycle,aihub_train_00002789_bb_1_210510_bike_201_20538,/workspace/SKN27-FINAL-3Team/storage/vision/datasets/classification/raw_videos/차대자전거/aihub_train_00002789_bb_1_210510_bike_201_20538.mp4,car_vs_bicycle,car_vs_bicycle,storage/vision/datasets/classification/raw_videos/차대자전거/aihub_train_00002789_bb_1_210510_bike_201_20538.mp4,train,743a4e9d8d26b5256693b3440a123f777b2281c6397c12f5ec886fa7dbc0cf34,aihub_source_suffix:201_20538,source_filename_suffix_validated_by_exact_duplicates,blackbox_unspecified,filename_capture_code:bb,bicycle,dataset_coarse_label,night,cv_first_middle_last_majority,auto_enriched_needs_human_review
car_vs_bicycle,aihub_train_00002822_bb_3_170213_bike_233_22251,/workspace/SKN27-FINAL-3Team/storage/vision/datasets/classification/raw_videos/차대자전거/aihub_train_00002822_bb_3_170213_bike_233_22251.mp4,car_vs_bicycle,car_vs_bicycle,storage/vision/datasets/classification/raw_videos/차대자전거/aihub_train_00002822_bb_3_170213_bike_233_22251.mp4,train,ef62d9038163c7f1d45c8c6826d82093ca2365df1bc796b6bf45ea8b82e84ed7,aihub_source_suffix:233_22251,source_filename_suffix_validated_by_exact_duplicates,blackbox_unspecified,filename_capture_code:bb,bicycle,dataset_coarse_label,low_light,cv_first_middle_last_majority,auto_enriched_needs_human_review
car_vs_bicycle,aihub_train_00002718_bb_1_160513_bike_246_21562,/workspace/SKN27-FINAL-3Team/storage/vision/datasets/classification/raw_videos/차대자전거/aihub_train_00002718_bb_1_160513_bike_246_21562.mp4,car_vs_bicycle,car_vs_bicycle,storage/vision/datasets/classification/raw_videos/차대자전거/aihub_train_00002718_bb_1_160513_bike_246_21562.mp4,train,2659a5309e0cc3bdde0304c9ff65e616bf2b610282254df8cc301845a80181ca,aihub_source_suffix:246_21562,source_filename_suffix_validated_by_exact_duplicates,blackbox_unspecified,filename_capture_code:bb,bicycle,dataset_coarse_label,low_light,cv_first_middle_last_majority,auto_enriched_needs_human_review
car_vs_bicycle,aihub_train_00002781_bb_1_210219_bike_120_205,/workspace/SKN27-FINAL-3Team/storage/vision/datasets/classification/raw_videos/차대자전거/aihub_train_00002781_bb_1_210219_bike_120_205.mp4,car_vs_bicycle,car_vs_bicycle,storage/vision/datasets/classification/raw_videos/차대자전거/aihub_train_00002781_bb_1_210219_bike_120_205.mp4,train,4d1cf8879dd8cfbabb374899925d1cda5c339e2f0812e4d67c42ee3730aef683,aihub_source_suffix:120_205,source_filename_suffix_validated_by_exact_duplicates,blackbox_unspecified,filename_capture_code:bb,bicycle,dataset_coarse_label,day,cv_first_middle_last_majority,auto_enriched_needs_human_review
car_vs_bicycle,aihub_train_00002771_bb_1_200912_bike_235_24771,/workspace/SKN27-FINAL-3Team/storage/vision/datasets/classification/raw_videos/차대자전거/aihub_train_00002771_bb_1_200912_bike_235_24771.mp4,car_vs_bicycle,car_vs_bicycle,storage/vision/datasets/classification/raw_videos/차대자전거/aihub_train_00002771_bb_1_200912_bike_235_24771.mp4,train,00c4891ef2681f163e76f6a9094c6b263c3eb5837f77bb1a43deb7c4a2531fdb,aihub_source_suffix:235_24771,source_filename_suffix_validated_by_exact_duplicates,blackbox_unspecified,filename_capture_code:bb,bicycle,dataset_coarse_label,low_light,cv_first_middle_last_majority,auto_enriched_needs_human_review
car_vs_bicycle,aihub_train_00002785_bb_1_210422_bike_116_251,/workspace/SKN27-FINAL-3Team/storage/vision/datasets/classification/raw_videos/차대자전거/aihub_train_00002785_bb_1_210422_bike_116_251.mp4,car_vs_bicycle,car_vs_bicycle,storage/vision/datasets/classification/raw_videos/차대자전거/aihub_train_00002785_bb_1_210422_bike_116_251.mp4,train,99244788e8a5a403dfa818ca8cd27b8ced6325a0c600f233fbe7105dabffb7e0,aihub_source_suffix:116_251,source_filename_suffix_validated_by_exact_duplicates,blackbox_unspecified,filename_capture_code:bb,bicycle,dataset_coarse_label,day,cv_first_middle_last_majority,auto_enriched_needs_human_review
car_vs_bicycle,aihub_train_00002762_bb_1_200519_bike_198_025,/workspace/SKN27-FINAL-3Team/storage/vision/datasets/classification/raw_videos/차대자전거/aihub_train_00002762_bb_1_200519_bike_198_025.mp4,car_vs_bicycle,car_vs_bicycle,storage/vision/datasets/classification/raw_videos/차대자전거/aihub_train_00002762_bb_1_200519_bike_198_025.mp4,train,b1e27b4f870fb99569861561a20b76207d0e848d212054f45ab54c0e7c3d32e0,aihub_source_suffix:198_025,source_filename_suffix_validated_by_exact_duplicates,blackbox_unspecified,filename_capture_code:bb,bicycle,dataset_coarse_label,day,cv_first_middle_last_majority,auto_enriched_needs_human_review
car_vs_bicycle,aihub_train_00002836_cc_3_200303_bike_116_279,/workspace/SKN27-FINAL-3Team/storage/vision/datasets/classification/raw_videos/차대자전거/aihub_train_00002836_cc_3_200303_bike_116_279.mp4,car_vs_bicycle,car_vs_bicycle,storage/vision/datasets/classification/raw_videos/차대자전거/aihub_train_00002836_cc_3_200303_bike_116_279.mp4,train,db372e62c550e86dd3a7e0919e3410202d0c3a76714656fdb35b1de34d040253,aihub_source_suffix:116_279,source_filename_suffix_validated_by_exact_duplicates,cctv_fixed,filename_capture_code:cc,bicycle,dataset_coarse_label,day,cv_first_middle_last_majority,auto_enriched_needs_human_review
car_vs_bicycle,aihub_train_00002807_bb_1_220129_bike_212_22226,/workspace/SKN27-FINAL-3Team/storage/vision/datasets/classification/raw_videos/차대자전거/aihub_train_00002807_bb_1_220129_bike_212_22226.mp4,car_vs_bicycle,car_vs_bicycle,storage/vision/datasets/classification/raw_videos/차대자전거/aihub_train_00002807_bb_1_220129_bike_212_22226.mp4,train,a623e57dbc250805514f9feae4f9a81d884ca3ebdf98915dcdafb4256776b8b1,aihub_source_suffix:212_22226,source_filename_suffix_validated_by_exact_duplicates,blackbox_unspecified,filename_capture_code:bb,bicycle,dataset_coarse_label,low_light,cv_first_middle_last_majority,auto_enriched_needs_human_review
car_vs_bicycle,aihub_train_00002757_bb_1_191004_bike_145_160,/workspace/SKN27-FINAL-3Team/storage/vision/datasets/classification/raw_videos/차대자전거/aihub_train_00002757_bb_1_191004_bike_145_160.mp4,car_vs_bicycle,car_vs_bicycle,storage/vision/datasets/classification/raw_videos/차대자전거/aihub_train_00002757_bb_1_191004_bike_145_160.mp4,train,a538888fd6a3f5be4a2787e985b11941c01ed824857b05d7c4ac37e8d905849c,aihub_source_suffix:145_160,source_filename_suffix_validated_by_exact_duplicates,blackbox_unspecified,filename_capture_code:bb,bicycle,dataset_coarse_label,low_light,cv_first_middle_last_majority,auto_enriched_needs_human_review
car_vs_bicycle,aihub_train_00002693_bb_1_100723_bike_244_22136,/workspace/SKN27-FINAL-3Team/storage/vision/datasets/classification/raw_videos/차대자전거/aihub_train_00002693_bb_1_100723_bike_244_22136.mp4,car_vs_bicycle,car_vs_bicycle,storage/vision/datasets/classification/raw_videos/차대자전거/aihub_train_00002693_bb_1_100723_bike_244_22136.mp4,train,70139f0abc13af0a20df7727dcf164fd67af413404b0d6b65f50fbb449185561,aihub_source_suffix:244_22136,source_filename_suffix_validated_by_exact_duplicates,blackbox_unspecified,filename_capture_code:bb,bicycle,dataset_coarse_label,low_light,cv_first_middle_last_majority,auto_enriched_needs_human_review
car_vs_bicycle,aihub_train_00002778_bb_1_201203_bike_200_168,/workspace/SKN27-FINAL-3Team/storage/vision/datasets/classification/raw_videos/차대자전거/aihub_train_00002778_bb_1_201203_bike_200_168.mp4,car_vs_bicycle,car_vs_bicycle,storage/vision/datasets/classification/raw_videos/차대자전거/aihub_train_00002778_bb_1_201203_bike_200_168.mp4,train,c2d197ffd9158b0e6174ca5825ac95858730d703c59b2a98614f49cc6706d9b4,aihub_source_suffix:200_168,source_filename_suffix_validated_by_exact_duplicates,blackbox_unspecified,filename_capture_code:bb,bicycle,dataset_coarse_label,low_light,cv_first_middle_last_majority,auto_enriched_needs_human_review
car_vs_bicycle,aihub_train_00002788_bb_1_210507_bike_30_006,/workspace/SKN27-FINAL-3Team/storage/vision/datasets/classification/raw_videos/차대자전거/aihub_train_00002788_bb_1_210507_bike_30_006.mp4,car_vs_bicycle,car_vs_bicycle,storage/vision/datasets/classification/raw_videos/차대자전거/aihub_train_00002788_bb_1_210507_bike_30_006.mp4,train,9217ad7564db7946d8983e5bfef25dc0adc667eb22a8c961d074a8c8224f16f5,aihub_source_suffix:30_006,source_filename_suffix_validated_by_exact_duplicates,blackbox_unspecified,filename_capture_code:bb,bicycle,dataset_coarse_label,day,cv_first_middle_last_majority,auto_enriched_needs_human_review
car_vs_bicycle,aihub_train_00002717_bb_1_160506_bike_200_20920,/workspace/SKN27-FINAL-3Team/storage/vision/datasets/classification/raw_videos/차대자전거/aihub_train_00002717_bb_1_160506_bike_200_20920.mp4,car_vs_bicycle,car_vs_bicycle,storage/vision/datasets/classification/raw_videos/차대자전거/aihub_train_00002717_bb_1_160506_bike_200_20920.mp4,train,4441df238264af1166c9ccf06acd412ad86f7e388feea6571354f753bd3e7df2,aihub_source_suffix:200_20920,source_filename_suffix_validated_by_exact_duplicates,blackbox_unspecified,filename_capture_code:bb,bicycle,dataset_coarse_label,low_light,cv_first_middle_last_majority,auto_enriched_needs_human_review
car_vs_bicycle,aihub_train_00002776_bb_1_201103_bike_192_100,/workspace/SKN27-FINAL-3Team/storage/vision/datasets/classification/raw_videos/차대자전거/aihub_train_00002776_bb_1_201103_bike_192_100.mp4,car_vs_bicycle,car_vs_bicycle,storage/vision/datasets/classification/raw_videos/차대자전거/aihub_train_00002776_bb_1_201103_bike_192_100.mp4,train,7e49850132d2e98a3e0abf1ad777762ce1a534f297a109d57771ae0f42cf2004,aihub_source_suffix:192_100,source_filename_suffix_validated_by_exact_duplicates,blackbox_unspecified,filename_capture_code:bb,bicycle,dataset_coarse_label,day,cv_first_middle_last_majority,auto_enriched_needs_human_review
car_vs_bicycle,aihub_train_00002831_cc_3_190212_bike_120_089,/workspace/SKN27-FINAL-3Team/storage/vision/datasets/classification/raw_videos/차대자전거/aihub_train_00002831_cc_3_190212_bike_120_089.mp4,car_vs_bicycle,car_vs_bicycle,storage/vision/datasets/classification/raw_videos/차대자전거/aihub_train_00002831_cc_3_190212_bike_120_089.mp4,train,a27e9e3f4e08154436d9dc978eeec60d272643bf5c017aebeabd927e0e32b0e2,aihub_source_suffix:120_089,source_filename_suffix_validated_by_exact_duplicates,cctv_fixed,filename_capture_code:cc,bicycle,dataset_coarse_label,day,cv_first_middle_last_majority,auto_enriched_needs_human_review
car_vs_bicycle,aihub_train_00002811_bb_1_220724_bike_225_21926,/workspace/SKN27-FINAL-3Team/storage/vision/datasets/classification/raw_videos/차대자전거/aihub_train_00002811_bb_1_220724_bike_225_21926.mp4,car_vs_bicycle,car_vs_bicycle,storage/vision/datasets/classification/raw_videos/차대자전거/aihub_train_00002811_bb_1_220724_bike_225_21926.mp4,train,ef760bdbd5d8a2da6134bb59506cafedc229a2bedd23ae12924fe0d7267ca67c,aihub_source_suffix:225_21926,source_filename_suffix_validated_by_exact_duplicates,blackbox_unspecified,filename_capture_code:bb,bicycle,dataset_coarse_label,low_light,cv_first_middle_last_majority,auto_enriched_needs_human_review
car_vs_bicycle,aihub_train_00002823_bb_3_181122_bike_208_22144,/workspace/SKN27-FINAL-3Team/storage/vision/datasets/classification/raw_videos/차대자전거/aihub_train_00002823_bb_3_181122_bike_208_22144.mp4,car_vs_bicycle,car_vs_bicycle,storage/vision/datasets/classification/raw_videos/차대자전거/aihub_train_00002823_bb_3_181122_bike_208_22144.mp4,train,fcb7677603605c80a7ea25850eaa830b46757804ddb60295bc4ef73a0789a3f9,aihub_source_suffix:208_22144,source_filename_suffix_validated_by_exact_duplicates,blackbox_unspecified,filename_capture_code:bb,bicycle,dataset_coarse_label,low_light,cv_first_middle_last_majority,auto_enriched_needs_human_review
car_vs_bicycle,aihub_train_00002805_bb_1_220118_bike_38_029,/workspace/SKN27-FINAL-3Team/storage/vision/datasets/classification/raw_videos/차대자전거/aihub_train_00002805_bb_1_220118_bike_38_029.mp4,car_vs_bicycle,car_vs_bicycle,storage/vision/datasets/classification/raw_videos/차대자전거/aihub_train_00002805_bb_1_220118_bike_38_029.mp4,train,d4b70823487d50a23e3a1097f32cd1de6bed3b150d31fb404fffe025ac2272f5,aihub_source_suffix:38_029,source_filename_suffix_validated_by_exact_duplicates,blackbox_unspecified,filename_capture_code:bb,bicycle,dataset_coarse_label,low_light,cv_first_middle_last_majority,auto_enriched_needs_human_review
car_vs_bicycle,aihub_train_00002794_bb_1_210710_bike_113_230,/workspace/SKN27-FINAL-3Team/storage/vision/datasets/classification/raw_videos/차대자전거/aihub_train_00002794_bb_1_210710_bike_113_230.mp4,car_vs_bicycle,car_vs_bicycle,storage/vision/datasets/classification/raw_videos/차대자전거/aihub_train_00002794_bb_1_210710_bike_113_230.mp4,train,d37401be97da450fa46ebe65dedd0060edc60bb88585a086a9c202f75e86e1c1,aihub_source_suffix:113_230,source_filename_suffix_validated_by_exact_duplicates,blackbox_unspecified,filename_capture_code:bb,bicycle,dataset_coarse_label,day,cv_first_middle_last_majority,auto_enriched_needs_human_review
car_vs_bicycle,aihub_train_00002720_bb_1_160708_bike_38_003,/workspace/SKN27-FINAL-3Team/storage/vision/datasets/classification/raw_videos/차대자전거/aihub_train_00002720_bb_1_160708_bike_38_003.mp4,car_vs_bicycle,car_vs_bicycle,storage/vision/datasets/classification/raw_videos/차대자전거/aihub_train_00002720_bb_1_160708_bike_38_003.mp4,train,e0154e48d250abe53b44318aa1ecacea69b5fb8be10d49ac4dd8145406ad31e2,aihub_source_suffix:38_003,source_filename_suffix_validated_by_exact_duplicates,blackbox_unspecified,filename_capture_code:bb,bicycle,dataset_coarse_label,low_light,cv_first_middle_last_majority,auto_enriched_needs_human_review
car_vs_bicycle,aihub_train_00002727_bb_1_170423_bike_192_097,/workspace/SKN27-FINAL-3Team/storage/vision/datasets/classification/raw_videos/차대자전거/aihub_train_00002727_bb_1_170423_bike_192_097.mp4,car_vs_bicycle,car_vs_bicycle,storage/vision/datasets/classification/raw_videos/차대자전거/aihub_train_00002727_bb_1_170423_bike_192_097.mp4,train,55b82800df4107b8dfffd336b2c711f6effbc54afa02172c7fba0255a7036033,aihub_source_suffix:192_097,source_filename_suffix_validated_by_exact_duplicates,blackbox_unspecified,filename_capture_code:bb,bicycle,dataset_coarse_label,day,cv_first_middle_last_majority,auto_enriched_needs_human_review
car_vs_bicycle,aihub_train_00002786_bb_1_210429_bike_130_175,/workspace/SKN27-FINAL-3Team/storage/vision/datasets/classification/raw_videos/차대자전거/aihub_train_00002786_bb_1_210429_bike_130_175.mp4,car_vs_bicycle,car_vs_bicycle,storage/vision/datasets/classification/raw_videos/차대자전거/aihub_train_00002786_bb_1_210429_bike_130_175.mp4,train,64df90ed47800986f83a990e8844dce48dba55f2bb8b1ec3ea176aed1433f706,aihub_source_suffix:130_175,source_filename_suffix_validated_by_exact_duplicates,blackbox_unspecified,filename_capture_code:bb,bicycle,dataset_coarse_label,day,cv_first_middle_last_majority,auto_enriched_needs_human_review
car_vs_bicycle,aihub_train_00002714_bb_1_151204_bike_198_031,/workspace/SKN27-FINAL-3Team/storage/vision/datasets/classification/raw_videos/차대자전거/aihub_train_00002714_bb_1_151204_bike_198_031.mp4,car_vs_bicycle,car_vs_bicycle,storage/vision/datasets/classification/raw_videos/차대자전거/aihub_train_00002714_bb_1_151204_bike_198_031.mp4,train,7de107496df6abd6e7151b07f5066aeeee720cec09900ef5ae39273d2c21d51d,aihub_source_suffix:198_031,source_filename_suffix_validated_by_exact_duplicates,blackbox_unspecified,filename_capture_code:bb,bicycle,dataset_coarse_label,day,cv_first_middle_last_majority,auto_enriched_needs_human_review
car_vs_bicycle,aihub_train_00002760_bb_1_200103_bike_245_20596,/workspace/SKN27-FINAL-3Team/storage/vision/datasets/classification/raw_videos/차대자전거/aihub_train_00002760_bb_1_200103_bike_245_20596.mp4,car_vs_bicycle,car_vs_bicycle,storage/vision/datasets/classification/raw_videos/차대자전거/aihub_train_00002760_bb_1_200103_bike_245_20596.mp4,train,b41da274df38ad964af15d547f1c75792cd8fdb190bd3d4dc8c1b144e22bbaf1,aihub_source_suffix:245_20596,source_filename_suffix_validated_by_exact_duplicates,blackbox_unspecified,filename_capture_code:bb,bicycle,dataset_coarse_label,night,cv_first_middle_last_majority,auto_enriched_needs_human_review
car_vs_bicycle,aihub_train_00002800_bb_1_210918_bike_120_206,/workspace/SKN27-FINAL-3Team/storage/vision/datasets/classification/raw_videos/차대자전거/aihub_train_00002800_bb_1_210918_bike_120_206.mp4,car_vs_bicycle,car_vs_bicycle,storage/vision/datasets/classification/raw_videos/차대자전거/aihub_train_00002800_bb_1_210918_bike_120_206.mp4,train,7a29ae24ad2d0e9964822ee763c74f1c363aaa70bdce1ba94fa49e27791b77d4,aihub_source_suffix:120_206,source_filename_suffix_validated_by_exact_duplicates,blackbox_unspecified,filename_capture_code:bb,bicycle,dataset_coarse_label,day,cv_first_middle_last_majority,auto_enriched_needs_human_review
car_vs_bicycle,aihub_train_00002806_bb_1_220119_bike_119_336,/workspace/SKN27-FINAL-3Team/storage/vision/datasets/classification/raw_videos/차대자전거/aihub_train_00002806_bb_1_220119_bike_119_336.mp4,car_vs_bicycle,car_vs_bicycle,storage/vision/datasets/classification/raw_videos/차대자전거/aihub_train_00002806_bb_1_220119_bike_119_336.mp4,train,e20234ccbdb7a3a1aa0462b46f243dd2bbb959fa6170289f492e383922ef1bec,aihub_source_suffix:119_336,source_filename_suffix_validated_by_exact_duplicates,blackbox_unspecified,filename_capture_code:bb,bicycle,dataset_coarse_label,day,cv_first_middle_last_majority,auto_enriched_needs_human_review
car_vs_bicycle,aihub_train_00002825_bb_3_190523_bike_214_21647,/workspace/SKN27-FINAL-3Team/storage/vision/datasets/classification/raw_videos/차대자전거/aihub_train_00002825_bb_3_190523_bike_214_21647.mp4,car_vs_bicycle,car_vs_bicycle,storage/vision/datasets/classification/raw_videos/차대자전거/aihub_train_00002825_bb_3_190523_bike_214_21647.mp4,train,3af52fe538e661388d5adcd58b3e865cc9369c16fbedbc32a072382405bed2fc,aihub_source_suffix:214_21647,source_filename_suffix_validated_by_exact_duplicates,blackbox_unspecified,filename_capture_code:bb,bicycle,dataset_coarse_label,low_light,cv_first_middle_last_majority,auto_enriched_needs_human_review
car_vs_bicycle,aihub_train_00002821_bb_3_170204_bike_144_104,/workspace/SKN27-FINAL-3Team/storage/vision/datasets/classification/raw_videos/차대자전거/aihub_train_00002821_bb_3_170204_bike_144_104.mp4,car_vs_bicycle,car_vs_bicycle,storage/vision/datasets/classification/raw_videos/차대자전거/aihub_train_00002821_bb_3_170204_bike_144_104.mp4,train,87e3854a2f00056e9dfb8186860464c32001a4f3762b5b8bef7a612039c5e456,aihub_source_suffix:144_104,source_filename_suffix_validated_by_exact_duplicates,blackbox_unspecified,filename_capture_code:bb,bicycle,dataset_coarse_label,day,cv_first_middle_last_majority,auto_enriched_needs_human_review
car_vs_bicycle,aihub_train_00002840_bb_1_120625_bike_120_184,/workspace/SKN27-FINAL-3Team/storage/vision/datasets/classification/raw_videos/차대자전거/aihub_train_00002840_bb_1_120625_bike_120_184.mp4,car_vs_bicycle,car_vs_bicycle,storage/vision/datasets/classification/raw_videos/차대자전거/aihub_train_00002840_bb_1_120625_bike_120_184.mp4,train,2b7e3ac2721256f81a1303bbb6942365cfeb0eb6f72abf6facdc478fa722438c,aihub_source_suffix:120_184,source_filename_suffix_validated_by_exact_duplicates,blackbox_unspecified,filename_capture_code:bb,bicycle,dataset_coarse_label,day,cv_first_middle_last_majority,auto_enriched_needs_human_review
car_vs_bicycle,aihub_train_00002804_bb_1_220112_bike_117_148,/workspace/SKN27-FINAL-3Team/storage/vision/datasets/classification/raw_videos/차대자전거/aihub_train_00002804_bb_1_220112_bike_117_148.mp4,car_vs_bicycle,car_vs_bicycle,storage/vision/datasets/classification/raw_videos/차대자전거/aihub_train_00002804_bb_1_220112_bike_117_148.mp4,train,463465b10decd7e2a26dbbbe4c7a5cdd637404e2cf4c640dda959c780dae683b,aihub_source_suffix:117_148,source_filename_suffix_validated_by_exact_duplicates,blackbox_unspecified,filename_capture_code:bb,bicycle,dataset_coarse_label,day,cv_first_middle_last_majority,auto_enriched_needs_human_review
car_vs_bicycle,aihub_train_00002791_bb_1_210625_bike_202_22073,/workspace/SKN27-FINAL-3Team/storage/vision/datasets/classification/raw_videos/차대자전거/aihub_train_00002791_bb_1_210625_bike_202_22073.mp4,car_vs_bicycle,car_vs_bicycle,storage/vision/datasets/classification/raw_videos/차대자전거/aihub_train_00002791_bb_1_210625_bike_202_22073.mp4,train,6485d2862f0bd33d9e45b4ed2f7f176939fd92ef0ee5b285a88a0a908a250ed7,aihub_source_suffix:202_22073,source_filename_suffix_validated_by_exact_duplicates,blackbox_unspecified,filename_capture_code:bb,bicycle,dataset_coarse_label,low_light,cv_first_middle_last_majority,auto_enriched_needs_human_review
car_vs_bicycle,aihub_train_00002699_bb_1_130608_bike_120_193,/workspace/SKN27-FINAL-3Team/storage/vision/datasets/classification/raw_videos/차대자전거/aihub_train_00002699_bb_1_130608_bike_120_193.mp4,car_vs_bicycle,car_vs_bicycle,storage/vision/datasets/classification/raw_videos/차대자전거/aihub_train_00002699_bb_1_130608_bike_120_193.mp4,train,50d50cbecdf8f784184ac742b735b625b586d87040a2241dc27b8d072f900ac1,aihub_source_suffix:120_193,source_filename_suffix_validated_by_exact_duplicates,blackbox_unspecified,filename_capture_code:bb,bicycle,dataset_coarse_label,night,cv_first_middle_last_majority,auto_enriched_needs_human_review
car_vs_bicycle,aihub_train_00002711_bb_1_150906_bike_224_22472,/workspace/SKN27-FINAL-3Team/storage/vision/datasets/classification/raw_videos/차대자전거/aihub_train_00002711_bb_1_150906_bike_224_22472.mp4,car_vs_bicycle,car_vs_bicycle,storage/vision/datasets/classification/raw_videos/차대자전거/aihub_train_00002711_bb_1_150906_bike_224_22472.mp4,train,fd0a0836b0e4c0303c58ed852530ca0312ce79014fc294fd707c2b70b841e914,aihub_source_suffix:224_22472,source_filename_suffix_validated_by_exact_duplicates,blackbox_unspecified,filename_capture_code:bb,bicycle,dataset_coarse_label,low_light,cv_first_middle_last_majority,auto_enriched_needs_human_review
car_vs_bicycle,aihub_train_00002722_bb_1_160804_bike_089_531512,/workspace/SKN27-FINAL-3Team/storage/vision/datasets/classification/raw_videos/차대자전거/aihub_train_00002722_bb_1_160804_bike_089_531512.mp4,car_vs_bicycle,car_vs_bicycle,storage/vision/datasets/classification/raw_videos/차대자전거/aihub_train_00002722_bb_1_160804_bike_089_531512.mp4,train,ddd3f70d271aa480f360c0553cb032eb015af23d73f9ed0ed7fd68ca1af380c2,aihub_source_suffix:089_531512,source_filename_suffix_validated_by_exact_duplicates,blackbox_unspecified,filename_capture_code:bb,bicycle,dataset_coarse_label,day,cv_first_middle_last_majority,auto_enriched_needs_human_review
car_vs_bicycle,aihub_train_00002748_bb_1_190612_bike_130_247,/workspace/SKN27-FINAL-3Team/storage/vision/datasets/classification/raw_videos/차대자전거/aihub_train_00002748_bb_1_190612_bike_130_247.mp4,car_vs_bicycle,car_vs_bicycle,storage/vision/datasets/classification/raw_videos/차대자전거/aihub_train_00002748_bb_1_190612_bike_130_247.mp4,train,31e1d37039f047f079982fa4c5ee5abbba4e693e7292fd14f755d91e3632a0b7,aihub_source_suffix:130_247,source_filename_suffix_validated_by_exact_duplicates,blackbox_unspecified,filename_capture_code:bb,bicycle,dataset_coarse_label,low_light,cv_first_middle_last_majority,auto_enriched_needs_human_review
car_vs_bicycle,aihub_train_00002842_bb_1_121129_bike_199_051,/workspace/SKN27-FINAL-3Team/storage/vision/datasets/classification/raw_videos/차대자전거/aihub_train_00002842_bb_1_121129_bike_199_051.mp4,car_vs_bicycle,car_vs_bicycle,storage/vision/datasets/classification/raw_videos/차대자전거/aihub_train_00002842_bb_1_121129_bike_199_051.mp4,train,bc7caece66b5d9af7c74927263c46b1044201e4f1d4bfbfdbc96cd11f2057456,aihub_source_suffix:199_051,source_filename_suffix_validated_by_exact_duplicates,blackbox_unspecified,filename_capture_code:bb,bicycle,dataset_coarse_label,low_light,cv_first_middle_last_majority,auto_enriched_needs_human_review
car_vs_bicycle,aihub_train_00002732_bb_1_180407_bike_148_276,/workspace/SKN27-FINAL-3Team/storage/vision/datasets/classification/raw_videos/차대자전거/aihub_train_00002732_bb_1_180407_bike_148_276.mp4,car_vs_bicycle,car_vs_bicycle,storage/vision/datasets/classification/raw_videos/차대자전거/aihub_train_00002732_bb_1_180407_bike_148_276.mp4,train,8df87efdb039b7da45d63e2c22511f24b039b6aea2a98926a94076869a0df34c,aihub_source_suffix:148_276,source_filename_suffix_validated_by_exact_duplicates,blackbox_unspecified,filename_capture_code:bb,bicycle,dataset_coarse_label,day,cv_first_middle_last_majority,auto_enriched_needs_human_review
car_vs_bicycle,aihub_train_00002704_bb_1_141105_bike_120_183,/workspace/SKN27-FINAL-3Team/storage/vision/datasets/classification/raw_videos/차대자전거/aihub_train_00002704_bb_1_141105_bike_120_183.mp4,car_vs_bicycle,car_vs_bicycle,storage/vision/datasets/classification/raw_videos/차대자전거/aihub_train_00002704_bb_1_141105_bike_120_183.mp4,train,58565da5111015b2b043048251a79508fa1d8328c3bc287b2876ee4ba2b06a3c,aihub_source_suffix:120_183,source_filename_suffix_validated_by_exact_duplicates,blackbox_unspecified,filename_capture_code:bb,bicycle,dataset_coarse_label,day,cv_first_middle_last_majority,auto_enriched_needs_human_review
car_vs_bicycle,aihub_train_00002790_bb_1_210624_bike_149_195,/workspace/SKN27-FINAL-3Team/storage/vision/datasets/classification/raw_videos/차대자전거/aihub_train_00002790_bb_1_210624_bike_149_195.mp4,car_vs_bicycle,car_vs_bicycle,storage/vision/datasets/classification/raw_videos/차대자전거/aihub_train_00002790_bb_1_210624_bike_149_195.mp4,train,309034a93edc6b311d0d524c6c028c3f5f17104b5c96c4980b512db1baeb7f25,aihub_source_suffix:149_195,source_filename_suffix_validated_by_exact_duplicates,blackbox_unspecified,filename_capture_code:bb,bicycle,dataset_coarse_label,day,cv_first_middle_last_majority,auto_enriched_needs_human_review
car_vs_bicycle,aihub_train_00002772_bb_1_200921_bike_216_22549,/workspace/SKN27-FINAL-3Team/storage/vision/datasets/classification/raw_videos/차대자전거/aihub_train_00002772_bb_1_200921_bike_216_22549.mp4,car_vs_bicycle,car_vs_bicycle,storage/vision/datasets/classification/raw_videos/차대자전거/aihub_train_00002772_bb_1_200921_bike_216_22549.mp4,train,d421207189a32afd66a60fa02f294f37dabfad102e2ad3fea055883caea4b522,aihub_source_suffix:216_22549,source_filename_suffix_validated_by_exact_duplicates,blackbox_unspecified,filename_capture_code:bb,bicycle,dataset_coarse_label,night,cv_first_middle_last_majority,auto_enriched_needs_human_review
car_vs_bicycle,aihub_train_00002820_bb_3_170203_bike_199_061,/workspace/SKN27-FINAL-3Team/storage/vision/datasets/classification/raw_videos/차대자전거/aihub_train_00002820_bb_3_170203_bike_199_061.mp4,car_vs_bicycle,car_vs_bicycle,storage/vision/datasets/classification/raw_videos/차대자전거/aihub_train_00002820_bb_3_170203_bike_199_061.mp4,train,b547cef58e4de185e7d01a025ff43b0c54587bf0d7a1faf53715acbe9939dc14,aihub_source_suffix:199_061,source_filename_suffix_validated_by_exact_duplicates,blackbox_unspecified,filename_capture_code:bb,bicycle,dataset_coarse_label,day,cv_first_middle_last_majority,auto_enriched_needs_human_review
car_vs_bicycle,aihub_train_00002752_bb_1_190713_bike_246_21667,/workspace/SKN27-FINAL-3Team/storage/vision/datasets/classification/raw_videos/차대자전거/aihub_train_00002752_bb_1_190713_bike_246_21667.mp4,car_vs_bicycle,car_vs_bicycle,storage/vision/datasets/classification/raw_videos/차대자전거/aihub_train_00002752_bb_1_190713_bike_246_21667.mp4,train,a6485f3e3862b9238f45b0276477057e648c8d42ac22b4fe815d068ac3b38dba,aihub_source_suffix:246_21667,source_filename_suffix_validated_by_exact_duplicates,blackbox_unspecified,filename_capture_code:bb,bicycle,dataset_coarse_label,night,cv_first_middle_last_majority,auto_enriched_needs_human_review
car_vs_bicycle,aihub_train_00002787_bb_1_210503_bike_130_184,/workspace/SKN27-FINAL-3Team/storage/vision/datasets/classification/raw_videos/차대자전거/aihub_train_00002787_bb_1_210503_bike_130_184.mp4,car_vs_bicycle,car_vs_bicycle,storage/vision/datasets/classification/raw_videos/차대자전거/aihub_train_00002787_bb_1_210503_bike_130_184.mp4,train,edae0c3ae2a78baed1d6370748ff7e91b952709693436f86481b97bfe679f06a,aihub_source_suffix:130_184,source_filename_suffix_validated_by_exact_duplicates,blackbox_unspecified,filename_capture_code:bb,bicycle,dataset_coarse_label,day,cv_first_middle_last_majority,auto_enriched_needs_human_review
car_vs_bicycle,aihub_train_00002814_bb_3_140525_bike_38_007,/workspace/SKN27-FINAL-3Team/storage/vision/datasets/classification/raw_videos/차대자전거/aihub_train_00002814_bb_3_140525_bike_38_007.mp4,car_vs_bicycle,car_vs_bicycle,storage/vision/datasets/classification/raw_videos/차대자전거/aihub_train_00002814_bb_3_140525_bike_38_007.mp4,train,523b4b5e6e081a149b7dc965d71011e5f29d7efb7710a1d60da3d313bf728013,aihub_source_suffix:38_007,source_filename_suffix_validated_by_exact_duplicates,blackbox_unspecified,filename_capture_code:bb,bicycle,dataset_coarse_label,day,cv_first_middle_last_majority,auto_enriched_needs_human_review
car_vs_bicycle,aihub_train_00002742_bb_1_190402_bike_192_105,/workspace/SKN27-FINAL-3Team/storage/vision/datasets/classification/raw_videos/차대자전거/aihub_train_00002742_bb_1_190402_bike_192_105.mp4,car_vs_bicycle,car_vs_bicycle,storage/vision/datasets/classification/raw_videos/차대자전거/aihub_train_00002742_bb_1_190402_bike_192_105.mp4,train,5eee71eeac281814bf0bc523425986f3c45f1ec5866d784bc4c7a7e2b7689d87,aihub_source_suffix:192_105,source_filename_suffix_validated_by_exact_duplicates,blackbox_unspecified,filename_capture_code:bb,bicycle,dataset_coarse_label,night,cv_first_middle_last_majority,auto_enriched_needs_human_review
car_vs_bicycle,aihub_train_00002725_bb_1_170306_bike_120_196,/workspace/SKN27-FINAL-3Team/storage/vision/datasets/classification/raw_videos/차대자전거/aihub_train_00002725_bb_1_170306_bike_120_196.mp4,car_vs_bicycle,car_vs_bicycle,storage/vision/datasets/classification/raw_videos/차대자전거/aihub_train_00002725_bb_1_170306_bike_120_196.mp4,train,64ef537659c9293656d6257fbda83a2763ad61b45326ab4daa7a3e3cba8b2770,aihub_source_suffix:120_196,source_filename_suffix_validated_by_exact_duplicates,blackbox_unspecified,filename_capture_code:bb,bicycle,dataset_coarse_label,day,cv_first_middle_last_majority,auto_enriched_needs_human_review
car_vs_bicycle,aihub_train_00002753_bb_1_190727_bike_259_20146,/workspace/SKN27-FINAL-3Team/storage/vision/datasets/classification/raw_videos/차대자전거/aihub_train_00002753_bb_1_190727_bike_259_20146.mp4,car_vs_bicycle,car_vs_bicycle,storage/vision/datasets/classification/raw_videos/차대자전거/aihub_train_00002753_bb_1_190727_bike_259_20146.mp4,train,ba6f90fe9e453c7f293a3ddf277c3f84c173ab886813b767ec6c419e1064553f,aihub_source_suffix:259_20146,source_filename_suffix_validated_by_exact_duplicates,blackbox_unspecified,filename_capture_code:bb,bicycle,dataset_coarse_label,night,cv_first_middle_last_majority,auto_enriched_needs_human_review
car_vs_bicycle,aihub_train_00002749_bb_1_190623_bike_200_176,/workspace/SKN27-FINAL-3Team/storage/vision/datasets/classification/raw_videos/차대자전거/aihub_train_00002749_bb_1_190623_bike_200_176.mp4,car_vs_bicycle,car_vs_bicycle,storage/vision/datasets/classification/raw_videos/차대자전거/aihub_train_00002749_bb_1_190623_bike_200_176.mp4,train,55abb831e66bc734c805212de34e5668781bcf287d86e869833594b5800dea81,aihub_source_suffix:200_176,source_filename_suffix_validated_by_exact_duplicates,blackbox_unspecified,filename_capture_code:bb,bicycle,dataset_coarse_label,day,cv_first_middle_last_majority,auto_enriched_needs_human_review
car_vs_bicycle,aihub_train_00002712_bb_1_150930_bike_120_189,/workspace/SKN27-FINAL-3Team/storage/vision/datasets/classification/raw_videos/차대자전거/aihub_train_00002712_bb_1_150930_bike_120_189.mp4,car_vs_bicycle,car_vs_bicycle,storage/vision/datasets/classification/raw_videos/차대자전거/aihub_train_00002712_bb_1_150930_bike_120_189.mp4,train,9ea5cbad03bf133e297f5e85e6b3685aa20a2a01ad2d60fc4f8051a1830dcbfb,aihub_source_suffix:120_189,source_filename_suffix_validated_by_exact_duplicates,blackbox_unspecified,filename_capture_code:bb,bicycle,dataset_coarse_label,day,cv_first_middle_last_majority,auto_enriched_needs_human_review
car_vs_bicycle,aihub_train_00002758_bb_1_191008_bike_145_166,/workspace/SKN27-FINAL-3Team/storage/vision/datasets/classification/raw_videos/차대자전거/aihub_train_00002758_bb_1_191008_bike_145_166.mp4,car_vs_bicycle,car_vs_bicycle,storage/vision/datasets/classification/raw_videos/차대자전거/aihub_train_00002758_bb_1_191008_bike_145_166.mp4,train,e17d331c2c597c962c70f683257fc8bfee408178a0148585f771559f28590e6e,aihub_source_suffix:145_166,source_filename_suffix_validated_by_exact_duplicates,blackbox_unspecified,filename_capture_code:bb,bicycle,dataset_coarse_label,day,cv_first_middle_last_majority,auto_enriched_needs_human_review
car_vs_bicycle,aihub_train_00002708_bb_1_150520_bike_218_20830,/workspace/SKN27-FINAL-3Team/storage/vision/datasets/classification/raw_videos/차대자전거/aihub_train_00002708_bb_1_150520_bike_218_20830.mp4,car_vs_bicycle,car_vs_bicycle,storage/vision/datasets/classification/raw_videos/차대자전거/aihub_train_00002708_bb_1_150520_bike_218_20830.mp4,train,955135e82cd61ff8d64b0ddc9d338617e85d8eaaa61a9ec975ed2174c07b0312,aihub_source_suffix:218_20830,source_filename_suffix_validated_by_exact_duplicates,blackbox_unspecified,filename_capture_code:bb,bicycle,dataset_coarse_label,low_light,cv_first_middle_last_majority,auto_enriched_needs_human_review
car_vs_bicycle,aihub_train_00002709_bb_1_150703_bike_200_109,/workspace/SKN27-FINAL-3Team/storage/vision/datasets/classification/raw_videos/차대자전거/aihub_train_00002709_bb_1_150703_bike_200_109.mp4,car_vs_bicycle,car_vs_bicycle,storage/vision/datasets/classification/raw_videos/차대자전거/aihub_train_00002709_bb_1_150703_bike_200_109.mp4,train,bda9b60ad53b8cf3615330851cf7eba66d97f8d665558107527c7f8d5830d05a,aihub_source_suffix:200_109,source_filename_suffix_validated_by_exact_duplicates,blackbox_unspecified,filename_capture_code:bb,bicycle,dataset_coarse_label,night,cv_first_middle_last_majority,auto_enriched_needs_human_review
car_vs_bicycle,aihub_train_00002756_bb_1_191001_bike_200_175,/workspace/SKN27-FINAL-3Team/storage/vision/datasets/classification/raw_videos/차대자전거/aihub_train_00002756_bb_1_191001_bike_200_175.mp4,car_vs_bicycle,car_vs_bicycle,storage/vision/datasets/classification/raw_videos/차대자전거/aihub_train_00002756_bb_1_191001_bike_200_175.mp4,train,1da0a97f3d182dbe485c37fe06f820b147516ceb38e7d9725e7a5feae002d155,aihub_source_suffix:200_175,source_filename_suffix_validated_by_exact_duplicates,blackbox_unspecified,filename_capture_code:bb,bicycle,dataset_coarse_label,day,cv_first_middle_last_majority,auto_enriched_needs_human_review
car_vs_bicycle,aihub_train_00002824_bb_3_181202_bike_213_22092,/workspace/SKN27-FINAL-3Team/storage/vision/datasets/classification/raw_videos/차대자전거/aihub_train_00002824_bb_3_181202_bike_213_22092.mp4,car_vs_bicycle,car_vs_bicycle,storage/vision/datasets/classification/raw_videos/차대자전거/aihub_train_00002824_bb_3_181202_bike_213_22092.mp4,train,32e67b15e1e4725b519edaa1af94ceea5aba348b677c837412d472471741b681,aihub_source_suffix:213_22092,source_filename_suffix_validated_by_exact_duplicates,blackbox_unspecified,filename_capture_code:bb,bicycle,dataset_coarse_label,low_light,cv_first_middle_last_majority,auto_enriched_needs_human_review
car_vs_bicycle,aihub_train_00002827_bb_3_210816_bike_144_105,/workspace/SKN27-FINAL-3Team/storage/vision/datasets/classification/raw_videos/차대자전거/aihub_train_00002827_bb_3_210816_bike_144_105.mp4,car_vs_bicycle,car_vs_bicycle,storage/vision/datasets/classification/raw_videos/차대자전거/aihub_train_00002827_bb_3_210816_bike_144_105.mp4,train,f7a0d1866d85ea883e4afa6c117d117b7fd7bff6f0d77d3eb1bef5f79a47fd85,aihub_source_suffix:144_105,source_filename_suffix_validated_by_exact_duplicates,blackbox_unspecified,filename_capture_code:bb,bicycle,dataset_coarse_label,day,cv_first_middle_last_majority,auto_enriched_needs_human_review
car_vs_bicycle,aihub_train_00002803_bb_1_211205_bike_120_207,/workspace/SKN27-FINAL-3Team/storage/vision/datasets/classification/raw_videos/차대자전거/aihub_train_00002803_bb_1_211205_bike_120_207.mp4,car_vs_bicycle,car_vs_bicycle,storage/vision/datasets/classification/raw_videos/차대자전거/aihub_train_00002803_bb_1_211205_bike_120_207.mp4,train,4c46ca1866cc8ba5c2bce652406fbfd809aa2a770a6fe9ec0dfbbb9625a90043,aihub_source_suffix:120_207,source_filename_suffix_validated_by_exact_duplicates,blackbox_unspecified,filename_capture_code:bb,bicycle,dataset_coarse_label,day,cv_first_middle_last_majority,auto_enriched_needs_human_review
car_vs_bicycle,aihub_train_00002692_bb_1_100227_bike_117_117,/workspace/SKN27-FINAL-3Team/storage/vision/datasets/classification/raw_videos/차대자전거/aihub_train_00002692_bb_1_100227_bike_117_117.mp4,car_vs_bicycle,car_vs_bicycle,storage/vision/datasets/classification/raw_videos/차대자전거/aihub_train_00002692_bb_1_100227_bike_117_117.mp4,train,c0e7a0965bf440f489be4bdc35e6650bcc018ccf3b3f94b41d4eae84376c4a48,aihub_source_suffix:117_117,source_filename_suffix_validated_by_exact_duplicates,blackbox_unspecified,filename_capture_code:bb,bicycle,dataset_coarse_label,day,cv_first_middle_last_majority,auto_enriched_needs_human_review
car_vs_bicycle,aihub_train_00002738_bb_1_190118_bike_204_22475,/workspace/SKN27-FINAL-3Team/storage/vision/datasets/classification/raw_videos/차대자전거/aihub_train_00002738_bb_1_190118_bike_204_22475.mp4,car_vs_bicycle,car_vs_bicycle,storage/vision/datasets/classification/raw_videos/차대자전거/aihub_train_00002738_bb_1_190118_bike_204_22475.mp4,train,f3986d7662d1f18988c87a1af2ba01cfaf985be42d8f42b13506a45d2a4d2868,aihub_source_suffix:204_22475,source_filename_suffix_validated_by_exact_duplicates,blackbox_unspecified,filename_capture_code:bb,bicycle,dataset_coarse_label,low_light,cv_first_middle_last_majority,auto_enriched_needs_human_review
car_vs_bicycle,aihub_train_00002751_bb_1_190708_bike_192_098,/workspace/SKN27-FINAL-3Team/storage/vision/datasets/classification/raw_videos/차대자전거/aihub_train_00002751_bb_1_190708_bike_192_098.mp4,car_vs_bicycle,car_vs_bicycle,storage/vision/datasets/classification/raw_videos/차대자전거/aihub_train_00002751_bb_1_190708_bike_192_098.mp4,train,a971752daf4e3539a2788a1c85d4c574da7b24b1a4befa8fe7ae2655897b2a70,aihub_source_suffix:192_098,source_filename_suffix_validated_by_exact_duplicates,blackbox_unspecified,filename_capture_code:bb,bicycle,dataset_coarse_label,night,cv_first_middle_last_majority,auto_enriched_needs_human_review
car_vs_bicycle,aihub_train_00002838_cc_3_220114_bike_114_132,/workspace/SKN27-FINAL-3Team/storage/vision/datasets/classification/raw_videos/차대자전거/aihub_train_00002838_cc_3_220114_bike_114_132.mp4,car_vs_bicycle,car_vs_bicycle,storage/vision/datasets/classification/raw_videos/차대자전거/aihub_train_00002838_cc_3_220114_bike_114_132.mp4,train,b9a7869483ea6d9120566415114efa6301daa7ea6c6c33954344fb8563a3b24b,aihub_source_suffix:114_132,source_filename_suffix_validated_by_exact_duplicates,cctv_fixed,filename_capture_code:cc,bicycle,dataset_coarse_label,day,cv_first_middle_last_majority,auto_enriched_needs_human_review
car_vs_bicycle,aihub_train_00002741_bb_1_190329_bike_232_20660,/workspace/SKN27-FINAL-3Team/storage/vision/datasets/classification/raw_videos/차대자전거/aihub_train_00002741_bb_1_190329_bike_232_20660.mp4,car_vs_bicycle,car_vs_bicycle,storage/vision/datasets/classification/raw_videos/차대자전거/aihub_train_00002741_bb_1_190329_bike_232_20660.mp4,train,787764b109e54bb6791f574ddfad14871ae77de6e4994dc7b65170bc12c9b59c,aihub_source_suffix:232_20660,source_filename_suffix_validated_by_exact_duplicates,blackbox_unspecified,filename_capture_code:bb,bicycle,dataset_coarse_label,night,cv_first_middle_last_majority,auto_enriched_needs_human_review
car_vs_bicycle,aihub_train_00002710_bb_1_150709_bike_207_22191,/workspace/SKN27-FINAL-3Team/storage/vision/datasets/classification/raw_videos/차대자전거/aihub_train_00002710_bb_1_150709_bike_207_22191.mp4,car_vs_bicycle,car_vs_bicycle,storage/vision/datasets/classification/raw_videos/차대자전거/aihub_train_00002710_bb_1_150709_bike_207_22191.mp4,val,09d4db2214c94a378d67b8cce988c49b9d766d20ef79e5bcf0fa0888fd3ba5ce,aihub_source_suffix:207_22191,source_filename_suffix_validated_by_exact_duplicates,blackbox_unspecified,filename_capture_code:bb,bicycle,dataset_coarse_label,night,cv_first_middle_last_majority,auto_enriched_needs_human_review
car_vs_bicycle,aihub_train_00002819_bb_3_161014_bike_112_273,/workspace/SKN27-FINAL-3Team/storage/vision/datasets/classification/raw_videos/차대자전거/aihub_train_00002819_bb_3_161014_bike_112_273.mp4,car_vs_bicycle,car_vs_bicycle,storage/vision/datasets/classification/raw_videos/차대자전거/aihub_train_00002819_bb_3_161014_bike_112_273.mp4,val,e2049452f20b92536fb56b5e8b1df2deca0c548aa70e142549294ff8849e8ea0,aihub_source_suffix:112_273,source_filename_suffix_validated_by_exact_duplicates,blackbox_unspecified,filename_capture_code:bb,bicycle,dataset_coarse_label,low_light,cv_first_middle_last_majority,auto_enriched_needs_human_review
car_vs_bicycle,aihub_train_00002797_bb_1_210901_bike_198_094,/workspace/SKN27-FINAL-3Team/storage/vision/datasets/classification/raw_videos/차대자전거/aihub_train_00002797_bb_1_210901_bike_198_094.mp4,car_vs_bicycle,car_vs_bicycle,storage/vision/datasets/classification/raw_videos/차대자전거/aihub_train_00002797_bb_1_210901_bike_198_094.mp4,val,d037174728accbcdeaa2996b7e40b0c1fd471d17f2e08cd57b19b698beb69119,aihub_source_suffix:198_094,source_filename_suffix_validated_by_exact_duplicates,blackbox_unspecified,filename_capture_code:bb,bicycle,dataset_coarse_label,day,cv_first_middle_last_majority,auto_enriched_needs_human_review
car_vs_bicycle,aihub_train_00002706_bb_1_141118_bike_20_009,/workspace/SKN27-FINAL-3Team/storage/vision/datasets/classification/raw_videos/차대자전거/aihub_train_00002706_bb_1_141118_bike_20_009.mp4,car_vs_bicycle,car_vs_bicycle,storage/vision/datasets/classification/raw_videos/차대자전거/aihub_train_00002706_bb_1_141118_bike_20_009.mp4,val,35986ac8680fd0b6b3f25ceb28820002466f9c341e0793db30e460540ff90f9b,aihub_source_suffix:20_009,source_filename_suffix_validated_by_exact_duplicates,blackbox_unspecified,filename_capture_code:bb,bicycle,dataset_coarse_label,day,cv_first_middle_last_majority,auto_enriched_needs_human_review
car_vs_bicycle,aihub_train_00002761_bb_1_200226_bike_230_21572,/workspace/SKN27-FINAL-3Team/storage/vision/datasets/classification/raw_videos/차대자전거/aihub_train_00002761_bb_1_200226_bike_230_21572.mp4,car_vs_bicycle,car_vs_bicycle,storage/vision/datasets/classification/raw_videos/차대자전거/aihub_train_00002761_bb_1_200226_bike_230_21572.mp4,val,81044574e589735ac067b5b56749edfdb86a0f60d1a06b2c1adfaaf866480670,aihub_source_suffix:230_21572,source_filename_suffix_validated_by_exact_duplicates,blackbox_unspecified,filename_capture_code:bb,bicycle,dataset_coarse_label,night,cv_first_middle_last_majority,auto_enriched_needs_human_review
car_vs_bicycle,aihub_train_00002828_bb_3_220124_bike_116_248,/workspace/SKN27-FINAL-3Team/storage/vision/datasets/classification/raw_videos/차대자전거/aihub_train_00002828_bb_3_220124_bike_116_248.mp4,car_vs_bicycle,car_vs_bicycle,storage/vision/datasets/classification/raw_videos/차대자전거/aihub_train_00002828_bb_3_220124_bike_116_248.mp4,val,412ff6035d062c07c2e97d8ce6fc624729638507246e16bd636e9c607ec9b02b,aihub_source_suffix:116_248,source_filename_suffix_validated_by_exact_duplicates,blackbox_unspecified,filename_capture_code:bb,bicycle,dataset_coarse_label,low_light,cv_first_middle_last_majority,auto_enriched_needs_human_review
car_vs_bicycle,aihub_train_00002765_bb_1_200607_bike_130_274,/workspace/SKN27-FINAL-3Team/storage/vision/datasets/classification/raw_videos/차대자전거/aihub_train_00002765_bb_1_200607_bike_130_274.mp4,car_vs_bicycle,car_vs_bicycle,storage/vision/datasets/classification/raw_videos/차대자전거/aihub_train_00002765_bb_1_200607_bike_130_274.mp4,val,4210991eba4012d6eb1bd3252eb5ea56baa73178a9721ed15b2f7dde32256c73,aihub_source_suffix:130_274,source_filename_suffix_validated_by_exact_duplicates,blackbox_unspecified,filename_capture_code:bb,bicycle,dataset_coarse_label,day,cv_first_middle_last_majority,auto_enriched_needs_human_review
car_vs_bicycle,aihub_train_00002716_bb_1_160427_bike_198_029,/workspace/SKN27-FINAL-3Team/storage/vision/datasets/classification/raw_videos/차대자전거/aihub_train_00002716_bb_1_160427_bike_198_029.mp4,car_vs_bicycle,car_vs_bicycle,storage/vision/datasets/classification/raw_videos/차대자전거/aihub_train_00002716_bb_1_160427_bike_198_029.mp4,val,93d55ee296deb6f71dfe6514bc858f2c4e2104c7c2ee43dc8d836230aae8a5ef,aihub_source_suffix:198_029,source_filename_suffix_validated_by_exact_duplicates,blackbox_unspecified,filename_capture_code:bb,bicycle,dataset_coarse_label,day,cv_first_middle_last_majority,auto_enriched_needs_human_review
car_vs_bicycle,aihub_train_00002707_bb_1_150415_bike_130_241,/workspace/SKN27-FINAL-3Team/storage/vision/datasets/classification/raw_videos/차대자전거/aihub_train_00002707_bb_1_150415_bike_130_241.mp4,car_vs_bicycle,car_vs_bicycle,storage/vision/datasets/classification/raw_videos/차대자전거/aihub_train_00002707_bb_1_150415_bike_130_241.mp4,val,0ddf0e21ec404fcd8d6c7a80bdb4fbccdbcf0792dcbd21741a6529a8a884fc18,aihub_source_suffix:130_241,source_filename_suffix_validated_by_exact_duplicates,blackbox_unspecified,filename_capture_code:bb,bicycle,dataset_coarse_label,night,cv_first_middle_last_majority,auto_enriched_needs_human_review
car_vs_bicycle,aihub_train_00002843_bb_1_130401_bike_118_002,/workspace/SKN27-FINAL-3Team/storage/vision/datasets/classification/raw_videos/차대자전거/aihub_train_00002843_bb_1_130401_bike_118_002.mp4,car_vs_bicycle,car_vs_bicycle,storage/vision/datasets/classification/raw_videos/차대자전거/aihub_train_00002843_bb_1_130401_bike_118_002.mp4,val,80d308e71860476e2ba1a29cb505cfe13a1fde127937c5af6667af25d34958c1,aihub_source_suffix:118_002,source_filename_suffix_validated_by_exact_duplicates,blackbox_unspecified,filename_capture_code:bb,bicycle,dataset_coarse_label,low_light,cv_first_middle_last_majority,auto_enriched_needs_human_review
car_vs_bicycle,aihub_train_00002705_bb_1_141107_bike_215_20260,/workspace/SKN27-FINAL-3Team/storage/vision/datasets/classification/raw_videos/차대자전거/aihub_train_00002705_bb_1_141107_bike_215_20260.mp4,car_vs_bicycle,car_vs_bicycle,storage/vision/datasets/classification/raw_videos/차대자전거/aihub_train_00002705_bb_1_141107_bike_215_20260.mp4,val,cc43e22dc5629248d25c117104dc6b562c4b0f96c0bd5028475c36d0f262c81d,aihub_source_suffix:215_20260,source_filename_suffix_validated_by_exact_duplicates,blackbox_unspecified,filename_capture_code:bb,bicycle,dataset_coarse_label,night,cv_first_middle_last_majority,auto_enriched_needs_human_review
car_vs_bicycle,aihub_train_00002801_bb_1_211018_bike_204_20944,/workspace/SKN27-FINAL-3Team/storage/vision/datasets/classification/raw_videos/차대자전거/aihub_train_00002801_bb_1_211018_bike_204_20944.mp4,car_vs_bicycle,car_vs_bicycle,storage/vision/datasets/classification/raw_videos/차대자전거/aihub_train_00002801_bb_1_211018_bike_204_20944.mp4,val,8468b0c838a42edb902ec5433633a1cfe566a94966a3cdfd525d70921701ba83,aihub_source_suffix:204_20944,source_filename_suffix_validated_by_exact_duplicates,blackbox_unspecified,filename_capture_code:bb,bicycle,dataset_coarse_label,night,cv_first_middle_last_majority,auto_enriched_needs_human_review
car_vs_bicycle,aihub_train_00002809_bb_1_220309_bike_217_21083,/workspace/SKN27-FINAL-3Team/storage/vision/datasets/classification/raw_videos/차대자전거/aihub_train_00002809_bb_1_220309_bike_217_21083.mp4,car_vs_bicycle,car_vs_bicycle,storage/vision/datasets/classification/raw_videos/차대자전거/aihub_train_00002809_bb_1_220309_bike_217_21083.mp4,val,7e58b962b20237c072ba0a42887ef0be600e98bc456ff810a2c40bf3aa469d3d,aihub_source_suffix:217_21083,source_filename_suffix_validated_by_exact_duplicates,blackbox_unspecified,filename_capture_code:bb,bicycle,dataset_coarse_label,low_light,cv_first_middle_last_majority,auto_enriched_needs_human_review
car_vs_bicycle,aihub_train_00002750_bb_1_190625_bike_121_148,/workspace/SKN27-FINAL-3Team/storage/vision/datasets/classification/raw_videos/차대자전거/aihub_train_00002750_bb_1_190625_bike_121_148.mp4,car_vs_bicycle,car_vs_bicycle,storage/vision/datasets/classification/raw_videos/차대자전거/aihub_train_00002750_bb_1_190625_bike_121_148.mp4,val,23e3afc6d5244c5a3917f0d7ebc338edfe3850a53c2dbdf4da3db7fccbf2f568,aihub_source_suffix:121_148,source_filename_suffix_validated_by_exact_duplicates,blackbox_unspecified,filename_capture_code:bb,bicycle,dataset_coarse_label,day,cv_first_middle_last_majority,auto_enriched_needs_human_review
car_vs_bicycle,aihub_train_00002817_bb_3_150923_bike_112_272,/workspace/SKN27-FINAL-3Team/storage/vision/datasets/classification/raw_videos/차대자전거/aihub_train_00002817_bb_3_150923_bike_112_272.mp4,car_vs_bicycle,car_vs_bicycle,storage/vision/datasets/classification/raw_videos/차대자전거/aihub_train_00002817_bb_3_150923_bike_112_272.mp4,val,7a3ed822a3fa3a5b2458be0e5e41e538c94c21b5ff65c807795ddbe6aaa1ab10,aihub_source_suffix:112_272,source_filename_suffix_validated_by_exact_duplicates,blackbox_unspecified,filename_capture_code:bb,bicycle,dataset_coarse_label,day,cv_first_middle_last_majority,auto_enriched_needs_human_review
car_vs_bicycle,aihub_train_00002736_bb_1_181024_bike_216_22252,/workspace/SKN27-FINAL-3Team/storage/vision/datasets/classification/raw_videos/차대자전거/aihub_train_00002736_bb_1_181024_bike_216_22252.mp4,car_vs_bicycle,car_vs_bicycle,storage/vision/datasets/classification/raw_videos/차대자전거/aihub_train_00002736_bb_1_181024_bike_216_22252.mp4,test,43b82c5a165bc79a1e27600257567fb00a3167e4a56249e8f6a7708e53e7a1bd,aihub_source_suffix:216_22252,source_filename_suffix_validated_by_exact_duplicates,blackbox_unspecified,filename_capture_code:bb,bicycle,dataset_coarse_label,low_light,cv_first_middle_last_majority,auto_enriched_needs_human_review
car_vs_bicycle,aihub_train_00002701_bb_1_140209_bike_148_008,/workspace/SKN27-FINAL-3Team/storage/vision/datasets/classification/raw_videos/차대자전거/aihub_train_00002701_bb_1_140209_bike_148_008.mp4,car_vs_bicycle,car_vs_bicycle,storage/vision/datasets/classification/raw_videos/차대자전거/aihub_train_00002701_bb_1_140209_bike_148_008.mp4,test,e3ef84df409c96a4fa8262b96ab6043ef0c4d4cf6f871b3196a31fba2c47fb53,aihub_source_suffix:148_008,source_filename_suffix_validated_by_exact_duplicates,blackbox_unspecified,filename_capture_code:bb,bicycle,dataset_coarse_label,day,cv_first_middle_last_majority,auto_enriched_needs_human_review
car_vs_bicycle,aihub_train_00002728_bb_1_170606_bike_228_22977,/workspace/SKN27-FINAL-3Team/storage/vision/datasets/classification/raw_videos/차대자전거/aihub_train_00002728_bb_1_170606_bike_228_22977.mp4,car_vs_bicycle,car_vs_bicycle,storage/vision/datasets/classification/raw_videos/차대자전거/aihub_train_00002728_bb_1_170606_bike_228_22977.mp4,test,6f4d0feb4022364f88801a6d1668a5152aca05365a812db8df751a8f8241c065,aihub_source_suffix:228_22977,source_filename_suffix_validated_by_exact_duplicates,blackbox_unspecified,filename_capture_code:bb,bicycle,dataset_coarse_label,day,cv_first_middle_last_majority,auto_enriched_needs_human_review
car_vs_bicycle,aihub_train_00002700_bb_1_130626_bike_148_008,/workspace/SKN27-FINAL-3Team/storage/vision/datasets/classification/raw_videos/차대자전거/aihub_train_00002700_bb_1_130626_bike_148_008.mp4,car_vs_bicycle,car_vs_bicycle,storage/vision/datasets/classification/raw_videos/차대자전거/aihub_train_00002700_bb_1_130626_bike_148_008.mp4,test,e3ef84df409c96a4fa8262b96ab6043ef0c4d4cf6f871b3196a31fba2c47fb53,aihub_source_suffix:148_008,source_filename_suffix_validated_by_exact_duplicates,blackbox_unspecified,filename_capture_code:bb,bicycle,dataset_coarse_label,day,cv_first_middle_last_majority,auto_enriched_needs_human_review
car_vs_bicycle,aihub_train_00002702_bb_1_141004_bike_47_001,/workspace/SKN27-FINAL-3Team/storage/vision/datasets/classification/raw_videos/차대자전거/aihub_train_00002702_bb_1_141004_bike_47_001.mp4,car_vs_bicycle,car_vs_bicycle,storage/vision/datasets/classification/raw_videos/차대자전거/aihub_train_00002702_bb_1_141004_bike_47_001.mp4,test,e3897fff3e0a2fc3fc2c7c11f18dff6ac1b78f1ffc1209a3180e4695069ab2b2,aihub_source_suffix:47_001,source_filename_suffix_validated_by_exact_duplicates,blackbox_unspecified,filename_capture_code:bb,bicycle,dataset_coarse_label,day,cv_first_middle_last_majority,auto_enriched_needs_human_review
car_vs_bicycle,aihub_train_00002782_bb_1_210221_bike_233_20263,/workspace/SKN27-FINAL-3Team/storage/vision/datasets/classification/raw_videos/차대자전거/aihub_train_00002782_bb_1_210221_bike_233_20263.mp4,car_vs_bicycle,car_vs_bicycle,storage/vision/datasets/classification/raw_videos/차대자전거/aihub_train_00002782_bb_1_210221_bike_233_20263.mp4,test,9cd92b8ba47f2c24a86ce1b4de6b83e46f0624cf72b8c31bcf9e63c0dc69f73f,aihub_source_suffix:233_20263,source_filename_suffix_validated_by_exact_duplicates,blackbox_unspecified,filename_capture_code:bb,bicycle,dataset_coarse_label,low_light,cv_first_middle_last_majority,auto_enriched_needs_human_review
car_vs_bicycle,aihub_train_00002802_bb_1_211102_bike_130_169,/workspace/SKN27-FINAL-3Team/storage/vision/datasets/classification/raw_videos/차대자전거/aihub_train_00002802_bb_1_211102_bike_130_169.mp4,car_vs_bicycle,car_vs_bicycle,storage/vision/datasets/classification/raw_videos/차대자전거/aihub_train_00002802_bb_1_211102_bike_130_169.mp4,test,8a1959b5553acf07a0e19eb055a87a3472a552dbe696374ca95504f9616a0a35,aihub_source_suffix:130_169,source_filename_suffix_validated_by_exact_duplicates,blackbox_unspecified,filename_capture_code:bb,bicycle,dataset_coarse_label,low_light,cv_first_middle_last_majority,auto_enriched_needs_human_review
car_vs_bicycle,aihub_train_00002721_bb_1_160727_bike_240_20397,/workspace/SKN27-FINAL-3Team/storage/vision/datasets/classification/raw_videos/차대자전거/aihub_train_00002721_bb_1_160727_bike_240_20397.mp4,car_vs_bicycle,car_vs_bicycle,storage/vision/datasets/classification/raw_videos/차대자전거/aihub_train_00002721_bb_1_160727_bike_240_20397.mp4,test,241560982d79989ee1b7ea59f63ce714b4167c333b85e7eb216a00a51f465922,aihub_source_suffix:240_20397,source_filename_suffix_validated_by_exact_duplicates,blackbox_unspecified,filename_capture_code:bb,bicycle,dataset_coarse_label,low_light,cv_first_middle_last_majority,auto_enriched_needs_human_review
car_vs_bicycle,aihub_train_00002743_bb_1_190405_bike_120_203,/workspace/SKN27-FINAL-3Team/storage/vision/datasets/classification/raw_videos/차대자전거/aihub_train_00002743_bb_1_190405_bike_120_203.mp4,car_vs_bicycle,car_vs_bicycle,storage/vision/datasets/classification/raw_videos/차대자전거/aihub_train_00002743_bb_1_190405_bike_120_203.mp4,test,79eeb64433b4247a58bbe7ce94c58d402c2810662ad154954314401435c27c7a,aihub_source_suffix:120_203,source_filename_suffix_validated_by_exact_duplicates,blackbox_unspecified,filename_capture_code:bb,bicycle,dataset_coarse_label,day,cv_first_middle_last_majority,auto_enriched_needs_human_review
car_vs_bicycle,aihub_train_00002733_bb_1_180411_bike_142_068,/workspace/SKN27-FINAL-3Team/storage/vision/datasets/classification/raw_videos/차대자전거/aihub_train_00002733_bb_1_180411_bike_142_068.mp4,car_vs_bicycle,car_vs_bicycle,storage/vision/datasets/classification/raw_videos/차대자전거/aihub_train_00002733_bb_1_180411_bike_142_068.mp4,test,3aea777e2b192c85c337fbdee5190c8e2678ad69f6b82511de4feffeb8783622,aihub_source_suffix:142_068,source_filename_suffix_validated_by_exact_duplicates,blackbox_unspecified,filename_capture_code:bb,bicycle,dataset_coarse_label,day,cv_first_middle_last_majority,auto_enriched_needs_human_review
car_vs_bicycle,aihub_train_00002810_bb_1_220422_bike_248_20817,/workspace/SKN27-FINAL-3Team/storage/vision/datasets/classification/raw_videos/차대자전거/aihub_train_00002810_bb_1_220422_bike_248_20817.mp4,car_vs_bicycle,car_vs_bicycle,storage/vision/datasets/classification/raw_videos/차대자전거/aihub_train_00002810_bb_1_220422_bike_248_20817.mp4,test,1f4d55f2d2aa1d014697783ff09a226d4b2ff4fa09cef90bb6a41d719c175756,aihub_source_suffix:248_20817,source_filename_suffix_validated_by_exact_duplicates,blackbox_unspecified,filename_capture_code:bb,bicycle,dataset_coarse_label,night,cv_first_middle_last_majority,auto_enriched_needs_human_review
car_vs_bicycle,aihub_train_00002724_bb_1_161120_bike_214_20922,/workspace/SKN27-FINAL-3Team/storage/vision/datasets/classification/raw_videos/차대자전거/aihub_train_00002724_bb_1_161120_bike_214_20922.mp4,car_vs_bicycle,car_vs_bicycle,storage/vision/datasets/classification/raw_videos/차대자전거/aihub_train_00002724_bb_1_161120_bike_214_20922.mp4,test,90dfa467a92193ffe665cba79ec48442b691af2cdd87b761593b91b4b7a9770c,aihub_source_suffix:214_20922,source_filename_suffix_validated_by_exact_duplicates,blackbox_unspecified,filename_capture_code:bb,bicycle,dataset_coarse_label,low_light,cv_first_middle_last_majority,auto_enriched_needs_human_review
car_vs_bicycle,aihub_train_00002783_bb_1_210315_bike_231_22261,/workspace/SKN27-FINAL-3Team/storage/vision/datasets/classification/raw_videos/차대자전거/aihub_train_00002783_bb_1_210315_bike_231_22261.mp4,car_vs_bicycle,car_vs_bicycle,storage/vision/datasets/classification/raw_videos/차대자전거/aihub_train_00002783_bb_1_210315_bike_231_22261.mp4,test,78f778db3f9fee21f3c95ccfbf5c66b750eba97f5e4069b2bc76c43732d740c7,aihub_source_suffix:231_22261,source_filename_suffix_validated_by_exact_duplicates,blackbox_unspecified,filename_capture_code:bb,bicycle,dataset_coarse_label,night,cv_first_middle_last_majority,auto_enriched_needs_human_review
car_vs_bicycle,aihub_train_00002764_bb_1_200531_bike_117_192,/workspace/SKN27-FINAL-3Team/storage/vision/datasets/classification/raw_videos/차대자전거/aihub_train_00002764_bb_1_200531_bike_117_192.mp4,car_vs_bicycle,car_vs_bicycle,storage/vision/datasets/classification/raw_videos/차대자전거/aihub_train_00002764_bb_1_200531_bike_117_192.mp4,test,e8a2cac668baf1bb12fa1af44c4c7474c3ecfcddb9e3e84e2e30ed6573675c89,aihub_source_suffix:117_192,source_filename_suffix_validated_by_exact_duplicates,blackbox_unspecified,filename_capture_code:bb,bicycle,dataset_coarse_label,low_light,cv_first_middle_last_majority,auto_enriched_needs_human_review
car_vs_bicycle,aihub_train_00002726_bb_1_170320_bike_236_22284,/workspace/SKN27-FINAL-3Team/storage/vision/datasets/classification/raw_videos/차대자전거/aihub_train_00002726_bb_1_170320_bike_236_22284.mp4,car_vs_bicycle,car_vs_bicycle,storage/vision/datasets/classification/raw_videos/차대자전거/aihub_train_00002726_bb_1_170320_bike_236_22284.mp4,test,b9393330898829e181f1600fa6783994f19af7e13fedd8df1d9c2b3010255c35,aihub_source_suffix:236_22284,source_filename_suffix_validated_by_exact_duplicates,blackbox_unspecified,filename_capture_code:bb,bicycle,dataset_coarse_label,night,cv_first_middle_last_majority,auto_enriched_needs_human_review
