category,asset_id,source_video_path,expected_target,coarse_label,local_path,split
car_vs_car,aihub_train_00003906_bb_1_170214_vehicle_124_052,/workspace/SKN27-FINAL-3Team/storage/vision/datasets/classification/raw_videos/차대차/aihub_train_00003906_bb_1_170214_vehicle_124_052.mp4,car_vs_car,car_vs_car,/workspace/SKN27-FINAL-3Team/storage/vision/datasets/classification/raw_videos/차대차/aihub_train_00003906_bb_1_170214_vehicle_124_052.mp4,train
car_vs_car,aihub_train_00003873_bb_1_161027_vehicle_30_097,/workspace/SKN27-FINAL-3Team/storage/vision/datasets/classification/raw_videos/차대차/aihub_train_00003873_bb_1_161027_vehicle_30_097.mp4,car_vs_car,car_vs_car,/workspace/SKN27-FINAL-3Team/storage/vision/datasets/classification/raw_videos/차대차/aihub_train_00003873_bb_1_161027_vehicle_30_097.mp4,train
car_vs_car,aihub_train_00005996_bb_1_140412_vehicle_30_379,/workspace/SKN27-FINAL-3Team/storage/vision/datasets/classification/raw_videos/차대차/aihub_train_00005996_bb_1_140412_vehicle_30_379.mp4,car_vs_car,car_vs_car,/workspace/SKN27-FINAL-3Team/storage/vision/datasets/classification/raw_videos/차대차/aihub_train_00005996_bb_1_140412_vehicle_30_379.mp4,train
car_vs_car,aihub_train_00004729_bb_1_140509_vehicle_236_22178,/workspace/SKN27-FINAL-3Team/storage/vision/datasets/classification/raw_videos/차대차/aihub_train_00004729_bb_1_140509_vehicle_236_22178.mp4,car_vs_car,car_vs_car,/workspace/SKN27-FINAL-3Team/storage/vision/datasets/classification/raw_videos/차대차/aihub_train_00004729_bb_1_140509_vehicle_236_22178.mp4,train
car_vs_car,aihub_train_00004958_bb_1_170520_vehicle_41_131,/workspace/SKN27-FINAL-3Team/storage/vision/datasets/classification/raw_videos/차대차/aihub_train_00004958_bb_1_170520_vehicle_41_131.mp4,car_vs_car,car_vs_car,/workspace/SKN27-FINAL-3Team/storage/vision/datasets/classification/raw_videos/차대차/aihub_train_00004958_bb_1_170520_vehicle_41_131.mp4,train
car_vs_car,aihub_train_00004129_bb_1_181222_vehicle_117_053,/workspace/SKN27-FINAL-3Team/storage/vision/datasets/classification/raw_videos/차대차/aihub_train_00004129_bb_1_181222_vehicle_117_053.mp4,car_vs_car,car_vs_car,/workspace/SKN27-FINAL-3Team/storage/vision/datasets/classification/raw_videos/차대차/aihub_train_00004129_bb_1_181222_vehicle_117_053.mp4,train
car_vs_car,aihub_train_00003767_bb_1_160120_vehicle_208_32978,/workspace/SKN27-FINAL-3Team/storage/vision/datasets/classification/raw_videos/차대차/aihub_train_00003767_bb_1_160120_vehicle_208_32978.mp4,car_vs_car,car_vs_car,/workspace/SKN27-FINAL-3Team/storage/vision/datasets/classification/raw_videos/차대차/aihub_train_00003767_bb_1_160120_vehicle_208_32978.mp4,train
car_vs_car,aihub_train_00005158_bb_1_190505_vehicle_131_077,/workspace/SKN27-FINAL-3Team/storage/vision/datasets/classification/raw_videos/차대차/aihub_train_00005158_bb_1_190505_vehicle_131_077.mp4,car_vs_car,car_vs_car,/workspace/SKN27-FINAL-3Team/storage/vision/datasets/classification/raw_videos/차대차/aihub_train_00005158_bb_1_190505_vehicle_131_077.mp4,train
car_vs_car,aihub_train_00005653_bb_3_160228_vehicle_246_30442,/workspace/SKN27-FINAL-3Team/storage/vision/datasets/classification/raw_videos/차대차/aihub_train_00005653_bb_3_160228_vehicle_246_30442.mp4,car_vs_car,car_vs_car,/workspace/SKN27-FINAL-3Team/storage/vision/datasets/classification/raw_videos/차대차/aihub_train_00005653_bb_3_160228_vehicle_246_30442.mp4,train
car_vs_car,aihub_train_00005421_bb_1_220128_vehicle_29_361,/workspace/SKN27-FINAL-3Team/storage/vision/datasets/classification/raw_videos/차대차/aihub_train_00005421_bb_1_220128_vehicle_29_361.mp4,car_vs_car,car_vs_car,/workspace/SKN27-FINAL-3Team/storage/vision/datasets/classification/raw_videos/차대차/aihub_train_00005421_bb_1_220128_vehicle_29_361.mp4,train
car_vs_car,aihub_train_00005267_bb_1_200813_vehicle_222_21143,/workspace/SKN27-FINAL-3Team/storage/vision/datasets/classification/raw_videos/차대차/aihub_train_00005267_bb_1_200813_vehicle_222_21143.mp4,car_vs_car,car_vs_car,/workspace/SKN27-FINAL-3Team/storage/vision/datasets/classification/raw_videos/차대차/aihub_train_00005267_bb_1_200813_vehicle_222_21143.mp4,train
car_vs_car,aihub_train_00004838_bb_1_160118_vehicle_248_21835,/workspace/SKN27-FINAL-3Team/storage/vision/datasets/classification/raw_videos/차대차/aihub_train_00004838_bb_1_160118_vehicle_248_21835.mp4,car_vs_car,car_vs_car,/workspace/SKN27-FINAL-3Team/storage/vision/datasets/classification/raw_videos/차대차/aihub_train_00004838_bb_1_160118_vehicle_248_21835.mp4,train
car_vs_car,aihub_train_00004469_bb_1_220117_vehicle_118_094,/workspace/SKN27-FINAL-3Team/storage/vision/datasets/classification/raw_videos/차대차/aihub_train_00004469_bb_1_220117_vehicle_118_094.mp4,car_vs_car,car_vs_car,/workspace/SKN27-FINAL-3Team/storage/vision/datasets/classification/raw_videos/차대차/aihub_train_00004469_bb_1_220117_vehicle_118_094.mp4,train
car_vs_car,aihub_train_00004471_bb_1_220121_vehicle_236_25382,/workspace/SKN27-FINAL-3Team/storage/vision/datasets/classification/raw_videos/차대차/aihub_train_00004471_bb_1_220121_vehicle_236_25382.mp4,car_vs_car,car_vs_car,/workspace/SKN27-FINAL-3Team/storage/vision/datasets/classification/raw_videos/차대차/aihub_train_00004471_bb_1_220121_vehicle_236_25382.mp4,train
car_vs_car,aihub_train_00005242_bb_1_200429_vehicle_41_164,/workspace/SKN27-FINAL-3Team/storage/vision/datasets/classification/raw_videos/차대차/aihub_train_00005242_bb_1_200429_vehicle_41_164.mp4,car_vs_car,car_vs_car,/workspace/SKN27-FINAL-3Team/storage/vision/datasets/classification/raw_videos/차대차/aihub_train_00005242_bb_1_200429_vehicle_41_164.mp4,train
car_vs_car,aihub_train_00003947_bb_1_170528_vehicle_204_22044,/workspace/SKN27-FINAL-3Team/storage/vision/datasets/classification/raw_videos/차대차/aihub_train_00003947_bb_1_170528_vehicle_204_22044.mp4,car_vs_car,car_vs_car,/workspace/SKN27-FINAL-3Team/storage/vision/datasets/classification/raw_videos/차대차/aihub_train_00003947_bb_1_170528_vehicle_204_22044.mp4,train
car_vs_car,aihub_train_00004054_bb_1_180420_vehicle_223_20168,/workspace/SKN27-FINAL-3Team/storage/vision/datasets/classification/raw_videos/차대차/aihub_train_00004054_bb_1_180420_vehicle_223_20168.mp4,car_vs_car,car_vs_car,/workspace/SKN27-FINAL-3Team/storage/vision/datasets/classification/raw_videos/차대차/aihub_train_00004054_bb_1_180420_vehicle_223_20168.mp4,train
car_vs_car,aihub_train_00006010_bb_1_140619_vehicle_29_070,/workspace/SKN27-FINAL-3Team/storage/vision/datasets/classification/raw_videos/차대차/aihub_train_00006010_bb_1_140619_vehicle_29_070.mp4,car_vs_car,car_vs_car,/workspace/SKN27-FINAL-3Team/storage/vision/datasets/classification/raw_videos/차대차/aihub_train_00006010_bb_1_140619_vehicle_29_070.mp4,train
car_vs_car,aihub_train_00005373_bb_1_210831_vehicle_232_22109,/workspace/SKN27-FINAL-3Team/storage/vision/datasets/classification/raw_videos/차대차/aihub_train_00005373_bb_1_210831_vehicle_232_22109.mp4,car_vs_car,car_vs_car,/workspace/SKN27-FINAL-3Team/storage/vision/datasets/classification/raw_videos/차대차/aihub_train_00005373_bb_1_210831_vehicle_232_22109.mp4,train
car_vs_car,aihub_train_00003638_bb_1_140603_vehicle_209_32155,/workspace/SKN27-FINAL-3Team/storage/vision/datasets/classification/raw_videos/차대차/aihub_train_00003638_bb_1_140603_vehicle_209_32155.mp4,car_vs_car,car_vs_car,/workspace/SKN27-FINAL-3Team/storage/vision/datasets/classification/raw_videos/차대차/aihub_train_00003638_bb_1_140603_vehicle_209_32155.mp4,train
car_vs_car,aihub_train_00006133_bb_1_150824_vehicle_185_093,/workspace/SKN27-FINAL-3Team/storage/vision/datasets/classification/raw_videos/차대차/aihub_train_00006133_bb_1_150824_vehicle_185_093.mp4,car_vs_car,car_vs_car,/workspace/SKN27-FINAL-3Team/storage/vision/datasets/classification/raw_videos/차대차/aihub_train_00006133_bb_1_150824_vehicle_185_093.mp4,train
car_vs_car,aihub_train_00004559_bb_3_150504_vehicle_119_087,/workspace/SKN27-FINAL-3Team/storage/vision/datasets/classification/raw_videos/차대차/aihub_train_00004559_bb_3_150504_vehicle_119_087.mp4,car_vs_car,car_vs_car,/workspace/SKN27-FINAL-3Team/storage/vision/datasets/classification/raw_videos/차대차/aihub_train_00004559_bb_3_150504_vehicle_119_087.mp4,train
car_vs_car,aihub_train_00004247_bb_1_191114_vehicle_244_32006,/workspace/SKN27-FINAL-3Team/storage/vision/datasets/classification/raw_videos/차대차/aihub_train_00004247_bb_1_191114_vehicle_244_32006.mp4,car_vs_car,car_vs_car,/workspace/SKN27-FINAL-3Team/storage/vision/datasets/classification/raw_videos/차대차/aihub_train_00004247_bb_1_191114_vehicle_244_32006.mp4,train
car_vs_car,aihub_train_00006198_bb_1_160225_vehicle_29_210,/workspace/SKN27-FINAL-3Team/storage/vision/datasets/classification/raw_videos/차대차/aihub_train_00006198_bb_1_160225_vehicle_29_210.mp4,car_vs_car,car_vs_car,/workspace/SKN27-FINAL-3Team/storage/vision/datasets/classification/raw_videos/차대차/aihub_train_00006198_bb_1_160225_vehicle_29_210.mp4,train
car_vs_car,aihub_train_00005543_bb_3_120523_vehicle_142_102,/workspace/SKN27-FINAL-3Team/storage/vision/datasets/classification/raw_videos/차대차/aihub_train_00005543_bb_3_120523_vehicle_142_102.mp4,car_vs_car,car_vs_car,/workspace/SKN27-FINAL-3Team/storage/vision/datasets/classification/raw_videos/차대차/aihub_train_00005543_bb_3_120523_vehicle_142_102.mp4,train
car_vs_car,aihub_train_00004058_bb_1_180503_vehicle_218_32277,/workspace/SKN27-FINAL-3Team/storage/vision/datasets/classification/raw_videos/차대차/aihub_train_00004058_bb_1_180503_vehicle_218_32277.mp4,car_vs_car,car_vs_car,/workspace/SKN27-FINAL-3Team/storage/vision/datasets/classification/raw_videos/차대차/aihub_train_00004058_bb_1_180503_vehicle_218_32277.mp4,train
car_vs_car,aihub_train_00005704_bb_3_170531_vehicle_111_100,/workspace/SKN27-FINAL-3Team/storage/vision/datasets/classification/raw_videos/차대차/aihub_train_00005704_bb_3_170531_vehicle_111_100.mp4,car_vs_car,car_vs_car,/workspace/SKN27-FINAL-3Team/storage/vision/datasets/classification/raw_videos/차대차/aihub_train_00005704_bb_3_170531_vehicle_111_100.mp4,train
car_vs_car,aihub_train_00005729_bb_3_171107_vehicle_144_078,/workspace/SKN27-FINAL-3Team/storage/vision/datasets/classification/raw_videos/차대차/aihub_train_00005729_bb_3_171107_vehicle_144_078.mp4,car_vs_car,car_vs_car,/workspace/SKN27-FINAL-3Team/storage/vision/datasets/classification/raw_videos/차대차/aihub_train_00005729_bb_3_171107_vehicle_144_078.mp4,train
car_vs_car,aihub_train_00005757_bb_3_180520_vehicle_123_115,/workspace/SKN27-FINAL-3Team/storage/vision/datasets/classification/raw_videos/차대차/aihub_train_00005757_bb_3_180520_vehicle_123_115.mp4,car_vs_car,car_vs_car,/workspace/SKN27-FINAL-3Team/storage/vision/datasets/classification/raw_videos/차대차/aihub_train_00005757_bb_3_180520_vehicle_123_115.mp4,train
car_vs_car,aihub_train_00004793_bb_1_150622_vehicle_191_119,/workspace/SKN27-FINAL-3Team/storage/vision/datasets/classification/raw_videos/차대차/aihub_train_00004793_bb_1_150622_vehicle_191_119.mp4,car_vs_car,car_vs_car,/workspace/SKN27-FINAL-3Team/storage/vision/datasets/classification/raw_videos/차대차/aihub_train_00004793_bb_1_150622_vehicle_191_119.mp4,train
car_vs_car,aihub_train_00004399_bb_1_210629_vehicle_126_053,/workspace/SKN27-FINAL-3Team/storage/vision/datasets/classification/raw_videos/차대차/aihub_train_00004399_bb_1_210629_vehicle_126_053.mp4,car_vs_car,car_vs_car,/workspace/SKN27-FINAL-3Team/storage/vision/datasets/classification/raw_videos/차대차/aihub_train_00004399_bb_1_210629_vehicle_126_053.mp4,train
car_vs_car,aihub_train_00004024_bb_1_171222_vehicle_142_123,/workspace/SKN27-FINAL-3Team/storage/vision/datasets/classification/raw_videos/차대차/aihub_train_00004024_bb_1_171222_vehicle_142_123.mp4,car_vs_car,car_vs_car,/workspace/SKN27-FINAL-3Team/storage/vision/datasets/classification/raw_videos/차대차/aihub_train_00004024_bb_1_171222_vehicle_142_123.mp4,train
car_vs_car,aihub_train_00004616_cc_3_160316_vehicle_210_47971,/workspace/SKN27-FINAL-3Team/storage/vision/datasets/classification/raw_videos/차대차/aihub_train_00004616_cc_3_160316_vehicle_210_47971.mp4,car_vs_car,car_vs_car,/workspace/SKN27-FINAL-3Team/storage/vision/datasets/classification/raw_videos/차대차/aihub_train_00004616_cc_3_160316_vehicle_210_47971.mp4,train
car_vs_car,aihub_train_00004910_bb_1_161124_vehicle_234_21564,/workspace/SKN27-FINAL-3Team/storage/vision/datasets/classification/raw_videos/차대차/aihub_train_00004910_bb_1_161124_vehicle_234_21564.mp4,car_vs_car,car_vs_car,/workspace/SKN27-FINAL-3Team/storage/vision/datasets/classification/raw_videos/차대차/aihub_train_00004910_bb_1_161124_vehicle_234_21564.mp4,train
car_vs_car,aihub_train_00005291_bb_1_210103_vehicle_119_250,/workspace/SKN27-FINAL-3Team/storage/vision/datasets/classification/raw_videos/차대차/aihub_train_00005291_bb_1_210103_vehicle_119_250.mp4,car_vs_car,car_vs_car,/workspace/SKN27-FINAL-3Team/storage/vision/datasets/classification/raw_videos/차대차/aihub_train_00005291_bb_1_210103_vehicle_119_250.mp4,train
car_vs_car,aihub_train_00003936_bb_1_170507_vehicle_236_32875,/workspace/SKN27-FINAL-3Team/storage/vision/datasets/classification/raw_videos/차대차/aihub_train_00003936_bb_1_170507_vehicle_236_32875.mp4,car_vs_car,car_vs_car,/workspace/SKN27-FINAL-3Team/storage/vision/datasets/classification/raw_videos/차대차/aihub_train_00003936_bb_1_170507_vehicle_236_32875.mp4,train
car_vs_car,aihub_train_00006309_bb_1_161205_vehicle_46_390,/workspace/SKN27-FINAL-3Team/storage/vision/datasets/classification/raw_videos/차대차/aihub_train_00006309_bb_1_161205_vehicle_46_390.mp4,car_vs_car,car_vs_car,/workspace/SKN27-FINAL-3Team/storage/vision/datasets/classification/raw_videos/차대차/aihub_train_00006309_bb_1_161205_vehicle_46_390.mp4,train
car_vs_car,aihub_train_00004191_bb_1_190602_vehicle_116_087,/workspace/SKN27-FINAL-3Team/storage/vision/datasets/classification/raw_videos/차대차/aihub_train_00004191_bb_1_190602_vehicle_116_087.mp4,car_vs_car,car_vs_car,/workspace/SKN27-FINAL-3Team/storage/vision/datasets/classification/raw_videos/차대차/aihub_train_00004191_bb_1_190602_vehicle_116_087.mp4,train
car_vs_car,aihub_train_00005750_bb_3_180418_vehicle_196_056,/workspace/SKN27-FINAL-3Team/storage/vision/datasets/classification/raw_videos/차대차/aihub_train_00005750_bb_3_180418_vehicle_196_056.mp4,car_vs_car,car_vs_car,/workspace/SKN27-FINAL-3Team/storage/vision/datasets/classification/raw_videos/차대차/aihub_train_00005750_bb_3_180418_vehicle_196_056.mp4,train
car_vs_car,aihub_train_00004940_bb_1_170313_vehicle_202_20510,/workspace/SKN27-FINAL-3Team/storage/vision/datasets/classification/raw_videos/차대차/aihub_train_00004940_bb_1_170313_vehicle_202_20510.mp4,car_vs_car,car_vs_car,/workspace/SKN27-FINAL-3Team/storage/vision/datasets/classification/raw_videos/차대차/aihub_train_00004940_bb_1_170313_vehicle_202_20510.mp4,train
car_vs_car,aihub_train_00003552_bb_1_000512_vehicle_30_418,/workspace/SKN27-FINAL-3Team/storage/vision/datasets/classification/raw_videos/차대차/aihub_train_00003552_bb_1_000512_vehicle_30_418.mp4,car_vs_car,car_vs_car,/workspace/SKN27-FINAL-3Team/storage/vision/datasets/classification/raw_videos/차대차/aihub_train_00003552_bb_1_000512_vehicle_30_418.mp4,train
car_vs_car,aihub_train_00005229_bb_1_200227_vehicle_120_058,/workspace/SKN27-FINAL-3Team/storage/vision/datasets/classification/raw_videos/차대차/aihub_train_00005229_bb_1_200227_vehicle_120_058.mp4,car_vs_car,car_vs_car,/workspace/SKN27-FINAL-3Team/storage/vision/datasets/classification/raw_videos/차대차/aihub_train_00005229_bb_1_200227_vehicle_120_058.mp4,train
car_vs_car,aihub_train_00003666_bb_1_150102_vehicle_233_30181,/workspace/SKN27-FINAL-3Team/storage/vision/datasets/classification/raw_videos/차대차/aihub_train_00003666_bb_1_150102_vehicle_233_30181.mp4,car_vs_car,car_vs_car,/workspace/SKN27-FINAL-3Team/storage/vision/datasets/classification/raw_videos/차대차/aihub_train_00003666_bb_1_150102_vehicle_233_30181.mp4,train
car_vs_car,aihub_train_00003798_bb_1_160417_vehicle_194_057,/workspace/SKN27-FINAL-3Team/storage/vision/datasets/classification/raw_videos/차대차/aihub_train_00003798_bb_1_160417_vehicle_194_057.mp4,car_vs_car,car_vs_car,/workspace/SKN27-FINAL-3Team/storage/vision/datasets/classification/raw_videos/차대차/aihub_train_00003798_bb_1_160417_vehicle_194_057.mp4,train
car_vs_car,aihub_train_00004174_bb_1_190410_vehicle_250_23606,/workspace/SKN27-FINAL-3Team/storage/vision/datasets/classification/raw_videos/차대차/aihub_train_00004174_bb_1_190410_vehicle_250_23606.mp4,car_vs_car,car_vs_car,/workspace/SKN27-FINAL-3Team/storage/vision/datasets/classification/raw_videos/차대차/aihub_train_00004174_bb_1_190410_vehicle_250_23606.mp4,train
car_vs_car,aihub_train_00005021_bb_1_180127_vehicle_227_30307,/workspace/SKN27-FINAL-3Team/storage/vision/datasets/classification/raw_videos/차대차/aihub_train_00005021_bb_1_180127_vehicle_227_30307.mp4,car_vs_car,car_vs_car,/workspace/SKN27-FINAL-3Team/storage/vision/datasets/classification/raw_videos/차대차/aihub_train_00005021_bb_1_180127_vehicle_227_30307.mp4,train
car_vs_car,aihub_train_00004867_bb_1_160507_vehicle_126_153,/workspace/SKN27-FINAL-3Team/storage/vision/datasets/classification/raw_videos/차대차/aihub_train_00004867_bb_1_160507_vehicle_126_153.mp4,car_vs_car,car_vs_car,/workspace/SKN27-FINAL-3Team/storage/vision/datasets/classification/raw_videos/차대차/aihub_train_00004867_bb_1_160507_vehicle_126_153.mp4,train
car_vs_car,aihub_train_00004753_bb_1_141006_vehicle_230_31812,/workspace/SKN27-FINAL-3Team/storage/vision/datasets/classification/raw_videos/차대차/aihub_train_00004753_bb_1_141006_vehicle_230_31812.mp4,car_vs_car,car_vs_car,/workspace/SKN27-FINAL-3Team/storage/vision/datasets/classification/raw_videos/차대차/aihub_train_00004753_bb_1_141006_vehicle_230_31812.mp4,train
car_vs_car,aihub_train_00004347_bb_1_201027_vehicle_118_147,/workspace/SKN27-FINAL-3Team/storage/vision/datasets/classification/raw_videos/차대차/aihub_train_00004347_bb_1_201027_vehicle_118_147.mp4,car_vs_car,car_vs_car,/workspace/SKN27-FINAL-3Team/storage/vision/datasets/classification/raw_videos/차대차/aihub_train_00004347_bb_1_201027_vehicle_118_147.mp4,train
car_vs_car,aihub_train_00005952_bb_1_130417_vehicle_253_21913,/workspace/SKN27-FINAL-3Team/storage/vision/datasets/classification/raw_videos/차대차/aihub_train_00005952_bb_1_130417_vehicle_253_21913.mp4,car_vs_car,car_vs_car,/workspace/SKN27-FINAL-3Team/storage/vision/datasets/classification/raw_videos/차대차/aihub_train_00005952_bb_1_130417_vehicle_253_21913.mp4,train
car_vs_car,aihub_train_00006316_bb_1_170107_vehicle_36_120,/workspace/SKN27-FINAL-3Team/storage/vision/datasets/classification/raw_videos/차대차/aihub_train_00006316_bb_1_170107_vehicle_36_120.mp4,car_vs_car,car_vs_car,/workspace/SKN27-FINAL-3Team/storage/vision/datasets/classification/raw_videos/차대차/aihub_train_00006316_bb_1_170107_vehicle_36_120.mp4,train
car_vs_car,aihub_train_00003972_bb_1_170728_vehicle_224_22983,/workspace/SKN27-FINAL-3Team/storage/vision/datasets/classification/raw_videos/차대차/aihub_train_00003972_bb_1_170728_vehicle_224_22983.mp4,car_vs_car,car_vs_car,/workspace/SKN27-FINAL-3Team/storage/vision/datasets/classification/raw_videos/차대차/aihub_train_00003972_bb_1_170728_vehicle_224_22983.mp4,train
car_vs_car,aihub_train_00003918_bb_1_170310_vehicle_116_095,/workspace/SKN27-FINAL-3Team/storage/vision/datasets/classification/raw_videos/차대차/aihub_train_00003918_bb_1_170310_vehicle_116_095.mp4,car_vs_car,car_vs_car,/workspace/SKN27-FINAL-3Team/storage/vision/datasets/classification/raw_videos/차대차/aihub_train_00003918_bb_1_170310_vehicle_116_095.mp4,train
car_vs_car,aihub_train_00004170_bb_1_190331_vehicle_05_023,/workspace/SKN27-FINAL-3Team/storage/vision/datasets/classification/raw_videos/차대차/aihub_train_00004170_bb_1_190331_vehicle_05_023.mp4,car_vs_car,car_vs_car,/workspace/SKN27-FINAL-3Team/storage/vision/datasets/classification/raw_videos/차대차/aihub_train_00004170_bb_1_190331_vehicle_05_023.mp4,train
car_vs_car,aihub_train_00006075_bb_1_150307_vehicle_235_21931,/workspace/SKN27-FINAL-3Team/storage/vision/datasets/classification/raw_videos/차대차/aihub_train_00006075_bb_1_150307_vehicle_235_21931.mp4,car_vs_car,car_vs_car,/workspace/SKN27-FINAL-3Team/storage/vision/datasets/classification/raw_videos/차대차/aihub_train_00006075_bb_1_150307_vehicle_235_21931.mp4,train
car_vs_car,aihub_train_00003655_bb_1_140908_vehicle_141_171,/workspace/SKN27-FINAL-3Team/storage/vision/datasets/classification/raw_videos/차대차/aihub_train_00003655_bb_1_140908_vehicle_141_171.mp4,car_vs_car,car_vs_car,/workspace/SKN27-FINAL-3Team/storage/vision/datasets/classification/raw_videos/차대차/aihub_train_00003655_bb_1_140908_vehicle_141_171.mp4,train
car_vs_car,aihub_train_00004601_bb_3_200305_vehicle_243_47864,/workspace/SKN27-FINAL-3Team/storage/vision/datasets/classification/raw_videos/차대차/aihub_train_00004601_bb_3_200305_vehicle_243_47864.mp4,car_vs_car,car_vs_car,/workspace/SKN27-FINAL-3Team/storage/vision/datasets/classification/raw_videos/차대차/aihub_train_00004601_bb_3_200305_vehicle_243_47864.mp4,train
car_vs_car,aihub_train_00005074_bb_1_180727_vehicle_123_057,/workspace/SKN27-FINAL-3Team/storage/vision/datasets/classification/raw_videos/차대차/aihub_train_00005074_bb_1_180727_vehicle_123_057.mp4,car_vs_car,car_vs_car,/workspace/SKN27-FINAL-3Team/storage/vision/datasets/classification/raw_videos/차대차/aihub_train_00005074_bb_1_180727_vehicle_123_057.mp4,train
car_vs_car,aihub_train_00005031_bb_1_180228_vehicle_125_081,/workspace/SKN27-FINAL-3Team/storage/vision/datasets/classification/raw_videos/차대차/aihub_train_00005031_bb_1_180228_vehicle_125_081.mp4,car_vs_car,car_vs_car,/workspace/SKN27-FINAL-3Team/storage/vision/datasets/classification/raw_videos/차대차/aihub_train_00005031_bb_1_180228_vehicle_125_081.mp4,train
car_vs_car,aihub_train_00004876_bb_1_160612_vehicle_235_32975,/workspace/SKN27-FINAL-3Team/storage/vision/datasets/classification/raw_videos/차대차/aihub_train_00004876_bb_1_160612_vehicle_235_32975.mp4,car_vs_car,car_vs_car,/workspace/SKN27-FINAL-3Team/storage/vision/datasets/classification/raw_videos/차대차/aihub_train_00004876_bb_1_160612_vehicle_235_32975.mp4,train
car_vs_car,aihub_train_00005261_bb_1_200725_vehicle_48_246,/workspace/SKN27-FINAL-3Team/storage/vision/datasets/classification/raw_videos/차대차/aihub_train_00005261_bb_1_200725_vehicle_48_246.mp4,car_vs_car,car_vs_car,/workspace/SKN27-FINAL-3Team/storage/vision/datasets/classification/raw_videos/차대차/aihub_train_00005261_bb_1_200725_vehicle_48_246.mp4,train
car_vs_car,aihub_train_00004088_bb_1_180828_vehicle_194_079,/workspace/SKN27-FINAL-3Team/storage/vision/datasets/classification/raw_videos/차대차/aihub_train_00004088_bb_1_180828_vehicle_194_079.mp4,car_vs_car,car_vs_car,/workspace/SKN27-FINAL-3Team/storage/vision/datasets/classification/raw_videos/차대차/aihub_train_00004088_bb_1_180828_vehicle_194_079.mp4,train
car_vs_car,aihub_train_00004306_bb_1_200614_vehicle_05_003,/workspace/SKN27-FINAL-3Team/storage/vision/datasets/classification/raw_videos/차대차/aihub_train_00004306_bb_1_200614_vehicle_05_003.mp4,car_vs_car,car_vs_car,/workspace/SKN27-FINAL-3Team/storage/vision/datasets/classification/raw_videos/차대차/aihub_train_00004306_bb_1_200614_vehicle_05_003.mp4,train
car_vs_car,aihub_train_00005064_bb_1_180702_vehicle_199_039,/workspace/SKN27-FINAL-3Team/storage/vision/datasets/classification/raw_videos/차대차/aihub_train_00005064_bb_1_180702_vehicle_199_039.mp4,car_vs_car,car_vs_car,/workspace/SKN27-FINAL-3Team/storage/vision/datasets/classification/raw_videos/차대차/aihub_train_00005064_bb_1_180702_vehicle_199_039.mp4,train
car_vs_car,aihub_train_00005693_bb_3_170327_vehicle_31_118,/workspace/SKN27-FINAL-3Team/storage/vision/datasets/classification/raw_videos/차대차/aihub_train_00005693_bb_3_170327_vehicle_31_118.mp4,car_vs_car,car_vs_car,/workspace/SKN27-FINAL-3Team/storage/vision/datasets/classification/raw_videos/차대차/aihub_train_00005693_bb_3_170327_vehicle_31_118.mp4,train
car_vs_car,aihub_train_00004250_bb_1_191118_vehicle_237_32858,/workspace/SKN27-FINAL-3Team/storage/vision/datasets/classification/raw_videos/차대차/aihub_train_00004250_bb_1_191118_vehicle_237_32858.mp4,car_vs_car,car_vs_car,/workspace/SKN27-FINAL-3Team/storage/vision/datasets/classification/raw_videos/차대차/aihub_train_00004250_bb_1_191118_vehicle_237_32858.mp4,train
car_vs_car,aihub_train_00005502_bb_1_220815_vehicle_259_22061,/workspace/SKN27-FINAL-3Team/storage/vision/datasets/classification/raw_videos/차대차/aihub_train_00005502_bb_1_220815_vehicle_259_22061.mp4,car_vs_car,car_vs_car,/workspace/SKN27-FINAL-3Team/storage/vision/datasets/classification/raw_videos/차대차/aihub_train_00005502_bb_1_220815_vehicle_259_22061.mp4,train
car_vs_car,aihub_train_00003932_bb_1_170428_vehicle_19_087,/workspace/SKN27-FINAL-3Team/storage/vision/datasets/classification/raw_videos/차대차/aihub_train_00003932_bb_1_170428_vehicle_19_087.mp4,car_vs_car,car_vs_car,/workspace/SKN27-FINAL-3Team/storage/vision/datasets/classification/raw_videos/차대차/aihub_train_00003932_bb_1_170428_vehicle_19_087.mp4,train
car_vs_car,aihub_train_00005867_bb_3_201121_vehicle_117_181,/workspace/SKN27-FINAL-3Team/storage/vision/datasets/classification/raw_videos/차대차/aihub_train_00005867_bb_3_201121_vehicle_117_181.mp4,car_vs_car,car_vs_car,/workspace/SKN27-FINAL-3Team/storage/vision/datasets/classification/raw_videos/차대차/aihub_train_00005867_bb_3_201121_vehicle_117_181.mp4,train
car_vs_car,aihub_train_00004323_bb_1_200718_vehicle_112_257,/workspace/SKN27-FINAL-3Team/storage/vision/datasets/classification/raw_videos/차대차/aihub_train_00004323_bb_1_200718_vehicle_112_257.mp4,car_vs_car,car_vs_car,/workspace/SKN27-FINAL-3Team/storage/vision/datasets/classification/raw_videos/차대차/aihub_train_00004323_bb_1_200718_vehicle_112_257.mp4,train
car_vs_car,aihub_train_00003582_bb_1_121016_vehicle_48_021,/workspace/SKN27-FINAL-3Team/storage/vision/datasets/classification/raw_videos/차대차/aihub_train_00003582_bb_1_121016_vehicle_48_021.mp4,car_vs_car,car_vs_car,/workspace/SKN27-FINAL-3Team/storage/vision/datasets/classification/raw_videos/차대차/aihub_train_00003582_bb_1_121016_vehicle_48_021.mp4,val
car_vs_car,aihub_train_00006110_bb_1_150613_vehicle_223_21861,/workspace/SKN27-FINAL-3Team/storage/vision/datasets/classification/raw_videos/차대차/aihub_train_00006110_bb_1_150613_vehicle_223_21861.mp4,car_vs_car,car_vs_car,/workspace/SKN27-FINAL-3Team/storage/vision/datasets/classification/raw_videos/차대차/aihub_train_00006110_bb_1_150613_vehicle_223_21861.mp4,val
car_vs_car,aihub_train_00004570_bb_3_160324_vehicle_200_47580,/workspace/SKN27-FINAL-3Team/storage/vision/datasets/classification/raw_videos/차대차/aihub_train_00004570_bb_3_160324_vehicle_200_47580.mp4,car_vs_car,car_vs_car,/workspace/SKN27-FINAL-3Team/storage/vision/datasets/classification/raw_videos/차대차/aihub_train_00004570_bb_3_160324_vehicle_200_47580.mp4,val
car_vs_car,aihub_train_00006030_bb_1_140919_vehicle_200_027,/workspace/SKN27-FINAL-3Team/storage/vision/datasets/classification/raw_videos/차대차/aihub_train_00006030_bb_1_140919_vehicle_200_027.mp4,car_vs_car,car_vs_car,/workspace/SKN27-FINAL-3Team/storage/vision/datasets/classification/raw_videos/차대차/aihub_train_00006030_bb_1_140919_vehicle_200_027.mp4,val
car_vs_car,aihub_train_00004253_bb_1_191125_vehicle_089_038,/workspace/SKN27-FINAL-3Team/storage/vision/datasets/classification/raw_videos/차대차/aihub_train_00004253_bb_1_191125_vehicle_089_038.mp4,car_vs_car,car_vs_car,/workspace/SKN27-FINAL-3Team/storage/vision/datasets/classification/raw_videos/차대차/aihub_train_00004253_bb_1_191125_vehicle_089_038.mp4,val
car_vs_car,aihub_train_00005855_bb_3_200803_vehicle_203_31113,/workspace/SKN27-FINAL-3Team/storage/vision/datasets/classification/raw_videos/차대차/aihub_train_00005855_bb_3_200803_vehicle_203_31113.mp4,car_vs_car,car_vs_car,/workspace/SKN27-FINAL-3Team/storage/vision/datasets/classification/raw_videos/차대차/aihub_train_00005855_bb_3_200803_vehicle_203_31113.mp4,val
car_vs_car,aihub_train_00005313_bb_1_210309_vehicle_225_22154,/workspace/SKN27-FINAL-3Team/storage/vision/datasets/classification/raw_videos/차대차/aihub_train_00005313_bb_1_210309_vehicle_225_22154.mp4,car_vs_car,car_vs_car,/workspace/SKN27-FINAL-3Team/storage/vision/datasets/classification/raw_videos/차대차/aihub_train_00005313_bb_1_210309_vehicle_225_22154.mp4,val
car_vs_car,aihub_train_00005228_bb_1_200224_vehicle_193_010,/workspace/SKN27-FINAL-3Team/storage/vision/datasets/classification/raw_videos/차대차/aihub_train_00005228_bb_1_200224_vehicle_193_010.mp4,car_vs_car,car_vs_car,/workspace/SKN27-FINAL-3Team/storage/vision/datasets/classification/raw_videos/차대차/aihub_train_00005228_bb_1_200224_vehicle_193_010.mp4,val
car_vs_car,aihub_train_00005724_bb_3_171009_vehicle_245_21882,/workspace/SKN27-FINAL-3Team/storage/vision/datasets/classification/raw_videos/차대차/aihub_train_00005724_bb_3_171009_vehicle_245_21882.mp4,car_vs_car,car_vs_car,/workspace/SKN27-FINAL-3Team/storage/vision/datasets/classification/raw_videos/차대차/aihub_train_00005724_bb_3_171009_vehicle_245_21882.mp4,val
car_vs_car,aihub_train_00005409_bb_1_211127_vehicle_235_20703,/workspace/SKN27-FINAL-3Team/storage/vision/datasets/classification/raw_videos/차대차/aihub_train_00005409_bb_1_211127_vehicle_235_20703.mp4,car_vs_car,car_vs_car,/workspace/SKN27-FINAL-3Team/storage/vision/datasets/classification/raw_videos/차대차/aihub_train_00005409_bb_1_211127_vehicle_235_20703.mp4,val
car_vs_car,aihub_train_00004929_bb_1_170215_vehicle_247_20252,/workspace/SKN27-FINAL-3Team/storage/vision/datasets/classification/raw_videos/차대차/aihub_train_00004929_bb_1_170215_vehicle_247_20252.mp4,car_vs_car,car_vs_car,/workspace/SKN27-FINAL-3Team/storage/vision/datasets/classification/raw_videos/차대차/aihub_train_00004929_bb_1_170215_vehicle_247_20252.mp4,val
car_vs_car,aihub_train_00006105_bb_1_150527_vehicle_231_23220,/workspace/SKN27-FINAL-3Team/storage/vision/datasets/classification/raw_videos/차대차/aihub_train_00006105_bb_1_150527_vehicle_231_23220.mp4,car_vs_car,car_vs_car,/workspace/SKN27-FINAL-3Team/storage/vision/datasets/classification/raw_videos/차대차/aihub_train_00006105_bb_1_150527_vehicle_231_23220.mp4,val
car_vs_car,aihub_train_00005863_bb_3_201111_vehicle_257_31612,/workspace/SKN27-FINAL-3Team/storage/vision/datasets/classification/raw_videos/차대차/aihub_train_00005863_bb_3_201111_vehicle_257_31612.mp4,car_vs_car,car_vs_car,/workspace/SKN27-FINAL-3Team/storage/vision/datasets/classification/raw_videos/차대차/aihub_train_00005863_bb_3_201111_vehicle_257_31612.mp4,val
car_vs_car,aihub_train_00005811_bb_3_190702_vehicle_123_261,/workspace/SKN27-FINAL-3Team/storage/vision/datasets/classification/raw_videos/차대차/aihub_train_00005811_bb_3_190702_vehicle_123_261.mp4,car_vs_car,car_vs_car,/workspace/SKN27-FINAL-3Team/storage/vision/datasets/classification/raw_videos/차대차/aihub_train_00005811_bb_3_190702_vehicle_123_261.mp4,val
car_vs_car,aihub_train_00006289_bb_1_161008_vehicle_198_041,/workspace/SKN27-FINAL-3Team/storage/vision/datasets/classification/raw_videos/차대차/aihub_train_00006289_bb_1_161008_vehicle_198_041.mp4,car_vs_car,car_vs_car,/workspace/SKN27-FINAL-3Team/storage/vision/datasets/classification/raw_videos/차대차/aihub_train_00006289_bb_1_161008_vehicle_198_041.mp4,val
car_vs_car,aihub_train_00004067_bb_1_180614_vehicle_144_109,/workspace/SKN27-FINAL-3Team/storage/vision/datasets/classification/raw_videos/차대차/aihub_train_00004067_bb_1_180614_vehicle_144_109.mp4,car_vs_car,car_vs_car,/workspace/SKN27-FINAL-3Team/storage/vision/datasets/classification/raw_videos/차대차/aihub_train_00004067_bb_1_180614_vehicle_144_109.mp4,test
car_vs_car,aihub_train_00004431_bb_1_211009_vehicle_313_032,/workspace/SKN27-FINAL-3Team/storage/vision/datasets/classification/raw_videos/차대차/aihub_train_00004431_bb_1_211009_vehicle_313_032.mp4,car_vs_car,car_vs_car,/workspace/SKN27-FINAL-3Team/storage/vision/datasets/classification/raw_videos/차대차/aihub_train_00004431_bb_1_211009_vehicle_313_032.mp4,test
car_vs_car,aihub_train_00005314_bb_1_210315_vehicle_118_105,/workspace/SKN27-FINAL-3Team/storage/vision/datasets/classification/raw_videos/차대차/aihub_train_00005314_bb_1_210315_vehicle_118_105.mp4,car_vs_car,car_vs_car,/workspace/SKN27-FINAL-3Team/storage/vision/datasets/classification/raw_videos/차대차/aihub_train_00005314_bb_1_210315_vehicle_118_105.mp4,test
car_vs_car,aihub_train_00004916_bb_1_170116_vehicle_141_079,/workspace/SKN27-FINAL-3Team/storage/vision/datasets/classification/raw_videos/차대차/aihub_train_00004916_bb_1_170116_vehicle_141_079.mp4,car_vs_car,car_vs_car,/workspace/SKN27-FINAL-3Team/storage/vision/datasets/classification/raw_videos/차대차/aihub_train_00004916_bb_1_170116_vehicle_141_079.mp4,test
car_vs_car,aihub_train_00005140_bb_1_190303_vehicle_46_248,/workspace/SKN27-FINAL-3Team/storage/vision/datasets/classification/raw_videos/차대차/aihub_train_00005140_bb_1_190303_vehicle_46_248.mp4,car_vs_car,car_vs_car,/workspace/SKN27-FINAL-3Team/storage/vision/datasets/classification/raw_videos/차대차/aihub_train_00005140_bb_1_190303_vehicle_46_248.mp4,test
car_vs_car,aihub_train_00005752_bb_3_180427_vehicle_251_22144,/workspace/SKN27-FINAL-3Team/storage/vision/datasets/classification/raw_videos/차대차/aihub_train_00005752_bb_3_180427_vehicle_251_22144.mp4,car_vs_car,car_vs_car,/workspace/SKN27-FINAL-3Team/storage/vision/datasets/classification/raw_videos/차대차/aihub_train_00005752_bb_3_180427_vehicle_251_22144.mp4,test
car_vs_car,aihub_train_00005608_bb_3_141003_vehicle_144_088,/workspace/SKN27-FINAL-3Team/storage/vision/datasets/classification/raw_videos/차대차/aihub_train_00005608_bb_3_141003_vehicle_144_088.mp4,car_vs_car,car_vs_car,/workspace/SKN27-FINAL-3Team/storage/vision/datasets/classification/raw_videos/차대차/aihub_train_00005608_bb_3_141003_vehicle_144_088.mp4,test
car_vs_car,aihub_train_00003995_bb_1_170930_vehicle_220_31058,/workspace/SKN27-FINAL-3Team/storage/vision/datasets/classification/raw_videos/차대차/aihub_train_00003995_bb_1_170930_vehicle_220_31058.mp4,car_vs_car,car_vs_car,/workspace/SKN27-FINAL-3Team/storage/vision/datasets/classification/raw_videos/차대차/aihub_train_00003995_bb_1_170930_vehicle_220_31058.mp4,test
car_vs_car,aihub_train_00006091_bb_1_150420_vehicle_112_244,/workspace/SKN27-FINAL-3Team/storage/vision/datasets/classification/raw_videos/차대차/aihub_train_00006091_bb_1_150420_vehicle_112_244.mp4,car_vs_car,car_vs_car,/workspace/SKN27-FINAL-3Team/storage/vision/datasets/classification/raw_videos/차대차/aihub_train_00006091_bb_1_150420_vehicle_112_244.mp4,test
car_vs_car,aihub_train_00006297_bb_1_161103_vehicle_252_23684,/workspace/SKN27-FINAL-3Team/storage/vision/datasets/classification/raw_videos/차대차/aihub_train_00006297_bb_1_161103_vehicle_252_23684.mp4,car_vs_car,car_vs_car,/workspace/SKN27-FINAL-3Team/storage/vision/datasets/classification/raw_videos/차대차/aihub_train_00006297_bb_1_161103_vehicle_252_23684.mp4,test
car_vs_car,aihub_train_00006219_bb_1_160423_vehicle_145_106,/workspace/SKN27-FINAL-3Team/storage/vision/datasets/classification/raw_videos/차대차/aihub_train_00006219_bb_1_160423_vehicle_145_106.mp4,car_vs_car,car_vs_car,/workspace/SKN27-FINAL-3Team/storage/vision/datasets/classification/raw_videos/차대차/aihub_train_00006219_bb_1_160423_vehicle_145_106.mp4,test
car_vs_car,aihub_train_00006063_bb_1_150202_vehicle_148_322,/workspace/SKN27-FINAL-3Team/storage/vision/datasets/classification/raw_videos/차대차/aihub_train_00006063_bb_1_150202_vehicle_148_322.mp4,car_vs_car,car_vs_car,/workspace/SKN27-FINAL-3Team/storage/vision/datasets/classification/raw_videos/차대차/aihub_train_00006063_bb_1_150202_vehicle_148_322.mp4,test
car_vs_car,aihub_train_00004010_bb_1_171105_vehicle_147_042,/workspace/SKN27-FINAL-3Team/storage/vision/datasets/classification/raw_videos/차대차/aihub_train_00004010_bb_1_171105_vehicle_147_042.mp4,car_vs_car,car_vs_car,/workspace/SKN27-FINAL-3Team/storage/vision/datasets/classification/raw_videos/차대차/aihub_train_00004010_bb_1_171105_vehicle_147_042.mp4,test
car_vs_car,aihub_train_00005635_bb_3_150730_vehicle_195_106,/workspace/SKN27-FINAL-3Team/storage/vision/datasets/classification/raw_videos/차대차/aihub_train_00005635_bb_3_150730_vehicle_195_106.mp4,car_vs_car,car_vs_car,/workspace/SKN27-FINAL-3Team/storage/vision/datasets/classification/raw_videos/차대차/aihub_train_00005635_bb_3_150730_vehicle_195_106.mp4,test
car_vs_car,aihub_train_00005634_bb_3_150627_vehicle_147_143,/workspace/SKN27-FINAL-3Team/storage/vision/datasets/classification/raw_videos/차대차/aihub_train_00005634_bb_3_150627_vehicle_147_143.mp4,car_vs_car,car_vs_car,/workspace/SKN27-FINAL-3Team/storage/vision/datasets/classification/raw_videos/차대차/aihub_train_00005634_bb_3_150627_vehicle_147_143.mp4,test
car_vs_pedestrian,aihub_train_00000039_bb_1_200806_pedestrian_36_031,/workspace/SKN27-FINAL-3Team/storage/vision/datasets/classification/raw_videos/차대보행자/aihub_train_00000039_bb_1_200806_pedestrian_36_031.mp4,car_vs_pedestrian,car_vs_pedestrian,/workspace/SKN27-FINAL-3Team/storage/vision/datasets/classification/raw_videos/차대보행자/aihub_train_00000039_bb_1_200806_pedestrian_36_031.mp4,train
car_vs_pedestrian,aihub_train_00000099_bb_1_190214_pedestrian_238_22113,/workspace/SKN27-FINAL-3Team/storage/vision/datasets/classification/raw_videos/차대보행자/aihub_train_00000099_bb_1_190214_pedestrian_238_22113.mp4,car_vs_pedestrian,car_vs_pedestrian,/workspace/SKN27-FINAL-3Team/storage/vision/datasets/classification/raw_videos/차대보행자/aihub_train_00000099_bb_1_190214_pedestrian_238_22113.mp4,train
car_vs_pedestrian,aihub_train_00000031_bb_1_200224_pedestrian_199_083,/workspace/SKN27-FINAL-3Team/storage/vision/datasets/classification/raw_videos/차대보행자/aihub_train_00000031_bb_1_200224_pedestrian_199_083.mp4,car_vs_pedestrian,car_vs_pedestrian,/workspace/SKN27-FINAL-3Team/storage/vision/datasets/classification/raw_videos/차대보행자/aihub_train_00000031_bb_1_200224_pedestrian_199_083.mp4,train
car_vs_pedestrian,aihub_train_00000033_bb_1_200319_pedestrian_230_21815,/workspace/SKN27-FINAL-3Team/storage/vision/datasets/classification/raw_videos/차대보행자/aihub_train_00000033_bb_1_200319_pedestrian_230_21815.mp4,car_vs_pedestrian,car_vs_pedestrian,/workspace/SKN27-FINAL-3Team/storage/vision/datasets/classification/raw_videos/차대보행자/aihub_train_00000033_bb_1_200319_pedestrian_230_21815.mp4,train
car_vs_pedestrian,aihub_train_00000133_bb_1_160910_pedestrian_111_045,/workspace/SKN27-FINAL-3Team/storage/vision/datasets/classification/raw_videos/차대보행자/aihub_train_00000133_bb_1_160910_pedestrian_111_045.mp4,car_vs_pedestrian,car_vs_pedestrian,/workspace/SKN27-FINAL-3Team/storage/vision/datasets/classification/raw_videos/차대보행자/aihub_train_00000133_bb_1_160910_pedestrian_111_045.mp4,train
car_vs_pedestrian,aihub_train_00000011_bb_1_170127_pedestrian_38_005,/workspace/SKN27-FINAL-3Team/storage/vision/datasets/classification/raw_videos/차대보행자/aihub_train_00000011_bb_1_170127_pedestrian_38_005.mp4,car_vs_pedestrian,car_vs_pedestrian,/workspace/SKN27-FINAL-3Team/storage/vision/datasets/classification/raw_videos/차대보행자/aihub_train_00000011_bb_1_170127_pedestrian_38_005.mp4,train
car_vs_pedestrian,aihub_train_00000073_bb_1_160607_pedestrian_257_21761,/workspace/SKN27-FINAL-3Team/storage/vision/datasets/classification/raw_videos/차대보행자/aihub_train_00000073_bb_1_160607_pedestrian_257_21761.mp4,car_vs_pedestrian,car_vs_pedestrian,/workspace/SKN27-FINAL-3Team/storage/vision/datasets/classification/raw_videos/차대보행자/aihub_train_00000073_bb_1_160607_pedestrian_257_21761.mp4,train
car_vs_pedestrian,aihub_train_00000107_bb_1_200121_pedestrian_214_21581,/workspace/SKN27-FINAL-3Team/storage/vision/datasets/classification/raw_videos/차대보행자/aihub_train_00000107_bb_1_200121_pedestrian_214_21581.mp4,car_vs_pedestrian,car_vs_pedestrian,/workspace/SKN27-FINAL-3Team/storage/vision/datasets/classification/raw_videos/차대보행자/aihub_train_00000107_bb_1_200121_pedestrian_214_21581.mp4,train
car_vs_pedestrian,aihub_train_00000094_bb_1_180725_pedestrian_125_194,/workspace/SKN27-FINAL-3Team/storage/vision/datasets/classification/raw_videos/차대보행자/aihub_train_00000094_bb_1_180725_pedestrian_125_194.mp4,car_vs_pedestrian,car_vs_pedestrian,/workspace/SKN27-FINAL-3Team/storage/vision/datasets/classification/raw_videos/차대보행자/aihub_train_00000094_bb_1_180725_pedestrian_125_194.mp4,train
car_vs_pedestrian,aihub_train_00000128_bb_1_160521_pedestrian_251_22043,/workspace/SKN27-FINAL-3Team/storage/vision/datasets/classification/raw_videos/차대보행자/aihub_train_00000128_bb_1_160521_pedestrian_251_22043.mp4,car_vs_pedestrian,car_vs_pedestrian,/workspace/SKN27-FINAL-3Team/storage/vision/datasets/classification/raw_videos/차대보행자/aihub_train_00000128_bb_1_160521_pedestrian_251_22043.mp4,train
car_vs_pedestrian,aihub_train_00000026_bb_1_190917_pedestrian_195_209,/workspace/SKN27-FINAL-3Team/storage/vision/datasets/classification/raw_videos/차대보행자/aihub_train_00000026_bb_1_190917_pedestrian_195_209.mp4,car_vs_pedestrian,car_vs_pedestrian,/workspace/SKN27-FINAL-3Team/storage/vision/datasets/classification/raw_videos/차대보행자/aihub_train_00000026_bb_1_190917_pedestrian_195_209.mp4,train
car_vs_pedestrian,aihub_train_00000049_bb_1_210619_pedestrian_216_20629,/workspace/SKN27-FINAL-3Team/storage/vision/datasets/classification/raw_videos/차대보행자/aihub_train_00000049_bb_1_210619_pedestrian_216_20629.mp4,car_vs_pedestrian,car_vs_pedestrian,/workspace/SKN27-FINAL-3Team/storage/vision/datasets/classification/raw_videos/차대보행자/aihub_train_00000049_bb_1_210619_pedestrian_216_20629.mp4,train
car_vs_pedestrian,aihub_train_00000027_bb_1_190929_pedestrian_111_043,/workspace/SKN27-FINAL-3Team/storage/vision/datasets/classification/raw_videos/차대보행자/aihub_train_00000027_bb_1_190929_pedestrian_111_043.mp4,car_vs_pedestrian,car_vs_pedestrian,/workspace/SKN27-FINAL-3Team/storage/vision/datasets/classification/raw_videos/차대보행자/aihub_train_00000027_bb_1_190929_pedestrian_111_043.mp4,train
car_vs_pedestrian,aihub_train_00000052_bb_1_210818_pedestrian_144_154,/workspace/SKN27-FINAL-3Team/storage/vision/datasets/classification/raw_videos/차대보행자/aihub_train_00000052_bb_1_210818_pedestrian_144_154.mp4,car_vs_pedestrian,car_vs_pedestrian,/workspace/SKN27-FINAL-3Team/storage/vision/datasets/classification/raw_videos/차대보행자/aihub_train_00000052_bb_1_210818_pedestrian_144_154.mp4,train
car_vs_pedestrian,aihub_train_00000141_bb_1_170630_pedestrian_44_004,/workspace/SKN27-FINAL-3Team/storage/vision/datasets/classification/raw_videos/차대보행자/aihub_train_00000141_bb_1_170630_pedestrian_44_004.mp4,car_vs_pedestrian,car_vs_pedestrian,/workspace/SKN27-FINAL-3Team/storage/vision/datasets/classification/raw_videos/차대보행자/aihub_train_00000141_bb_1_170630_pedestrian_44_004.mp4,train
car_vs_pedestrian,aihub_train_00000135_bb_1_160930_pedestrian_222_22036,/workspace/SKN27-FINAL-3Team/storage/vision/datasets/classification/raw_videos/차대보행자/aihub_train_00000135_bb_1_160930_pedestrian_222_22036.mp4,car_vs_pedestrian,car_vs_pedestrian,/workspace/SKN27-FINAL-3Team/storage/vision/datasets/classification/raw_videos/차대보행자/aihub_train_00000135_bb_1_160930_pedestrian_222_22036.mp4,train
car_vs_pedestrian,aihub_train_00000114_bb_1_201030_pedestrian_117_095,/workspace/SKN27-FINAL-3Team/storage/vision/datasets/classification/raw_videos/차대보행자/aihub_train_00000114_bb_1_201030_pedestrian_117_095.mp4,car_vs_pedestrian,car_vs_pedestrian,/workspace/SKN27-FINAL-3Team/storage/vision/datasets/classification/raw_videos/차대보행자/aihub_train_00000114_bb_1_201030_pedestrian_117_095.mp4,train
car_vs_pedestrian,aihub_train_00000028_bb_1_191102_pedestrian_149_243,/workspace/SKN27-FINAL-3Team/storage/vision/datasets/classification/raw_videos/차대보행자/aihub_train_00000028_bb_1_191102_pedestrian_149_243.mp4,car_vs_pedestrian,car_vs_pedestrian,/workspace/SKN27-FINAL-3Team/storage/vision/datasets/classification/raw_videos/차대보행자/aihub_train_00000028_bb_1_191102_pedestrian_149_243.mp4,train
car_vs_pedestrian,aihub_train_00000113_bb_1_200908_pedestrian_113_200,/workspace/SKN27-FINAL-3Team/storage/vision/datasets/classification/raw_videos/차대보행자/aihub_train_00000113_bb_1_200908_pedestrian_113_200.mp4,car_vs_pedestrian,car_vs_pedestrian,/workspace/SKN27-FINAL-3Team/storage/vision/datasets/classification/raw_videos/차대보행자/aihub_train_00000113_bb_1_200908_pedestrian_113_200.mp4,train
car_vs_pedestrian,aihub_train_00000160_bb_1_180624_pedestrian_235_21836,/workspace/SKN27-FINAL-3Team/storage/vision/datasets/classification/raw_videos/차대보행자/aihub_train_00000160_bb_1_180624_pedestrian_235_21836.mp4,car_vs_pedestrian,car_vs_pedestrian,/workspace/SKN27-FINAL-3Team/storage/vision/datasets/classification/raw_videos/차대보행자/aihub_train_00000160_bb_1_180624_pedestrian_235_21836.mp4,train
car_vs_pedestrian,aihub_train_00000032_bb_1_200227_pedestrian_199_085,/workspace/SKN27-FINAL-3Team/storage/vision/datasets/classification/raw_videos/차대보행자/aihub_train_00000032_bb_1_200227_pedestrian_199_085.mp4,car_vs_pedestrian,car_vs_pedestrian,/workspace/SKN27-FINAL-3Team/storage/vision/datasets/classification/raw_videos/차대보행자/aihub_train_00000032_bb_1_200227_pedestrian_199_085.mp4,train
car_vs_pedestrian,aihub_train_00000074_bb_1_160626_pedestrian_120_237,/workspace/SKN27-FINAL-3Team/storage/vision/datasets/classification/raw_videos/차대보행자/aihub_train_00000074_bb_1_160626_pedestrian_120_237.mp4,car_vs_pedestrian,car_vs_pedestrian,/workspace/SKN27-FINAL-3Team/storage/vision/datasets/classification/raw_videos/차대보행자/aihub_train_00000074_bb_1_160626_pedestrian_120_237.mp4,train
car_vs_pedestrian,aihub_train_00000127_bb_1_160505_pedestrian_117_091,/workspace/SKN27-FINAL-3Team/storage/vision/datasets/classification/raw_videos/차대보행자/aihub_train_00000127_bb_1_160505_pedestrian_117_091.mp4,car_vs_pedestrian,car_vs_pedestrian,/workspace/SKN27-FINAL-3Team/storage/vision/datasets/classification/raw_videos/차대보행자/aihub_train_00000127_bb_1_160505_pedestrian_117_091.mp4,train
car_vs_pedestrian,aihub_train_00000108_bb_1_200520_pedestrian_227_22023,/workspace/SKN27-FINAL-3Team/storage/vision/datasets/classification/raw_videos/차대보행자/aihub_train_00000108_bb_1_200520_pedestrian_227_22023.mp4,car_vs_pedestrian,car_vs_pedestrian,/workspace/SKN27-FINAL-3Team/storage/vision/datasets/classification/raw_videos/차대보행자/aihub_train_00000108_bb_1_200520_pedestrian_227_22023.mp4,train
car_vs_pedestrian,aihub_train_00000045_bb_1_210316_pedestrian_207_21627,/workspace/SKN27-FINAL-3Team/storage/vision/datasets/classification/raw_videos/차대보행자/aihub_train_00000045_bb_1_210316_pedestrian_207_21627.mp4,car_vs_pedestrian,car_vs_pedestrian,/workspace/SKN27-FINAL-3Team/storage/vision/datasets/classification/raw_videos/차대보행자/aihub_train_00000045_bb_1_210316_pedestrian_207_21627.mp4,train
car_vs_pedestrian,aihub_train_00000122_bb_3_181227_pedestrian_125_138,/workspace/SKN27-FINAL-3Team/storage/vision/datasets/classification/raw_videos/차대보행자/aihub_train_00000122_bb_3_181227_pedestrian_125_138.mp4,car_vs_pedestrian,car_vs_pedestrian,/workspace/SKN27-FINAL-3Team/storage/vision/datasets/classification/raw_videos/차대보행자/aihub_train_00000122_bb_3_181227_pedestrian_125_138.mp4,train
car_vs_pedestrian,aihub_train_00000103_bb_1_190313_pedestrian_112_235,/workspace/SKN27-FINAL-3Team/storage/vision/datasets/classification/raw_videos/차대보행자/aihub_train_00000103_bb_1_190313_pedestrian_112_235.mp4,car_vs_pedestrian,car_vs_pedestrian,/workspace/SKN27-FINAL-3Team/storage/vision/datasets/classification/raw_videos/차대보행자/aihub_train_00000103_bb_1_190313_pedestrian_112_235.mp4,train
car_vs_pedestrian,aihub_train_00000082_bb_1_170412_pedestrian_120_237,/workspace/SKN27-FINAL-3Team/storage/vision/datasets/classification/raw_videos/차대보행자/aihub_train_00000082_bb_1_170412_pedestrian_120_237.mp4,car_vs_pedestrian,car_vs_pedestrian,/workspace/SKN27-FINAL-3Team/storage/vision/datasets/classification/raw_videos/차대보행자/aihub_train_00000082_bb_1_170412_pedestrian_120_237.mp4,train
car_vs_pedestrian,aihub_train_00000104_bb_1_190731_pedestrian_190_142,/workspace/SKN27-FINAL-3Team/storage/vision/datasets/classification/raw_videos/차대보행자/aihub_train_00000104_bb_1_190731_pedestrian_190_142.mp4,car_vs_pedestrian,car_vs_pedestrian,/workspace/SKN27-FINAL-3Team/storage/vision/datasets/classification/raw_videos/차대보행자/aihub_train_00000104_bb_1_190731_pedestrian_190_142.mp4,train
car_vs_pedestrian,aihub_train_00000121_bb_3_161007_pedestrian_48_005,/workspace/SKN27-FINAL-3Team/storage/vision/datasets/classification/raw_videos/차대보행자/aihub_train_00000121_bb_3_161007_pedestrian_48_005.mp4,car_vs_pedestrian,car_vs_pedestrian,/workspace/SKN27-FINAL-3Team/storage/vision/datasets/classification/raw_videos/차대보행자/aihub_train_00000121_bb_3_161007_pedestrian_48_005.mp4,train
car_vs_pedestrian,aihub_train_00000156_bb_1_180405_pedestrian_44_005,/workspace/SKN27-FINAL-3Team/storage/vision/datasets/classification/raw_videos/차대보행자/aihub_train_00000156_bb_1_180405_pedestrian_44_005.mp4,car_vs_pedestrian,car_vs_pedestrian,/workspace/SKN27-FINAL-3Team/storage/vision/datasets/classification/raw_videos/차대보행자/aihub_train_00000156_bb_1_180405_pedestrian_44_005.mp4,train
car_vs_pedestrian,aihub_train_00000055_bb_3_130105_pedestrian_250_21813,/workspace/SKN27-FINAL-3Team/storage/vision/datasets/classification/raw_videos/차대보행자/aihub_train_00000055_bb_3_130105_pedestrian_250_21813.mp4,car_vs_pedestrian,car_vs_pedestrian,/workspace/SKN27-FINAL-3Team/storage/vision/datasets/classification/raw_videos/차대보행자/aihub_train_00000055_bb_3_130105_pedestrian_250_21813.mp4,train
car_vs_pedestrian,aihub_train_00000120_bb_3_160917_pedestrian_247_22111,/workspace/SKN27-FINAL-3Team/storage/vision/datasets/classification/raw_videos/차대보행자/aihub_train_00000120_bb_3_160917_pedestrian_247_22111.mp4,car_vs_pedestrian,car_vs_pedestrian,/workspace/SKN27-FINAL-3Team/storage/vision/datasets/classification/raw_videos/차대보행자/aihub_train_00000120_bb_3_160917_pedestrian_247_22111.mp4,train
car_vs_pedestrian,aihub_train_00000148_bb_1_171222_pedestrian_202_21644,/workspace/SKN27-FINAL-3Team/storage/vision/datasets/classification/raw_videos/차대보행자/aihub_train_00000148_bb_1_171222_pedestrian_202_21644.mp4,car_vs_pedestrian,car_vs_pedestrian,/workspace/SKN27-FINAL-3Team/storage/vision/datasets/classification/raw_videos/차대보행자/aihub_train_00000148_bb_1_171222_pedestrian_202_21644.mp4,train
car_vs_pedestrian,aihub_train_00000158_bb_1_180501_pedestrian_36_021,/workspace/SKN27-FINAL-3Team/storage/vision/datasets/classification/raw_videos/차대보행자/aihub_train_00000158_bb_1_180501_pedestrian_36_021.mp4,car_vs_pedestrian,car_vs_pedestrian,/workspace/SKN27-FINAL-3Team/storage/vision/datasets/classification/raw_videos/차대보행자/aihub_train_00000158_bb_1_180501_pedestrian_36_021.mp4,train
car_vs_pedestrian,aihub_train_00000076_bb_1_160723_pedestrian_223_22363,/workspace/SKN27-FINAL-3Team/storage/vision/datasets/classification/raw_videos/차대보행자/aihub_train_00000076_bb_1_160723_pedestrian_223_22363.mp4,car_vs_pedestrian,car_vs_pedestrian,/workspace/SKN27-FINAL-3Team/storage/vision/datasets/classification/raw_videos/차대보행자/aihub_train_00000076_bb_1_160723_pedestrian_223_22363.mp4,train
car_vs_pedestrian,aihub_train_00000029_bb_1_200109_pedestrian_251_21539,/workspace/SKN27-FINAL-3Team/storage/vision/datasets/classification/raw_videos/차대보행자/aihub_train_00000029_bb_1_200109_pedestrian_251_21539.mp4,car_vs_pedestrian,car_vs_pedestrian,/workspace/SKN27-FINAL-3Team/storage/vision/datasets/classification/raw_videos/차대보행자/aihub_train_00000029_bb_1_200109_pedestrian_251_21539.mp4,train
car_vs_pedestrian,aihub_train_00000117_bb_1_210612_pedestrian_143_188,/workspace/SKN27-FINAL-3Team/storage/vision/datasets/classification/raw_videos/차대보행자/aihub_train_00000117_bb_1_210612_pedestrian_143_188.mp4,car_vs_pedestrian,car_vs_pedestrian,/workspace/SKN27-FINAL-3Team/storage/vision/datasets/classification/raw_videos/차대보행자/aihub_train_00000117_bb_1_210612_pedestrian_143_188.mp4,train
car_vs_pedestrian,aihub_train_00000057_bb_3_140806_pedestrian_231_21943,/workspace/SKN27-FINAL-3Team/storage/vision/datasets/classification/raw_videos/차대보행자/aihub_train_00000057_bb_3_140806_pedestrian_231_21943.mp4,car_vs_pedestrian,car_vs_pedestrian,/workspace/SKN27-FINAL-3Team/storage/vision/datasets/classification/raw_videos/차대보행자/aihub_train_00000057_bb_3_140806_pedestrian_231_21943.mp4,train
car_vs_pedestrian,aihub_train_00000021_bb_1_180509_pedestrian_148_209,/workspace/SKN27-FINAL-3Team/storage/vision/datasets/classification/raw_videos/차대보행자/aihub_train_00000021_bb_1_180509_pedestrian_148_209.mp4,car_vs_pedestrian,car_vs_pedestrian,/workspace/SKN27-FINAL-3Team/storage/vision/datasets/classification/raw_videos/차대보행자/aihub_train_00000021_bb_1_180509_pedestrian_148_209.mp4,train
car_vs_pedestrian,aihub_train_00000030_bb_1_200223_pedestrian_121_137,/workspace/SKN27-FINAL-3Team/storage/vision/datasets/classification/raw_videos/차대보행자/aihub_train_00000030_bb_1_200223_pedestrian_121_137.mp4,car_vs_pedestrian,car_vs_pedestrian,/workspace/SKN27-FINAL-3Team/storage/vision/datasets/classification/raw_videos/차대보행자/aihub_train_00000030_bb_1_200223_pedestrian_121_137.mp4,train
car_vs_pedestrian,aihub_train_00000098_bb_1_190131_pedestrian_48_006,/workspace/SKN27-FINAL-3Team/storage/vision/datasets/classification/raw_videos/차대보행자/aihub_train_00000098_bb_1_190131_pedestrian_48_006.mp4,car_vs_pedestrian,car_vs_pedestrian,/workspace/SKN27-FINAL-3Team/storage/vision/datasets/classification/raw_videos/차대보행자/aihub_train_00000098_bb_1_190131_pedestrian_48_006.mp4,train
car_vs_pedestrian,aihub_train_00000123_bb_3_200205_pedestrian_225_21779,/workspace/SKN27-FINAL-3Team/storage/vision/datasets/classification/raw_videos/차대보행자/aihub_train_00000123_bb_3_200205_pedestrian_225_21779.mp4,car_vs_pedestrian,car_vs_pedestrian,/workspace/SKN27-FINAL-3Team/storage/vision/datasets/classification/raw_videos/차대보행자/aihub_train_00000123_bb_3_200205_pedestrian_225_21779.mp4,train
car_vs_pedestrian,aihub_train_00000080_bb_1_170227_pedestrian_228_22023,/workspace/SKN27-FINAL-3Team/storage/vision/datasets/classification/raw_videos/차대보행자/aihub_train_00000080_bb_1_170227_pedestrian_228_22023.mp4,car_vs_pedestrian,car_vs_pedestrian,/workspace/SKN27-FINAL-3Team/storage/vision/datasets/classification/raw_videos/차대보행자/aihub_train_00000080_bb_1_170227_pedestrian_228_22023.mp4,train
car_vs_pedestrian,aihub_train_00000053_bb_1_211130_pedestrian_256_21775,/workspace/SKN27-FINAL-3Team/storage/vision/datasets/classification/raw_videos/차대보행자/aihub_train_00000053_bb_1_211130_pedestrian_256_21775.mp4,car_vs_pedestrian,car_vs_pedestrian,/workspace/SKN27-FINAL-3Team/storage/vision/datasets/classification/raw_videos/차대보행자/aihub_train_00000053_bb_1_211130_pedestrian_256_21775.mp4,train
car_vs_pedestrian,aihub_train_00000058_bb_3_140808_pedestrian_212_22016,/workspace/SKN27-FINAL-3Team/storage/vision/datasets/classification/raw_videos/차대보행자/aihub_train_00000058_bb_3_140808_pedestrian_212_22016.mp4,car_vs_pedestrian,car_vs_pedestrian,/workspace/SKN27-FINAL-3Team/storage/vision/datasets/classification/raw_videos/차대보행자/aihub_train_00000058_bb_3_140808_pedestrian_212_22016.mp4,train
car_vs_pedestrian,aihub_train_00000051_bb_1_210717_pedestrian_112_231,/workspace/SKN27-FINAL-3Team/storage/vision/datasets/classification/raw_videos/차대보행자/aihub_train_00000051_bb_1_210717_pedestrian_112_231.mp4,car_vs_pedestrian,car_vs_pedestrian,/workspace/SKN27-FINAL-3Team/storage/vision/datasets/classification/raw_videos/차대보행자/aihub_train_00000051_bb_1_210717_pedestrian_112_231.mp4,train
car_vs_pedestrian,aihub_train_00000149_bb_1_171225_pedestrian_117_202,/workspace/SKN27-FINAL-3Team/storage/vision/datasets/classification/raw_videos/차대보행자/aihub_train_00000149_bb_1_171225_pedestrian_117_202.mp4,car_vs_pedestrian,car_vs_pedestrian,/workspace/SKN27-FINAL-3Team/storage/vision/datasets/classification/raw_videos/차대보행자/aihub_train_00000149_bb_1_171225_pedestrian_117_202.mp4,train
car_vs_pedestrian,aihub_train_00000151_bb_1_180111_pedestrian_117_096,/workspace/SKN27-FINAL-3Team/storage/vision/datasets/classification/raw_videos/차대보행자/aihub_train_00000151_bb_1_180111_pedestrian_117_096.mp4,car_vs_pedestrian,car_vs_pedestrian,/workspace/SKN27-FINAL-3Team/storage/vision/datasets/classification/raw_videos/차대보행자/aihub_train_00000151_bb_1_180111_pedestrian_117_096.mp4,train
car_vs_pedestrian,aihub_train_00000048_bb_1_210613_pedestrian_142_185,/workspace/SKN27-FINAL-3Team/storage/vision/datasets/classification/raw_videos/차대보행자/aihub_train_00000048_bb_1_210613_pedestrian_142_185.mp4,car_vs_pedestrian,car_vs_pedestrian,/workspace/SKN27-FINAL-3Team/storage/vision/datasets/classification/raw_videos/차대보행자/aihub_train_00000048_bb_1_210613_pedestrian_142_185.mp4,train
car_vs_pedestrian,aihub_train_00000034_bb_1_200401_pedestrian_125_110,/workspace/SKN27-FINAL-3Team/storage/vision/datasets/classification/raw_videos/차대보행자/aihub_train_00000034_bb_1_200401_pedestrian_125_110.mp4,car_vs_pedestrian,car_vs_pedestrian,/workspace/SKN27-FINAL-3Team/storage/vision/datasets/classification/raw_videos/차대보행자/aihub_train_00000034_bb_1_200401_pedestrian_125_110.mp4,train
car_vs_pedestrian,aihub_train_00000091_bb_1_180609_pedestrian_147_167,/workspace/SKN27-FINAL-3Team/storage/vision/datasets/classification/raw_videos/차대보행자/aihub_train_00000091_bb_1_180609_pedestrian_147_167.mp4,car_vs_pedestrian,car_vs_pedestrian,/workspace/SKN27-FINAL-3Team/storage/vision/datasets/classification/raw_videos/차대보행자/aihub_train_00000091_bb_1_180609_pedestrian_147_167.mp4,train
car_vs_pedestrian,aihub_train_00000016_bb_1_180218_pedestrian_143_116,/workspace/SKN27-FINAL-3Team/storage/vision/datasets/classification/raw_videos/차대보행자/aihub_train_00000016_bb_1_180218_pedestrian_143_116.mp4,car_vs_pedestrian,car_vs_pedestrian,/workspace/SKN27-FINAL-3Team/storage/vision/datasets/classification/raw_videos/차대보행자/aihub_train_00000016_bb_1_180218_pedestrian_143_116.mp4,train
car_vs_pedestrian,aihub_train_00000154_bb_1_180314_pedestrian_112_014,/workspace/SKN27-FINAL-3Team/storage/vision/datasets/classification/raw_videos/차대보행자/aihub_train_00000154_bb_1_180314_pedestrian_112_014.mp4,car_vs_pedestrian,car_vs_pedestrian,/workspace/SKN27-FINAL-3Team/storage/vision/datasets/classification/raw_videos/차대보행자/aihub_train_00000154_bb_1_180314_pedestrian_112_014.mp4,train
car_vs_pedestrian,aihub_train_00000001_bb_1_161018_pedestrian_112_331,/workspace/SKN27-FINAL-3Team/storage/vision/datasets/classification/raw_videos/차대보행자/aihub_train_00000001_bb_1_161018_pedestrian_112_331.mp4,car_vs_pedestrian,car_vs_pedestrian,/workspace/SKN27-FINAL-3Team/storage/vision/datasets/classification/raw_videos/차대보행자/aihub_train_00000001_bb_1_161018_pedestrian_112_331.mp4,train
car_vs_pedestrian,aihub_train_00000075_bb_1_160722_pedestrian_228_22023,/workspace/SKN27-FINAL-3Team/storage/vision/datasets/classification/raw_videos/차대보행자/aihub_train_00000075_bb_1_160722_pedestrian_228_22023.mp4,car_vs_pedestrian,car_vs_pedestrian,/workspace/SKN27-FINAL-3Team/storage/vision/datasets/classification/raw_videos/차대보행자/aihub_train_00000075_bb_1_160722_pedestrian_228_22023.mp4,train
car_vs_pedestrian,aihub_train_00000137_bb_1_161105_pedestrian_199_087,/workspace/SKN27-FINAL-3Team/storage/vision/datasets/classification/raw_videos/차대보행자/aihub_train_00000137_bb_1_161105_pedestrian_199_087.mp4,car_vs_pedestrian,car_vs_pedestrian,/workspace/SKN27-FINAL-3Team/storage/vision/datasets/classification/raw_videos/차대보행자/aihub_train_00000137_bb_1_161105_pedestrian_199_087.mp4,train
car_vs_pedestrian,aihub_train_00000003_bb_1_201220_pedestrian_209_21158,/workspace/SKN27-FINAL-3Team/storage/vision/datasets/classification/raw_videos/차대보행자/aihub_train_00000003_bb_1_201220_pedestrian_209_21158.mp4,car_vs_pedestrian,car_vs_pedestrian,/workspace/SKN27-FINAL-3Team/storage/vision/datasets/classification/raw_videos/차대보행자/aihub_train_00000003_bb_1_201220_pedestrian_209_21158.mp4,train
car_vs_pedestrian,aihub_train_00000090_bb_1_180521_pedestrian_250_22201,/workspace/SKN27-FINAL-3Team/storage/vision/datasets/classification/raw_videos/차대보행자/aihub_train_00000090_bb_1_180521_pedestrian_250_22201.mp4,car_vs_pedestrian,car_vs_pedestrian,/workspace/SKN27-FINAL-3Team/storage/vision/datasets/classification/raw_videos/차대보행자/aihub_train_00000090_bb_1_180521_pedestrian_250_22201.mp4,train
car_vs_pedestrian,aihub_train_00000043_bb_1_210228_pedestrian_30_004,/workspace/SKN27-FINAL-3Team/storage/vision/datasets/classification/raw_videos/차대보행자/aihub_train_00000043_bb_1_210228_pedestrian_30_004.mp4,car_vs_pedestrian,car_vs_pedestrian,/workspace/SKN27-FINAL-3Team/storage/vision/datasets/classification/raw_videos/차대보행자/aihub_train_00000043_bb_1_210228_pedestrian_30_004.mp4,train
car_vs_pedestrian,aihub_train_00000143_bb_1_170729_pedestrian_125_192,/workspace/SKN27-FINAL-3Team/storage/vision/datasets/classification/raw_videos/차대보행자/aihub_train_00000143_bb_1_170729_pedestrian_125_192.mp4,car_vs_pedestrian,car_vs_pedestrian,/workspace/SKN27-FINAL-3Team/storage/vision/datasets/classification/raw_videos/차대보행자/aihub_train_00000143_bb_1_170729_pedestrian_125_192.mp4,train
car_vs_pedestrian,aihub_train_00000157_bb_1_180415_pedestrian_129_192,/workspace/SKN27-FINAL-3Team/storage/vision/datasets/classification/raw_videos/차대보행자/aihub_train_00000157_bb_1_180415_pedestrian_129_192.mp4,car_vs_pedestrian,car_vs_pedestrian,/workspace/SKN27-FINAL-3Team/storage/vision/datasets/classification/raw_videos/차대보행자/aihub_train_00000157_bb_1_180415_pedestrian_129_192.mp4,train
car_vs_pedestrian,aihub_train_00000025_bb_1_190405_pedestrian_112_232,/workspace/SKN27-FINAL-3Team/storage/vision/datasets/classification/raw_videos/차대보행자/aihub_train_00000025_bb_1_190405_pedestrian_112_232.mp4,car_vs_pedestrian,car_vs_pedestrian,/workspace/SKN27-FINAL-3Team/storage/vision/datasets/classification/raw_videos/차대보행자/aihub_train_00000025_bb_1_190405_pedestrian_112_232.mp4,train
car_vs_pedestrian,aihub_train_00000023_bb_1_181029_pedestrian_257_22070,/workspace/SKN27-FINAL-3Team/storage/vision/datasets/classification/raw_videos/차대보행자/aihub_train_00000023_bb_1_181029_pedestrian_257_22070.mp4,car_vs_pedestrian,car_vs_pedestrian,/workspace/SKN27-FINAL-3Team/storage/vision/datasets/classification/raw_videos/차대보행자/aihub_train_00000023_bb_1_181029_pedestrian_257_22070.mp4,train
car_vs_pedestrian,aihub_train_00000036_bb_1_200419_pedestrian_258_21502,/workspace/SKN27-FINAL-3Team/storage/vision/datasets/classification/raw_videos/차대보행자/aihub_train_00000036_bb_1_200419_pedestrian_258_21502.mp4,car_vs_pedestrian,car_vs_pedestrian,/workspace/SKN27-FINAL-3Team/storage/vision/datasets/classification/raw_videos/차대보행자/aihub_train_00000036_bb_1_200419_pedestrian_258_21502.mp4,train
car_vs_pedestrian,aihub_train_00000096_bb_1_181118_pedestrian_209_22243,/workspace/SKN27-FINAL-3Team/storage/vision/datasets/classification/raw_videos/차대보행자/aihub_train_00000096_bb_1_181118_pedestrian_209_22243.mp4,car_vs_pedestrian,car_vs_pedestrian,/workspace/SKN27-FINAL-3Team/storage/vision/datasets/classification/raw_videos/차대보행자/aihub_train_00000096_bb_1_181118_pedestrian_209_22243.mp4,train
car_vs_pedestrian,aihub_train_00000066_bb_3_180712_pedestrian_118_005,/workspace/SKN27-FINAL-3Team/storage/vision/datasets/classification/raw_videos/차대보행자/aihub_train_00000066_bb_3_180712_pedestrian_118_005.mp4,car_vs_pedestrian,car_vs_pedestrian,/workspace/SKN27-FINAL-3Team/storage/vision/datasets/classification/raw_videos/차대보행자/aihub_train_00000066_bb_3_180712_pedestrian_118_005.mp4,train
car_vs_pedestrian,aihub_train_00000014_bb_1_171207_pedestrian_224_21757,/workspace/SKN27-FINAL-3Team/storage/vision/datasets/classification/raw_videos/차대보행자/aihub_train_00000014_bb_1_171207_pedestrian_224_21757.mp4,car_vs_pedestrian,car_vs_pedestrian,/workspace/SKN27-FINAL-3Team/storage/vision/datasets/classification/raw_videos/차대보행자/aihub_train_00000014_bb_1_171207_pedestrian_224_21757.mp4,train
car_vs_pedestrian,aihub_train_00000129_bb_1_160623_pedestrian_260_22207,/workspace/SKN27-FINAL-3Team/storage/vision/datasets/classification/raw_videos/차대보행자/aihub_train_00000129_bb_1_160623_pedestrian_260_22207.mp4,car_vs_pedestrian,car_vs_pedestrian,/workspace/SKN27-FINAL-3Team/storage/vision/datasets/classification/raw_videos/차대보행자/aihub_train_00000129_bb_1_160623_pedestrian_260_22207.mp4,train
car_vs_pedestrian,aihub_train_00000145_bb_1_170903_pedestrian_193_008,/workspace/SKN27-FINAL-3Team/storage/vision/datasets/classification/raw_videos/차대보행자/aihub_train_00000145_bb_1_170903_pedestrian_193_008.mp4,car_vs_pedestrian,car_vs_pedestrian,/workspace/SKN27-FINAL-3Team/storage/vision/datasets/classification/raw_videos/차대보행자/aihub_train_00000145_bb_1_170903_pedestrian_193_008.mp4,train
car_vs_pedestrian,aihub_train_00000020_bb_1_180414_pedestrian_117_200,/workspace/SKN27-FINAL-3Team/storage/vision/datasets/classification/raw_videos/차대보행자/aihub_train_00000020_bb_1_180414_pedestrian_117_200.mp4,car_vs_pedestrian,car_vs_pedestrian,/workspace/SKN27-FINAL-3Team/storage/vision/datasets/classification/raw_videos/차대보행자/aihub_train_00000020_bb_1_180414_pedestrian_117_200.mp4,val
car_vs_pedestrian,aihub_train_00000139_bb_1_170421_pedestrian_130_173,/workspace/SKN27-FINAL-3Team/storage/vision/datasets/classification/raw_videos/차대보행자/aihub_train_00000139_bb_1_170421_pedestrian_130_173.mp4,car_vs_pedestrian,car_vs_pedestrian,/workspace/SKN27-FINAL-3Team/storage/vision/datasets/classification/raw_videos/차대보행자/aihub_train_00000139_bb_1_170421_pedestrian_130_173.mp4,val
car_vs_pedestrian,aihub_train_00000019_bb_1_180322_pedestrian_126_211,/workspace/SKN27-FINAL-3Team/storage/vision/datasets/classification/raw_videos/차대보행자/aihub_train_00000019_bb_1_180322_pedestrian_126_211.mp4,car_vs_pedestrian,car_vs_pedestrian,/workspace/SKN27-FINAL-3Team/storage/vision/datasets/classification/raw_videos/차대보행자/aihub_train_00000019_bb_1_180322_pedestrian_126_211.mp4,val
car_vs_pedestrian,aihub_train_00000062_bb_3_161022_pedestrian_193_030,/workspace/SKN27-FINAL-3Team/storage/vision/datasets/classification/raw_videos/차대보행자/aihub_train_00000062_bb_3_161022_pedestrian_193_030.mp4,car_vs_pedestrian,car_vs_pedestrian,/workspace/SKN27-FINAL-3Team/storage/vision/datasets/classification/raw_videos/차대보행자/aihub_train_00000062_bb_3_161022_pedestrian_193_030.mp4,val
car_vs_pedestrian,aihub_train_00000013_bb_1_171016_pedestrian_250_21448,/workspace/SKN27-FINAL-3Team/storage/vision/datasets/classification/raw_videos/차대보행자/aihub_train_00000013_bb_1_171016_pedestrian_250_21448.mp4,car_vs_pedestrian,car_vs_pedestrian,/workspace/SKN27-FINAL-3Team/storage/vision/datasets/classification/raw_videos/차대보행자/aihub_train_00000013_bb_1_171016_pedestrian_250_21448.mp4,val
car_vs_pedestrian,aihub_train_00000010_bb_1_161217_pedestrian_144_152,/workspace/SKN27-FINAL-3Team/storage/vision/datasets/classification/raw_videos/차대보행자/aihub_train_00000010_bb_1_161217_pedestrian_144_152.mp4,car_vs_pedestrian,car_vs_pedestrian,/workspace/SKN27-FINAL-3Team/storage/vision/datasets/classification/raw_videos/차대보행자/aihub_train_00000010_bb_1_161217_pedestrian_144_152.mp4,val
car_vs_pedestrian,aihub_train_00000153_bb_1_180225_pedestrian_205_22285,/workspace/SKN27-FINAL-3Team/storage/vision/datasets/classification/raw_videos/차대보행자/aihub_train_00000153_bb_1_180225_pedestrian_205_22285.mp4,car_vs_pedestrian,car_vs_pedestrian,/workspace/SKN27-FINAL-3Team/storage/vision/datasets/classification/raw_videos/차대보행자/aihub_train_00000153_bb_1_180225_pedestrian_205_22285.mp4,val
car_vs_pedestrian,aihub_train_00000022_bb_1_180624_pedestrian_200_127,/workspace/SKN27-FINAL-3Team/storage/vision/datasets/classification/raw_videos/차대보행자/aihub_train_00000022_bb_1_180624_pedestrian_200_127.mp4,car_vs_pedestrian,car_vs_pedestrian,/workspace/SKN27-FINAL-3Team/storage/vision/datasets/classification/raw_videos/차대보행자/aihub_train_00000022_bb_1_180624_pedestrian_200_127.mp4,val
car_vs_pedestrian,aihub_train_00000069_cc_3_160823_pedestrian_125_009,/workspace/SKN27-FINAL-3Team/storage/vision/datasets/classification/raw_videos/차대보행자/aihub_train_00000069_cc_3_160823_pedestrian_125_009.mp4,car_vs_pedestrian,car_vs_pedestrian,/workspace/SKN27-FINAL-3Team/storage/vision/datasets/classification/raw_videos/차대보행자/aihub_train_00000069_cc_3_160823_pedestrian_125_009.mp4,val
car_vs_pedestrian,aihub_train_00000124_bb_3_200527_pedestrian_190_043,/workspace/SKN27-FINAL-3Team/storage/vision/datasets/classification/raw_videos/차대보행자/aihub_train_00000124_bb_3_200527_pedestrian_190_043.mp4,car_vs_pedestrian,car_vs_pedestrian,/workspace/SKN27-FINAL-3Team/storage/vision/datasets/classification/raw_videos/차대보행자/aihub_train_00000124_bb_3_200527_pedestrian_190_043.mp4,val
car_vs_pedestrian,aihub_train_00000106_bb_1_200108_pedestrian_236_22220,/workspace/SKN27-FINAL-3Team/storage/vision/datasets/classification/raw_videos/차대보행자/aihub_train_00000106_bb_1_200108_pedestrian_236_22220.mp4,car_vs_pedestrian,car_vs_pedestrian,/workspace/SKN27-FINAL-3Team/storage/vision/datasets/classification/raw_videos/차대보행자/aihub_train_00000106_bb_1_200108_pedestrian_236_22220.mp4,val
car_vs_pedestrian,aihub_train_00000119_bb_1_211111_pedestrian_35_014,/workspace/SKN27-FINAL-3Team/storage/vision/datasets/classification/raw_videos/차대보행자/aihub_train_00000119_bb_1_211111_pedestrian_35_014.mp4,car_vs_pedestrian,car_vs_pedestrian,/workspace/SKN27-FINAL-3Team/storage/vision/datasets/classification/raw_videos/차대보행자/aihub_train_00000119_bb_1_211111_pedestrian_35_014.mp4,val
car_vs_pedestrian,aihub_train_00000146_bb_1_170915_pedestrian_190_103,/workspace/SKN27-FINAL-3Team/storage/vision/datasets/classification/raw_videos/차대보행자/aihub_train_00000146_bb_1_170915_pedestrian_190_103.mp4,car_vs_pedestrian,car_vs_pedestrian,/workspace/SKN27-FINAL-3Team/storage/vision/datasets/classification/raw_videos/차대보행자/aihub_train_00000146_bb_1_170915_pedestrian_190_103.mp4,val
car_vs_pedestrian,aihub_train_00000112_bb_1_200904_pedestrian_250_21807,/workspace/SKN27-FINAL-3Team/storage/vision/datasets/classification/raw_videos/차대보행자/aihub_train_00000112_bb_1_200904_pedestrian_250_21807.mp4,car_vs_pedestrian,car_vs_pedestrian,/workspace/SKN27-FINAL-3Team/storage/vision/datasets/classification/raw_videos/차대보행자/aihub_train_00000112_bb_1_200904_pedestrian_250_21807.mp4,val
car_vs_pedestrian,aihub_train_00000078_bb_1_170101_pedestrian_36_022,/workspace/SKN27-FINAL-3Team/storage/vision/datasets/classification/raw_videos/차대보행자/aihub_train_00000078_bb_1_170101_pedestrian_36_022.mp4,car_vs_pedestrian,car_vs_pedestrian,/workspace/SKN27-FINAL-3Team/storage/vision/datasets/classification/raw_videos/차대보행자/aihub_train_00000078_bb_1_170101_pedestrian_36_022.mp4,val
car_vs_pedestrian,aihub_train_00000097_bb_1_181130_pedestrian_142_245,/workspace/SKN27-FINAL-3Team/storage/vision/datasets/classification/raw_videos/차대보행자/aihub_train_00000097_bb_1_181130_pedestrian_142_245.mp4,car_vs_pedestrian,car_vs_pedestrian,/workspace/SKN27-FINAL-3Team/storage/vision/datasets/classification/raw_videos/차대보행자/aihub_train_00000097_bb_1_181130_pedestrian_142_245.mp4,test
car_vs_pedestrian,aihub_train_00000142_bb_1_170709_pedestrian_255_21731,/workspace/SKN27-FINAL-3Team/storage/vision/datasets/classification/raw_videos/차대보행자/aihub_train_00000142_bb_1_170709_pedestrian_255_21731.mp4,car_vs_pedestrian,car_vs_pedestrian,/workspace/SKN27-FINAL-3Team/storage/vision/datasets/classification/raw_videos/차대보행자/aihub_train_00000142_bb_1_170709_pedestrian_255_21731.mp4,test
car_vs_pedestrian,aihub_train_00000116_bb_1_210128_pedestrian_195_140,/workspace/SKN27-FINAL-3Team/storage/vision/datasets/classification/raw_videos/차대보행자/aihub_train_00000116_bb_1_210128_pedestrian_195_140.mp4,car_vs_pedestrian,car_vs_pedestrian,/workspace/SKN27-FINAL-3Team/storage/vision/datasets/classification/raw_videos/차대보행자/aihub_train_00000116_bb_1_210128_pedestrian_195_140.mp4,test
car_vs_pedestrian,aihub_train_00000095_bb_1_180822_pedestrian_235_22384,/workspace/SKN27-FINAL-3Team/storage/vision/datasets/classification/raw_videos/차대보행자/aihub_train_00000095_bb_1_180822_pedestrian_235_22384.mp4,car_vs_pedestrian,car_vs_pedestrian,/workspace/SKN27-FINAL-3Team/storage/vision/datasets/classification/raw_videos/차대보행자/aihub_train_00000095_bb_1_180822_pedestrian_235_22384.mp4,test
car_vs_pedestrian,aihub_train_00000115_bb_1_201102_pedestrian_254_21987,/workspace/SKN27-FINAL-3Team/storage/vision/datasets/classification/raw_videos/차대보행자/aihub_train_00000115_bb_1_201102_pedestrian_254_21987.mp4,car_vs_pedestrian,car_vs_pedestrian,/workspace/SKN27-FINAL-3Team/storage/vision/datasets/classification/raw_videos/차대보행자/aihub_train_00000115_bb_1_201102_pedestrian_254_21987.mp4,test
car_vs_pedestrian,aihub_train_00000083_bb_1_170418_pedestrian_39_051,/workspace/SKN27-FINAL-3Team/storage/vision/datasets/classification/raw_videos/차대보행자/aihub_train_00000083_bb_1_170418_pedestrian_39_051.mp4,car_vs_pedestrian,car_vs_pedestrian,/workspace/SKN27-FINAL-3Team/storage/vision/datasets/classification/raw_videos/차대보행자/aihub_train_00000083_bb_1_170418_pedestrian_39_051.mp4,test
car_vs_pedestrian,aihub_train_00000008_bb_1_160531_pedestrian_125_128,/workspace/SKN27-FINAL-3Team/storage/vision/datasets/classification/raw_videos/차대보행자/aihub_train_00000008_bb_1_160531_pedestrian_125_128.mp4,car_vs_pedestrian,car_vs_pedestrian,/workspace/SKN27-FINAL-3Team/storage/vision/datasets/classification/raw_videos/차대보행자/aihub_train_00000008_bb_1_160531_pedestrian_125_128.mp4,test
car_vs_pedestrian,aihub_train_00000155_bb_1_180326_pedestrian_147_163,/workspace/SKN27-FINAL-3Team/storage/vision/datasets/classification/raw_videos/차대보행자/aihub_train_00000155_bb_1_180326_pedestrian_147_163.mp4,car_vs_pedestrian,car_vs_pedestrian,/workspace/SKN27-FINAL-3Team/storage/vision/datasets/classification/raw_videos/차대보행자/aihub_train_00000155_bb_1_180326_pedestrian_147_163.mp4,test
car_vs_pedestrian,aihub_train_00000126_bb_3_220404_pedestrian_249_21633,/workspace/SKN27-FINAL-3Team/storage/vision/datasets/classification/raw_videos/차대보행자/aihub_train_00000126_bb_3_220404_pedestrian_249_21633.mp4,car_vs_pedestrian,car_vs_pedestrian,/workspace/SKN27-FINAL-3Team/storage/vision/datasets/classification/raw_videos/차대보행자/aihub_train_00000126_bb_3_220404_pedestrian_249_21633.mp4,test
car_vs_pedestrian,aihub_train_00000060_bb_3_160511_pedestrian_118_008,/workspace/SKN27-FINAL-3Team/storage/vision/datasets/classification/raw_videos/차대보행자/aihub_train_00000060_bb_3_160511_pedestrian_118_008.mp4,car_vs_pedestrian,car_vs_pedestrian,/workspace/SKN27-FINAL-3Team/storage/vision/datasets/classification/raw_videos/차대보행자/aihub_train_00000060_bb_3_160511_pedestrian_118_008.mp4,test
car_vs_pedestrian,aihub_train_00000084_bb_1_170424_pedestrian_189_034,/workspace/SKN27-FINAL-3Team/storage/vision/datasets/classification/raw_videos/차대보행자/aihub_train_00000084_bb_1_170424_pedestrian_189_034.mp4,car_vs_pedestrian,car_vs_pedestrian,/workspace/SKN27-FINAL-3Team/storage/vision/datasets/classification/raw_videos/차대보행자/aihub_train_00000084_bb_1_170424_pedestrian_189_034.mp4,test
car_vs_pedestrian,aihub_train_00000018_bb_1_180319_pedestrian_117_199,/workspace/SKN27-FINAL-3Team/storage/vision/datasets/classification/raw_videos/차대보행자/aihub_train_00000018_bb_1_180319_pedestrian_117_199.mp4,car_vs_pedestrian,car_vs_pedestrian,/workspace/SKN27-FINAL-3Team/storage/vision/datasets/classification/raw_videos/차대보행자/aihub_train_00000018_bb_1_180319_pedestrian_117_199.mp4,test
car_vs_pedestrian,aihub_train_00000134_bb_1_160922_pedestrian_111_044,/workspace/SKN27-FINAL-3Team/storage/vision/datasets/classification/raw_videos/차대보행자/aihub_train_00000134_bb_1_160922_pedestrian_111_044.mp4,car_vs_pedestrian,car_vs_pedestrian,/workspace/SKN27-FINAL-3Team/storage/vision/datasets/classification/raw_videos/차대보행자/aihub_train_00000134_bb_1_160922_pedestrian_111_044.mp4,test
car_vs_pedestrian,aihub_train_00000040_bb_1_200831_pedestrian_192_106,/workspace/SKN27-FINAL-3Team/storage/vision/datasets/classification/raw_videos/차대보행자/aihub_train_00000040_bb_1_200831_pedestrian_192_106.mp4,car_vs_pedestrian,car_vs_pedestrian,/workspace/SKN27-FINAL-3Team/storage/vision/datasets/classification/raw_videos/차대보행자/aihub_train_00000040_bb_1_200831_pedestrian_192_106.mp4,test
car_vs_pedestrian,aihub_train_00000144_bb_1_170816_pedestrian_38_015,/workspace/SKN27-FINAL-3Team/storage/vision/datasets/classification/raw_videos/차대보행자/aihub_train_00000144_bb_1_170816_pedestrian_38_015.mp4,car_vs_pedestrian,car_vs_pedestrian,/workspace/SKN27-FINAL-3Team/storage/vision/datasets/classification/raw_videos/차대보행자/aihub_train_00000144_bb_1_170816_pedestrian_38_015.mp4,test
car_vs_motorcycle,aihub_train_00000924_bb_3_220108_two-wheeled-vehicle_116_147,/workspace/SKN27-FINAL-3Team/storage/vision/datasets/classification/raw_videos/차대이륜차/aihub_train_00000924_bb_3_220108_two-wheeled-vehicle_116_147.mp4,car_vs_motorcycle,car_vs_motorcycle,/workspace/SKN27-FINAL-3Team/storage/vision/datasets/classification/raw_videos/차대이륜차/aihub_train_00000924_bb_3_220108_two-wheeled-vehicle_116_147.mp4,train
car_vs_motorcycle,aihub_train_00000805_bb_1_190318_two-wheeled-vehicle_312_037,/workspace/SKN27-FINAL-3Team/storage/vision/datasets/classification/raw_videos/차대이륜차/aihub_train_00000805_bb_1_190318_two-wheeled-vehicle_312_037.mp4,car_vs_motorcycle,car_vs_motorcycle,/workspace/SKN27-FINAL-3Team/storage/vision/datasets/classification/raw_videos/차대이륜차/aihub_train_00000805_bb_1_190318_two-wheeled-vehicle_312_037.mp4,train
car_vs_motorcycle,aihub_train_00001064_bb_1_210424_two-wheeled-vehicle_210_22425,/workspace/SKN27-FINAL-3Team/storage/vision/datasets/classification/raw_videos/차대이륜차/aihub_train_00001064_bb_1_210424_two-wheeled-vehicle_210_22425.mp4,car_vs_motorcycle,car_vs_motorcycle,/workspace/SKN27-FINAL-3Team/storage/vision/datasets/classification/raw_videos/차대이륜차/aihub_train_00001064_bb_1_210424_two-wheeled-vehicle_210_22425.mp4,train
car_vs_motorcycle,aihub_train_00000871_bb_1_211107_two-wheeled-vehicle_144_188,/workspace/SKN27-FINAL-3Team/storage/vision/datasets/classification/raw_videos/차대이륜차/aihub_train_00000871_bb_1_211107_two-wheeled-vehicle_144_188.mp4,car_vs_motorcycle,car_vs_motorcycle,/workspace/SKN27-FINAL-3Team/storage/vision/datasets/classification/raw_videos/차대이륜차/aihub_train_00000871_bb_1_211107_two-wheeled-vehicle_144_188.mp4,train
car_vs_motorcycle,aihub_train_00000784_bb_1_171125_two-wheeled-vehicle_205_22066,/workspace/SKN27-FINAL-3Team/storage/vision/datasets/classification/raw_videos/차대이륜차/aihub_train_00000784_bb_1_171125_two-wheeled-vehicle_205_22066.mp4,car_vs_motorcycle,car_vs_motorcycle,/workspace/SKN27-FINAL-3Team/storage/vision/datasets/classification/raw_videos/차대이륜차/aihub_train_00000784_bb_1_171125_two-wheeled-vehicle_205_22066.mp4,train
car_vs_motorcycle,aihub_train_00000964_bb_1_170912_two-wheeled-vehicle_123_286,/workspace/SKN27-FINAL-3Team/storage/vision/datasets/classification/raw_videos/차대이륜차/aihub_train_00000964_bb_1_170912_two-wheeled-vehicle_123_286.mp4,car_vs_motorcycle,car_vs_motorcycle,/workspace/SKN27-FINAL-3Team/storage/vision/datasets/classification/raw_videos/차대이륜차/aihub_train_00000964_bb_1_170912_two-wheeled-vehicle_123_286.mp4,train
car_vs_motorcycle,aihub_train_00001009_bb_1_190701_two-wheeled-vehicle_316_026,/workspace/SKN27-FINAL-3Team/storage/vision/datasets/classification/raw_videos/차대이륜차/aihub_train_00001009_bb_1_190701_two-wheeled-vehicle_316_026.mp4,car_vs_motorcycle,car_vs_motorcycle,/workspace/SKN27-FINAL-3Team/storage/vision/datasets/classification/raw_videos/차대이륜차/aihub_train_00001009_bb_1_190701_two-wheeled-vehicle_316_026.mp4,train
car_vs_motorcycle,aihub_train_00001025_bb_1_191225_two-wheeled-vehicle_46_028,/workspace/SKN27-FINAL-3Team/storage/vision/datasets/classification/raw_videos/차대이륜차/aihub_train_00001025_bb_1_191225_two-wheeled-vehicle_46_028.mp4,car_vs_motorcycle,car_vs_motorcycle,/workspace/SKN27-FINAL-3Team/storage/vision/datasets/classification/raw_videos/차대이륜차/aihub_train_00001025_bb_1_191225_two-wheeled-vehicle_46_028.mp4,train
car_vs_motorcycle,aihub_train_00000813_bb_1_190830_two-wheeled-vehicle_248_22467,/workspace/SKN27-FINAL-3Team/storage/vision/datasets/classification/raw_videos/차대이륜차/aihub_train_00000813_bb_1_190830_two-wheeled-vehicle_248_22467.mp4,car_vs_motorcycle,car_vs_motorcycle,/workspace/SKN27-FINAL-3Team/storage/vision/datasets/classification/raw_videos/차대이륜차/aihub_train_00000813_bb_1_190830_two-wheeled-vehicle_248_22467.mp4,train
car_vs_motorcycle,aihub_train_00000788_bb_1_180312_two-wheeled-vehicle_46_023,/workspace/SKN27-FINAL-3Team/storage/vision/datasets/classification/raw_videos/차대이륜차/aihub_train_00000788_bb_1_180312_two-wheeled-vehicle_46_023.mp4,car_vs_motorcycle,car_vs_motorcycle,/workspace/SKN27-FINAL-3Team/storage/vision/datasets/classification/raw_videos/차대이륜차/aihub_train_00000788_bb_1_180312_two-wheeled-vehicle_46_023.mp4,train
car_vs_motorcycle,aihub_train_00000923_bb_3_211210_two-wheeled-vehicle_124_167,/workspace/SKN27-FINAL-3Team/storage/vision/datasets/classification/raw_videos/차대이륜차/aihub_train_00000923_bb_3_211210_two-wheeled-vehicle_124_167.mp4,car_vs_motorcycle,car_vs_motorcycle,/workspace/SKN27-FINAL-3Team/storage/vision/datasets/classification/raw_videos/차대이륜차/aihub_train_00000923_bb_3_211210_two-wheeled-vehicle_124_167.mp4,train
car_vs_motorcycle,aihub_train_00001162_bb_1_120730_two-wheeled-vehicle_16_018,/workspace/SKN27-FINAL-3Team/storage/vision/datasets/classification/raw_videos/차대이륜차/aihub_train_00001162_bb_1_120730_two-wheeled-vehicle_16_018.mp4,car_vs_motorcycle,car_vs_motorcycle,/workspace/SKN27-FINAL-3Team/storage/vision/datasets/classification/raw_videos/차대이륜차/aihub_train_00001162_bb_1_120730_two-wheeled-vehicle_16_018.mp4,train
car_vs_motorcycle,aihub_train_00001081_bb_1_210913_two-wheeled-vehicle_30_001,/workspace/SKN27-FINAL-3Team/storage/vision/datasets/classification/raw_videos/차대이륜차/aihub_train_00001081_bb_1_210913_two-wheeled-vehicle_30_001.mp4,car_vs_motorcycle,car_vs_motorcycle,/workspace/SKN27-FINAL-3Team/storage/vision/datasets/classification/raw_videos/차대이륜차/aihub_train_00001081_bb_1_210913_two-wheeled-vehicle_30_001.mp4,train
car_vs_motorcycle,aihub_train_00000820_bb_1_200205_two-wheeled-vehicle_148_282,/workspace/SKN27-FINAL-3Team/storage/vision/datasets/classification/raw_videos/차대이륜차/aihub_train_00000820_bb_1_200205_two-wheeled-vehicle_148_282.mp4,car_vs_motorcycle,car_vs_motorcycle,/workspace/SKN27-FINAL-3Team/storage/vision/datasets/classification/raw_videos/차대이륜차/aihub_train_00000820_bb_1_200205_two-wheeled-vehicle_148_282.mp4,train
car_vs_motorcycle,aihub_train_00000814_bb_1_190921_two-wheeled-vehicle_129_180,/workspace/SKN27-FINAL-3Team/storage/vision/datasets/classification/raw_videos/차대이륜차/aihub_train_00000814_bb_1_190921_two-wheeled-vehicle_129_180.mp4,car_vs_motorcycle,car_vs_motorcycle,/workspace/SKN27-FINAL-3Team/storage/vision/datasets/classification/raw_videos/차대이륜차/aihub_train_00000814_bb_1_190921_two-wheeled-vehicle_129_180.mp4,train
car_vs_motorcycle,aihub_train_00000894_bb_3_120630_two-wheeled-vehicle_253_22451,/workspace/SKN27-FINAL-3Team/storage/vision/datasets/classification/raw_videos/차대이륜차/aihub_train_00000894_bb_3_120630_two-wheeled-vehicle_253_22451.mp4,car_vs_motorcycle,car_vs_motorcycle,/workspace/SKN27-FINAL-3Team/storage/vision/datasets/classification/raw_videos/차대이륜차/aihub_train_00000894_bb_3_120630_two-wheeled-vehicle_253_22451.mp4,train
car_vs_motorcycle,aihub_train_00000935_bb_1_160610_two-wheeled-vehicle_116_173,/workspace/SKN27-FINAL-3Team/storage/vision/datasets/classification/raw_videos/차대이륜차/aihub_train_00000935_bb_1_160610_two-wheeled-vehicle_116_173.mp4,car_vs_motorcycle,car_vs_motorcycle,/workspace/SKN27-FINAL-3Team/storage/vision/datasets/classification/raw_videos/차대이륜차/aihub_train_00000935_bb_1_160610_two-wheeled-vehicle_116_173.mp4,train
car_vs_motorcycle,aihub_train_00000949_bb_1_161227_two-wheeled-vehicle_226_22480,/workspace/SKN27-FINAL-3Team/storage/vision/datasets/classification/raw_videos/차대이륜차/aihub_train_00000949_bb_1_161227_two-wheeled-vehicle_226_22480.mp4,car_vs_motorcycle,car_vs_motorcycle,/workspace/SKN27-FINAL-3Team/storage/vision/datasets/classification/raw_videos/차대이륜차/aihub_train_00000949_bb_1_161227_two-wheeled-vehicle_226_22480.mp4,train
car_vs_motorcycle,aihub_train_00001030_bb_1_200216_two-wheeled-vehicle_311_065,/workspace/SKN27-FINAL-3Team/storage/vision/datasets/classification/raw_videos/차대이륜차/aihub_train_00001030_bb_1_200216_two-wheeled-vehicle_311_065.mp4,car_vs_motorcycle,car_vs_motorcycle,/workspace/SKN27-FINAL-3Team/storage/vision/datasets/classification/raw_videos/차대이륜차/aihub_train_00001030_bb_1_200216_two-wheeled-vehicle_311_065.mp4,train
car_vs_motorcycle,aihub_train_00001024_bb_1_191221_two-wheeled-vehicle_130_121,/workspace/SKN27-FINAL-3Team/storage/vision/datasets/classification/raw_videos/차대이륜차/aihub_train_00001024_bb_1_191221_two-wheeled-vehicle_130_121.mp4,car_vs_motorcycle,car_vs_motorcycle,/workspace/SKN27-FINAL-3Team/storage/vision/datasets/classification/raw_videos/차대이륜차/aihub_train_00001024_bb_1_191221_two-wheeled-vehicle_130_121.mp4,train
car_vs_motorcycle,aihub_train_00000854_bb_1_210412_two-wheeled-vehicle_114_136,/workspace/SKN27-FINAL-3Team/storage/vision/datasets/classification/raw_videos/차대이륜차/aihub_train_00000854_bb_1_210412_two-wheeled-vehicle_114_136.mp4,car_vs_motorcycle,car_vs_motorcycle,/workspace/SKN27-FINAL-3Team/storage/vision/datasets/classification/raw_videos/차대이륜차/aihub_train_00000854_bb_1_210412_two-wheeled-vehicle_114_136.mp4,train
car_vs_motorcycle,aihub_train_00001140_bb_3_211210_two-wheeled-vehicle_248_21545,/workspace/SKN27-FINAL-3Team/storage/vision/datasets/classification/raw_videos/차대이륜차/aihub_train_00001140_bb_3_211210_two-wheeled-vehicle_248_21545.mp4,car_vs_motorcycle,car_vs_motorcycle,/workspace/SKN27-FINAL-3Team/storage/vision/datasets/classification/raw_videos/차대이륜차/aihub_train_00001140_bb_3_211210_two-wheeled-vehicle_248_21545.mp4,train
car_vs_motorcycle,aihub_train_00001090_bb_1_211112_two-wheeled-vehicle_147_126,/workspace/SKN27-FINAL-3Team/storage/vision/datasets/classification/raw_videos/차대이륜차/aihub_train_00001090_bb_1_211112_two-wheeled-vehicle_147_126.mp4,car_vs_motorcycle,car_vs_motorcycle,/workspace/SKN27-FINAL-3Team/storage/vision/datasets/classification/raw_videos/차대이륜차/aihub_train_00001090_bb_1_211112_two-wheeled-vehicle_147_126.mp4,train
car_vs_motorcycle,aihub_train_00001161_bb_1_120625_two-wheeled-vehicle_16_016,/workspace/SKN27-FINAL-3Team/storage/vision/datasets/classification/raw_videos/차대이륜차/aihub_train_00001161_bb_1_120625_two-wheeled-vehicle_16_016.mp4,car_vs_motorcycle,car_vs_motorcycle,/workspace/SKN27-FINAL-3Team/storage/vision/datasets/classification/raw_videos/차대이륜차/aihub_train_00001161_bb_1_120625_two-wheeled-vehicle_16_016.mp4,train
car_vs_motorcycle,aihub_train_00000951_bb_1_170105_two-wheeled-vehicle_144_019,/workspace/SKN27-FINAL-3Team/storage/vision/datasets/classification/raw_videos/차대이륜차/aihub_train_00000951_bb_1_170105_two-wheeled-vehicle_144_019.mp4,car_vs_motorcycle,car_vs_motorcycle,/workspace/SKN27-FINAL-3Team/storage/vision/datasets/classification/raw_videos/차대이륜차/aihub_train_00000951_bb_1_170105_two-wheeled-vehicle_144_019.mp4,train
car_vs_motorcycle,aihub_train_00001160_bb_1_120616_two-wheeled-vehicle_227_21935,/workspace/SKN27-FINAL-3Team/storage/vision/datasets/classification/raw_videos/차대이륜차/aihub_train_00001160_bb_1_120616_two-wheeled-vehicle_227_21935.mp4,car_vs_motorcycle,car_vs_motorcycle,/workspace/SKN27-FINAL-3Team/storage/vision/datasets/classification/raw_videos/차대이륜차/aihub_train_00001160_bb_1_120616_two-wheeled-vehicle_227_21935.mp4,train
car_vs_motorcycle,aihub_train_00001152_bb_1_110130_two-wheeled-vehicle_116_175,/workspace/SKN27-FINAL-3Team/storage/vision/datasets/classification/raw_videos/차대이륜차/aihub_train_00001152_bb_1_110130_two-wheeled-vehicle_116_175.mp4,car_vs_motorcycle,car_vs_motorcycle,/workspace/SKN27-FINAL-3Team/storage/vision/datasets/classification/raw_videos/차대이륜차/aihub_train_00001152_bb_1_110130_two-wheeled-vehicle_116_175.mp4,train
car_vs_motorcycle,aihub_train_00000999_bb_1_190324_two-wheeled-vehicle_149_197,/workspace/SKN27-FINAL-3Team/storage/vision/datasets/classification/raw_videos/차대이륜차/aihub_train_00000999_bb_1_190324_two-wheeled-vehicle_149_197.mp4,car_vs_motorcycle,car_vs_motorcycle,/workspace/SKN27-FINAL-3Team/storage/vision/datasets/classification/raw_videos/차대이륜차/aihub_train_00000999_bb_1_190324_two-wheeled-vehicle_149_197.mp4,train
car_vs_motorcycle,aihub_train_00000793_bb_1_180727_two-wheeled-vehicle_254_21976,/workspace/SKN27-FINAL-3Team/storage/vision/datasets/classification/raw_videos/차대이륜차/aihub_train_00000793_bb_1_180727_two-wheeled-vehicle_254_21976.mp4,car_vs_motorcycle,car_vs_motorcycle,/workspace/SKN27-FINAL-3Team/storage/vision/datasets/classification/raw_videos/차대이륜차/aihub_train_00000793_bb_1_180727_two-wheeled-vehicle_254_21976.mp4,train
car_vs_motorcycle,aihub_train_00000966_bb_1_170926_two-wheeled-vehicle_250_22075,/workspace/SKN27-FINAL-3Team/storage/vision/datasets/classification/raw_videos/차대이륜차/aihub_train_00000966_bb_1_170926_two-wheeled-vehicle_250_22075.mp4,car_vs_motorcycle,car_vs_motorcycle,/workspace/SKN27-FINAL-3Team/storage/vision/datasets/classification/raw_videos/차대이륜차/aihub_train_00000966_bb_1_170926_two-wheeled-vehicle_250_22075.mp4,train
car_vs_motorcycle,aihub_train_00000930_bb_1_130306_two-wheeled-vehicle_130_182,/workspace/SKN27-FINAL-3Team/storage/vision/datasets/classification/raw_videos/차대이륜차/aihub_train_00000930_bb_1_130306_two-wheeled-vehicle_130_182.mp4,car_vs_motorcycle,car_vs_motorcycle,/workspace/SKN27-FINAL-3Team/storage/vision/datasets/classification/raw_videos/차대이륜차/aihub_train_00000930_bb_1_130306_two-wheeled-vehicle_130_182.mp4,train
car_vs_motorcycle,aihub_train_00000869_bb_1_211024_two-wheeled-vehicle_29_015,/workspace/SKN27-FINAL-3Team/storage/vision/datasets/classification/raw_videos/차대이륜차/aihub_train_00000869_bb_1_211024_two-wheeled-vehicle_29_015.mp4,car_vs_motorcycle,car_vs_motorcycle,/workspace/SKN27-FINAL-3Team/storage/vision/datasets/classification/raw_videos/차대이륜차/aihub_train_00000869_bb_1_211024_two-wheeled-vehicle_29_015.mp4,train
car_vs_motorcycle,aihub_train_00000952_bb_1_170329_two-wheeled-vehicle_157_035,/workspace/SKN27-FINAL-3Team/storage/vision/datasets/classification/raw_videos/차대이륜차/aihub_train_00000952_bb_1_170329_two-wheeled-vehicle_157_035.mp4,car_vs_motorcycle,car_vs_motorcycle,/workspace/SKN27-FINAL-3Team/storage/vision/datasets/classification/raw_videos/차대이륜차/aihub_train_00000952_bb_1_170329_two-wheeled-vehicle_157_035.mp4,train
car_vs_motorcycle,aihub_train_00000838_bb_1_200814_two-wheeled-vehicle_244_21639,/workspace/SKN27-FINAL-3Team/storage/vision/datasets/classification/raw_videos/차대이륜차/aihub_train_00000838_bb_1_200814_two-wheeled-vehicle_244_21639.mp4,car_vs_motorcycle,car_vs_motorcycle,/workspace/SKN27-FINAL-3Team/storage/vision/datasets/classification/raw_videos/차대이륜차/aihub_train_00000838_bb_1_200814_two-wheeled-vehicle_244_21639.mp4,train
car_vs_motorcycle,aihub_train_00001157_bb_1_120218_two-wheeled-vehicle_238_21038,/workspace/SKN27-FINAL-3Team/storage/vision/datasets/classification/raw_videos/차대이륜차/aihub_train_00001157_bb_1_120218_two-wheeled-vehicle_238_21038.mp4,car_vs_motorcycle,car_vs_motorcycle,/workspace/SKN27-FINAL-3Team/storage/vision/datasets/classification/raw_videos/차대이륜차/aihub_train_00001157_bb_1_120218_two-wheeled-vehicle_238_21038.mp4,train
car_vs_motorcycle,aihub_train_00001017_bb_1_191010_two-wheeled-vehicle_219_20960,/workspace/SKN27-FINAL-3Team/storage/vision/datasets/classification/raw_videos/차대이륜차/aihub_train_00001017_bb_1_191010_two-wheeled-vehicle_219_20960.mp4,car_vs_motorcycle,car_vs_motorcycle,/workspace/SKN27-FINAL-3Team/storage/vision/datasets/classification/raw_videos/차대이륜차/aihub_train_00001017_bb_1_191010_two-wheeled-vehicle_219_20960.mp4,train
car_vs_motorcycle,aihub_train_00001050_bb_1_210110_two-wheeled-vehicle_240_21681,/workspace/SKN27-FINAL-3Team/storage/vision/datasets/classification/raw_videos/차대이륜차/aihub_train_00001050_bb_1_210110_two-wheeled-vehicle_240_21681.mp4,car_vs_motorcycle,car_vs_motorcycle,/workspace/SKN27-FINAL-3Team/storage/vision/datasets/classification/raw_videos/차대이륜차/aihub_train_00001050_bb_1_210110_two-wheeled-vehicle_240_21681.mp4,train
car_vs_motorcycle,aihub_train_00000979_bb_1_180512_two-wheeled-vehicle_203_22189,/workspace/SKN27-FINAL-3Team/storage/vision/datasets/classification/raw_videos/차대이륜차/aihub_train_00000979_bb_1_180512_two-wheeled-vehicle_203_22189.mp4,car_vs_motorcycle,car_vs_motorcycle,/workspace/SKN27-FINAL-3Team/storage/vision/datasets/classification/raw_videos/차대이륜차/aihub_train_00000979_bb_1_180512_two-wheeled-vehicle_203_22189.mp4,train
car_vs_motorcycle,aihub_train_00000972_bb_1_171110_two-wheeled-vehicle_127_065,/workspace/SKN27-FINAL-3Team/storage/vision/datasets/classification/raw_videos/차대이륜차/aihub_train_00000972_bb_1_171110_two-wheeled-vehicle_127_065.mp4,car_vs_motorcycle,car_vs_motorcycle,/workspace/SKN27-FINAL-3Team/storage/vision/datasets/classification/raw_videos/차대이륜차/aihub_train_00000972_bb_1_171110_two-wheeled-vehicle_127_065.mp4,train
car_vs_motorcycle,aihub_train_00000802_bb_1_190202_two-wheeled-vehicle_16_029,/workspace/SKN27-FINAL-3Team/storage/vision/datasets/classification/raw_videos/차대이륜차/aihub_train_00000802_bb_1_190202_two-wheeled-vehicle_16_029.mp4,car_vs_motorcycle,car_vs_motorcycle,/workspace/SKN27-FINAL-3Team/storage/vision/datasets/classification/raw_videos/차대이륜차/aihub_train_00000802_bb_1_190202_two-wheeled-vehicle_16_029.mp4,train
car_vs_motorcycle,aihub_train_00000938_bb_1_160703_two-wheeled-vehicle_200_172,/workspace/SKN27-FINAL-3Team/storage/vision/datasets/classification/raw_videos/차대이륜차/aihub_train_00000938_bb_1_160703_two-wheeled-vehicle_200_172.mp4,car_vs_motorcycle,car_vs_motorcycle,/workspace/SKN27-FINAL-3Team/storage/vision/datasets/classification/raw_videos/차대이륜차/aihub_train_00000938_bb_1_160703_two-wheeled-vehicle_200_172.mp4,train
car_vs_motorcycle,aihub_train_00000777_bb_1_170507_two-wheeled-vehicle_142_259,/workspace/SKN27-FINAL-3Team/storage/vision/datasets/classification/raw_videos/차대이륜차/aihub_train_00000777_bb_1_170507_two-wheeled-vehicle_142_259.mp4,car_vs_motorcycle,car_vs_motorcycle,/workspace/SKN27-FINAL-3Team/storage/vision/datasets/classification/raw_videos/차대이륜차/aihub_train_00000777_bb_1_170507_two-wheeled-vehicle_142_259.mp4,train
car_vs_motorcycle,aihub_train_00000767_bb_1_160916_two-wheeled-vehicle_203_21783,/workspace/SKN27-FINAL-3Team/storage/vision/datasets/classification/raw_videos/차대이륜차/aihub_train_00000767_bb_1_160916_two-wheeled-vehicle_203_21783.mp4,car_vs_motorcycle,car_vs_motorcycle,/workspace/SKN27-FINAL-3Team/storage/vision/datasets/classification/raw_videos/차대이륜차/aihub_train_00000767_bb_1_160916_two-wheeled-vehicle_203_21783.mp4,train
car_vs_motorcycle,aihub_train_00001046_bb_1_201019_two-wheeled-vehicle_233_21869,/workspace/SKN27-FINAL-3Team/storage/vision/datasets/classification/raw_videos/차대이륜차/aihub_train_00001046_bb_1_201019_two-wheeled-vehicle_233_21869.mp4,car_vs_motorcycle,car_vs_motorcycle,/workspace/SKN27-FINAL-3Team/storage/vision/datasets/classification/raw_videos/차대이륜차/aihub_train_00001046_bb_1_201019_two-wheeled-vehicle_233_21869.mp4,train
car_vs_motorcycle,aihub_train_00001048_bb_1_201124_two-wheeled-vehicle_149_129,/workspace/SKN27-FINAL-3Team/storage/vision/datasets/classification/raw_videos/차대이륜차/aihub_train_00001048_bb_1_201124_two-wheeled-vehicle_149_129.mp4,car_vs_motorcycle,car_vs_motorcycle,/workspace/SKN27-FINAL-3Team/storage/vision/datasets/classification/raw_videos/차대이륜차/aihub_train_00001048_bb_1_201124_two-wheeled-vehicle_149_129.mp4,train
car_vs_motorcycle,aihub_train_00001038_bb_1_200710_two-wheeled-vehicle_236_22305,/workspace/SKN27-FINAL-3Team/storage/vision/datasets/classification/raw_videos/차대이륜차/aihub_train_00001038_bb_1_200710_two-wheeled-vehicle_236_22305.mp4,car_vs_motorcycle,car_vs_motorcycle,/workspace/SKN27-FINAL-3Team/storage/vision/datasets/classification/raw_videos/차대이륜차/aihub_train_00001038_bb_1_200710_two-wheeled-vehicle_236_22305.mp4,train
car_vs_motorcycle,aihub_train_00000789_bb_1_180324_two-wheeled-vehicle_236_22304,/workspace/SKN27-FINAL-3Team/storage/vision/datasets/classification/raw_videos/차대이륜차/aihub_train_00000789_bb_1_180324_two-wheeled-vehicle_236_22304.mp4,car_vs_motorcycle,car_vs_motorcycle,/workspace/SKN27-FINAL-3Team/storage/vision/datasets/classification/raw_videos/차대이륜차/aihub_train_00000789_bb_1_180324_two-wheeled-vehicle_236_22304.mp4,train
car_vs_motorcycle,aihub_train_00001051_bb_1_210111_two-wheeled-vehicle_113_303,/workspace/SKN27-FINAL-3Team/storage/vision/datasets/classification/raw_videos/차대이륜차/aihub_train_00001051_bb_1_210111_two-wheeled-vehicle_113_303.mp4,car_vs_motorcycle,car_vs_motorcycle,/workspace/SKN27-FINAL-3Team/storage/vision/datasets/classification/raw_videos/차대이륜차/aihub_train_00001051_bb_1_210111_two-wheeled-vehicle_113_303.mp4,train
car_vs_motorcycle,aihub_train_00001034_bb_1_200412_two-wheeled-vehicle_312_130,/workspace/SKN27-FINAL-3Team/storage/vision/datasets/classification/raw_videos/차대이륜차/aihub_train_00001034_bb_1_200412_two-wheeled-vehicle_312_130.mp4,car_vs_motorcycle,car_vs_motorcycle,/workspace/SKN27-FINAL-3Team/storage/vision/datasets/classification/raw_videos/차대이륜차/aihub_train_00001034_bb_1_200412_two-wheeled-vehicle_312_130.mp4,train
car_vs_motorcycle,aihub_train_00000868_bb_1_211019_two-wheeled-vehicle_239_22150,/workspace/SKN27-FINAL-3Team/storage/vision/datasets/classification/raw_videos/차대이륜차/aihub_train_00000868_bb_1_211019_two-wheeled-vehicle_239_22150.mp4,car_vs_motorcycle,car_vs_motorcycle,/workspace/SKN27-FINAL-3Team/storage/vision/datasets/classification/raw_videos/차대이륜차/aihub_train_00000868_bb_1_211019_two-wheeled-vehicle_239_22150.mp4,train
car_vs_motorcycle,aihub_train_00001119_bb_3_180908_two-wheeled-vehicle_38_004,/workspace/SKN27-FINAL-3Team/storage/vision/datasets/classification/raw_videos/차대이륜차/aihub_train_00001119_bb_3_180908_two-wheeled-vehicle_38_004.mp4,car_vs_motorcycle,car_vs_motorcycle,/workspace/SKN27-FINAL-3Team/storage/vision/datasets/classification/raw_videos/차대이륜차/aihub_train_00001119_bb_3_180908_two-wheeled-vehicle_38_004.mp4,train
car_vs_motorcycle,aihub_train_00000876_bb_1_220104_two-wheeled-vehicle_118_006,/workspace/SKN27-FINAL-3Team/storage/vision/datasets/classification/raw_videos/차대이륜차/aihub_train_00000876_bb_1_220104_two-wheeled-vehicle_118_006.mp4,car_vs_motorcycle,car_vs_motorcycle,/workspace/SKN27-FINAL-3Team/storage/vision/datasets/classification/raw_videos/차대이륜차/aihub_train_00000876_bb_1_220104_two-wheeled-vehicle_118_006.mp4,train
car_vs_motorcycle,aihub_train_00001107_bb_3_140920_two-wheeled-vehicle_209_21998,/workspace/SKN27-FINAL-3Team/storage/vision/datasets/classification/raw_videos/차대이륜차/aihub_train_00001107_bb_3_140920_two-wheeled-vehicle_209_21998.mp4,car_vs_motorcycle,car_vs_motorcycle,/workspace/SKN27-FINAL-3Team/storage/vision/datasets/classification/raw_videos/차대이륜차/aihub_train_00001107_bb_3_140920_two-wheeled-vehicle_209_21998.mp4,train
car_vs_motorcycle,aihub_train_00000872_bb_1_211124_two-wheeled-vehicle_126_159,/workspace/SKN27-FINAL-3Team/storage/vision/datasets/classification/raw_videos/차대이륜차/aihub_train_00000872_bb_1_211124_two-wheeled-vehicle_126_159.mp4,car_vs_motorcycle,car_vs_motorcycle,/workspace/SKN27-FINAL-3Team/storage/vision/datasets/classification/raw_videos/차대이륜차/aihub_train_00000872_bb_1_211124_two-wheeled-vehicle_126_159.mp4,train
car_vs_motorcycle,aihub_train_00001121_bb_3_181216_two-wheeled-vehicle_45_008,/workspace/SKN27-FINAL-3Team/storage/vision/datasets/classification/raw_videos/차대이륜차/aihub_train_00001121_bb_3_181216_two-wheeled-vehicle_45_008.mp4,car_vs_motorcycle,car_vs_motorcycle,/workspace/SKN27-FINAL-3Team/storage/vision/datasets/classification/raw_videos/차대이륜차/aihub_train_00001121_bb_3_181216_two-wheeled-vehicle_45_008.mp4,train
car_vs_motorcycle,aihub_train_00001154_bb_1_110616_two-wheeled-vehicle_130_151,/workspace/SKN27-FINAL-3Team/storage/vision/datasets/classification/raw_videos/차대이륜차/aihub_train_00001154_bb_1_110616_two-wheeled-vehicle_130_151.mp4,car_vs_motorcycle,car_vs_motorcycle,/workspace/SKN27-FINAL-3Team/storage/vision/datasets/classification/raw_videos/차대이륜차/aihub_train_00001154_bb_1_110616_two-wheeled-vehicle_130_151.mp4,train
car_vs_motorcycle,aihub_train_00000937_bb_1_160702_two-wheeled-vehicle_141_100,/workspace/SKN27-FINAL-3Team/storage/vision/datasets/classification/raw_videos/차대이륜차/aihub_train_00000937_bb_1_160702_two-wheeled-vehicle_141_100.mp4,car_vs_motorcycle,car_vs_motorcycle,/workspace/SKN27-FINAL-3Team/storage/vision/datasets/classification/raw_videos/차대이륜차/aihub_train_00000937_bb_1_160702_two-wheeled-vehicle_141_100.mp4,train
car_vs_motorcycle,aihub_train_00000982_bb_1_180625_two-wheeled-vehicle_130_237,/workspace/SKN27-FINAL-3Team/storage/vision/datasets/classification/raw_videos/차대이륜차/aihub_train_00000982_bb_1_180625_two-wheeled-vehicle_130_237.mp4,car_vs_motorcycle,car_vs_motorcycle,/workspace/SKN27-FINAL-3Team/storage/vision/datasets/classification/raw_videos/차대이륜차/aihub_train_00000982_bb_1_180625_two-wheeled-vehicle_130_237.mp4,train
car_vs_motorcycle,aihub_train_00000945_bb_1_161108_two-wheeled-vehicle_129_119,/workspace/SKN27-FINAL-3Team/storage/vision/datasets/classification/raw_videos/차대이륜차/aihub_train_00000945_bb_1_161108_two-wheeled-vehicle_129_119.mp4,car_vs_motorcycle,car_vs_motorcycle,/workspace/SKN27-FINAL-3Team/storage/vision/datasets/classification/raw_videos/차대이륜차/aihub_train_00000945_bb_1_161108_two-wheeled-vehicle_129_119.mp4,train
car_vs_motorcycle,aihub_train_00000804_bb_1_190309_two-wheeled-vehicle_250_25219,/workspace/SKN27-FINAL-3Team/storage/vision/datasets/classification/raw_videos/차대이륜차/aihub_train_00000804_bb_1_190309_two-wheeled-vehicle_250_25219.mp4,car_vs_motorcycle,car_vs_motorcycle,/workspace/SKN27-FINAL-3Team/storage/vision/datasets/classification/raw_videos/차대이륜차/aihub_train_00000804_bb_1_190309_two-wheeled-vehicle_250_25219.mp4,train
car_vs_motorcycle,aihub_train_00000991_bb_1_181208_two-wheeled-vehicle_131_216,/workspace/SKN27-FINAL-3Team/storage/vision/datasets/classification/raw_videos/차대이륜차/aihub_train_00000991_bb_1_181208_two-wheeled-vehicle_131_216.mp4,car_vs_motorcycle,car_vs_motorcycle,/workspace/SKN27-FINAL-3Team/storage/vision/datasets/classification/raw_videos/차대이륜차/aihub_train_00000991_bb_1_181208_two-wheeled-vehicle_131_216.mp4,train
car_vs_motorcycle,aihub_train_00000781_bb_1_171009_two-wheeled-vehicle_089_302005,/workspace/SKN27-FINAL-3Team/storage/vision/datasets/classification/raw_videos/차대이륜차/aihub_train_00000781_bb_1_171009_two-wheeled-vehicle_089_302005.mp4,car_vs_motorcycle,car_vs_motorcycle,/workspace/SKN27-FINAL-3Team/storage/vision/datasets/classification/raw_videos/차대이륜차/aihub_train_00000781_bb_1_171009_two-wheeled-vehicle_089_302005.mp4,train
car_vs_motorcycle,aihub_train_00001131_bb_3_200717_two-wheeled-vehicle_116_153,/workspace/SKN27-FINAL-3Team/storage/vision/datasets/classification/raw_videos/차대이륜차/aihub_train_00001131_bb_3_200717_two-wheeled-vehicle_116_153.mp4,car_vs_motorcycle,car_vs_motorcycle,/workspace/SKN27-FINAL-3Team/storage/vision/datasets/classification/raw_videos/차대이륜차/aihub_train_00001131_bb_3_200717_two-wheeled-vehicle_116_153.mp4,train
car_vs_motorcycle,aihub_train_00000961_bb_1_170627_two-wheeled-vehicle_144_182,/workspace/SKN27-FINAL-3Team/storage/vision/datasets/classification/raw_videos/차대이륜차/aihub_train_00000961_bb_1_170627_two-wheeled-vehicle_144_182.mp4,car_vs_motorcycle,car_vs_motorcycle,/workspace/SKN27-FINAL-3Team/storage/vision/datasets/classification/raw_videos/차대이륜차/aihub_train_00000961_bb_1_170627_two-wheeled-vehicle_144_182.mp4,train
car_vs_motorcycle,aihub_train_00001120_bb_3_181020_two-wheeled-vehicle_145_084,/workspace/SKN27-FINAL-3Team/storage/vision/datasets/classification/raw_videos/차대이륜차/aihub_train_00001120_bb_3_181020_two-wheeled-vehicle_145_084.mp4,car_vs_motorcycle,car_vs_motorcycle,/workspace/SKN27-FINAL-3Team/storage/vision/datasets/classification/raw_videos/차대이륜차/aihub_train_00001120_bb_3_181020_two-wheeled-vehicle_145_084.mp4,train
car_vs_motorcycle,aihub_train_00001062_bb_1_210324_two-wheeled-vehicle_203_22296,/workspace/SKN27-FINAL-3Team/storage/vision/datasets/classification/raw_videos/차대이륜차/aihub_train_00001062_bb_1_210324_two-wheeled-vehicle_203_22296.mp4,car_vs_motorcycle,car_vs_motorcycle,/workspace/SKN27-FINAL-3Team/storage/vision/datasets/classification/raw_videos/차대이륜차/aihub_train_00001062_bb_1_210324_two-wheeled-vehicle_203_22296.mp4,train
car_vs_motorcycle,aihub_train_00000839_bb_1_200816_two-wheeled-vehicle_229_24806,/workspace/SKN27-FINAL-3Team/storage/vision/datasets/classification/raw_videos/차대이륜차/aihub_train_00000839_bb_1_200816_two-wheeled-vehicle_229_24806.mp4,car_vs_motorcycle,car_vs_motorcycle,/workspace/SKN27-FINAL-3Team/storage/vision/datasets/classification/raw_videos/차대이륜차/aihub_train_00000839_bb_1_200816_two-wheeled-vehicle_229_24806.mp4,train
car_vs_motorcycle,aihub_train_00000819_bb_1_200203_two-wheeled-vehicle_113_322,/workspace/SKN27-FINAL-3Team/storage/vision/datasets/classification/raw_videos/차대이륜차/aihub_train_00000819_bb_1_200203_two-wheeled-vehicle_113_322.mp4,car_vs_motorcycle,car_vs_motorcycle,/workspace/SKN27-FINAL-3Team/storage/vision/datasets/classification/raw_videos/차대이륜차/aihub_train_00000819_bb_1_200203_two-wheeled-vehicle_113_322.mp4,train
car_vs_motorcycle,aihub_train_00001080_bb_1_210909_two-wheeled-vehicle_205_20021,/workspace/SKN27-FINAL-3Team/storage/vision/datasets/classification/raw_videos/차대이륜차/aihub_train_00001080_bb_1_210909_two-wheeled-vehicle_205_20021.mp4,car_vs_motorcycle,car_vs_motorcycle,/workspace/SKN27-FINAL-3Team/storage/vision/datasets/classification/raw_videos/차대이륜차/aihub_train_00001080_bb_1_210909_two-wheeled-vehicle_205_20021.mp4,train
car_vs_motorcycle,aihub_train_00001006_bb_1_190602_two-wheeled-vehicle_120_171,/workspace/SKN27-FINAL-3Team/storage/vision/datasets/classification/raw_videos/차대이륜차/aihub_train_00001006_bb_1_190602_two-wheeled-vehicle_120_171.mp4,car_vs_motorcycle,car_vs_motorcycle,/workspace/SKN27-FINAL-3Team/storage/vision/datasets/classification/raw_videos/차대이륜차/aihub_train_00001006_bb_1_190602_two-wheeled-vehicle_120_171.mp4,train
car_vs_motorcycle,aihub_train_00001067_bb_1_210527_two-wheeled-vehicle_193_161,/workspace/SKN27-FINAL-3Team/storage/vision/datasets/classification/raw_videos/차대이륜차/aihub_train_00001067_bb_1_210527_two-wheeled-vehicle_193_161.mp4,car_vs_motorcycle,car_vs_motorcycle,/workspace/SKN27-FINAL-3Team/storage/vision/datasets/classification/raw_videos/차대이륜차/aihub_train_00001067_bb_1_210527_two-wheeled-vehicle_193_161.mp4,val
car_vs_motorcycle,aihub_train_00001098_bb_1_220118_two-wheeled-vehicle_228_20312,/workspace/SKN27-FINAL-3Team/storage/vision/datasets/classification/raw_videos/차대이륜차/aihub_train_00001098_bb_1_220118_two-wheeled-vehicle_228_20312.mp4,car_vs_motorcycle,car_vs_motorcycle,/workspace/SKN27-FINAL-3Team/storage/vision/datasets/classification/raw_videos/차대이륜차/aihub_train_00001098_bb_1_220118_two-wheeled-vehicle_228_20312.mp4,val
car_vs_motorcycle,aihub_train_00001071_bb_1_210625_two-wheeled-vehicle_315_010,/workspace/SKN27-FINAL-3Team/storage/vision/datasets/classification/raw_videos/차대이륜차/aihub_train_00001071_bb_1_210625_two-wheeled-vehicle_315_010.mp4,car_vs_motorcycle,car_vs_motorcycle,/workspace/SKN27-FINAL-3Team/storage/vision/datasets/classification/raw_videos/차대이륜차/aihub_train_00001071_bb_1_210625_two-wheeled-vehicle_315_010.mp4,val
car_vs_motorcycle,aihub_train_00000824_bb_1_200305_two-wheeled-vehicle_149_192,/workspace/SKN27-FINAL-3Team/storage/vision/datasets/classification/raw_videos/차대이륜차/aihub_train_00000824_bb_1_200305_two-wheeled-vehicle_149_192.mp4,car_vs_motorcycle,car_vs_motorcycle,/workspace/SKN27-FINAL-3Team/storage/vision/datasets/classification/raw_videos/차대이륜차/aihub_train_00000824_bb_1_200305_two-wheeled-vehicle_149_192.mp4,val
car_vs_motorcycle,aihub_train_00000858_bb_1_210614_two-wheeled-vehicle_46_016,/workspace/SKN27-FINAL-3Team/storage/vision/datasets/classification/raw_videos/차대이륜차/aihub_train_00000858_bb_1_210614_two-wheeled-vehicle_46_016.mp4,car_vs_motorcycle,car_vs_motorcycle,/workspace/SKN27-FINAL-3Team/storage/vision/datasets/classification/raw_videos/차대이륜차/aihub_train_00000858_bb_1_210614_two-wheeled-vehicle_46_016.mp4,val
car_vs_motorcycle,aihub_train_00001012_bb_1_190723_two-wheeled-vehicle_248_22110,/workspace/SKN27-FINAL-3Team/storage/vision/datasets/classification/raw_videos/차대이륜차/aihub_train_00001012_bb_1_190723_two-wheeled-vehicle_248_22110.mp4,car_vs_motorcycle,car_vs_motorcycle,/workspace/SKN27-FINAL-3Team/storage/vision/datasets/classification/raw_videos/차대이륜차/aihub_train_00001012_bb_1_190723_two-wheeled-vehicle_248_22110.mp4,val
car_vs_motorcycle,aihub_train_00000870_bb_1_211106_two-wheeled-vehicle_195_137,/workspace/SKN27-FINAL-3Team/storage/vision/datasets/classification/raw_videos/차대이륜차/aihub_train_00000870_bb_1_211106_two-wheeled-vehicle_195_137.mp4,car_vs_motorcycle,car_vs_motorcycle,/workspace/SKN27-FINAL-3Team/storage/vision/datasets/classification/raw_videos/차대이륜차/aihub_train_00000870_bb_1_211106_two-wheeled-vehicle_195_137.mp4,val
car_vs_motorcycle,aihub_train_00000852_bb_1_210317_two-wheeled-vehicle_30_017,/workspace/SKN27-FINAL-3Team/storage/vision/datasets/classification/raw_videos/차대이륜차/aihub_train_00000852_bb_1_210317_two-wheeled-vehicle_30_017.mp4,car_vs_motorcycle,car_vs_motorcycle,/workspace/SKN27-FINAL-3Team/storage/vision/datasets/classification/raw_videos/차대이륜차/aihub_train_00000852_bb_1_210317_two-wheeled-vehicle_30_017.mp4,val
car_vs_motorcycle,aihub_train_00000902_bb_3_171122_two-wheeled-vehicle_120_130,/workspace/SKN27-FINAL-3Team/storage/vision/datasets/classification/raw_videos/차대이륜차/aihub_train_00000902_bb_3_171122_two-wheeled-vehicle_120_130.mp4,car_vs_motorcycle,car_vs_motorcycle,/workspace/SKN27-FINAL-3Team/storage/vision/datasets/classification/raw_videos/차대이륜차/aihub_train_00000902_bb_3_171122_two-wheeled-vehicle_120_130.mp4,val
car_vs_motorcycle,aihub_train_00001036_bb_1_200629_two-wheeled-vehicle_112_169,/workspace/SKN27-FINAL-3Team/storage/vision/datasets/classification/raw_videos/차대이륜차/aihub_train_00001036_bb_1_200629_two-wheeled-vehicle_112_169.mp4,car_vs_motorcycle,car_vs_motorcycle,/workspace/SKN27-FINAL-3Team/storage/vision/datasets/classification/raw_videos/차대이륜차/aihub_train_00001036_bb_1_200629_two-wheeled-vehicle_112_169.mp4,val
car_vs_motorcycle,aihub_train_00001130_bb_3_200504_two-wheeled-vehicle_126_283,/workspace/SKN27-FINAL-3Team/storage/vision/datasets/classification/raw_videos/차대이륜차/aihub_train_00001130_bb_3_200504_two-wheeled-vehicle_126_283.mp4,car_vs_motorcycle,car_vs_motorcycle,/workspace/SKN27-FINAL-3Team/storage/vision/datasets/classification/raw_videos/차대이륜차/aihub_train_00001130_bb_3_200504_two-wheeled-vehicle_126_283.mp4,val
car_vs_motorcycle,aihub_train_00001057_bb_1_210213_two-wheeled-vehicle_45_012,/workspace/SKN27-FINAL-3Team/storage/vision/datasets/classification/raw_videos/차대이륜차/aihub_train_00001057_bb_1_210213_two-wheeled-vehicle_45_012.mp4,car_vs_motorcycle,car_vs_motorcycle,/workspace/SKN27-FINAL-3Team/storage/vision/datasets/classification/raw_videos/차대이륜차/aihub_train_00001057_bb_1_210213_two-wheeled-vehicle_45_012.mp4,val
car_vs_motorcycle,aihub_train_00000836_bb_1_200809_two-wheeled-vehicle_131_217,/workspace/SKN27-FINAL-3Team/storage/vision/datasets/classification/raw_videos/차대이륜차/aihub_train_00000836_bb_1_200809_two-wheeled-vehicle_131_217.mp4,car_vs_motorcycle,car_vs_motorcycle,/workspace/SKN27-FINAL-3Team/storage/vision/datasets/classification/raw_videos/차대이륜차/aihub_train_00000836_bb_1_200809_two-wheeled-vehicle_131_217.mp4,val
car_vs_motorcycle,aihub_train_00000973_bb_1_171203_two-wheeled-vehicle_123_041,/workspace/SKN27-FINAL-3Team/storage/vision/datasets/classification/raw_videos/차대이륜차/aihub_train_00000973_bb_1_171203_two-wheeled-vehicle_123_041.mp4,car_vs_motorcycle,car_vs_motorcycle,/workspace/SKN27-FINAL-3Team/storage/vision/datasets/classification/raw_videos/차대이륜차/aihub_train_00000973_bb_1_171203_two-wheeled-vehicle_123_041.mp4,val
car_vs_motorcycle,aihub_train_00000765_bb_1_150329_two-wheeled-vehicle_226_20661,/workspace/SKN27-FINAL-3Team/storage/vision/datasets/classification/raw_videos/차대이륜차/aihub_train_00000765_bb_1_150329_two-wheeled-vehicle_226_20661.mp4,car_vs_motorcycle,car_vs_motorcycle,/workspace/SKN27-FINAL-3Team/storage/vision/datasets/classification/raw_videos/차대이륜차/aihub_train_00000765_bb_1_150329_two-wheeled-vehicle_226_20661.mp4,val
car_vs_motorcycle,aihub_train_00001044_bb_1_200910_two-wheeled-vehicle_242_21480,/workspace/SKN27-FINAL-3Team/storage/vision/datasets/classification/raw_videos/차대이륜차/aihub_train_00001044_bb_1_200910_two-wheeled-vehicle_242_21480.mp4,car_vs_motorcycle,car_vs_motorcycle,/workspace/SKN27-FINAL-3Team/storage/vision/datasets/classification/raw_videos/차대이륜차/aihub_train_00001044_bb_1_200910_two-wheeled-vehicle_242_21480.mp4,test
car_vs_motorcycle,aihub_train_00000867_bb_1_211006_two-wheeled-vehicle_142_182,/workspace/SKN27-FINAL-3Team/storage/vision/datasets/classification/raw_videos/차대이륜차/aihub_train_00000867_bb_1_211006_two-wheeled-vehicle_142_182.mp4,car_vs_motorcycle,car_vs_motorcycle,/workspace/SKN27-FINAL-3Team/storage/vision/datasets/classification/raw_videos/차대이륜차/aihub_train_00000867_bb_1_211006_two-wheeled-vehicle_142_182.mp4,test
car_vs_motorcycle,aihub_train_00001023_bb_1_191219_two-wheeled-vehicle_113_331,/workspace/SKN27-FINAL-3Team/storage/vision/datasets/classification/raw_videos/차대이륜차/aihub_train_00001023_bb_1_191219_two-wheeled-vehicle_113_331.mp4,car_vs_motorcycle,car_vs_motorcycle,/workspace/SKN27-FINAL-3Team/storage/vision/datasets/classification/raw_videos/차대이륜차/aihub_train_00001023_bb_1_191219_two-wheeled-vehicle_113_331.mp4,test
car_vs_motorcycle,aihub_train_00001133_bb_3_210107_two-wheeled-vehicle_207_22161,/workspace/SKN27-FINAL-3Team/storage/vision/datasets/classification/raw_videos/차대이륜차/aihub_train_00001133_bb_3_210107_two-wheeled-vehicle_207_22161.mp4,car_vs_motorcycle,car_vs_motorcycle,/workspace/SKN27-FINAL-3Team/storage/vision/datasets/classification/raw_videos/차대이륜차/aihub_train_00001133_bb_3_210107_two-wheeled-vehicle_207_22161.mp4,test
car_vs_motorcycle,aihub_train_00001124_bb_3_190803_two-wheeled-vehicle_30_070,/workspace/SKN27-FINAL-3Team/storage/vision/datasets/classification/raw_videos/차대이륜차/aihub_train_00001124_bb_3_190803_two-wheeled-vehicle_30_070.mp4,car_vs_motorcycle,car_vs_motorcycle,/workspace/SKN27-FINAL-3Team/storage/vision/datasets/classification/raw_videos/차대이륜차/aihub_train_00001124_bb_3_190803_two-wheeled-vehicle_30_070.mp4,test
car_vs_motorcycle,aihub_train_00000880_bb_1_220219_two-wheeled-vehicle_260_21656,/workspace/SKN27-FINAL-3Team/storage/vision/datasets/classification/raw_videos/차대이륜차/aihub_train_00000880_bb_1_220219_two-wheeled-vehicle_260_21656.mp4,car_vs_motorcycle,car_vs_motorcycle,/workspace/SKN27-FINAL-3Team/storage/vision/datasets/classification/raw_videos/차대이륜차/aihub_train_00000880_bb_1_220219_two-wheeled-vehicle_260_21656.mp4,test
car_vs_motorcycle,aihub_train_00000835_bb_1_200715_two-wheeled-vehicle_143_182,/workspace/SKN27-FINAL-3Team/storage/vision/datasets/classification/raw_videos/차대이륜차/aihub_train_00000835_bb_1_200715_two-wheeled-vehicle_143_182.mp4,car_vs_motorcycle,car_vs_motorcycle,/workspace/SKN27-FINAL-3Team/storage/vision/datasets/classification/raw_videos/차대이륜차/aihub_train_00000835_bb_1_200715_two-wheeled-vehicle_143_182.mp4,test
car_vs_motorcycle,aihub_train_00000791_bb_1_180519_two-wheeled-vehicle_48_088,/workspace/SKN27-FINAL-3Team/storage/vision/datasets/classification/raw_videos/차대이륜차/aihub_train_00000791_bb_1_180519_two-wheeled-vehicle_48_088.mp4,car_vs_motorcycle,car_vs_motorcycle,/workspace/SKN27-FINAL-3Team/storage/vision/datasets/classification/raw_videos/차대이륜차/aihub_train_00000791_bb_1_180519_two-wheeled-vehicle_48_088.mp4,test
car_vs_motorcycle,aihub_train_00000874_bb_1_211129_two-wheeled-vehicle_130_010,/workspace/SKN27-FINAL-3Team/storage/vision/datasets/classification/raw_videos/차대이륜차/aihub_train_00000874_bb_1_211129_two-wheeled-vehicle_130_010.mp4,car_vs_motorcycle,car_vs_motorcycle,/workspace/SKN27-FINAL-3Team/storage/vision/datasets/classification/raw_videos/차대이륜차/aihub_train_00000874_bb_1_211129_two-wheeled-vehicle_130_010.mp4,test
car_vs_motorcycle,aihub_train_00000770_bb_1_161224_two-wheeled-vehicle_232_22526,/workspace/SKN27-FINAL-3Team/storage/vision/datasets/classification/raw_videos/차대이륜차/aihub_train_00000770_bb_1_161224_two-wheeled-vehicle_232_22526.mp4,car_vs_motorcycle,car_vs_motorcycle,/workspace/SKN27-FINAL-3Team/storage/vision/datasets/classification/raw_videos/차대이륜차/aihub_train_00000770_bb_1_161224_two-wheeled-vehicle_232_22526.mp4,test
car_vs_motorcycle,aihub_train_00001100_bb_1_220409_two-wheeled-vehicle_239_35972,/workspace/SKN27-FINAL-3Team/storage/vision/datasets/classification/raw_videos/차대이륜차/aihub_train_00001100_bb_1_220409_two-wheeled-vehicle_239_35972.mp4,car_vs_motorcycle,car_vs_motorcycle,/workspace/SKN27-FINAL-3Team/storage/vision/datasets/classification/raw_videos/차대이륜차/aihub_train_00001100_bb_1_220409_two-wheeled-vehicle_239_35972.mp4,test
car_vs_motorcycle,aihub_train_00001108_bb_3_150205_two-wheeled-vehicle_203_22426,/workspace/SKN27-FINAL-3Team/storage/vision/datasets/classification/raw_videos/차대이륜차/aihub_train_00001108_bb_3_150205_two-wheeled-vehicle_203_22426.mp4,car_vs_motorcycle,car_vs_motorcycle,/workspace/SKN27-FINAL-3Team/storage/vision/datasets/classification/raw_videos/차대이륜차/aihub_train_00001108_bb_3_150205_two-wheeled-vehicle_203_22426.mp4,test
car_vs_motorcycle,aihub_train_00001003_bb_1_190429_two-wheeled-vehicle_114_142,/workspace/SKN27-FINAL-3Team/storage/vision/datasets/classification/raw_videos/차대이륜차/aihub_train_00001003_bb_1_190429_two-wheeled-vehicle_114_142.mp4,car_vs_motorcycle,car_vs_motorcycle,/workspace/SKN27-FINAL-3Team/storage/vision/datasets/classification/raw_videos/차대이륜차/aihub_train_00001003_bb_1_190429_two-wheeled-vehicle_114_142.mp4,test
car_vs_motorcycle,aihub_train_00000974_bb_1_171207_two-wheeled-vehicle_147_016,/workspace/SKN27-FINAL-3Team/storage/vision/datasets/classification/raw_videos/차대이륜차/aihub_train_00000974_bb_1_171207_two-wheeled-vehicle_147_016.mp4,car_vs_motorcycle,car_vs_motorcycle,/workspace/SKN27-FINAL-3Team/storage/vision/datasets/classification/raw_videos/차대이륜차/aihub_train_00000974_bb_1_171207_two-wheeled-vehicle_147_016.mp4,test
car_vs_motorcycle,aihub_train_00000903_bb_3_180322_two-wheeled-vehicle_229_22055,/workspace/SKN27-FINAL-3Team/storage/vision/datasets/classification/raw_videos/차대이륜차/aihub_train_00000903_bb_3_180322_two-wheeled-vehicle_229_22055.mp4,car_vs_motorcycle,car_vs_motorcycle,/workspace/SKN27-FINAL-3Team/storage/vision/datasets/classification/raw_videos/차대이륜차/aihub_train_00000903_bb_3_180322_two-wheeled-vehicle_229_22055.mp4,test
car_vs_bicycle,aihub_train_00002812_bb_3_120214_bike_118_007,/workspace/SKN27-FINAL-3Team/storage/vision/datasets/classification/raw_videos/차대자전거/aihub_train_00002812_bb_3_120214_bike_118_007.mp4,car_vs_bicycle,car_vs_bicycle,/workspace/SKN27-FINAL-3Team/storage/vision/datasets/classification/raw_videos/차대자전거/aihub_train_00002812_bb_3_120214_bike_118_007.mp4,train
car_vs_bicycle,aihub_train_00002780_bb_1_210202_bike_201_21799,/workspace/SKN27-FINAL-3Team/storage/vision/datasets/classification/raw_videos/차대자전거/aihub_train_00002780_bb_1_210202_bike_201_21799.mp4,car_vs_bicycle,car_vs_bicycle,/workspace/SKN27-FINAL-3Team/storage/vision/datasets/classification/raw_videos/차대자전거/aihub_train_00002780_bb_1_210202_bike_201_21799.mp4,train
car_vs_bicycle,aihub_train_00002767_bb_1_200705_bike_144_248,/workspace/SKN27-FINAL-3Team/storage/vision/datasets/classification/raw_videos/차대자전거/aihub_train_00002767_bb_1_200705_bike_144_248.mp4,car_vs_bicycle,car_vs_bicycle,/workspace/SKN27-FINAL-3Team/storage/vision/datasets/classification/raw_videos/차대자전거/aihub_train_00002767_bb_1_200705_bike_144_248.mp4,train
car_vs_bicycle,aihub_train_00002784_bb_1_210414_bike_244_21092,/workspace/SKN27-FINAL-3Team/storage/vision/datasets/classification/raw_videos/차대자전거/aihub_train_00002784_bb_1_210414_bike_244_21092.mp4,car_vs_bicycle,car_vs_bicycle,/workspace/SKN27-FINAL-3Team/storage/vision/datasets/classification/raw_videos/차대자전거/aihub_train_00002784_bb_1_210414_bike_244_21092.mp4,train
car_vs_bicycle,aihub_train_00002713_bb_1_151011_bike_247_21709,/workspace/SKN27-FINAL-3Team/storage/vision/datasets/classification/raw_videos/차대자전거/aihub_train_00002713_bb_1_151011_bike_247_21709.mp4,car_vs_bicycle,car_vs_bicycle,/workspace/SKN27-FINAL-3Team/storage/vision/datasets/classification/raw_videos/차대자전거/aihub_train_00002713_bb_1_151011_bike_247_21709.mp4,train
car_vs_bicycle,aihub_train_00002798_bb_1_210910_bike_233_21604,/workspace/SKN27-FINAL-3Team/storage/vision/datasets/classification/raw_videos/차대자전거/aihub_train_00002798_bb_1_210910_bike_233_21604.mp4,car_vs_bicycle,car_vs_bicycle,/workspace/SKN27-FINAL-3Team/storage/vision/datasets/classification/raw_videos/차대자전거/aihub_train_00002798_bb_1_210910_bike_233_21604.mp4,train
car_vs_bicycle,aihub_train_00002832_cc_3_190318_bike_224_21598,/workspace/SKN27-FINAL-3Team/storage/vision/datasets/classification/raw_videos/차대자전거/aihub_train_00002832_cc_3_190318_bike_224_21598.mp4,car_vs_bicycle,car_vs_bicycle,/workspace/SKN27-FINAL-3Team/storage/vision/datasets/classification/raw_videos/차대자전거/aihub_train_00002832_cc_3_190318_bike_224_21598.mp4,train
car_vs_bicycle,aihub_train_00002837_cc_3_200613_bike_246_23066,/workspace/SKN27-FINAL-3Team/storage/vision/datasets/classification/raw_videos/차대자전거/aihub_train_00002837_cc_3_200613_bike_246_23066.mp4,car_vs_bicycle,car_vs_bicycle,/workspace/SKN27-FINAL-3Team/storage/vision/datasets/classification/raw_videos/차대자전거/aihub_train_00002837_cc_3_200613_bike_246_23066.mp4,train
car_vs_bicycle,aihub_train_00002789_bb_1_210510_bike_201_20538,/workspace/SKN27-FINAL-3Team/storage/vision/datasets/classification/raw_videos/차대자전거/aihub_train_00002789_bb_1_210510_bike_201_20538.mp4,car_vs_bicycle,car_vs_bicycle,/workspace/SKN27-FINAL-3Team/storage/vision/datasets/classification/raw_videos/차대자전거/aihub_train_00002789_bb_1_210510_bike_201_20538.mp4,train
car_vs_bicycle,aihub_train_00002822_bb_3_170213_bike_233_22251,/workspace/SKN27-FINAL-3Team/storage/vision/datasets/classification/raw_videos/차대자전거/aihub_train_00002822_bb_3_170213_bike_233_22251.mp4,car_vs_bicycle,car_vs_bicycle,/workspace/SKN27-FINAL-3Team/storage/vision/datasets/classification/raw_videos/차대자전거/aihub_train_00002822_bb_3_170213_bike_233_22251.mp4,train
car_vs_bicycle,aihub_train_00002718_bb_1_160513_bike_246_21562,/workspace/SKN27-FINAL-3Team/storage/vision/datasets/classification/raw_videos/차대자전거/aihub_train_00002718_bb_1_160513_bike_246_21562.mp4,car_vs_bicycle,car_vs_bicycle,/workspace/SKN27-FINAL-3Team/storage/vision/datasets/classification/raw_videos/차대자전거/aihub_train_00002718_bb_1_160513_bike_246_21562.mp4,train
car_vs_bicycle,aihub_train_00002781_bb_1_210219_bike_120_205,/workspace/SKN27-FINAL-3Team/storage/vision/datasets/classification/raw_videos/차대자전거/aihub_train_00002781_bb_1_210219_bike_120_205.mp4,car_vs_bicycle,car_vs_bicycle,/workspace/SKN27-FINAL-3Team/storage/vision/datasets/classification/raw_videos/차대자전거/aihub_train_00002781_bb_1_210219_bike_120_205.mp4,train
car_vs_bicycle,aihub_train_00002771_bb_1_200912_bike_235_24771,/workspace/SKN27-FINAL-3Team/storage/vision/datasets/classification/raw_videos/차대자전거/aihub_train_00002771_bb_1_200912_bike_235_24771.mp4,car_vs_bicycle,car_vs_bicycle,/workspace/SKN27-FINAL-3Team/storage/vision/datasets/classification/raw_videos/차대자전거/aihub_train_00002771_bb_1_200912_bike_235_24771.mp4,train
car_vs_bicycle,aihub_train_00002785_bb_1_210422_bike_116_251,/workspace/SKN27-FINAL-3Team/storage/vision/datasets/classification/raw_videos/차대자전거/aihub_train_00002785_bb_1_210422_bike_116_251.mp4,car_vs_bicycle,car_vs_bicycle,/workspace/SKN27-FINAL-3Team/storage/vision/datasets/classification/raw_videos/차대자전거/aihub_train_00002785_bb_1_210422_bike_116_251.mp4,train
car_vs_bicycle,aihub_train_00002762_bb_1_200519_bike_198_025,/workspace/SKN27-FINAL-3Team/storage/vision/datasets/classification/raw_videos/차대자전거/aihub_train_00002762_bb_1_200519_bike_198_025.mp4,car_vs_bicycle,car_vs_bicycle,/workspace/SKN27-FINAL-3Team/storage/vision/datasets/classification/raw_videos/차대자전거/aihub_train_00002762_bb_1_200519_bike_198_025.mp4,train
car_vs_bicycle,aihub_train_00002836_cc_3_200303_bike_116_279,/workspace/SKN27-FINAL-3Team/storage/vision/datasets/classification/raw_videos/차대자전거/aihub_train_00002836_cc_3_200303_bike_116_279.mp4,car_vs_bicycle,car_vs_bicycle,/workspace/SKN27-FINAL-3Team/storage/vision/datasets/classification/raw_videos/차대자전거/aihub_train_00002836_cc_3_200303_bike_116_279.mp4,train
car_vs_bicycle,aihub_train_00002807_bb_1_220129_bike_212_22226,/workspace/SKN27-FINAL-3Team/storage/vision/datasets/classification/raw_videos/차대자전거/aihub_train_00002807_bb_1_220129_bike_212_22226.mp4,car_vs_bicycle,car_vs_bicycle,/workspace/SKN27-FINAL-3Team/storage/vision/datasets/classification/raw_videos/차대자전거/aihub_train_00002807_bb_1_220129_bike_212_22226.mp4,train
car_vs_bicycle,aihub_train_00002757_bb_1_191004_bike_145_160,/workspace/SKN27-FINAL-3Team/storage/vision/datasets/classification/raw_videos/차대자전거/aihub_train_00002757_bb_1_191004_bike_145_160.mp4,car_vs_bicycle,car_vs_bicycle,/workspace/SKN27-FINAL-3Team/storage/vision/datasets/classification/raw_videos/차대자전거/aihub_train_00002757_bb_1_191004_bike_145_160.mp4,train
car_vs_bicycle,aihub_train_00002693_bb_1_100723_bike_244_22136,/workspace/SKN27-FINAL-3Team/storage/vision/datasets/classification/raw_videos/차대자전거/aihub_train_00002693_bb_1_100723_bike_244_22136.mp4,car_vs_bicycle,car_vs_bicycle,/workspace/SKN27-FINAL-3Team/storage/vision/datasets/classification/raw_videos/차대자전거/aihub_train_00002693_bb_1_100723_bike_244_22136.mp4,train
car_vs_bicycle,aihub_train_00002778_bb_1_201203_bike_200_168,/workspace/SKN27-FINAL-3Team/storage/vision/datasets/classification/raw_videos/차대자전거/aihub_train_00002778_bb_1_201203_bike_200_168.mp4,car_vs_bicycle,car_vs_bicycle,/workspace/SKN27-FINAL-3Team/storage/vision/datasets/classification/raw_videos/차대자전거/aihub_train_00002778_bb_1_201203_bike_200_168.mp4,train
car_vs_bicycle,aihub_train_00002788_bb_1_210507_bike_30_006,/workspace/SKN27-FINAL-3Team/storage/vision/datasets/classification/raw_videos/차대자전거/aihub_train_00002788_bb_1_210507_bike_30_006.mp4,car_vs_bicycle,car_vs_bicycle,/workspace/SKN27-FINAL-3Team/storage/vision/datasets/classification/raw_videos/차대자전거/aihub_train_00002788_bb_1_210507_bike_30_006.mp4,train
car_vs_bicycle,aihub_train_00002717_bb_1_160506_bike_200_20920,/workspace/SKN27-FINAL-3Team/storage/vision/datasets/classification/raw_videos/차대자전거/aihub_train_00002717_bb_1_160506_bike_200_20920.mp4,car_vs_bicycle,car_vs_bicycle,/workspace/SKN27-FINAL-3Team/storage/vision/datasets/classification/raw_videos/차대자전거/aihub_train_00002717_bb_1_160506_bike_200_20920.mp4,train
car_vs_bicycle,aihub_train_00002776_bb_1_201103_bike_192_100,/workspace/SKN27-FINAL-3Team/storage/vision/datasets/classification/raw_videos/차대자전거/aihub_train_00002776_bb_1_201103_bike_192_100.mp4,car_vs_bicycle,car_vs_bicycle,/workspace/SKN27-FINAL-3Team/storage/vision/datasets/classification/raw_videos/차대자전거/aihub_train_00002776_bb_1_201103_bike_192_100.mp4,train
car_vs_bicycle,aihub_train_00002831_cc_3_190212_bike_120_089,/workspace/SKN27-FINAL-3Team/storage/vision/datasets/classification/raw_videos/차대자전거/aihub_train_00002831_cc_3_190212_bike_120_089.mp4,car_vs_bicycle,car_vs_bicycle,/workspace/SKN27-FINAL-3Team/storage/vision/datasets/classification/raw_videos/차대자전거/aihub_train_00002831_cc_3_190212_bike_120_089.mp4,train
car_vs_bicycle,aihub_train_00002811_bb_1_220724_bike_225_21926,/workspace/SKN27-FINAL-3Team/storage/vision/datasets/classification/raw_videos/차대자전거/aihub_train_00002811_bb_1_220724_bike_225_21926.mp4,car_vs_bicycle,car_vs_bicycle,/workspace/SKN27-FINAL-3Team/storage/vision/datasets/classification/raw_videos/차대자전거/aihub_train_00002811_bb_1_220724_bike_225_21926.mp4,train
car_vs_bicycle,aihub_train_00002823_bb_3_181122_bike_208_22144,/workspace/SKN27-FINAL-3Team/storage/vision/datasets/classification/raw_videos/차대자전거/aihub_train_00002823_bb_3_181122_bike_208_22144.mp4,car_vs_bicycle,car_vs_bicycle,/workspace/SKN27-FINAL-3Team/storage/vision/datasets/classification/raw_videos/차대자전거/aihub_train_00002823_bb_3_181122_bike_208_22144.mp4,train
car_vs_bicycle,aihub_train_00002805_bb_1_220118_bike_38_029,/workspace/SKN27-FINAL-3Team/storage/vision/datasets/classification/raw_videos/차대자전거/aihub_train_00002805_bb_1_220118_bike_38_029.mp4,car_vs_bicycle,car_vs_bicycle,/workspace/SKN27-FINAL-3Team/storage/vision/datasets/classification/raw_videos/차대자전거/aihub_train_00002805_bb_1_220118_bike_38_029.mp4,train
car_vs_bicycle,aihub_train_00002794_bb_1_210710_bike_113_230,/workspace/SKN27-FINAL-3Team/storage/vision/datasets/classification/raw_videos/차대자전거/aihub_train_00002794_bb_1_210710_bike_113_230.mp4,car_vs_bicycle,car_vs_bicycle,/workspace/SKN27-FINAL-3Team/storage/vision/datasets/classification/raw_videos/차대자전거/aihub_train_00002794_bb_1_210710_bike_113_230.mp4,train
car_vs_bicycle,aihub_train_00002720_bb_1_160708_bike_38_003,/workspace/SKN27-FINAL-3Team/storage/vision/datasets/classification/raw_videos/차대자전거/aihub_train_00002720_bb_1_160708_bike_38_003.mp4,car_vs_bicycle,car_vs_bicycle,/workspace/SKN27-FINAL-3Team/storage/vision/datasets/classification/raw_videos/차대자전거/aihub_train_00002720_bb_1_160708_bike_38_003.mp4,train
car_vs_bicycle,aihub_train_00002727_bb_1_170423_bike_192_097,/workspace/SKN27-FINAL-3Team/storage/vision/datasets/classification/raw_videos/차대자전거/aihub_train_00002727_bb_1_170423_bike_192_097.mp4,car_vs_bicycle,car_vs_bicycle,/workspace/SKN27-FINAL-3Team/storage/vision/datasets/classification/raw_videos/차대자전거/aihub_train_00002727_bb_1_170423_bike_192_097.mp4,train
car_vs_bicycle,aihub_train_00002786_bb_1_210429_bike_130_175,/workspace/SKN27-FINAL-3Team/storage/vision/datasets/classification/raw_videos/차대자전거/aihub_train_00002786_bb_1_210429_bike_130_175.mp4,car_vs_bicycle,car_vs_bicycle,/workspace/SKN27-FINAL-3Team/storage/vision/datasets/classification/raw_videos/차대자전거/aihub_train_00002786_bb_1_210429_bike_130_175.mp4,train
car_vs_bicycle,aihub_train_00002714_bb_1_151204_bike_198_031,/workspace/SKN27-FINAL-3Team/storage/vision/datasets/classification/raw_videos/차대자전거/aihub_train_00002714_bb_1_151204_bike_198_031.mp4,car_vs_bicycle,car_vs_bicycle,/workspace/SKN27-FINAL-3Team/storage/vision/datasets/classification/raw_videos/차대자전거/aihub_train_00002714_bb_1_151204_bike_198_031.mp4,train
car_vs_bicycle,aihub_train_00002760_bb_1_200103_bike_245_20596,/workspace/SKN27-FINAL-3Team/storage/vision/datasets/classification/raw_videos/차대자전거/aihub_train_00002760_bb_1_200103_bike_245_20596.mp4,car_vs_bicycle,car_vs_bicycle,/workspace/SKN27-FINAL-3Team/storage/vision/datasets/classification/raw_videos/차대자전거/aihub_train_00002760_bb_1_200103_bike_245_20596.mp4,train
car_vs_bicycle,aihub_train_00002800_bb_1_210918_bike_120_206,/workspace/SKN27-FINAL-3Team/storage/vision/datasets/classification/raw_videos/차대자전거/aihub_train_00002800_bb_1_210918_bike_120_206.mp4,car_vs_bicycle,car_vs_bicycle,/workspace/SKN27-FINAL-3Team/storage/vision/datasets/classification/raw_videos/차대자전거/aihub_train_00002800_bb_1_210918_bike_120_206.mp4,train
car_vs_bicycle,aihub_train_00002806_bb_1_220119_bike_119_336,/workspace/SKN27-FINAL-3Team/storage/vision/datasets/classification/raw_videos/차대자전거/aihub_train_00002806_bb_1_220119_bike_119_336.mp4,car_vs_bicycle,car_vs_bicycle,/workspace/SKN27-FINAL-3Team/storage/vision/datasets/classification/raw_videos/차대자전거/aihub_train_00002806_bb_1_220119_bike_119_336.mp4,train
car_vs_bicycle,aihub_train_00002825_bb_3_190523_bike_214_21647,/workspace/SKN27-FINAL-3Team/storage/vision/datasets/classification/raw_videos/차대자전거/aihub_train_00002825_bb_3_190523_bike_214_21647.mp4,car_vs_bicycle,car_vs_bicycle,/workspace/SKN27-FINAL-3Team/storage/vision/datasets/classification/raw_videos/차대자전거/aihub_train_00002825_bb_3_190523_bike_214_21647.mp4,train
car_vs_bicycle,aihub_train_00002821_bb_3_170204_bike_144_104,/workspace/SKN27-FINAL-3Team/storage/vision/datasets/classification/raw_videos/차대자전거/aihub_train_00002821_bb_3_170204_bike_144_104.mp4,car_vs_bicycle,car_vs_bicycle,/workspace/SKN27-FINAL-3Team/storage/vision/datasets/classification/raw_videos/차대자전거/aihub_train_00002821_bb_3_170204_bike_144_104.mp4,train
car_vs_bicycle,aihub_train_00002840_bb_1_120625_bike_120_184,/workspace/SKN27-FINAL-3Team/storage/vision/datasets/classification/raw_videos/차대자전거/aihub_train_00002840_bb_1_120625_bike_120_184.mp4,car_vs_bicycle,car_vs_bicycle,/workspace/SKN27-FINAL-3Team/storage/vision/datasets/classification/raw_videos/차대자전거/aihub_train_00002840_bb_1_120625_bike_120_184.mp4,train
car_vs_bicycle,aihub_train_00002804_bb_1_220112_bike_117_148,/workspace/SKN27-FINAL-3Team/storage/vision/datasets/classification/raw_videos/차대자전거/aihub_train_00002804_bb_1_220112_bike_117_148.mp4,car_vs_bicycle,car_vs_bicycle,/workspace/SKN27-FINAL-3Team/storage/vision/datasets/classification/raw_videos/차대자전거/aihub_train_00002804_bb_1_220112_bike_117_148.mp4,train
car_vs_bicycle,aihub_train_00002791_bb_1_210625_bike_202_22073,/workspace/SKN27-FINAL-3Team/storage/vision/datasets/classification/raw_videos/차대자전거/aihub_train_00002791_bb_1_210625_bike_202_22073.mp4,car_vs_bicycle,car_vs_bicycle,/workspace/SKN27-FINAL-3Team/storage/vision/datasets/classification/raw_videos/차대자전거/aihub_train_00002791_bb_1_210625_bike_202_22073.mp4,train
car_vs_bicycle,aihub_train_00002699_bb_1_130608_bike_120_193,/workspace/SKN27-FINAL-3Team/storage/vision/datasets/classification/raw_videos/차대자전거/aihub_train_00002699_bb_1_130608_bike_120_193.mp4,car_vs_bicycle,car_vs_bicycle,/workspace/SKN27-FINAL-3Team/storage/vision/datasets/classification/raw_videos/차대자전거/aihub_train_00002699_bb_1_130608_bike_120_193.mp4,train
car_vs_bicycle,aihub_train_00002711_bb_1_150906_bike_224_22472,/workspace/SKN27-FINAL-3Team/storage/vision/datasets/classification/raw_videos/차대자전거/aihub_train_00002711_bb_1_150906_bike_224_22472.mp4,car_vs_bicycle,car_vs_bicycle,/workspace/SKN27-FINAL-3Team/storage/vision/datasets/classification/raw_videos/차대자전거/aihub_train_00002711_bb_1_150906_bike_224_22472.mp4,train
car_vs_bicycle,aihub_train_00002722_bb_1_160804_bike_089_531512,/workspace/SKN27-FINAL-3Team/storage/vision/datasets/classification/raw_videos/차대자전거/aihub_train_00002722_bb_1_160804_bike_089_531512.mp4,car_vs_bicycle,car_vs_bicycle,/workspace/SKN27-FINAL-3Team/storage/vision/datasets/classification/raw_videos/차대자전거/aihub_train_00002722_bb_1_160804_bike_089_531512.mp4,train
car_vs_bicycle,aihub_train_00002748_bb_1_190612_bike_130_247,/workspace/SKN27-FINAL-3Team/storage/vision/datasets/classification/raw_videos/차대자전거/aihub_train_00002748_bb_1_190612_bike_130_247.mp4,car_vs_bicycle,car_vs_bicycle,/workspace/SKN27-FINAL-3Team/storage/vision/datasets/classification/raw_videos/차대자전거/aihub_train_00002748_bb_1_190612_bike_130_247.mp4,train
car_vs_bicycle,aihub_train_00002842_bb_1_121129_bike_199_051,/workspace/SKN27-FINAL-3Team/storage/vision/datasets/classification/raw_videos/차대자전거/aihub_train_00002842_bb_1_121129_bike_199_051.mp4,car_vs_bicycle,car_vs_bicycle,/workspace/SKN27-FINAL-3Team/storage/vision/datasets/classification/raw_videos/차대자전거/aihub_train_00002842_bb_1_121129_bike_199_051.mp4,train
car_vs_bicycle,aihub_train_00002732_bb_1_180407_bike_148_276,/workspace/SKN27-FINAL-3Team/storage/vision/datasets/classification/raw_videos/차대자전거/aihub_train_00002732_bb_1_180407_bike_148_276.mp4,car_vs_bicycle,car_vs_bicycle,/workspace/SKN27-FINAL-3Team/storage/vision/datasets/classification/raw_videos/차대자전거/aihub_train_00002732_bb_1_180407_bike_148_276.mp4,train
car_vs_bicycle,aihub_train_00002704_bb_1_141105_bike_120_183,/workspace/SKN27-FINAL-3Team/storage/vision/datasets/classification/raw_videos/차대자전거/aihub_train_00002704_bb_1_141105_bike_120_183.mp4,car_vs_bicycle,car_vs_bicycle,/workspace/SKN27-FINAL-3Team/storage/vision/datasets/classification/raw_videos/차대자전거/aihub_train_00002704_bb_1_141105_bike_120_183.mp4,train
car_vs_bicycle,aihub_train_00002790_bb_1_210624_bike_149_195,/workspace/SKN27-FINAL-3Team/storage/vision/datasets/classification/raw_videos/차대자전거/aihub_train_00002790_bb_1_210624_bike_149_195.mp4,car_vs_bicycle,car_vs_bicycle,/workspace/SKN27-FINAL-3Team/storage/vision/datasets/classification/raw_videos/차대자전거/aihub_train_00002790_bb_1_210624_bike_149_195.mp4,train
car_vs_bicycle,aihub_train_00002772_bb_1_200921_bike_216_22549,/workspace/SKN27-FINAL-3Team/storage/vision/datasets/classification/raw_videos/차대자전거/aihub_train_00002772_bb_1_200921_bike_216_22549.mp4,car_vs_bicycle,car_vs_bicycle,/workspace/SKN27-FINAL-3Team/storage/vision/datasets/classification/raw_videos/차대자전거/aihub_train_00002772_bb_1_200921_bike_216_22549.mp4,train
car_vs_bicycle,aihub_train_00002820_bb_3_170203_bike_199_061,/workspace/SKN27-FINAL-3Team/storage/vision/datasets/classification/raw_videos/차대자전거/aihub_train_00002820_bb_3_170203_bike_199_061.mp4,car_vs_bicycle,car_vs_bicycle,/workspace/SKN27-FINAL-3Team/storage/vision/datasets/classification/raw_videos/차대자전거/aihub_train_00002820_bb_3_170203_bike_199_061.mp4,train
car_vs_bicycle,aihub_train_00002752_bb_1_190713_bike_246_21667,/workspace/SKN27-FINAL-3Team/storage/vision/datasets/classification/raw_videos/차대자전거/aihub_train_00002752_bb_1_190713_bike_246_21667.mp4,car_vs_bicycle,car_vs_bicycle,/workspace/SKN27-FINAL-3Team/storage/vision/datasets/classification/raw_videos/차대자전거/aihub_train_00002752_bb_1_190713_bike_246_21667.mp4,train
car_vs_bicycle,aihub_train_00002787_bb_1_210503_bike_130_184,/workspace/SKN27-FINAL-3Team/storage/vision/datasets/classification/raw_videos/차대자전거/aihub_train_00002787_bb_1_210503_bike_130_184.mp4,car_vs_bicycle,car_vs_bicycle,/workspace/SKN27-FINAL-3Team/storage/vision/datasets/classification/raw_videos/차대자전거/aihub_train_00002787_bb_1_210503_bike_130_184.mp4,train
car_vs_bicycle,aihub_train_00002814_bb_3_140525_bike_38_007,/workspace/SKN27-FINAL-3Team/storage/vision/datasets/classification/raw_videos/차대자전거/aihub_train_00002814_bb_3_140525_bike_38_007.mp4,car_vs_bicycle,car_vs_bicycle,/workspace/SKN27-FINAL-3Team/storage/vision/datasets/classification/raw_videos/차대자전거/aihub_train_00002814_bb_3_140525_bike_38_007.mp4,train
car_vs_bicycle,aihub_train_00002742_bb_1_190402_bike_192_105,/workspace/SKN27-FINAL-3Team/storage/vision/datasets/classification/raw_videos/차대자전거/aihub_train_00002742_bb_1_190402_bike_192_105.mp4,car_vs_bicycle,car_vs_bicycle,/workspace/SKN27-FINAL-3Team/storage/vision/datasets/classification/raw_videos/차대자전거/aihub_train_00002742_bb_1_190402_bike_192_105.mp4,train
car_vs_bicycle,aihub_train_00002725_bb_1_170306_bike_120_196,/workspace/SKN27-FINAL-3Team/storage/vision/datasets/classification/raw_videos/차대자전거/aihub_train_00002725_bb_1_170306_bike_120_196.mp4,car_vs_bicycle,car_vs_bicycle,/workspace/SKN27-FINAL-3Team/storage/vision/datasets/classification/raw_videos/차대자전거/aihub_train_00002725_bb_1_170306_bike_120_196.mp4,train
car_vs_bicycle,aihub_train_00002753_bb_1_190727_bike_259_20146,/workspace/SKN27-FINAL-3Team/storage/vision/datasets/classification/raw_videos/차대자전거/aihub_train_00002753_bb_1_190727_bike_259_20146.mp4,car_vs_bicycle,car_vs_bicycle,/workspace/SKN27-FINAL-3Team/storage/vision/datasets/classification/raw_videos/차대자전거/aihub_train_00002753_bb_1_190727_bike_259_20146.mp4,train
car_vs_bicycle,aihub_train_00002749_bb_1_190623_bike_200_176,/workspace/SKN27-FINAL-3Team/storage/vision/datasets/classification/raw_videos/차대자전거/aihub_train_00002749_bb_1_190623_bike_200_176.mp4,car_vs_bicycle,car_vs_bicycle,/workspace/SKN27-FINAL-3Team/storage/vision/datasets/classification/raw_videos/차대자전거/aihub_train_00002749_bb_1_190623_bike_200_176.mp4,train
car_vs_bicycle,aihub_train_00002712_bb_1_150930_bike_120_189,/workspace/SKN27-FINAL-3Team/storage/vision/datasets/classification/raw_videos/차대자전거/aihub_train_00002712_bb_1_150930_bike_120_189.mp4,car_vs_bicycle,car_vs_bicycle,/workspace/SKN27-FINAL-3Team/storage/vision/datasets/classification/raw_videos/차대자전거/aihub_train_00002712_bb_1_150930_bike_120_189.mp4,train
car_vs_bicycle,aihub_train_00002758_bb_1_191008_bike_145_166,/workspace/SKN27-FINAL-3Team/storage/vision/datasets/classification/raw_videos/차대자전거/aihub_train_00002758_bb_1_191008_bike_145_166.mp4,car_vs_bicycle,car_vs_bicycle,/workspace/SKN27-FINAL-3Team/storage/vision/datasets/classification/raw_videos/차대자전거/aihub_train_00002758_bb_1_191008_bike_145_166.mp4,train
car_vs_bicycle,aihub_train_00002708_bb_1_150520_bike_218_20830,/workspace/SKN27-FINAL-3Team/storage/vision/datasets/classification/raw_videos/차대자전거/aihub_train_00002708_bb_1_150520_bike_218_20830.mp4,car_vs_bicycle,car_vs_bicycle,/workspace/SKN27-FINAL-3Team/storage/vision/datasets/classification/raw_videos/차대자전거/aihub_train_00002708_bb_1_150520_bike_218_20830.mp4,train
car_vs_bicycle,aihub_train_00002709_bb_1_150703_bike_200_109,/workspace/SKN27-FINAL-3Team/storage/vision/datasets/classification/raw_videos/차대자전거/aihub_train_00002709_bb_1_150703_bike_200_109.mp4,car_vs_bicycle,car_vs_bicycle,/workspace/SKN27-FINAL-3Team/storage/vision/datasets/classification/raw_videos/차대자전거/aihub_train_00002709_bb_1_150703_bike_200_109.mp4,train
car_vs_bicycle,aihub_train_00002756_bb_1_191001_bike_200_175,/workspace/SKN27-FINAL-3Team/storage/vision/datasets/classification/raw_videos/차대자전거/aihub_train_00002756_bb_1_191001_bike_200_175.mp4,car_vs_bicycle,car_vs_bicycle,/workspace/SKN27-FINAL-3Team/storage/vision/datasets/classification/raw_videos/차대자전거/aihub_train_00002756_bb_1_191001_bike_200_175.mp4,train
car_vs_bicycle,aihub_train_00002824_bb_3_181202_bike_213_22092,/workspace/SKN27-FINAL-3Team/storage/vision/datasets/classification/raw_videos/차대자전거/aihub_train_00002824_bb_3_181202_bike_213_22092.mp4,car_vs_bicycle,car_vs_bicycle,/workspace/SKN27-FINAL-3Team/storage/vision/datasets/classification/raw_videos/차대자전거/aihub_train_00002824_bb_3_181202_bike_213_22092.mp4,train
car_vs_bicycle,aihub_train_00002827_bb_3_210816_bike_144_105,/workspace/SKN27-FINAL-3Team/storage/vision/datasets/classification/raw_videos/차대자전거/aihub_train_00002827_bb_3_210816_bike_144_105.mp4,car_vs_bicycle,car_vs_bicycle,/workspace/SKN27-FINAL-3Team/storage/vision/datasets/classification/raw_videos/차대자전거/aihub_train_00002827_bb_3_210816_bike_144_105.mp4,train
car_vs_bicycle,aihub_train_00002803_bb_1_211205_bike_120_207,/workspace/SKN27-FINAL-3Team/storage/vision/datasets/classification/raw_videos/차대자전거/aihub_train_00002803_bb_1_211205_bike_120_207.mp4,car_vs_bicycle,car_vs_bicycle,/workspace/SKN27-FINAL-3Team/storage/vision/datasets/classification/raw_videos/차대자전거/aihub_train_00002803_bb_1_211205_bike_120_207.mp4,train
car_vs_bicycle,aihub_train_00002692_bb_1_100227_bike_117_117,/workspace/SKN27-FINAL-3Team/storage/vision/datasets/classification/raw_videos/차대자전거/aihub_train_00002692_bb_1_100227_bike_117_117.mp4,car_vs_bicycle,car_vs_bicycle,/workspace/SKN27-FINAL-3Team/storage/vision/datasets/classification/raw_videos/차대자전거/aihub_train_00002692_bb_1_100227_bike_117_117.mp4,train
car_vs_bicycle,aihub_train_00002738_bb_1_190118_bike_204_22475,/workspace/SKN27-FINAL-3Team/storage/vision/datasets/classification/raw_videos/차대자전거/aihub_train_00002738_bb_1_190118_bike_204_22475.mp4,car_vs_bicycle,car_vs_bicycle,/workspace/SKN27-FINAL-3Team/storage/vision/datasets/classification/raw_videos/차대자전거/aihub_train_00002738_bb_1_190118_bike_204_22475.mp4,train
car_vs_bicycle,aihub_train_00002751_bb_1_190708_bike_192_098,/workspace/SKN27-FINAL-3Team/storage/vision/datasets/classification/raw_videos/차대자전거/aihub_train_00002751_bb_1_190708_bike_192_098.mp4,car_vs_bicycle,car_vs_bicycle,/workspace/SKN27-FINAL-3Team/storage/vision/datasets/classification/raw_videos/차대자전거/aihub_train_00002751_bb_1_190708_bike_192_098.mp4,train
car_vs_bicycle,aihub_train_00002838_cc_3_220114_bike_114_132,/workspace/SKN27-FINAL-3Team/storage/vision/datasets/classification/raw_videos/차대자전거/aihub_train_00002838_cc_3_220114_bike_114_132.mp4,car_vs_bicycle,car_vs_bicycle,/workspace/SKN27-FINAL-3Team/storage/vision/datasets/classification/raw_videos/차대자전거/aihub_train_00002838_cc_3_220114_bike_114_132.mp4,train
car_vs_bicycle,aihub_train_00002741_bb_1_190329_bike_232_20660,/workspace/SKN27-FINAL-3Team/storage/vision/datasets/classification/raw_videos/차대자전거/aihub_train_00002741_bb_1_190329_bike_232_20660.mp4,car_vs_bicycle,car_vs_bicycle,/workspace/SKN27-FINAL-3Team/storage/vision/datasets/classification/raw_videos/차대자전거/aihub_train_00002741_bb_1_190329_bike_232_20660.mp4,train
car_vs_bicycle,aihub_train_00002710_bb_1_150709_bike_207_22191,/workspace/SKN27-FINAL-3Team/storage/vision/datasets/classification/raw_videos/차대자전거/aihub_train_00002710_bb_1_150709_bike_207_22191.mp4,car_vs_bicycle,car_vs_bicycle,/workspace/SKN27-FINAL-3Team/storage/vision/datasets/classification/raw_videos/차대자전거/aihub_train_00002710_bb_1_150709_bike_207_22191.mp4,val
car_vs_bicycle,aihub_train_00002819_bb_3_161014_bike_112_273,/workspace/SKN27-FINAL-3Team/storage/vision/datasets/classification/raw_videos/차대자전거/aihub_train_00002819_bb_3_161014_bike_112_273.mp4,car_vs_bicycle,car_vs_bicycle,/workspace/SKN27-FINAL-3Team/storage/vision/datasets/classification/raw_videos/차대자전거/aihub_train_00002819_bb_3_161014_bike_112_273.mp4,val
car_vs_bicycle,aihub_train_00002797_bb_1_210901_bike_198_094,/workspace/SKN27-FINAL-3Team/storage/vision/datasets/classification/raw_videos/차대자전거/aihub_train_00002797_bb_1_210901_bike_198_094.mp4,car_vs_bicycle,car_vs_bicycle,/workspace/SKN27-FINAL-3Team/storage/vision/datasets/classification/raw_videos/차대자전거/aihub_train_00002797_bb_1_210901_bike_198_094.mp4,val
car_vs_bicycle,aihub_train_00002706_bb_1_141118_bike_20_009,/workspace/SKN27-FINAL-3Team/storage/vision/datasets/classification/raw_videos/차대자전거/aihub_train_00002706_bb_1_141118_bike_20_009.mp4,car_vs_bicycle,car_vs_bicycle,/workspace/SKN27-FINAL-3Team/storage/vision/datasets/classification/raw_videos/차대자전거/aihub_train_00002706_bb_1_141118_bike_20_009.mp4,val
car_vs_bicycle,aihub_train_00002761_bb_1_200226_bike_230_21572,/workspace/SKN27-FINAL-3Team/storage/vision/datasets/classification/raw_videos/차대자전거/aihub_train_00002761_bb_1_200226_bike_230_21572.mp4,car_vs_bicycle,car_vs_bicycle,/workspace/SKN27-FINAL-3Team/storage/vision/datasets/classification/raw_videos/차대자전거/aihub_train_00002761_bb_1_200226_bike_230_21572.mp4,val
car_vs_bicycle,aihub_train_00002828_bb_3_220124_bike_116_248,/workspace/SKN27-FINAL-3Team/storage/vision/datasets/classification/raw_videos/차대자전거/aihub_train_00002828_bb_3_220124_bike_116_248.mp4,car_vs_bicycle,car_vs_bicycle,/workspace/SKN27-FINAL-3Team/storage/vision/datasets/classification/raw_videos/차대자전거/aihub_train_00002828_bb_3_220124_bike_116_248.mp4,val
car_vs_bicycle,aihub_train_00002765_bb_1_200607_bike_130_274,/workspace/SKN27-FINAL-3Team/storage/vision/datasets/classification/raw_videos/차대자전거/aihub_train_00002765_bb_1_200607_bike_130_274.mp4,car_vs_bicycle,car_vs_bicycle,/workspace/SKN27-FINAL-3Team/storage/vision/datasets/classification/raw_videos/차대자전거/aihub_train_00002765_bb_1_200607_bike_130_274.mp4,val
car_vs_bicycle,aihub_train_00002716_bb_1_160427_bike_198_029,/workspace/SKN27-FINAL-3Team/storage/vision/datasets/classification/raw_videos/차대자전거/aihub_train_00002716_bb_1_160427_bike_198_029.mp4,car_vs_bicycle,car_vs_bicycle,/workspace/SKN27-FINAL-3Team/storage/vision/datasets/classification/raw_videos/차대자전거/aihub_train_00002716_bb_1_160427_bike_198_029.mp4,val
car_vs_bicycle,aihub_train_00002707_bb_1_150415_bike_130_241,/workspace/SKN27-FINAL-3Team/storage/vision/datasets/classification/raw_videos/차대자전거/aihub_train_00002707_bb_1_150415_bike_130_241.mp4,car_vs_bicycle,car_vs_bicycle,/workspace/SKN27-FINAL-3Team/storage/vision/datasets/classification/raw_videos/차대자전거/aihub_train_00002707_bb_1_150415_bike_130_241.mp4,val
car_vs_bicycle,aihub_train_00002843_bb_1_130401_bike_118_002,/workspace/SKN27-FINAL-3Team/storage/vision/datasets/classification/raw_videos/차대자전거/aihub_train_00002843_bb_1_130401_bike_118_002.mp4,car_vs_bicycle,car_vs_bicycle,/workspace/SKN27-FINAL-3Team/storage/vision/datasets/classification/raw_videos/차대자전거/aihub_train_00002843_bb_1_130401_bike_118_002.mp4,val
car_vs_bicycle,aihub_train_00002705_bb_1_141107_bike_215_20260,/workspace/SKN27-FINAL-3Team/storage/vision/datasets/classification/raw_videos/차대자전거/aihub_train_00002705_bb_1_141107_bike_215_20260.mp4,car_vs_bicycle,car_vs_bicycle,/workspace/SKN27-FINAL-3Team/storage/vision/datasets/classification/raw_videos/차대자전거/aihub_train_00002705_bb_1_141107_bike_215_20260.mp4,val
car_vs_bicycle,aihub_train_00002801_bb_1_211018_bike_204_20944,/workspace/SKN27-FINAL-3Team/storage/vision/datasets/classification/raw_videos/차대자전거/aihub_train_00002801_bb_1_211018_bike_204_20944.mp4,car_vs_bicycle,car_vs_bicycle,/workspace/SKN27-FINAL-3Team/storage/vision/datasets/classification/raw_videos/차대자전거/aihub_train_00002801_bb_1_211018_bike_204_20944.mp4,val
car_vs_bicycle,aihub_train_00002809_bb_1_220309_bike_217_21083,/workspace/SKN27-FINAL-3Team/storage/vision/datasets/classification/raw_videos/차대자전거/aihub_train_00002809_bb_1_220309_bike_217_21083.mp4,car_vs_bicycle,car_vs_bicycle,/workspace/SKN27-FINAL-3Team/storage/vision/datasets/classification/raw_videos/차대자전거/aihub_train_00002809_bb_1_220309_bike_217_21083.mp4,val
car_vs_bicycle,aihub_train_00002750_bb_1_190625_bike_121_148,/workspace/SKN27-FINAL-3Team/storage/vision/datasets/classification/raw_videos/차대자전거/aihub_train_00002750_bb_1_190625_bike_121_148.mp4,car_vs_bicycle,car_vs_bicycle,/workspace/SKN27-FINAL-3Team/storage/vision/datasets/classification/raw_videos/차대자전거/aihub_train_00002750_bb_1_190625_bike_121_148.mp4,val
car_vs_bicycle,aihub_train_00002817_bb_3_150923_bike_112_272,/workspace/SKN27-FINAL-3Team/storage/vision/datasets/classification/raw_videos/차대자전거/aihub_train_00002817_bb_3_150923_bike_112_272.mp4,car_vs_bicycle,car_vs_bicycle,/workspace/SKN27-FINAL-3Team/storage/vision/datasets/classification/raw_videos/차대자전거/aihub_train_00002817_bb_3_150923_bike_112_272.mp4,val
car_vs_bicycle,aihub_train_00002736_bb_1_181024_bike_216_22252,/workspace/SKN27-FINAL-3Team/storage/vision/datasets/classification/raw_videos/차대자전거/aihub_train_00002736_bb_1_181024_bike_216_22252.mp4,car_vs_bicycle,car_vs_bicycle,/workspace/SKN27-FINAL-3Team/storage/vision/datasets/classification/raw_videos/차대자전거/aihub_train_00002736_bb_1_181024_bike_216_22252.mp4,test
car_vs_bicycle,aihub_train_00002701_bb_1_140209_bike_148_008,/workspace/SKN27-FINAL-3Team/storage/vision/datasets/classification/raw_videos/차대자전거/aihub_train_00002701_bb_1_140209_bike_148_008.mp4,car_vs_bicycle,car_vs_bicycle,/workspace/SKN27-FINAL-3Team/storage/vision/datasets/classification/raw_videos/차대자전거/aihub_train_00002701_bb_1_140209_bike_148_008.mp4,test
car_vs_bicycle,aihub_train_00002728_bb_1_170606_bike_228_22977,/workspace/SKN27-FINAL-3Team/storage/vision/datasets/classification/raw_videos/차대자전거/aihub_train_00002728_bb_1_170606_bike_228_22977.mp4,car_vs_bicycle,car_vs_bicycle,/workspace/SKN27-FINAL-3Team/storage/vision/datasets/classification/raw_videos/차대자전거/aihub_train_00002728_bb_1_170606_bike_228_22977.mp4,test
car_vs_bicycle,aihub_train_00002700_bb_1_130626_bike_148_008,/workspace/SKN27-FINAL-3Team/storage/vision/datasets/classification/raw_videos/차대자전거/aihub_train_00002700_bb_1_130626_bike_148_008.mp4,car_vs_bicycle,car_vs_bicycle,/workspace/SKN27-FINAL-3Team/storage/vision/datasets/classification/raw_videos/차대자전거/aihub_train_00002700_bb_1_130626_bike_148_008.mp4,test
car_vs_bicycle,aihub_train_00002702_bb_1_141004_bike_47_001,/workspace/SKN27-FINAL-3Team/storage/vision/datasets/classification/raw_videos/차대자전거/aihub_train_00002702_bb_1_141004_bike_47_001.mp4,car_vs_bicycle,car_vs_bicycle,/workspace/SKN27-FINAL-3Team/storage/vision/datasets/classification/raw_videos/차대자전거/aihub_train_00002702_bb_1_141004_bike_47_001.mp4,test
car_vs_bicycle,aihub_train_00002782_bb_1_210221_bike_233_20263,/workspace/SKN27-FINAL-3Team/storage/vision/datasets/classification/raw_videos/차대자전거/aihub_train_00002782_bb_1_210221_bike_233_20263.mp4,car_vs_bicycle,car_vs_bicycle,/workspace/SKN27-FINAL-3Team/storage/vision/datasets/classification/raw_videos/차대자전거/aihub_train_00002782_bb_1_210221_bike_233_20263.mp4,test
car_vs_bicycle,aihub_train_00002802_bb_1_211102_bike_130_169,/workspace/SKN27-FINAL-3Team/storage/vision/datasets/classification/raw_videos/차대자전거/aihub_train_00002802_bb_1_211102_bike_130_169.mp4,car_vs_bicycle,car_vs_bicycle,/workspace/SKN27-FINAL-3Team/storage/vision/datasets/classification/raw_videos/차대자전거/aihub_train_00002802_bb_1_211102_bike_130_169.mp4,test
car_vs_bicycle,aihub_train_00002721_bb_1_160727_bike_240_20397,/workspace/SKN27-FINAL-3Team/storage/vision/datasets/classification/raw_videos/차대자전거/aihub_train_00002721_bb_1_160727_bike_240_20397.mp4,car_vs_bicycle,car_vs_bicycle,/workspace/SKN27-FINAL-3Team/storage/vision/datasets/classification/raw_videos/차대자전거/aihub_train_00002721_bb_1_160727_bike_240_20397.mp4,test
car_vs_bicycle,aihub_train_00002743_bb_1_190405_bike_120_203,/workspace/SKN27-FINAL-3Team/storage/vision/datasets/classification/raw_videos/차대자전거/aihub_train_00002743_bb_1_190405_bike_120_203.mp4,car_vs_bicycle,car_vs_bicycle,/workspace/SKN27-FINAL-3Team/storage/vision/datasets/classification/raw_videos/차대자전거/aihub_train_00002743_bb_1_190405_bike_120_203.mp4,test
car_vs_bicycle,aihub_train_00002733_bb_1_180411_bike_142_068,/workspace/SKN27-FINAL-3Team/storage/vision/datasets/classification/raw_videos/차대자전거/aihub_train_00002733_bb_1_180411_bike_142_068.mp4,car_vs_bicycle,car_vs_bicycle,/workspace/SKN27-FINAL-3Team/storage/vision/datasets/classification/raw_videos/차대자전거/aihub_train_00002733_bb_1_180411_bike_142_068.mp4,test
car_vs_bicycle,aihub_train_00002810_bb_1_220422_bike_248_20817,/workspace/SKN27-FINAL-3Team/storage/vision/datasets/classification/raw_videos/차대자전거/aihub_train_00002810_bb_1_220422_bike_248_20817.mp4,car_vs_bicycle,car_vs_bicycle,/workspace/SKN27-FINAL-3Team/storage/vision/datasets/classification/raw_videos/차대자전거/aihub_train_00002810_bb_1_220422_bike_248_20817.mp4,test
car_vs_bicycle,aihub_train_00002724_bb_1_161120_bike_214_20922,/workspace/SKN27-FINAL-3Team/storage/vision/datasets/classification/raw_videos/차대자전거/aihub_train_00002724_bb_1_161120_bike_214_20922.mp4,car_vs_bicycle,car_vs_bicycle,/workspace/SKN27-FINAL-3Team/storage/vision/datasets/classification/raw_videos/차대자전거/aihub_train_00002724_bb_1_161120_bike_214_20922.mp4,test
car_vs_bicycle,aihub_train_00002783_bb_1_210315_bike_231_22261,/workspace/SKN27-FINAL-3Team/storage/vision/datasets/classification/raw_videos/차대자전거/aihub_train_00002783_bb_1_210315_bike_231_22261.mp4,car_vs_bicycle,car_vs_bicycle,/workspace/SKN27-FINAL-3Team/storage/vision/datasets/classification/raw_videos/차대자전거/aihub_train_00002783_bb_1_210315_bike_231_22261.mp4,test
car_vs_bicycle,aihub_train_00002764_bb_1_200531_bike_117_192,/workspace/SKN27-FINAL-3Team/storage/vision/datasets/classification/raw_videos/차대자전거/aihub_train_00002764_bb_1_200531_bike_117_192.mp4,car_vs_bicycle,car_vs_bicycle,/workspace/SKN27-FINAL-3Team/storage/vision/datasets/classification/raw_videos/차대자전거/aihub_train_00002764_bb_1_200531_bike_117_192.mp4,test
car_vs_bicycle,aihub_train_00002726_bb_1_170320_bike_236_22284,/workspace/SKN27-FINAL-3Team/storage/vision/datasets/classification/raw_videos/차대자전거/aihub_train_00002726_bb_1_170320_bike_236_22284.mp4,car_vs_bicycle,car_vs_bicycle,/workspace/SKN27-FINAL-3Team/storage/vision/datasets/classification/raw_videos/차대자전거/aihub_train_00002726_bb_1_170320_bike_236_22284.mp4,test
